family,stage,pH,Kp,Kc,loop_gain
reference_PI,A_original3,5.0,43.51199062255985,0.01916854941397739,0.8340617423490593
reference_PI,A_original3,5.0201005025125625,45.56863215898163,0.018840396017722805,0.8585310758611528
reference_PI,A_original3,5.040201005025126,47.72263306346019,0.0185122426214682,0.8834529618060752
reference_PI,A_original3,5.060301507537688,49.97859553893587,0.018184089225213616,0.908815240630873
reference_PI,A_original3,5.080402010050252,52.34133834220194,0.017855935828959012,0.9346035786401897
reference_PI,A_original3,5.100502512562814,54.81590682538412,0.017527782432704427,0.9608012886867304
reference_PI,A_original3,5.1206030150753765,57.4075834209168,0.01719962903644984,0.9873891387188171
reference_PI,A_original3,5.14070351758794,60.12189858617022,0.016871475640195237,1.0143451474388594
reference_PI,A_original3,5.160804020100502,62.96464222398279,0.01654332224394065,1.0416443662857793
reference_PI,A_original3,5.180904522613066,65.94187559535318,0.01621516884768605,1.0692586469117598
reference_PI,A_original3,5.201005025125628,69.059943740339,0.015887015451431463,1.097156393277753
reference_PI,A_original3,5.221105527638191,72.32548842296983,0.015558862055176877,1.1253022974462796
reference_PI,A_original3,5.241206030150754,75.74546161534393,0.015230708658922273,1.1536570580988834
reference_PI,A_original3,5.261306532663316,79.3271395355618,0.014902555262667688,1.1821770807580605
reference_PI,A_original3,5.28140703517588,83.07813725307062,0.014574401866413088,1.210814158639275
reference_PI,A_original3,5.301507537688442,87.0064238739693,0.014246248470158498,1.239515133008497
reference_PI,A_original3,5.321608040201005,91.12033831699802,0.013918095073903913,1.268221531862268
reference_PI,A_original3,5.341708542713568,95.42860568941595,0.01358994167764931,1.2968691856985557
reference_PI,A_original3,5.36180904522613,99.94035426887815,0.013261788281394724,1.3253878190814454
reference_PI,A_original3,5.381909547738694,104.66513309578431,0.012933634885140124,1.3537006166654701
reference_PI,A_original3,5.402010050251256,109.61293017529923,0.012605481488885534,1.381723762267237
reference_PI,A_original3,5.422110552763819,114.79419128596818,0.012277328092630949,1.409365949546068
reference_PI,A_original3,5.442211055276382,120.21983938521302,0.011949174696376345,1.4365278627842157
reference_PI,A_original3,5.4623115577889445,125.90129459700343,0.01162102130012176,1.4631016262246814
reference_PI,A_original3,5.482412060301508,131.85049475968464,0.01129286790386716,1.4889702203806479
reference_PI,A_original3,5.50251256281407,138.07991650358838,0.01096471450761257,1.5140068636968278
reference_PI,A_original3,5.522613065326633,144.6025968188979,0.010636561111357985,1.5380743579252671
reference_PI,A_original3,5.542713567839196,151.43215506116582,0.010308407715103385,1.5610243955472538
reference_PI,A_original3,5.562814070351759,158.58281533215805,0.009980254318848795,1.5826968276139715
reference_PI,A_original3,5.582914572864322,166.06942915368802,0.009652100922594196,1.6029188903490035
reference_PI,A_original3,5.603015075376884,173.90749833886613,0.009323947526339606,1.62150438894858
reference_PI,A_original3,5.623115577889447,182.11319794114277,0.00899579413008502,1.6382528370499436
reference_PI,A_original3,5.64321608040201,190.70339913961655,0.00866764073383042,1.6529485504624617
reference_PI,A_original3,5.663316582914573,199.69569189107102,0.008339487337575831,1.6653596938940314
reference_PI,A_original3,5.683417085427136,209.10840714743924,0.008011333941321232,1.6752372795958992
reference_PI,A_original3,5.703517587939698,218.96063840164328,0.007683180545066642,1.6823141171028777
reference_PI,A_original3,5.723618090452261,229.27226228279406,0.0073550271488120565,1.6863037135595087
reference_PI,A_original3,5.743718592964824,240.06395787437083,0.007026873752557457,1.6868991245224754
reference_PI,A_original3,5.763819095477387,251.35722437570556,0.0066987203563028674,1.6837717556293261
reference_PI,A_original3,5.78391959798995,263.1743966623053,0.006370566960048268,1.6765701161075193
reference_PI,A_original3,5.8040201005025125,275.5386582355131,0.006042413563793682,1.664918525871776
reference_PI,A_original3,5.824120603015075,288.4740509673266,0.0057142601675390925,1.6484157788112364
reference_PI,A_original3,5.844221105527638,302.00548095940434,0.005386106771284493,1.6266337659604777
reference_PI,A_original3,5.864321608040201,316.158719731067,0.005057953375029903,1.5991160635088835
reference_PI,A_original3,5.884422110552764,330.96039984114964,0.004729799978775304,1.5653764921441355
reference_PI,A_original3,5.9045226130653266,346.4380039145965,0.004401646582520718,1.5248976559859828
reference_PI,A_original3,5.924623115577889,362.61984590754116,0.004073493186266132,1.4771294715092436
reference_PI,A_original3,5.944723618090452,379.53504327808736,0.0037453397900115287,1.4214876992931682
reference_PI,A_original3,5.964824120603015,397.21347856097714,0.0034171863937569394,1.357352494355435
reference_PI,A_original3,5.984924623115578,415.6857486442847,0.003089032997502336,1.2840669941536573
reference_PI,A_original3,6.005025125628141,434.98309983335855,0.0029590330380313674,1.2871293633922045
reference_PI,A_original3,6.025125628140703,455.1373465566649,0.0034234933889112475,1.5581596969833496
reference_PI,A_original3,6.045226130653266,476.1807713111005,0.0038879537397911485,1.8513688106356267
reference_PI,A_original3,6.065326633165829,498.14600318541625,0.004352414090671029,2.1681376834756607
reference_PI,A_original3,6.085427135678392,521.0658719995507,0.00481687444155093,2.509908881199084
reference_PI,A_original3,6.105527638190955,544.9732348195023,0.00528133479243081,2.878186105995803
reference_PI,A_original3,6.125628140703517,569.9007712722189,0.00574579514331069,3.274533083744932
reference_PI,A_original3,6.1457286432160805,595.8807438194428,0.006210255494190591,3.7005716631870706
reference_PI,A_original3,6.165829145728643,622.9447188017072,0.006674715845070471,4.157978985188724
reference_PI,A_original3,6.185929648241206,651.1232438233943,0.007139176195950373,4.648483562933968
reference_PI,A_original3,6.206030150753769,680.4454790408423,0.007603636546830252,5.173860112560367
reference_PI,A_original3,6.226130653266331,710.9387638079295,0.008068096897710134,5.7359228347406335
reference_PI,A_original3,6.2462311557788945,742.6281482319112,0.008532557248590034,6.336517189203187
reference_PI,A_original3,6.266331658291457,775.5358381457442,0.008997017599469914,6.977509584816911
reference_PI,A_original3,6.28643216080402,809.6805839328051,0.009461477950349814,7.660774991706598
reference_PI,A_original3,6.306532663316583,845.076994495401,0.009925938301229694,8.388182107149976
reference_PI,A_original3,6.326633165829145,881.7347749078431,0.010390398652109575,9.161575816720593
reference_PI,A_original3,6.346733668341709,919.6578847825409,0.010854859002989476,9.982756670302022
reference_PI,A_original3,6.366834170854271,958.8436156860879,0.011319319353869357,10.853457096369606
reference_PI,A_original3,6.386934673366834,999.2815876494559,0.011783779704749258,11.775314091873275
reference_PI,A_original3,6.407035175879397,1040.9526670465682,0.012248240055629139,12.749838152533759
reference_PI,A_original3,6.427135678391959,1083.8278109916182,0.012712700406509018,13.778378253378923
reference_PI,A_original3,6.447236180904523,1127.8668468876604,0.01317716075738892,14.862082754368055
reference_PI,A_original3,6.467336683417085,1173.0171999448216,0.0136416211082688,16.00185619512964
reference_PI,A_original3,6.4874371859296485,1219.2125865367377,0.014106081459148701,17.198312061706606
reference_PI,A_original3,6.507537688442211,1266.3716969250513,0.014570541810028582,18.451721757083305
reference_PI,A_original3,6.527638190954773,1314.3968973163492,0.015035002160908462,19.76196019144269
reference_PI,A_original3,6.547738693467337,1363.1729882444247,0.015499462511788364,21.12844862837698
reference_PI,A_original3,6.5678391959799,1412.566063576177,0.01596392286266826,22.550095677353042
reference_PI,A_original3,6.5879396984924625,1462.4225220559304,0.016428383213548142,24.025237612458383
reference_PI,A_original3,6.608040201005025,1512.568290248035,0.016892843564428023,25.55157950767442
reference_PI,A_original3,6.628140703517587,1562.8083221722397,0.017357303915307903,27.12613900931599
reference_PI,A_original3,6.648241206030151,1612.9264455872235,0.017821764266187805,28.745194891955688
reference_PI,A_original3,6.668341708542714,1662.6856274249926,0.018286224617067706,30.404242850663564
reference_PI,A_original3,6.688442211055277,1711.8287302076274,0.018750684967947583,32.097961239204956
reference_PI,A_original3,6.708542713567839,1760.0798267471364,0.019215145318827464,33.820189643682895
reference_PI,A_original3,6.7286432160804015,1807.1461310586985,0.019679605669707344,35.563923246772454
reference_PI,A_original3,6.748743718592965,1852.7205888445928,0.020144066020587246,37.321325859386754
reference_PI,A_original3,6.768844221105528,1896.4851503803225,0.020608526371467147,39.08376423470872
reference_PI,A_original3,6.788944723618091,1938.1147226499895,0.021072986722347028,40.84186581678852
reference_PI,A_original3,6.809045226130653,1977.2817663797837,0.02153744707322691,42.585601392261204
reference_PI,A_original3,6.829145728643216,2013.6614685707084,0.022001907424106786,44.30439321498364
reference_PI,A_original3,6.849246231155779,2046.9373837355647,0.022466367774986687,45.98724807537225
reference_PI,A_original3,6.869346733668342,2076.8074002958347,0.02293082812586659,47.622913546711594
reference_PI,A_original3,6.889447236180905,2102.989854548268,0.02339528847674647,49.200054310827824
reference_PI,A_original3,6.909547738693467,2125.2295870095263,0.02385974882762635,50.70744414708738
reference_PI,A_original3,6.92964824120603,2143.30371771063,0.02432420917850623,52.134167962663426
reference_PI,A_original3,6.949748743718593,2157.0269103715023,0.02478866952938613,53.469827247191965
reference_PI,A_original3,6.969849246231156,2166.2559028249116,0.025253129880266033,54.70474166793045
reference_PI,A_original3,6.989949748743719,2170.8931027237077,0.025717590231145913,55.83013925146927
reference_PI,A_original3,7.010050251256281,2170.8890833407468,0.026182050582025794,56.83832778799504
reference_PI,A_original3,7.030150753768844,2166.2438618619776,0.026646510932905675,57.722840748444995
reference_PI,A_original3,7.050251256281407,2157.006899095511,0.027110971283785572,58.47855210030576
reference_PI,A_original3,7.07035175879397,2143.2758205970963,0.027575431634665477,59.10175586510678
reference_PI,A_original3,7.090452261306533,2125.1939203360216,0.028039891985545358,59.59020797455973
reference_PI,A_original3,7.110552763819095,2102.946564484834,0.02850435233642524,59.94312981875071
reference_PI,A_original3,7.130653266331658,2076.7566605641214,0.02896881268730512,60.16117469699533
reference_PI,A_original3,7.150753768844221,2046.879392922126,0.029433273038185017,60.24636004811133
reference_PI,A_original3,7.170854271356784,2013.5964471799223,0.029897733389064915,60.20196973095365
reference_PI,A_original3,7.190954773869347,1977.209953682588,0.030362193739944796,60.032431678258014
reference_PI,A_original3,7.211055276381909,1938.0363734558557,0.030826654090824676,59.74317689995998
reference_PI,A_original3,7.231155778894472,1896.4005318193745,0.03129111444170456,59.34048606846943
reference_PI,A_original3,7.251256281407035,1852.6299771713293,0.03175557479258446,58.831329803048185
reference_PI,A_original3,7.2713567839195985,1807.0498086210737,0.03222003514346436,58.22320833976154
reference_PI,A_original3,7.291457286432161,1759.9780791234002,0.03268449549434424,57.5239955972534
reference_PI,A_original3,7.311557788944723,1711.721843569662,0.03314895584522412,56.741791811796354
reference_PI,A_original3,7.331658291457286,1662.5738861605769,0.033613416196104,55.8847879922895
reference_PI,A_original3,7.351758793969849,1612.810130197685,0.0340778765469839,54.96114451060175
reference_PI,A_original3,7.371859296482413,1562.6877074504725,0.034542336897863804,53.978885256904654
reference_PI,A_original3,7.391959798994975,1512.4436437220982,0.035006797248743685,52.94580798593062
reference_PI,A_original3,7.4120603015075375,1462.2941027272145,0.035471257599623565,51.86941080424743
reference_PI,A_original3,7.4321608040201,1412.4341209006727,0.035935717950503446,50.75683419235386
reference_PI,A_original3,7.452261306532663,1363.0377613543064,0.03640017830138335,49.61481754481516
reference_PI,A_original3,7.472361809045227,1314.2586144771224,0.03686463865226325,48.44966891832327
reference_PI,A_original3,7.492462311557789,1266.2305751598576,0.03732909900314313,47.26724650094919
reference_PI,A_original3,7.5125628140703515,1219.0688314455313,0.03779355935402301,46.07295023787616
reference_PI,A_original3,7.532663316582914,1172.8710056739951,0.03825801970490289,44.871722046384974
reference_PI,A_original3,7.552763819095477,1127.71839619813,0.03872248005578279,43.66805310532145
reference_PI,A_original3,7.572864321608041,1083.6772754601718,0.03918694040666269,42.46599681351235
reference_PI,A_original3,7.592964824120603,1040.8002073460812,0.039651400757542574,41.26918613001287
reference_PI,A_original3,7.613065326633166,999.1273538954149,0.040115861108422454,40.08085415849411
reference_PI,A_original3,7.633165829145728,958.6877478267728,0.040580321459302335,38.903856985905016
reference_PI,A_original3,7.653266331658291,919.5005130370766,0.041044781810182236,37.740697931957435
reference_PI,A_original3,7.673366834170855,881.5760202293397,0.04150924216106213,36.59355250708507
reference_PI,A_original3,7.693467336683417,844.9169690456032,0.04197370251194201,35.46429350601186
reference_PI,A_original3,7.71356783919598,809.5193915690897,0.04243816286282189,34.354515780021515
reference_PI,A_original3,7.733668341708542,775.3735749044453,0.04290262321370177,33.265560333986386
reference_PI,A_original3,7.7537688442211055,742.4649028048075,0.043367083564581674,32.198537483705095
reference_PI,A_original3,7.773869346733669,710.7746180137319,0.043831543915461575,31.154348883464316
reference_PI,A_original3,7.793969849246231,680.2805082804279,0.044296004266341456,30.133708297098767
reference_PI,A_original3,7.814070351758794,650.9575175171174,0.044760464617221336,29.13716093013917
reference_PI,A_original3,7.834170854271356,622.7783008032746,0.04522492496810122,28.165101925589667
reference_PI,A_original3,7.8542713567839195,595.7136928216971,0.045689385318981125,27.21779245112368
reference_PI,A_original3,7.874371859296483,569.7331411826115,0.04615384566986102,26.295375471147388
reference_PI,A_original3,7.894472361809045,544.8050751192078,0.0466183060207409,25.397889713559962
reference_PI,A_original3,7.914572864321608,520.8972280787464,0.04708276637162078,24.52528249325648
reference_PI,A_original3,7.93467336683417,497.97691665648927,0.04754722672250066,23.67742135883791
reference_PI,A_original3,7.954773869346734,476.01128030832444,0.04801168707338056,22.854104633562514
reference_PI,A_original3,7.974874371859297,454.9674860072796,0.048476147424260464,22.055070924934046
reference_PI,A_original3,7.994974874371859,434.81290171532135,0.048940607775140345,21.28000767842019
reference_PI,A_original3,8.015075376884422,415.5152422235053,0.049405068126020225,20.528558849452075
reference_PI,A_original3,8.035175879396984,397.04269061338977,0.049869528476900106,19.800331766089478
reference_PI,A_original3,8.055276381909547,379.36399829230106,0.05033398882777999,19.09490325170663
reference_PI,A_original3,8.075376884422111,362.4485662742883,0.0507984491786599,18.41182507376258
reference_PI,A_original3,8.095477386934673,346.26651010044344,0.05126290952953978,17.750628780388507
reference_PI,A_original3,8.115577889447236,330.7887105504501,0.05172736988041966,17.11082998291021
reference_PI,A_original3,8.1356783919598,315.986852053195,0.05219183023129959,16.491932137683133
reference_PI,A_original3,8.155778894472363,301.83345050511946,0.05265629058217947,15.893429877219456
reference_PI,A_original3,8.175879396984925,288.30187199448136,0.05312075093305935,15.314811935753603
reference_PI,A_original3,8.195979899497488,275.36634376298093,0.053585211283939234,14.755563711025175
reference_PI,A_original3,8.21608040201005,263.00195857754835,0.054049671634819114,14.215169500430786
reference_PI,A_original3,8.236180904522612,251.18467353046285,0.054514131985698995,13.693114445624364
reference_PI,A_original3,8.256281407035175,239.89130417406133,0.054978592336578876,13.18888621727596
reference_PI,A_original3,8.27638190954774,229.0995147673574,0.05544305268745879,12.70197646791784
reference_PI,A_original3,8.296482412060302,218.78780532137228,0.05590751303833867,12.231882078634124
reference_PI,A_original3,8.316582914572864,208.93549603034842,0.05637197338921855,11.77810622228598
reference_PI,A_original3,8.336683417085428,199.5227096058443,0.05683643374009847,11.340159264157478
reference_PI,A_original3,8.35678391959799,190.53035195282845,0.05730089409097835,10.917559518365852
reference_PI,A_original3,8.376884422110553,181.9400915696068,0.05776535444185823,10.50983387670248
reference_PI,A_original3,8.396984924623116,173.73433799759928,0.05822981479273811,10.11651832473917
reference_PI,A_original3,8.417085427135678,165.89621959961036,0.05869427514361799,9.737158358465601
reference_PI,A_original3,8.43718592964824,158.40956090402906,0.05915873549449787,9.371309313321007
reference_PI,A_original3,8.457286432160803,151.25885971624783,0.05962319584537775,9.018536616210364
reference_PI,A_original3,8.477386934673367,144.42926416621185,0.06008765619625768,8.678415969897816
reference_PI,A_original3,8.49748743718593,137.906549834681,0.06055211654713756,8.350533478203237
reference_PI,A_original3,8.517587939698492,131.67709707604263,0.061016576898017434,8.034485719448062
reference_PI,A_original3,8.537688442211056,125.72786863594322,0.061481037248897356,7.729879774830899
reference_PI,A_original3,8.557788944723619,120.04638764275522,0.06194549759977724,7.436333217586221
reference_PI,A_original3,8.577889447236181,114.62071603809473,0.06240995795065712,7.153474068211702
reference_PI,A_original3,8.597989949748744,109.43943349739317,0.06287441830153699,6.880940720398337
reference_PI,A_original3,8.618090452261306,104.49161688019164,0.06333887865241687,6.618381841769293
reference_PI,A_original3,8.638190954773869,99.7668202410513,0.06380333900329675,6.365456253120764
reference_PI,A_original3,8.658291457286431,95.25505542253532,0.06426779935417663,6.121832789366475
reference_PI,A_original3,8.678391959798995,90.94677324546113,0.06473225970505656,5.887190145062079
reference_PI,A_original3,8.698492462311558,86.83284530558228,0.06519672005593644,5.6612167070484825
reference_PI,A_original3,8.71859296482412,82.9045463801829,0.06566118040681632,5.443610376414459
reference_PI,A_original3,8.738693467336685,79.15353744528191,0.06612564075769624,5.234078381807569
reference_PI,A_original3,8.758793969849247,75.57184929880272,0.06659010110857612,5.03233708576935
reference_PI,A_original3,8.77889447236181,72.15186678372785,0.067054561459456,4.838111785663961
reference_PI,A_original3,8.798994974874372,68.88631360219846,0.06751902181033588,4.651136510540475
reference_PI,A_original3,8.819095477386934,65.76823770933912,0.06798348216121576,4.471153815087454
reference_PI,A_original3,8.839195979899497,62.790997274800525,0.06844794251209564,4.297914571742701
reference_PI,A_original3,8.85929648241206,59.948247198028014,0.06891240286297552,4.13117776183975
reference_PI,A_original3,8.879396984924623,57.233926162888146,0.06937686321385544,3.9707102665945935
reference_PI,A_original3,8.899497487437186,54.64224421625475,0.06984132356473532,3.8162866586107356
reference_PI,A_original3,8.919597989949748,52.167670854948334,0.0703057839156152,3.667688994508935
reference_PI,A_original3,8.939698492462313,49.80492360468561,0.07077024426649513,3.5247066091777297
reference_PI,A_original3,8.959798994974875,47.54895707529272,0.07123470461737501,3.3871359121227202
reference_PI,A_original3,8.979899497487438,45.394952475238306,0.07169916496825489,3.254780186248202
reference_PI,A_original3,9.0,43.33830756987371,0.07216362531913477,3.1274493894377886
reference_PI,B_analytic3,5.0,43.51199062255985,0.02802481878675606,1.2194156522482689
reference_PI,B_analytic3,5.0201005025125625,45.56863215898163,0.027481998084156876,1.2523170616907826
reference_PI,B_analytic3,5.040201005025126,47.72263306346019,0.026939177381557666,1.2856084772115426
reference_PI,B_analytic3,5.060301507537688,49.97859553893587,0.026396356678958482,1.3192528341591545
reference_PI,B_analytic3,5.080402010050252,52.34133834220194,0.025853535976359275,1.3532086738809108
reference_PI,B_analytic3,5.100502512562814,54.81590682538412,0.02531071527376009,1.3874298101302598
reference_PI,B_analytic3,5.1206030150753765,57.4075834209168,0.024767894571160905,1.421864973754392
reference_PI,B_analytic3,5.14070351758794,60.12189858617022,0.024225073868561698,1.4564574343681487
reference_PI,B_analytic3,5.160804020100502,62.96464222398279,0.023682253165962515,1.4911445976526136
reference_PI,B_analytic3,5.180904522613066,65.94187559535318,0.0231394324633633,1.5258575768461795
reference_PI,B_analytic3,5.201005025125628,69.059943740339,0.02259661176076412,1.5605207369206526
reference_PI,B_analytic3,5.221105527638191,72.32548842296983,0.022053791058164934,1.5950512098599035
reference_PI,B_analytic3,5.241206030150754,75.74546161534393,0.021510970355565727,1.629358379376305
reference_PI,B_analytic3,5.261306532663316,79.3271395355618,0.02096814965296654,1.6633433333234184
reference_PI,B_analytic3,5.28140703517588,83.07813725307062,0.020425328950367333,1.6968982819777343
reference_PI,B_analytic3,5.301507537688442,87.0064238739693,0.019882508247768146,1.729905940283006
reference_PI,B_analytic3,5.321608040201005,91.12033831699802,0.019339687545168967,1.762238872060829
reference_PI,B_analytic3,5.341708542713568,95.42860568941595,0.018796866842569752,1.7937587941160458
reference_PI,B_analytic3,5.36180904522613,99.94035426887815,0.018254046139970573,1.824315838069107
reference_PI,B_analytic3,5.381909547738694,104.66513309578431,0.017711225437371365,1.8537477676919147
reference_PI,B_analytic3,5.402010050251256,109.61293017529923,0.01716840473477218,1.8818791494138594
reference_PI,B_analytic3,5.422110552763819,114.79419128596818,0.016625584032172992,1.9085204736302046
reference_PI,B_analytic3,5.442211055276382,120.21983938521302,0.016082763329573785,1.933467224351754
reference_PI,B_analytic3,5.4623115577889445,125.90129459700343,0.015539942626974598,1.9564988946992603
reference_PI,B_analytic3,5.482412060301508,131.85049475968464,0.014997121924375391,1.977377945700209
reference_PI,B_analytic3,5.50251256281407,138.07991650358838,0.014454301221776211,1.9958487058205747
reference_PI,B_analytic3,5.522613065326633,144.6025968188979,0.013911480519177025,2.0116362086685076
reference_PI,B_analytic3,5.542713567839196,151.43215506116582,0.013368659816577817,2.0244449663039887
reference_PI,B_analytic3,5.562814070351759,158.58281533215805,0.01282583911397863,2.0339576756920428
reference_PI,B_analytic3,5.582914572864322,166.06942915368802,0.012283018411379423,2.0398338558620206
reference_PI,B_analytic3,5.603015075376884,173.90749833886613,0.011740197708780237,2.041708413537659
reference_PI,B_analytic3,5.623115577889447,182.11319794114277,0.01119737700618105,2.0391901351482504
reference_PI,B_analytic3,5.64321608040201,190.70339913961655,0.010654556303581843,2.0318601034174857
reference_PI,B_analytic3,5.663316582914573,199.69569189107102,0.010111735600982663,2.0192700370578076
reference_PI,B_analytic3,5.683417085427136,209.10840714743924,0.009568914898383449,2.000940552530363
reference_PI,B_analytic3,5.703517587939698,218.96063840164328,0.00902609419578427,1.9763593473822905
reference_PI,B_analytic3,5.723618090452261,229.27226228279406,0.008483273493185083,1.9449793053462048
reference_PI,B_analytic3,5.743718592964824,240.06395787437083,0.007940452790585875,1.9062165242226379
reference_PI,B_analytic3,5.763819095477387,251.35722437570556,0.007397632087986689,1.8594482685889893
reference_PI,B_analytic3,5.78391959798995,263.1743966623053,0.006854811385387481,1.8040108505832515
reference_PI,B_analytic3,5.8040201005025125,275.5386582355131,0.006311990682788295,1.7391974435305468
reference_PI,B_analytic3,5.824120603015075,288.4740509673266,0.005769169980189115,1.6642558349042453
reference_PI,B_analytic3,5.844221105527638,302.00548095940434,0.005226349277589908,1.5783861272403754
reference_PI,B_analytic3,5.864321608040201,316.158719731067,0.004683528574990721,1.480738398092935
reference_PI,B_analytic3,5.884422110552764,330.96039984114964,0.004140707872391514,1.3704103330720914
reference_PI,B_analytic3,5.9045226130653266,346.4380039145965,0.003597887169792327,1.2464448494127907
reference_PI,B_analytic3,5.924623115577889,362.61984590754116,0.0030550664671931405,1.1078277315708727
reference_PI,B_analytic3,5.944723618090452,379.53504327808736,0.002512245764593933,0.95348530499035
reference_PI,B_analytic3,5.964824120603015,397.21347856097714,0.0019694250619947465,0.7822821796401013
reference_PI,B_analytic3,5.984924623115578,415.6857486442847,0.001426604359395539,0.5930191011545348
reference_PI,B_analytic3,6.005025125628141,434.98309983335855,0.0010334186852331035,0.4495196631284092
reference_PI,B_analytic3,6.025125628140703,455.1373465566649,0.0010891380963808943,0.49570742322057737
reference_PI,B_analytic3,6.045226130653266,476.1807713111005,0.0011448575075286877,0.5451591309763145
reference_PI,B_analytic3,6.065326633165829,498.14600318541625,0.0012005769186764787,0.5980625935553504
reference_PI,B_analytic3,6.085427135678392,521.0658719995507,0.0012562963298242721,0.6546131425897196
reference_PI,B_analytic3,6.105527638190955,544.9732348195023,0.001312015740972063,0.7150134624916513
reference_PI,B_analytic3,6.125628140703517,569.9007712722189,0.001367735152119854,0.7794733180892304
reference_PI,B_analytic3,6.1457286432160805,595.8807438194428,0.0014234545632676474,0.8482091639531059
reference_PI,B_analytic3,6.165829145728643,622.9447188017072,0.0014791739744154382,0.9214436155510287
reference_PI,B_analytic3,6.185929648241206,651.1232438233943,0.0015348933855632318,0.9994047601310033
reference_PI,B_analytic3,6.206030150753769,680.4454790408423,0.0015906127967110226,1.0823252864265258
reference_PI,B_analytic3,6.226130653266331,710.9387638079295,0.0016463322078588134,1.170441384672324
reference_PI,B_analytic3,6.2462311557788945,742.6281482319112,0.0017020516190066068,1.2639914420180027
reference_PI,B_analytic3,6.266331658291457,775.5358381457442,0.0017577710301543976,1.3632144291390988
reference_PI,B_analytic3,6.28643216080402,809.6805839328051,0.001813490441302191,1.4683479994701185
reference_PI,B_analytic3,6.306532663316583,845.076994495401,0.0018692098524499823,1.579626244189623
reference_PI,B_analytic3,6.326633165829145,881.7347749078431,0.001924929263597773,1.6972770709519025
reference_PI,B_analytic3,6.346733668341709,919.6578847825409,0.0019806486747455665,1.8215191707138505
reference_PI,B_analytic3,6.366834170854271,958.8436156860879,0.0020363680858933577,1.952558538345745
reference_PI,B_analytic3,6.386934673366834,999.2815876494559,0.0020920874970411507,2.0905845155448572
reference_PI,B_analytic3,6.407035175879397,1040.9526670465682,0.002147806908188942,2.235765329380323
reference_PI,B_analytic3,6.427135678391959,1083.8278109916182,0.0022035263193367323,2.388243107149148
reference_PI,B_analytic3,6.447236180904523,1127.8668468876604,0.002259245730484526,2.5481283583859913
reference_PI,B_analytic3,6.467336683417085,1173.0171999448216,0.002314965141632317,2.7154939284074078
reference_PI,B_analytic3,6.4874371859296485,1219.2125865367377,0.0023706845527801104,2.8903684454577276
reference_PI,B_analytic3,6.507537688442211,1266.3716969250513,0.002426403963927901,3.0727293052250473
reference_PI,B_analytic3,6.527638190954773,1314.3968973163492,0.002482123375075692,3.2624952629558743
reference_PI,B_analytic3,6.547738693467337,1363.1729882444247,0.002537842786223486,3.459518734590826
reference_PI,B_analytic3,6.5678391959799,1412.566063576177,0.002593562197371279,3.663577943780727
reference_PI,B_analytic3,6.5879396984924625,1462.4225220559304,0.00264928160851907,3.8743690915668503
reference_PI,B_analytic3,6.608040201005025,1512.568290248035,0.002705001019666861,4.091498767436695
reference_PI,B_analytic3,6.628140703517587,1562.8083221722397,0.0027607204308146517,4.314476864468069
reference_PI,B_analytic3,6.648241206030151,1612.9264455872235,0.0028164398419624455,4.542710303506729
reference_PI,B_analytic3,6.668341708542714,1662.6856274249926,0.0028721592531102385,4.775497909822095
reference_PI,B_analytic3,6.688442211055277,1711.8287302076274,0.0029278786642580297,5.012026816038827
reference_PI,B_analytic3,6.708542713567839,1760.0798267471364,0.0029835980754058205,5.251370783643366
reference_PI,B_analytic3,6.7286432160804015,1807.1461310586985,0.0030393174865536113,5.492490836884406
reference_PI,B_analytic3,6.748743718592965,1852.7205888445928,0.0030950368977014048,5.734238583605088
reference_PI,B_analytic3,6.768844221105528,1896.4851503803225,0.003150756308849198,5.975362552199622
reference_PI,B_analytic3,6.788944723618091,1938.1147226499895,0.0032064757199969894,6.214517800745891
reference_PI,B_analytic3,6.809045226130653,1977.2817663797837,0.0032621951311447802,6.4502789511854814
reference_PI,B_analytic3,6.829145728643216,2013.6614685707084,0.003317914542292571,6.6811566698249685
reference_PI,B_analytic3,6.849246231155779,2046.9373837355647,0.0033736339534403644,6.90561745833669
reference_PI,B_analytic3,6.869346733668342,2076.8074002958347,0.003429353364588158,7.122106445806105
reference_PI,B_analytic3,6.889447236180905,2102.989854548268,0.0034850727757359487,7.329072689735071
reference_PI,B_analytic3,6.909547738693467,2125.2295870095263,0.0035407921868837395,7.524996317017487
reference_PI,B_analytic3,6.92964824120603,2143.30371771063,0.0035965115980315307,7.708416678850378
reference_PI,B_analytic3,6.949748743718593,2157.0269103715023,0.003652231009179324,7.877960569693071
reference_PI,B_analytic3,6.969849246231156,2166.2559028249116,0.0037079504203271175,8.03236948541573
reference_PI,B_analytic3,6.989949748743719,2170.8931027237077,0.0037636698314749083,8.170524878078178
reference_PI,B_analytic3,7.010050251256281,2170.8890833407468,0.003819389242622699,8.2914704118387
reference_PI,B_analytic3,7.030150753768844,2166.2438618619776,0.0038751086537704904,8.394430335278557
reference_PI,B_analytic3,7.050251256281407,2157.006899095511,0.003930828064918283,8.478823255186995
reference_PI,B_analytic3,7.07035175879397,2143.2758205970963,0.003986547476066077,8.544270813114805
reference_PI,B_analytic3,7.090452261306533,2125.1939203360216,0.0040422668872138676,8.590601013082527
reference_PI,B_analytic3,7.110552763819095,2102.946564484834,0.004097986298361659,8.617846207445574
reference_PI,B_analytic3,7.130653266331658,2076.7566605641214,0.00415370570950945,8.62623599824697
reference_PI,B_analytic3,7.150753768844221,2046.879392922126,0.004209425120657244,8.616185535522046
reference_PI,B_analytic3,7.170854271356784,2013.5964471799223,0.004265144531805037,8.588279875951494
reference_PI,B_analytic3,7.190954773869347,1977.209953682588,0.004320863942952828,8.543255196514526
reference_PI,B_analytic3,7.211055276381909,1938.0363734558557,0.0043765833541006185,8.481977731708428
reference_PI,B_analytic3,7.231155778894472,1896.4005318193745,0.00443230276524841,8.405421321201569
reference_PI,B_analytic3,7.251256281407035,1852.6299771713293,0.004488022176396203,8.314644422201317
reference_PI,B_analytic3,7.2713567839195985,1807.0498086210737,0.0045437415875439965,8.210767366194993
reference_PI,B_analytic3,7.291457286432161,1759.9780791234002,0.004599460998691787,8.094950533480567
reference_PI,B_analytic3,7.311557788944723,1711.721843569662,0.004655180409839578,7.968373993279978
reference_PI,B_analytic3,7.331658291457286,1662.5738861605769,0.004710899820987369,7.832219022692136
reference_PI,B_analytic3,7.351758793969849,1612.810130197685,0.004766619232135162,7.687651784382701
reference_PI,B_analytic3,7.371859296482413,1562.6877074504725,0.004822338643282955,7.535809319021664
reference_PI,B_analytic3,7.391959798994975,1512.4436437220982,0.004878058054430747,7.377787898131167
reference_PI,B_analytic3,7.4120603015075375,1462.2941027272145,0.004933777465578538,7.214633692083918
reference_PI,B_analytic3,7.4321608040201,1412.4341209006727,0.004989496876726328,7.047335634815604
reference_PI,B_analytic3,7.452261306532663,1363.0377613543064,0.005045216287874122,6.876820314572227
reference_PI,B_analytic3,7.472361809045227,1314.2586144771224,0.005100935699021916,6.703948684333435
reference_PI,B_analytic3,7.492462311557789,1266.2305751598576,0.005156655110169706,6.529514366051206
reference_PI,B_analytic3,7.5125628140703515,1219.0688314455313,0.005212374521317497,6.354243316758981
reference_PI,B_analytic3,7.532663316582914,1172.8710056739951,0.005268093932465289,6.178794628555635
reference_PI,B_analytic3,7.552763819095477,1127.71839619813,0.005323813343613081,6.003762245517548
reference_PI,B_analytic3,7.572864321608041,1083.6772754601718,0.005379532754760875,5.829677398928017
reference_PI,B_analytic3,7.592964824120603,1040.8002073460812,0.005435252165908665,5.657011581255976
reference_PI,B_analytic3,7.613065326633166,999.1273538954149,0.005490971577056457,5.486179902099352
reference_PI,B_analytic3,7.633165829145728,958.6877478267728,0.0055466909882042476,5.317544691372587
reference_PI,B_analytic3,7.653266331658291,919.5005130370766,0.005602410399352041,5.151419236448455
reference_PI,B_analytic3,7.673366834170855,881.5760202293397,0.0056581298104998335,4.988071560281432
reference_PI,B_analytic3,7.693467336683417,844.9169690456032,0.005713849221647626,4.82772816593809
reference_PI,B_analytic3,7.71356783919598,809.5193915690897,0.005769568632795416,4.67057768923665
reference_PI,B_analytic3,7.733668341708542,775.3735749044453,0.005825288043943206,4.516774415480367
reference_PI,B_analytic3,7.7537688442211055,742.4649028048075,0.005881007455091,4.366441628538488
reference_PI,B_analytic3,7.773869346733669,710.7746180137319,0.005936726866238794,4.219674770602738
reference_PI,B_analytic3,7.793969849246231,680.2805082804279,0.005992446277386584,4.076544399423703
reference_PI,B_analytic3,7.814070351758794,650.9575175171174,0.0060481656885343765,3.9370989221405446
reference_PI,B_analytic3,7.834170854271356,622.7783008032746,0.006103885099682167,3.8013671906784867
reference_PI,B_analytic3,7.8542713567839195,595.7136928216971,0.006159604510829961,3.669360749467699
reference_PI,B_analytic3,7.874371859296483,569.7331411826115,0.006215323921977753,3.5410760215358135
reference_PI,B_analytic3,7.894472361809045,544.8050751192078,0.006271043333125545,3.4164962341792697
reference_PI,B_analytic3,7.914572864321608,520.8972280787464,0.006326762744273335,3.295593176203863
reference_PI,B_analytic3,7.93467336683417,497.97691665648927,0.006382482155421126,3.178328784371676
reference_PI,B_analytic3,7.954773869346734,476.01128030832444,0.0064382015665689196,3.0646565705855315
reference_PI,B_analytic3,7.974874371859297,454.9674860072796,0.006493920977716713,2.9545229015617083
reference_PI,B_analytic3,7.994974874371859,434.81290171532135,0.006549640388864504,2.8478681426740406
reference_PI,B_analytic3,8.015075376884422,415.5152422235053,0.006605359800012294,2.744627677275513
reference_PI,B_analytic3,8.035175879396984,397.04269061338977,0.006661079211160086,2.6447328123879164
reference_PI,B_analytic3,8.055276381909547,379.36399829230106,0.006716798622307877,2.5481115810829356
reference_PI,B_analytic3,8.075376884422111,362.4485662742883,0.006772518033455672,2.454689451292771
reference_PI,B_analytic3,8.095477386934673,346.26651010044344,0.006828237444603463,2.364389950080011
reference_PI,B_analytic3,8.115577889447236,330.7887105504501,0.006883956855751255,2.2771352117988886
reference_PI,B_analytic3,8.1356783919598,315.986852053195,0.00693967626689905,2.1928464578456985
reference_PI,B_analytic3,8.155778894472363,301.83345050511946,0.006995395678046842,2.1114444151534784
reference_PI,B_analytic3,8.175879396984925,288.30187199448136,0.007051115089194633,2.032849679863347
reference_PI,B_analytic3,8.195979899497488,275.36634376298093,0.007106834500342423,1.9569830320879045
reference_PI,B_analytic3,8.21608040201005,263.00195857754835,0.007162553911490215,1.8837657071392064
reference_PI,B_analytic3,8.236180904522612,251.18467353046285,0.007218273322638006,1.8131196280004767
reference_PI,B_analytic3,8.256281407035175,239.89130417406133,0.007273992733785796,1.7449676034605204
reference_PI,B_analytic3,8.27638190954774,229.0995147673574,0.0073297121449335915,1.679233495788692
reference_PI,B_analytic3,8.296482412060302,218.78780532137228,0.007385431556081384,1.6158423615062534
reference_PI,B_analytic3,8.316582914572864,208.93549603034842,0.007441150967229174,1.5547205683747343
reference_PI,B_analytic3,8.336683417085428,199.5227096058443,0.00749687037837697,1.4957958914575642
reference_PI,B_analytic3,8.35678391959799,190.53035195282845,0.00755258978952476,1.438997590753491
reference_PI,B_analytic3,8.376884422110553,181.9400915696068,0.007608309200672552,1.3842564726602462
reference_PI,B_analytic3,8.396984924623116,173.73433799759928,0.0076640286118203425,1.331504937269267
reference_PI,B_analytic3,8.417085427135678,165.89621959961036,0.007719748022968133,1.2806770132719794
reference_PI,B_analytic3,8.43718592964824,158.40956090402906,0.007775467434115925,1.2317083820618813
reference_PI,B_analytic3,8.457286432160803,151.25885971624783,0.007831186845263715,1.1845363924394696
reference_PI,B_analytic3,8.477386934673367,144.42926416621185,0.007886906256411511,1.139100067161407
reference_PI,B_analytic3,8.49748743718593,137.906549834681,0.007942625667559301,1.095340102441483
reference_PI,B_analytic3,8.517587939698492,131.67709707604263,0.007998345078707093,1.0531988613766017
reference_PI,B_analytic3,8.537688442211056,125.72786863594322,0.008054064489854889,1.0126203621658905
reference_PI,B_analytic3,8.557788944723619,120.04638764275522,0.00810978390100268,0.9735502618787433
reference_PI,B_analytic3,8.577889447236181,114.62071603809473,0.00816550331215047,0.9359358364501209
reference_PI,B_analytic3,8.597989949748744,109.43943349739317,0.008221222723298262,0.8997259574936577
reference_PI,B_analytic3,8.618090452261306,104.49161688019164,0.008276942134446052,0.8648710664520526
reference_PI,B_analytic3,8.638190954773869,99.7668202410513,0.008332661545593843,0.8313231465487816
reference_PI,B_analytic3,8.658291457286431,95.25505542253532,0.008388380956741635,0.7990356929397643
reference_PI,B_analytic3,8.678391959798995,90.94677324546113,0.00844410036788943,0.767963681420355
reference_PI,B_analytic3,8.698492462311558,86.83284530558228,0.00849981977903722,0.7380635359984675
reference_PI,B_analytic3,8.71859296482412,82.9045463801829,0.008555539190185011,0.7092930956001656
reference_PI,B_analytic3,8.738693467336685,79.15353744528191,0.008611258601332808,0.6816115801516024
reference_PI,B_analytic3,8.758793969849247,75.57184929880272,0.008666978012480599,0.6549795562352205
reference_PI,B_analytic3,8.77889447236181,72.15186678372785,0.00872269742362839,0.6293589025044019
reference_PI,B_analytic3,8.798994974874372,68.88631360219846,0.008778416834776181,0.6047127750112103
reference_PI,B_analytic3,8.819095477386934,65.76823770933912,0.008834136245923973,0.5810055725786166
reference_PI,B_analytic3,8.839195979899497,62.790997274800525,0.008889855657071764,0.5582029023365631
reference_PI,B_analytic3,8.85929648241206,59.948247198028014,0.008945575068219554,0.5362715455181422
reference_PI,B_analytic3,8.879396984924623,57.233926162888146,0.00900129447936735,0.5151794236025236
reference_PI,B_analytic3,8.899497487437186,54.64224421625475,0.009057013890515142,0.49489556487554
reference_PI,B_analytic3,8.919597989949748,52.167670854948334,0.009112733301662932,0.47539007147007845
reference_PI,B_analytic3,8.939698492462313,49.80492360468561,0.009168452712810728,0.45663408693471086
reference_PI,B_analytic3,8.959798994974875,47.54895707529272,0.009224172123958518,0.43859976437721526
reference_PI,B_analytic3,8.979899497487438,45.394952475238306,0.00927989153510631,0.4212602352115172
reference_PI,B_analytic3,9.0,43.33830756987371,0.0093356109462541,0.40458957854143995
reference_PI,C_add7,5.0,43.51199062255985,0.02802481878675606,1.2194156522482689
reference_PI,C_add7,5.0201005025125625,45.56863215898163,0.027481998084156876,1.2523170616907826
reference_PI,C_add7,5.040201005025126,47.72263306346019,0.026939177381557666,1.2856084772115426
reference_PI,C_add7,5.060301507537688,49.97859553893587,0.026396356678958482,1.3192528341591545
reference_PI,C_add7,5.080402010050252,52.34133834220194,0.025853535976359275,1.3532086738809108
reference_PI,C_add7,5.100502512562814,54.81590682538412,0.02531071527376009,1.3874298101302598
reference_PI,C_add7,5.1206030150753765,57.4075834209168,0.024767894571160905,1.421864973754392
reference_PI,C_add7,5.14070351758794,60.12189858617022,0.024225073868561698,1.4564574343681487
reference_PI,C_add7,5.160804020100502,62.96464222398279,0.023682253165962515,1.4911445976526136
reference_PI,C_add7,5.180904522613066,65.94187559535318,0.0231394324633633,1.5258575768461795
reference_PI,C_add7,5.201005025125628,69.059943740339,0.02259661176076412,1.5605207369206526
reference_PI,C_add7,5.221105527638191,72.32548842296983,0.022053791058164934,1.5950512098599035
reference_PI,C_add7,5.241206030150754,75.74546161534393,0.021510970355565727,1.629358379376305
reference_PI,C_add7,5.261306532663316,79.3271395355618,0.02096814965296654,1.6633433333234184
reference_PI,C_add7,5.28140703517588,83.07813725307062,0.020425328950367333,1.6968982819777343
reference_PI,C_add7,5.301507537688442,87.0064238739693,0.019882508247768146,1.729905940283006
reference_PI,C_add7,5.321608040201005,91.12033831699802,0.019339687545168967,1.762238872060829
reference_PI,C_add7,5.341708542713568,95.42860568941595,0.018796866842569752,1.7937587941160458
reference_PI,C_add7,5.36180904522613,99.94035426887815,0.018254046139970573,1.824315838069107
reference_PI,C_add7,5.381909547738694,104.66513309578431,0.017711225437371365,1.8537477676919147
reference_PI,C_add7,5.402010050251256,109.61293017529923,0.01716840473477218,1.8818791494138594
reference_PI,C_add7,5.422110552763819,114.79419128596818,0.016625584032172992,1.9085204736302046
reference_PI,C_add7,5.442211055276382,120.21983938521302,0.016082763329573785,1.933467224351754
reference_PI,C_add7,5.4623115577889445,125.90129459700343,0.015539942626974598,1.9564988946992603
reference_PI,C_add7,5.482412060301508,131.85049475968464,0.014997121924375391,1.977377945700209
reference_PI,C_add7,5.50251256281407,138.07991650358838,0.014454301221776211,1.9958487058205747
reference_PI,C_add7,5.522613065326633,144.6025968188979,0.013911480519177025,2.0116362086685076
reference_PI,C_add7,5.542713567839196,151.43215506116582,0.013368659816577817,2.0244449663039887
reference_PI,C_add7,5.562814070351759,158.58281533215805,0.01282583911397863,2.0339576756920428
reference_PI,C_add7,5.582914572864322,166.06942915368802,0.012283018411379423,2.0398338558620206
reference_PI,C_add7,5.603015075376884,173.90749833886613,0.011740197708780237,2.041708413537659
reference_PI,C_add7,5.623115577889447,182.11319794114277,0.01119737700618105,2.0391901351482504
reference_PI,C_add7,5.64321608040201,190.70339913961655,0.010654556303581843,2.0318601034174857
reference_PI,C_add7,5.663316582914573,199.69569189107102,0.010111735600982663,2.0192700370578076
reference_PI,C_add7,5.683417085427136,209.10840714743924,0.009568914898383449,2.000940552530363
reference_PI,C_add7,5.703517587939698,218.96063840164328,0.00902609419578427,1.9763593473822905
reference_PI,C_add7,5.723618090452261,229.27226228279406,0.008483273493185083,1.9449793053462048
reference_PI,C_add7,5.743718592964824,240.06395787437083,0.007940452790585875,1.9062165242226379
reference_PI,C_add7,5.763819095477387,251.35722437570556,0.007397632087986689,1.8594482685889893
reference_PI,C_add7,5.78391959798995,263.1743966623053,0.006854811385387481,1.8040108505832515
reference_PI,C_add7,5.8040201005025125,275.5386582355131,0.006311990682788295,1.7391974435305468
reference_PI,C_add7,5.824120603015075,288.4740509673266,0.005769169980189115,1.6642558349042453
reference_PI,C_add7,5.844221105527638,302.00548095940434,0.005226349277589908,1.5783861272403754
reference_PI,C_add7,5.864321608040201,316.158719731067,0.004683528574990721,1.480738398092935
reference_PI,C_add7,5.884422110552764,330.96039984114964,0.004140707872391514,1.3704103330720914
reference_PI,C_add7,5.9045226130653266,346.4380039145965,0.003597887169792327,1.2464448494127907
reference_PI,C_add7,5.924623115577889,362.61984590754116,0.0030550664671931405,1.1078277315708727
reference_PI,C_add7,5.944723618090452,379.53504327808736,0.002512245764593933,0.95348530499035
reference_PI,C_add7,5.964824120603015,397.21347856097714,0.0019694250619947465,0.7822821796401013
reference_PI,C_add7,5.984924623115578,415.6857486442847,0.001426604359395539,0.5930191011545348
reference_PI,C_add7,6.005025125628141,434.98309983335855,0.001015380441080789,0.4416733317714845
reference_PI,C_add7,6.025125628140703,455.1373465566649,0.0009989468756193226,0.45465803032044927
reference_PI,C_add7,6.045226130653266,476.1807713111005,0.0009825133101578555,0.46785394585439016
reference_PI,C_add7,6.065326633165829,498.14600318541625,0.0009660797446963891,0.48124876357889357
reference_PI,C_add7,6.085427135678392,521.0658719995507,0.0009496461792349219,0.4948282144740862
reference_PI,C_add7,6.105527638190955,544.9732348195023,0.0009332126137734554,0.5085758969024828
reference_PI,C_add7,6.125628140703517,569.9007712722189,0.000916779048311989,0.5224730867192133
reference_PI,C_add7,6.1457286432160805,595.8807438194428,0.0009003454828505218,0.5364985360154444
reference_PI,C_add7,6.165829145728643,622.9447188017072,0.0008839119173890554,0.5506282608234029
reference_PI,C_add7,6.185929648241206,651.1232438233943,0.0008674783519275883,0.5648353184536633
reference_PI,C_add7,6.206030150753769,680.4454790408423,0.0008510447864661218,0.5790895774121516
reference_PI,C_add7,6.226130653266331,710.9387638079295,0.0008346112210046554,0.5933574697212763
reference_PI,C_add7,6.2462311557788945,742.6281482319112,0.0008181776555431883,0.6076017572607644
reference_PI,C_add7,6.266331658291457,775.5358381457442,0.0008017440900817219,0.6217812748799252
reference_PI,C_add7,6.28643216080402,809.6805839328051,0.0007853105246202547,0.6358506841431053
reference_PI,C_add7,6.306532663316583,845.076994495401,0.0007688769591587882,0.6497602297826719
reference_PI,C_add7,6.326633165829145,881.7347749078431,0.0007524433936973218,0.6634555063726016
reference_PI,C_add7,6.346733668341709,919.6578847825409,0.0007360098282358546,0.6768772418145473
reference_PI,C_add7,6.366834170854271,958.8436156860879,0.0007195762627743882,0.6899611055604769
reference_PI,C_add7,6.386934673366834,999.2815876494559,0.0007031426973129211,0.7026375509149766
reference_PI,C_add7,6.407035175879397,1040.9526670465682,0.0006867091318514546,0.7148317022860051
reference_PI,C_add7,6.427135678391959,1083.8278109916182,0.0006702755663899882,0.7264632998816279
reference_PI,C_add7,6.447236180904523,1127.8668468876604,0.0006538420009285211,0.7374467159499698
reference_PI,C_add7,6.467336683417085,1173.0171999448216,0.0006374084354670547,0.747691058192774
reference_PI,C_add7,6.4874371859296485,1219.2125865367377,0.0006209748700055875,0.7571003774338267
reference_PI,C_add7,6.507537688442211,1266.3716969250513,0.000604541304544121,0.7655739976968228
reference_PI,C_add7,6.527638190954773,1314.3968973163492,0.0005881077390826546,0.7730069875379743
reference_PI,C_add7,6.547738693467337,1363.1729882444247,0.0005716741736211874,0.7792907915573561
reference_PI,C_add7,6.5678391959799,1412.566063576177,0.0005552406081597203,0.7843140402058186
reference_PI,C_add7,6.5879396984924625,1462.4225220559304,0.0005388070426982539,0.7879635542842778
reference_PI,C_add7,6.608040201005025,1512.568290248035,0.0005223734772367874,0.7901255573349685
reference_PI,C_add7,6.628140703517587,1562.8083221722397,0.000505939911775321,0.7906871046415604
reference_PI,C_add7,6.648241206030151,1612.9264455872235,0.0004895063463138538,0.7895377312523927
reference_PI,C_add7,6.668341708542714,1662.6856274249926,0.0004730727808523867,0.7865713134492366
reference_PI,C_add7,6.688442211055277,1711.8287302076274,0.00045663921539092027,0.7816881282456463
reference_PI,C_add7,6.708542713567839,1760.0798267471364,0.00044020564992945383,0.7747970840609437
reference_PI,C_add7,6.7286432160804015,1807.1461310586985,0.0004237720844679874,0.7658180828970034
reference_PI,C_add7,6.748743718592965,1852.7205888445928,0.0004073385190065202,0.7546844607928445
reference_PI,C_add7,6.768844221105528,1896.4851503803225,0.0003909049535450531,0.741345439608303
reference_PI,C_add7,6.788944723618091,1938.1147226499895,0.00037447138808358667,0.7257685104559771
reference_PI,C_add7,6.809045226130653,1977.2817663797837,0.00035803782262212023,0.7079416583450375
reference_PI,C_add7,6.829145728643216,2013.6614685707084,0.0003416042571606538,0.687875330144128
reference_PI,C_add7,6.849246231155779,2046.9373837355647,0.0003251706916991866,0.6656040449342169
reference_PI,C_add7,6.869346733668342,2076.8074002958347,0.0003087371262377195,0.6411875485165651
reference_PI,C_add7,6.889447236180905,2102.989854548268,0.00029230356077625307,0.6147114227607933
reference_PI,C_add7,6.909547738693467,2125.2295870095263,0.00027586999531478663,0.5862870762111639
reference_PI,C_add7,6.92964824120603,2143.30371771063,0.0002594364298533202,0.5560510646141942
reference_PI,C_add7,6.949748743718593,2157.0269103715023,0.000243002864391853,0.5241637177905838
reference_PI,C_add7,6.969849246231156,2166.2559028249116,0.0002265692989303859,0.4908070812068504
reference_PI,C_add7,6.989949748743719,2170.8931027237077,0.00021013573346891946,0.4561822144234646
reference_PI,C_add7,7.010050251256281,2170.8890833407468,0.000247816900464396,0.5379830038854977
reference_PI,C_add7,7.030150753768844,2166.2438618619776,0.0003396127999168156,0.7356841432295618
reference_PI,C_add7,7.050251256281407,2157.006899095511,0.00043140869936923927,0.9305515408692703
reference_PI,C_add7,7.07035175879397,2143.2758205970963,0.000523204598821663,1.1213717658796745
reference_PI,C_add7,7.090452261306533,2125.1939203360216,0.0006150004982740826,1.3069953199357043
reference_PI,C_add7,7.110552763819095,2102.946564484834,0.0007067963977265021,1.486355056389204
reference_PI,C_add7,7.130653266331658,2076.7566605641214,0.0007985922971789218,1.658481872241528
reference_PI,C_add7,7.150753768844221,2046.879392922126,0.0008903881966313455,1.822517251385795
reference_PI,C_add7,7.170854271356784,2013.5964471799223,0.000982184096083769,1.977722406350901
reference_PI,C_add7,7.190954773869347,1977.209953682588,0.0010739799955361887,2.1234839372301337
reference_PI,C_add7,7.211055276381909,1938.0363734558557,0.0011657758949886084,2.2593160877859773
reference_PI,C_add7,7.231155778894472,1896.4005318193745,0.001257571794441028,2.3848598197790105
reference_PI,C_add7,7.251256281407035,1852.6299771713293,0.0013493676938934518,2.4998790399335546
reference_PI,C_add7,7.2713567839195985,1807.0498086210737,0.0014411635933458753,2.604254395547323
reference_PI,C_add7,7.291457286432161,1759.9780791234002,0.001532959492798295,2.6979751035091253
reference_PI,C_add7,7.311557788944723,1711.721843569662,0.0016247553922507146,2.781129295373143
reference_PI,C_add7,7.331658291457286,1662.5738861605769,0.0017165512917031343,2.853893351840838
reference_PI,C_add7,7.351758793969849,1612.810130197685,0.0018083471911555578,2.916520668810213
reference_PI,C_add7,7.371859296482413,1562.6877074504725,0.0019001430906079816,2.9693302500900423
reference_PI,C_add7,7.391959798994975,1512.4436437220982,0.0019919389900604012,3.0126954641990693
reference_PI,C_add7,7.4120603015075375,1462.2941027272145,0.002083734889512821,3.047033240581542
reference_PI,C_add7,7.4321608040201,1412.4341209006727,0.0021755307889652405,3.0727939174044665
reference_PI,C_add7,7.452261306532663,1363.0377613543064,0.002267326688417664,3.090451893639686
reference_PI,C_add7,7.472361809045227,1314.2586144771224,0.0023591225878700876,3.1004971837158246
reference_PI,C_add7,7.492462311557789,1266.2305751598576,0.0024509184873225073,3.1034279258723068
reference_PI,C_add7,7.5125628140703515,1219.0688314455313,0.002542714386774927,3.0997438561854507
reference_PI,C_add7,7.532663316582914,1172.8710056739951,0.0026345102862273466,3.089940728865953
reference_PI,C_add7,7.552763819095477,1127.71839619813,0.00272630618567977,3.0745056392598316
reference_PI,C_add7,7.572864321608041,1083.6772754601718,0.002818102085132194,3.0539131895846854
reference_PI,C_add7,7.592964824120603,1040.8002073460812,0.0029098979845846133,3.028622425711609
reference_PI,C_add7,7.613065326633166,999.1273538954149,0.003001693884037033,2.999074467561971
reference_PI,C_add7,7.633165829145728,958.6877478267728,0.0030934897834894526,2.9656907534586345
reference_PI,C_add7,7.653266331658291,919.5005130370766,0.0031852856829418766,2.9288718196347108
reference_PI,C_add7,7.673366834170855,881.5760202293397,0.0032770815823943,2.8889965393740344
reference_PI,C_add7,7.693467336683417,844.9169690456032,0.00336887748184672,2.8464217510479144
reference_PI,C_add7,7.71356783919598,809.5193915690897,0.0034606733812991394,2.801482210048624
reference_PI,C_add7,7.733668341708542,775.3735749044453,0.003552469280751559,2.7544908059545596
reference_PI,C_add7,7.7537688442211055,742.4649028048075,0.0036442651802039826,2.7057389928150943
reference_PI,C_add7,7.773869346733669,710.7746180137319,0.003736061079656406,2.655497386768753
reference_PI,C_add7,7.793969849246231,680.2805082804279,0.003827856979108826,2.6040164913729353
reference_PI,C_add7,7.814070351758794,650.9575175171174,0.0039196528785612455,2.5515275073570516
reference_PI,C_add7,7.834170854271356,622.7783008032746,0.004011448778013665,2.4982432537307226
reference_PI,C_add7,7.8542713567839195,595.7136928216971,0.004103244677466088,2.444359039364297
reference_PI,C_add7,7.874371859296483,569.7331411826115,0.004195040576918512,2.390053645276298
reference_PI,C_add7,7.894472361809045,544.8050751192078,0.004286836476370932,2.3354902685330257
reference_PI,C_add7,7.914572864321608,520.8972280787464,0.004378632375823351,2.280817467342239
reference_PI,C_add7,7.93467336683417,497.97691665648927,0.004470428275275771,2.226170088655816
reference_PI,C_add7,7.954773869346734,476.01128030832444,0.004562224174728195,2.1716701704659567
reference_PI,C_add7,7.974874371859297,454.9674860072796,0.004654020074180618,2.1174278129773687
reference_PI,C_add7,7.994974874371859,434.81290171532135,0.0047458159736330375,2.063542014502304
reference_PI,C_add7,8.015075376884422,415.5152422235053,0.004837611873085458,2.010101469228409
reference_PI,C_add7,8.035175879396984,397.04269061338977,0.004929407772537877,1.957185325138995
reference_PI,C_add7,8.055276381909547,379.36399829230106,0.005021203671990297,1.9048639012462227
reference_PI,C_add7,8.075376884422111,362.4485662742883,0.005112999571442725,1.853199364030466
reference_PI,C_add7,8.095477386934673,346.26651010044344,0.005204795470895144,1.8022463634934556
reference_PI,C_add7,8.115577889447236,330.7887105504501,0.005296591370347564,1.7520526297099122
reference_PI,C_add7,8.1356783919598,315.986852053195,0.005388387269799991,1.702659531027609
reference_PI,C_add7,8.155778894472363,301.83345050511946,0.005480183169252411,1.6541025953755364
reference_PI,C_add7,8.175879396984925,288.30187199448136,0.00557197906870483,1.6064119962216694
reference_PI,C_add7,8.195979899497488,275.36634376298093,0.0056637749681572504,1.559613004877756
reference_PI,C_add7,8.21608040201005,263.00195857754835,0.00575557086760967,1.5137264109132225
reference_PI,C_add7,8.236180904522612,251.18467353046285,0.00584736676706209,1.468768912397369
reference_PI,C_add7,8.256281407035175,239.89130417406133,0.005939162666514509,1.4247534777720612
reference_PI,C_add7,8.27638190954774,229.0995147673574,0.006030958565966937,1.3816896810450627
reference_PI,C_add7,8.296482412060302,218.78780532137228,0.006122754465419356,1.3395840120107327
reference_PI,C_add7,8.316582914572864,208.93549603034842,0.006214550364871776,1.2984401630900673
reference_PI,C_add7,8.336683417085428,199.5227096058443,0.006306346264324204,1.2582592943706592
reference_PI,C_add7,8.35678391959799,190.53035195282845,0.006398142163776623,1.2190402783085914
reference_PI,C_add7,8.376884422110553,181.9400915696068,0.006489938063229043,1.1807799255049687
reference_PI,C_add7,8.396984924623116,173.73433799759928,0.0065817339626814625,1.1434731928827797
reference_PI,C_add7,8.417085427135678,165.89621959961036,0.006673529862133882,1.10711337551312
reference_PI,C_add7,8.43718592964824,158.40956090402906,0.006765325761586302,1.0716922832656022
reference_PI,C_add7,8.457286432160803,151.25885971624783,0.006857121661038721,1.0372004033843
reference_PI,C_add7,8.477386934673367,144.42926416621185,0.006948917560491149,1.0036270500134046
reference_PI,C_add7,8.49748743718593,137.906549834681,0.007040713459943569,0.970960501635417
reference_PI,C_add7,8.517587939698492,131.67709707604263,0.007132509359395988,0.9391881273129682
reference_PI,C_add7,8.537688442211056,125.72786863594322,0.007224305258848416,0.9082965025704475
reference_PI,C_add7,8.557788944723619,120.04638764275522,0.007316101158300835,0.8782715156829926
reference_PI,C_add7,8.577889447236181,114.62071603809473,0.007407897057753255,0.8490984650961733
reference_PI,C_add7,8.597989949748744,109.43943349739317,0.007499692957205675,0.8207621486409783
reference_PI,C_add7,8.618090452261306,104.49161688019164,0.007591488856658095,0.7932469451601617
reference_PI,C_add7,8.638190954773869,99.7668202410513,0.007683284756110514,0.7665368891236873
reference_PI,C_add7,8.658291457286431,95.25505542253532,0.007775080655562934,0.7406157387603295
reference_PI,C_add7,8.678391959798995,90.94677324546113,0.007866876555015362,0.7154670381990166
reference_PI,C_add7,8.698492462311558,86.83284530558228,0.007958672454467781,0.6910741740765997
reference_PI,C_add7,8.71859296482412,82.9045463801829,0.008050468353920202,0.667420427029772
reference_PI,C_add7,8.738693467336685,79.15353744528191,0.00814226425337263,0.6444890184687109
reference_PI,C_add7,8.758793969849247,75.57184929880272,0.00823406015282505,0.6222631529865711
reference_PI,C_add7,8.77889447236181,72.15186678372785,0.008325856052277468,0.6007260567444181
reference_PI,C_add7,8.798994974874372,68.88631360219846,0.008417651951729888,0.5798610121410229
reference_PI,C_add7,8.819095477386934,65.76823770933912,0.008509447851182309,0.559651389051783
reference_PI,C_add7,8.839195979899497,62.790997274800525,0.008601243750634728,0.5400806729060003
reference_PI,C_add7,8.85929648241206,59.948247198028014,0.008693039650087147,0.5211324898456833
reference_PI,C_add7,8.879396984924623,57.233926162888146,0.008784835549539575,0.5027906291954629
reference_PI,C_add7,8.899497487437186,54.64224421625475,0.008876631448991994,0.48503906345350783
reference_PI,C_add7,8.919597989949748,52.167670854948334,0.008968427348444413,0.46786196600016516
reference_PI,C_add7,8.939698492462313,49.80492360468561,0.009060223247896841,0.45124372670289875
reference_PI,C_add7,8.959798994974875,47.54895707529272,0.009152019147349262,0.43516896558956714
reference_PI,C_add7,8.979899497487438,45.394952475238306,0.009243815046801681,0.4196225447394551
reference_PI,C_add7,9.0,43.33830756987371,0.0093356109462541,0.40458957854143995
reference_PI,D_add8,5.0,43.51199062255985,0.02802481878675606,1.2194156522482689
reference_PI,D_add8,5.0201005025125625,45.56863215898163,0.027481998084156876,1.2523170616907826
reference_PI,D_add8,5.040201005025126,47.72263306346019,0.026939177381557666,1.2856084772115426
reference_PI,D_add8,5.060301507537688,49.97859553893587,0.026396356678958482,1.3192528341591545
reference_PI,D_add8,5.080402010050252,52.34133834220194,0.025853535976359275,1.3532086738809108
reference_PI,D_add8,5.100502512562814,54.81590682538412,0.02531071527376009,1.3874298101302598
reference_PI,D_add8,5.1206030150753765,57.4075834209168,0.024767894571160905,1.421864973754392
reference_PI,D_add8,5.14070351758794,60.12189858617022,0.024225073868561698,1.4564574343681487
reference_PI,D_add8,5.160804020100502,62.96464222398279,0.023682253165962515,1.4911445976526136
reference_PI,D_add8,5.180904522613066,65.94187559535318,0.0231394324633633,1.5258575768461795
reference_PI,D_add8,5.201005025125628,69.059943740339,0.02259661176076412,1.5605207369206526
reference_PI,D_add8,5.221105527638191,72.32548842296983,0.022053791058164934,1.5950512098599035
reference_PI,D_add8,5.241206030150754,75.74546161534393,0.021510970355565727,1.629358379376305
reference_PI,D_add8,5.261306532663316,79.3271395355618,0.02096814965296654,1.6633433333234184
reference_PI,D_add8,5.28140703517588,83.07813725307062,0.020425328950367333,1.6968982819777343
reference_PI,D_add8,5.301507537688442,87.0064238739693,0.019882508247768146,1.729905940283006
reference_PI,D_add8,5.321608040201005,91.12033831699802,0.019339687545168967,1.762238872060829
reference_PI,D_add8,5.341708542713568,95.42860568941595,0.018796866842569752,1.7937587941160458
reference_PI,D_add8,5.36180904522613,99.94035426887815,0.018254046139970573,1.824315838069107
reference_PI,D_add8,5.381909547738694,104.66513309578431,0.017711225437371365,1.8537477676919147
reference_PI,D_add8,5.402010050251256,109.61293017529923,0.01716840473477218,1.8818791494138594
reference_PI,D_add8,5.422110552763819,114.79419128596818,0.016625584032172992,1.9085204736302046
reference_PI,D_add8,5.442211055276382,120.21983938521302,0.016082763329573785,1.933467224351754
reference_PI,D_add8,5.4623115577889445,125.90129459700343,0.015539942626974598,1.9564988946992603
reference_PI,D_add8,5.482412060301508,131.85049475968464,0.014997121924375391,1.977377945700209
reference_PI,D_add8,5.50251256281407,138.07991650358838,0.014454301221776211,1.9958487058205747
reference_PI,D_add8,5.522613065326633,144.6025968188979,0.013911480519177025,2.0116362086685076
reference_PI,D_add8,5.542713567839196,151.43215506116582,0.013368659816577817,2.0244449663039887
reference_PI,D_add8,5.562814070351759,158.58281533215805,0.01282583911397863,2.0339576756920428
reference_PI,D_add8,5.582914572864322,166.06942915368802,0.012283018411379423,2.0398338558620206
reference_PI,D_add8,5.603015075376884,173.90749833886613,0.011740197708780237,2.041708413537659
reference_PI,D_add8,5.623115577889447,182.11319794114277,0.01119737700618105,2.0391901351482504
reference_PI,D_add8,5.64321608040201,190.70339913961655,0.010654556303581843,2.0318601034174857
reference_PI,D_add8,5.663316582914573,199.69569189107102,0.010111735600982663,2.0192700370578076
reference_PI,D_add8,5.683417085427136,209.10840714743924,0.009568914898383449,2.000940552530363
reference_PI,D_add8,5.703517587939698,218.96063840164328,0.00902609419578427,1.9763593473822905
reference_PI,D_add8,5.723618090452261,229.27226228279406,0.008483273493185083,1.9449793053462048
reference_PI,D_add8,5.743718592964824,240.06395787437083,0.007940452790585875,1.9062165242226379
reference_PI,D_add8,5.763819095477387,251.35722437570556,0.007397632087986689,1.8594482685889893
reference_PI,D_add8,5.78391959798995,263.1743966623053,0.006854811385387481,1.8040108505832515
reference_PI,D_add8,5.8040201005025125,275.5386582355131,0.006311990682788295,1.7391974435305468
reference_PI,D_add8,5.824120603015075,288.4740509673266,0.005769169980189115,1.6642558349042453
reference_PI,D_add8,5.844221105527638,302.00548095940434,0.005226349277589908,1.5783861272403754
reference_PI,D_add8,5.864321608040201,316.158719731067,0.004683528574990721,1.480738398092935
reference_PI,D_add8,5.884422110552764,330.96039984114964,0.004140707872391514,1.3704103330720914
reference_PI,D_add8,5.9045226130653266,346.4380039145965,0.003597887169792327,1.2464448494127907
reference_PI,D_add8,5.924623115577889,362.61984590754116,0.0030550664671931405,1.1078277315708727
reference_PI,D_add8,5.944723618090452,379.53504327808736,0.002512245764593933,0.95348530499035
reference_PI,D_add8,5.964824120603015,397.21347856097714,0.0019694250619947465,0.7822821796401013
reference_PI,D_add8,5.984924623115578,415.6857486442847,0.001426604359395539,0.5930191011545348
reference_PI,D_add8,6.005025125628141,434.98309983335855,0.001015380441080789,0.4416733317714845
reference_PI,D_add8,6.025125628140703,455.1373465566649,0.0009989468756193226,0.45465803032044927
reference_PI,D_add8,6.045226130653266,476.1807713111005,0.0009825133101578555,0.46785394585439016
reference_PI,D_add8,6.065326633165829,498.14600318541625,0.0009660797446963891,0.48124876357889357
reference_PI,D_add8,6.085427135678392,521.0658719995507,0.0009496461792349219,0.4948282144740862
reference_PI,D_add8,6.105527638190955,544.9732348195023,0.0009332126137734554,0.5085758969024828
reference_PI,D_add8,6.125628140703517,569.9007712722189,0.000916779048311989,0.5224730867192133
reference_PI,D_add8,6.1457286432160805,595.8807438194428,0.0009003454828505218,0.5364985360154444
reference_PI,D_add8,6.165829145728643,622.9447188017072,0.0008839119173890554,0.5506282608234029
reference_PI,D_add8,6.185929648241206,651.1232438233943,0.0008674783519275883,0.5648353184536633
reference_PI,D_add8,6.206030150753769,680.4454790408423,0.0008510447864661218,0.5790895774121516
reference_PI,D_add8,6.226130653266331,710.9387638079295,0.0008346112210046554,0.5933574697212763
reference_PI,D_add8,6.2462311557788945,742.6281482319112,0.0008181776555431883,0.6076017572607644
reference_PI,D_add8,6.266331658291457,775.5358381457442,0.0008017440900817219,0.6217812748799252
reference_PI,D_add8,6.28643216080402,809.6805839328051,0.0007853105246202547,0.6358506841431053
reference_PI,D_add8,6.306532663316583,845.076994495401,0.0007688769591587882,0.6497602297826719
reference_PI,D_add8,6.326633165829145,881.7347749078431,0.0007524433936973218,0.6634555063726016
reference_PI,D_add8,6.346733668341709,919.6578847825409,0.0007360098282358546,0.6768772418145473
reference_PI,D_add8,6.366834170854271,958.8436156860879,0.0007195762627743882,0.6899611055604769
reference_PI,D_add8,6.386934673366834,999.2815876494559,0.0007031426973129211,0.7026375509149766
reference_PI,D_add8,6.407035175879397,1040.9526670465682,0.0006867091318514546,0.7148317022860051
reference_PI,D_add8,6.427135678391959,1083.8278109916182,0.0006702755663899882,0.7264632998816279
reference_PI,D_add8,6.447236180904523,1127.8668468876604,0.0006538420009285211,0.7374467159499698
reference_PI,D_add8,6.467336683417085,1173.0171999448216,0.0006374084354670547,0.747691058192774
reference_PI,D_add8,6.4874371859296485,1219.2125865367377,0.0006209748700055875,0.7571003774338267
reference_PI,D_add8,6.507537688442211,1266.3716969250513,0.000604541304544121,0.7655739976968228
reference_PI,D_add8,6.527638190954773,1314.3968973163492,0.0005881077390826546,0.7730069875379743
reference_PI,D_add8,6.547738693467337,1363.1729882444247,0.0005716741736211874,0.7792907915573561
reference_PI,D_add8,6.5678391959799,1412.566063576177,0.0005552406081597203,0.7843140402058186
reference_PI,D_add8,6.5879396984924625,1462.4225220559304,0.0005388070426982539,0.7879635542842778
reference_PI,D_add8,6.608040201005025,1512.568290248035,0.0005223734772367874,0.7901255573349685
reference_PI,D_add8,6.628140703517587,1562.8083221722397,0.000505939911775321,0.7906871046415604
reference_PI,D_add8,6.648241206030151,1612.9264455872235,0.0004895063463138538,0.7895377312523927
reference_PI,D_add8,6.668341708542714,1662.6856274249926,0.0004730727808523867,0.7865713134492366
reference_PI,D_add8,6.688442211055277,1711.8287302076274,0.00045663921539092027,0.7816881282456463
reference_PI,D_add8,6.708542713567839,1760.0798267471364,0.00044020564992945383,0.7747970840609437
reference_PI,D_add8,6.7286432160804015,1807.1461310586985,0.0004237720844679874,0.7658180828970034
reference_PI,D_add8,6.748743718592965,1852.7205888445928,0.0004073385190065202,0.7546844607928445
reference_PI,D_add8,6.768844221105528,1896.4851503803225,0.0003909049535450531,0.741345439608303
reference_PI,D_add8,6.788944723618091,1938.1147226499895,0.00037447138808358667,0.7257685104559771
reference_PI,D_add8,6.809045226130653,1977.2817663797837,0.00035803782262212023,0.7079416583450375
reference_PI,D_add8,6.829145728643216,2013.6614685707084,0.0003416042571606538,0.687875330144128
reference_PI,D_add8,6.849246231155779,2046.9373837355647,0.0003251706916991866,0.6656040449342169
reference_PI,D_add8,6.869346733668342,2076.8074002958347,0.0003087371262377195,0.6411875485165651
reference_PI,D_add8,6.889447236180905,2102.989854548268,0.00029230356077625307,0.6147114227607933
reference_PI,D_add8,6.909547738693467,2125.2295870095263,0.00027586999531478663,0.5862870762111639
reference_PI,D_add8,6.92964824120603,2143.30371771063,0.0002594364298533202,0.5560510646141942
reference_PI,D_add8,6.949748743718593,2157.0269103715023,0.000243002864391853,0.5241637177905838
reference_PI,D_add8,6.969849246231156,2166.2559028249116,0.0002265692989303859,0.4908070812068504
reference_PI,D_add8,6.989949748743719,2170.8931027237077,0.00021013573346891946,0.4561822144234646
reference_PI,D_add8,7.010050251256281,2170.8890833407468,0.00021013979173551916,0.4561901798541366
reference_PI,D_add8,7.030150753768844,2166.2438618619776,0.00022658147373018513,0.4908307266796545
reference_PI,D_add8,7.050251256281407,2157.006899095511,0.00024302315572485183,0.5242026235384681
reference_PI,D_add8,7.07035175879397,2143.2758205970963,0.00025946483771951853,0.5561047129793935
reference_PI,D_add8,7.090452261306533,2125.1939203360216,0.0002759065197141845,0.5863548582776555
reference_PI,D_add8,7.110552763819095,2102.946564484834,0.00029234820170885047,0.6147926464169464
reference_PI,D_add8,7.130653266331658,2076.7566605641214,0.0003087898837035164,0.6412814476960982
reference_PI,D_add8,7.150753768844221,2046.879392922126,0.0003252315656981831,0.6657097897554096
reference_PI,D_add8,7.170854271356784,2013.5964471799223,0.00034167324769284976,0.6879920376507479
reference_PI,D_add8,7.190954773869347,1977.209953682588,0.00035811492968751575,0.7080684035404963
reference_PI,D_add8,7.211055276381909,1938.0363734558557,0.00037455661168218175,0.7259043373584487
reference_PI,D_add8,7.231155778894472,1896.4005318193745,0.0003909982936768477,0.7414893720692419
reference_PI,D_add8,7.251256281407035,1852.6299771713293,0.0004074399756715144,0.7548355128270047
reference_PI,D_add8,7.2713567839195985,1807.0498086210737,0.00042388165766618104,0.7659752683636559
reference_PI,D_add8,7.291457286432161,1759.9780791234002,0.00044032333966084703,0.774959425529498
reference_PI,D_add8,7.311557788944723,1711.721843569662,0.000456765021655513,0.7818546649463113
reference_PI,D_add8,7.331658291457286,1662.5738861605769,0.00047320670365017897,0.7867411082449145
reference_PI,D_add8,7.351758793969849,1612.810130197685,0.0004896483856448456,0.7897098766029497
reference_PI,D_add8,7.371859296482413,1562.6877074504725,0.0005060900676395123,0.790860727563044
reference_PI,D_add8,7.391959798994975,1512.4436437220982,0.0005225317496341783,0.7902998233771997
reference_PI,D_add8,7.4120603015075375,1462.2941027272145,0.0005389734316288443,0.7881376705975086
reference_PI,D_add8,7.4321608040201,1412.4341209006727,0.0005554151136235102,0.7844872577457699
reference_PI,D_add8,7.452261306532663,1363.0377613543064,0.000571856795618177,0.779462406514647
reference_PI,D_add8,7.472361809045227,1314.2586144771224,0.0005882984776128436,0.7731763420864562
reference_PI,D_add8,7.492462311557789,1266.2305751598576,0.0006047401596075096,0.765740480122081
reference_PI,D_add8,7.5125628140703515,1219.0688314455313,0.0006211818416021755,0.7572634217571471
reference_PI,D_add8,7.532663316582914,1172.8710056739951,0.0006376235235968415,0.7478501433624238
reference_PI,D_add8,7.552763819095477,1127.71839619813,0.0006540652055915081,0.7376013646586557
reference_PI,D_add8,7.572864321608041,1083.6772754601718,0.0006705068875861749,0.7266130771166657
reference_PI,D_add8,7.592964824120603,1040.8002073460812,0.0006869485695808408,0.714976213655833
reference_PI,D_add8,7.613065326633166,999.1273538954149,0.0007033902515755069,0.7027764408124664
reference_PI,D_add8,7.633165829145728,958.6877478267728,0.0007198319335701728,0.69009405520818
reference_PI,D_add8,7.653266331658291,919.5005130370766,0.0007362736155648395,0.6770039672475333
reference_PI,D_add8,7.673366834170855,881.5760202293397,0.000752715297559506,0.6635757563882526
reference_PI,D_add8,7.693467336683417,844.9169690456032,0.0007691569795541722,0.6498737838851821
reference_PI,D_add8,7.71356783919598,809.5193915690897,0.000785598661548838,0.6359573505145066
reference_PI,D_add8,7.733668341708542,775.3735749044453,0.0008020403435435039,0.621880888390916
reference_PI,D_add8,7.7537688442211055,742.4649028048075,0.0008184820255381707,0.6076941775386798
reference_PI,D_add8,7.773869346733669,710.7746180137319,0.0008349237075328374,0.5934425792922614
reference_PI,D_add8,7.793969849246231,680.2805082804279,0.0008513653895275033,0.5791672799201344
reference_PI,D_add8,7.814070351758794,650.9575175171174,0.0008678070715221694,0.564905536961871
reference_PI,D_add8,7.834170854271356,622.7783008032746,0.0008842487535168353,0.5506909362026283
reference_PI,D_add8,7.8542713567839195,595.7136928216971,0.0009006904355115021,0.5365536254277395
reference_PI,D_add8,7.874371859296483,569.7331411826115,0.0009171321175061686,0.5225205621862493
reference_PI,D_add8,7.894472361809045,544.8050751192078,0.0009335737995008347,0.5086157439663765
reference_PI,D_add8,7.914572864321608,520.8972280787464,0.0009500154814955006,0.49486043094290183
reference_PI,D_add8,7.93467336683417,497.97691665648927,0.0009664571634901665,0.4812733583554097
reference_PI,D_add8,7.954773869346734,476.01128030832444,0.0009828988454848332,0.4678709378528094
reference_PI,D_add8,7.974874371859297,454.9674860072796,0.0009993405274795,0.45466744745253684
reference_PI,D_add8,7.994974874371859,434.81290171532135,0.0010157822094741659,0.44167521001226245
reference_PI,D_add8,8.015075376884422,415.5152422235053,0.0011452552176554624,0.4758709991718428
reference_PI,D_add8,8.035175879396984,397.04269061338977,0.0013124053345656356,0.521080945211306
reference_PI,D_add8,8.055276381909547,379.36399829230106,0.001479555451475809,0.5612900717670335
reference_PI,D_add8,8.075376884422111,362.4485662742883,0.0016467055683859972,0.5968460723373916
reference_PI,D_add8,8.095477386934673,346.26651010044344,0.0018138556852961704,0.6280774779733531
reference_PI,D_add8,8.115577889447236,330.7887105504501,0.0019810058022063435,0.6552943549047964
reference_PI,D_add8,8.1356783919598,315.986852053195,0.0021481559191165317,0.6787890266010705
reference_PI,D_add8,8.155778894472363,301.83345050511946,0.0023153060360267047,0.6988368098292707
reference_PI,D_add8,8.175879396984925,288.30187199448136,0.0024824561529368785,0.7156967560359206
reference_PI,D_add8,8.195979899497488,275.36634376298093,0.0026496062698470515,0.7296123909392528
reference_PI,D_add8,8.21608040201005,263.00195857754835,0.0028167563867572245,0.7408124465529683
reference_PI,D_add8,8.236180904522612,251.18467353046285,0.0029839065036673983,0.7495115809691203
reference_PI,D_add8,8.256281407035175,239.89130417406133,0.0031510566205775713,0.7559110822366639
reference_PI,D_add8,8.27638190954774,229.0995147673574,0.003318206737487759,0.7601995534562216
reference_PI,D_add8,8.296482412060302,218.78780532137228,0.003485356854397933,0.7625535769355254
reference_PI,D_add8,8.316582914572864,208.93549603034842,0.003652506971308106,0.7631383558045647
reference_PI,D_add8,8.336683417085428,199.5227096058443,0.0038196570882182935,0.7621083320064834
reference_PI,D_add8,8.35678391959799,190.53035195282845,0.003986807205128467,0.7596077799611992
reference_PI,D_add8,8.376884422110553,181.9400915696068,0.00415395732203864,0.7557713755479489
reference_PI,D_add8,8.396984924623116,173.73433799759928,0.004321107438948814,0.7507247403222739
reference_PI,D_add8,8.417085427135678,165.89621959961036,0.004488257555858987,0.744584961106393
reference_PI,D_add8,8.43718592964824,158.40956090402906,0.00465540767276916,0.7374610852726105
reference_PI,D_add8,8.457286432160803,151.25885971624783,0.004822557789679334,0.7294545921826046
reference_PI,D_add8,8.477386934673367,144.42926416621185,0.004989707906589522,0.7206598413530539
reference_PI,D_add8,8.49748743718593,137.906549834681,0.005156858023499695,0.7111644980081352
reference_PI,D_add8,8.517587939698492,131.67709707604263,0.005324008140409868,0.7010499367383913
reference_PI,D_add8,8.537688442211056,125.72786863594322,0.005491158257320056,0.6903916240355109
reference_PI,D_add8,8.557788944723619,120.04638764275522,0.005658308374230229,0.6792594804950902
reference_PI,D_add8,8.577889447236181,114.62071603809473,0.005825458491140403,0.6677182235047119
reference_PI,D_add8,8.597989949748744,109.43943349739317,0.005992608608050576,0.6558276912366569
reference_PI,D_add8,8.618090452261306,104.49161688019164,0.006159758724960749,0.6436431487630163
reference_PI,D_add8,8.638190954773869,99.7668202410513,0.006326908841870923,0.6312155771084544
reference_PI,D_add8,8.658291457286431,95.25505542253532,0.006494058958781096,0.6185919460359053
reference_PI,D_add8,8.678391959798995,90.94677324546113,0.0066612090756912835,0.6058154713475029
reference_PI,D_add8,8.698492462311558,86.83284530558228,0.006828359192601457,0.5929258574621131
reference_PI,D_add8,8.71859296482412,82.9045463801829,0.00699550930951163,0.5799595260034082
reference_PI,D_add8,8.738693467336685,79.15353744528191,0.007162659426421818,0.5669498311170809
reference_PI,D_add8,8.758793969849247,75.57184929880272,0.007329809543331992,0.5539272621976112
reference_PI,D_add8,8.77889447236181,72.15186678372785,0.007496959660242165,0.5409196346887744
reference_PI,D_add8,8.798994974874372,68.88631360219846,0.007664109777152338,0.5279522695905913
reference_PI,D_add8,8.819095477386934,65.76823770933912,0.007831259894062512,0.5150481622763171
reference_PI,D_add8,8.839195979899497,62.790997274800525,0.007998410010972686,0.5022281412017231
reference_PI,D_add8,8.85929648241206,59.948247198028014,0.008165560127882858,0.48951101705668276
reference_PI,D_add8,8.879396984924623,57.233926162888146,0.008332710244793047,0.4769137228872269
reference_PI,D_add8,8.899497487437186,54.64224421625475,0.00849986036170322,0.46445144568825075
reference_PI,D_add8,8.919597989949748,52.167670854948334,0.008667010478613393,0.4521377499446917
reference_PI,D_add8,8.939698492462313,49.80492360468561,0.00883416059552358,0.4399846935715759
reference_PI,D_add8,8.959798994974875,47.54895707529272,0.009001310712433755,0.4280029366868851
reference_PI,D_add8,8.979899497487438,45.394952475238306,0.009168460829343927,0.4162018436191515
reference_PI,D_add8,9.0,43.33830756987371,0.0093356109462541,0.40458957854143995
reference_PI,D2_resample_Ti_Td,5.0,43.51199062255985,0.02802481878675606,1.2194156522482689
reference_PI,D2_resample_Ti_Td,5.0201005025125625,45.56863215898163,0.027481998084156876,1.2523170616907826
reference_PI,D2_resample_Ti_Td,5.040201005025126,47.72263306346019,0.026939177381557666,1.2856084772115426
reference_PI,D2_resample_Ti_Td,5.060301507537688,49.97859553893587,0.026396356678958482,1.3192528341591545
reference_PI,D2_resample_Ti_Td,5.080402010050252,52.34133834220194,0.025853535976359275,1.3532086738809108
reference_PI,D2_resample_Ti_Td,5.100502512562814,54.81590682538412,0.02531071527376009,1.3874298101302598
reference_PI,D2_resample_Ti_Td,5.1206030150753765,57.4075834209168,0.024767894571160905,1.421864973754392
reference_PI,D2_resample_Ti_Td,5.14070351758794,60.12189858617022,0.024225073868561698,1.4564574343681487
reference_PI,D2_resample_Ti_Td,5.160804020100502,62.96464222398279,0.023682253165962515,1.4911445976526136
reference_PI,D2_resample_Ti_Td,5.180904522613066,65.94187559535318,0.0231394324633633,1.5258575768461795
reference_PI,D2_resample_Ti_Td,5.201005025125628,69.059943740339,0.02259661176076412,1.5605207369206526
reference_PI,D2_resample_Ti_Td,5.221105527638191,72.32548842296983,0.022053791058164934,1.5950512098599035
reference_PI,D2_resample_Ti_Td,5.241206030150754,75.74546161534393,0.021510970355565727,1.629358379376305
reference_PI,D2_resample_Ti_Td,5.261306532663316,79.3271395355618,0.02096814965296654,1.6633433333234184
reference_PI,D2_resample_Ti_Td,5.28140703517588,83.07813725307062,0.020425328950367333,1.6968982819777343
reference_PI,D2_resample_Ti_Td,5.301507537688442,87.0064238739693,0.019882508247768146,1.729905940283006
reference_PI,D2_resample_Ti_Td,5.321608040201005,91.12033831699802,0.019339687545168967,1.762238872060829
reference_PI,D2_resample_Ti_Td,5.341708542713568,95.42860568941595,0.018796866842569752,1.7937587941160458
reference_PI,D2_resample_Ti_Td,5.36180904522613,99.94035426887815,0.018254046139970573,1.824315838069107
reference_PI,D2_resample_Ti_Td,5.381909547738694,104.66513309578431,0.017711225437371365,1.8537477676919147
reference_PI,D2_resample_Ti_Td,5.402010050251256,109.61293017529923,0.01716840473477218,1.8818791494138594
reference_PI,D2_resample_Ti_Td,5.422110552763819,114.79419128596818,0.016625584032172992,1.9085204736302046
reference_PI,D2_resample_Ti_Td,5.442211055276382,120.21983938521302,0.016082763329573785,1.933467224351754
reference_PI,D2_resample_Ti_Td,5.4623115577889445,125.90129459700343,0.015539942626974598,1.9564988946992603
reference_PI,D2_resample_Ti_Td,5.482412060301508,131.85049475968464,0.014997121924375391,1.977377945700209
reference_PI,D2_resample_Ti_Td,5.50251256281407,138.07991650358838,0.014454301221776211,1.9958487058205747
reference_PI,D2_resample_Ti_Td,5.522613065326633,144.6025968188979,0.013911480519177025,2.0116362086685076
reference_PI,D2_resample_Ti_Td,5.542713567839196,151.43215506116582,0.013368659816577817,2.0244449663039887
reference_PI,D2_resample_Ti_Td,5.562814070351759,158.58281533215805,0.01282583911397863,2.0339576756920428
reference_PI,D2_resample_Ti_Td,5.582914572864322,166.06942915368802,0.012283018411379423,2.0398338558620206
reference_PI,D2_resample_Ti_Td,5.603015075376884,173.90749833886613,0.011740197708780237,2.041708413537659
reference_PI,D2_resample_Ti_Td,5.623115577889447,182.11319794114277,0.01119737700618105,2.0391901351482504
reference_PI,D2_resample_Ti_Td,5.64321608040201,190.70339913961655,0.010654556303581843,2.0318601034174857
reference_PI,D2_resample_Ti_Td,5.663316582914573,199.69569189107102,0.010111735600982663,2.0192700370578076
reference_PI,D2_resample_Ti_Td,5.683417085427136,209.10840714743924,0.009568914898383449,2.000940552530363
reference_PI,D2_resample_Ti_Td,5.703517587939698,218.96063840164328,0.00902609419578427,1.9763593473822905
reference_PI,D2_resample_Ti_Td,5.723618090452261,229.27226228279406,0.008483273493185083,1.9449793053462048
reference_PI,D2_resample_Ti_Td,5.743718592964824,240.06395787437083,0.007940452790585875,1.9062165242226379
reference_PI,D2_resample_Ti_Td,5.763819095477387,251.35722437570556,0.007397632087986689,1.8594482685889893
reference_PI,D2_resample_Ti_Td,5.78391959798995,263.1743966623053,0.006854811385387481,1.8040108505832515
reference_PI,D2_resample_Ti_Td,5.8040201005025125,275.5386582355131,0.006311990682788295,1.7391974435305468
reference_PI,D2_resample_Ti_Td,5.824120603015075,288.4740509673266,0.005769169980189115,1.6642558349042453
reference_PI,D2_resample_Ti_Td,5.844221105527638,302.00548095940434,0.005226349277589908,1.5783861272403754
reference_PI,D2_resample_Ti_Td,5.864321608040201,316.158719731067,0.004683528574990721,1.480738398092935
reference_PI,D2_resample_Ti_Td,5.884422110552764,330.96039984114964,0.004140707872391514,1.3704103330720914
reference_PI,D2_resample_Ti_Td,5.9045226130653266,346.4380039145965,0.003597887169792327,1.2464448494127907
reference_PI,D2_resample_Ti_Td,5.924623115577889,362.61984590754116,0.0030550664671931405,1.1078277315708727
reference_PI,D2_resample_Ti_Td,5.944723618090452,379.53504327808736,0.002512245764593933,0.95348530499035
reference_PI,D2_resample_Ti_Td,5.964824120603015,397.21347856097714,0.0019694250619947465,0.7822821796401013
reference_PI,D2_resample_Ti_Td,5.984924623115578,415.6857486442847,0.001426604359395539,0.5930191011545348
reference_PI,D2_resample_Ti_Td,6.005025125628141,434.98309983335855,0.001015380441080789,0.4416733317714845
reference_PI,D2_resample_Ti_Td,6.025125628140703,455.1373465566649,0.0009989468756193226,0.45465803032044927
reference_PI,D2_resample_Ti_Td,6.045226130653266,476.1807713111005,0.0009825133101578555,0.46785394585439016
reference_PI,D2_resample_Ti_Td,6.065326633165829,498.14600318541625,0.0009660797446963891,0.48124876357889357
reference_PI,D2_resample_Ti_Td,6.085427135678392,521.0658719995507,0.0009496461792349219,0.4948282144740862
reference_PI,D2_resample_Ti_Td,6.105527638190955,544.9732348195023,0.0009332126137734554,0.5085758969024828
reference_PI,D2_resample_Ti_Td,6.125628140703517,569.9007712722189,0.000916779048311989,0.5224730867192133
reference_PI,D2_resample_Ti_Td,6.1457286432160805,595.8807438194428,0.0009003454828505218,0.5364985360154444
reference_PI,D2_resample_Ti_Td,6.165829145728643,622.9447188017072,0.0008839119173890554,0.5506282608234029
reference_PI,D2_resample_Ti_Td,6.185929648241206,651.1232438233943,0.0008674783519275883,0.5648353184536633
reference_PI,D2_resample_Ti_Td,6.206030150753769,680.4454790408423,0.0008510447864661218,0.5790895774121516
reference_PI,D2_resample_Ti_Td,6.226130653266331,710.9387638079295,0.0008346112210046554,0.5933574697212763
reference_PI,D2_resample_Ti_Td,6.2462311557788945,742.6281482319112,0.0008181776555431883,0.6076017572607644
reference_PI,D2_resample_Ti_Td,6.266331658291457,775.5358381457442,0.0008017440900817219,0.6217812748799252
reference_PI,D2_resample_Ti_Td,6.28643216080402,809.6805839328051,0.0007853105246202547,0.6358506841431053
reference_PI,D2_resample_Ti_Td,6.306532663316583,845.076994495401,0.0007688769591587882,0.6497602297826719
reference_PI,D2_resample_Ti_Td,6.326633165829145,881.7347749078431,0.0007524433936973218,0.6634555063726016
reference_PI,D2_resample_Ti_Td,6.346733668341709,919.6578847825409,0.0007360098282358546,0.6768772418145473
reference_PI,D2_resample_Ti_Td,6.366834170854271,958.8436156860879,0.0007195762627743882,0.6899611055604769
reference_PI,D2_resample_Ti_Td,6.386934673366834,999.2815876494559,0.0007031426973129211,0.7026375509149766
reference_PI,D2_resample_Ti_Td,6.407035175879397,1040.9526670465682,0.0006867091318514546,0.7148317022860051
reference_PI,D2_resample_Ti_Td,6.427135678391959,1083.8278109916182,0.0006702755663899882,0.7264632998816279
reference_PI,D2_resample_Ti_Td,6.447236180904523,1127.8668468876604,0.0006538420009285211,0.7374467159499698
reference_PI,D2_resample_Ti_Td,6.467336683417085,1173.0171999448216,0.0006374084354670547,0.747691058192774
reference_PI,D2_resample_Ti_Td,6.4874371859296485,1219.2125865367377,0.0006209748700055875,0.7571003774338267
reference_PI,D2_resample_Ti_Td,6.507537688442211,1266.3716969250513,0.000604541304544121,0.7655739976968228
reference_PI,D2_resample_Ti_Td,6.527638190954773,1314.3968973163492,0.0005881077390826546,0.7730069875379743
reference_PI,D2_resample_Ti_Td,6.547738693467337,1363.1729882444247,0.0005716741736211874,0.7792907915573561
reference_PI,D2_resample_Ti_Td,6.5678391959799,1412.566063576177,0.0005552406081597203,0.7843140402058186
reference_PI,D2_resample_Ti_Td,6.5879396984924625,1462.4225220559304,0.0005388070426982539,0.7879635542842778
reference_PI,D2_resample_Ti_Td,6.608040201005025,1512.568290248035,0.0005223734772367874,0.7901255573349685
reference_PI,D2_resample_Ti_Td,6.628140703517587,1562.8083221722397,0.000505939911775321,0.7906871046415604
reference_PI,D2_resample_Ti_Td,6.648241206030151,1612.9264455872235,0.0004895063463138538,0.7895377312523927
reference_PI,D2_resample_Ti_Td,6.668341708542714,1662.6856274249926,0.0004730727808523867,0.7865713134492366
reference_PI,D2_resample_Ti_Td,6.688442211055277,1711.8287302076274,0.00045663921539092027,0.7816881282456463
reference_PI,D2_resample_Ti_Td,6.708542713567839,1760.0798267471364,0.00044020564992945383,0.7747970840609437
reference_PI,D2_resample_Ti_Td,6.7286432160804015,1807.1461310586985,0.0004237720844679874,0.7658180828970034
reference_PI,D2_resample_Ti_Td,6.748743718592965,1852.7205888445928,0.0004073385190065202,0.7546844607928445
reference_PI,D2_resample_Ti_Td,6.768844221105528,1896.4851503803225,0.0003909049535450531,0.741345439608303
reference_PI,D2_resample_Ti_Td,6.788944723618091,1938.1147226499895,0.00037447138808358667,0.7257685104559771
reference_PI,D2_resample_Ti_Td,6.809045226130653,1977.2817663797837,0.00035803782262212023,0.7079416583450375
reference_PI,D2_resample_Ti_Td,6.829145728643216,2013.6614685707084,0.0003416042571606538,0.687875330144128
reference_PI,D2_resample_Ti_Td,6.849246231155779,2046.9373837355647,0.0003251706916991866,0.6656040449342169
reference_PI,D2_resample_Ti_Td,6.869346733668342,2076.8074002958347,0.0003087371262377195,0.6411875485165651
reference_PI,D2_resample_Ti_Td,6.889447236180905,2102.989854548268,0.00029230356077625307,0.6147114227607933
reference_PI,D2_resample_Ti_Td,6.909547738693467,2125.2295870095263,0.00027586999531478663,0.5862870762111639
reference_PI,D2_resample_Ti_Td,6.92964824120603,2143.30371771063,0.0002594364298533202,0.5560510646141942
reference_PI,D2_resample_Ti_Td,6.949748743718593,2157.0269103715023,0.000243002864391853,0.5241637177905838
reference_PI,D2_resample_Ti_Td,6.969849246231156,2166.2559028249116,0.0002265692989303859,0.4908070812068504
reference_PI,D2_resample_Ti_Td,6.989949748743719,2170.8931027237077,0.00021013573346891946,0.4561822144234646
reference_PI,D2_resample_Ti_Td,7.010050251256281,2170.8890833407468,0.00021013979173551916,0.4561901798541366
reference_PI,D2_resample_Ti_Td,7.030150753768844,2166.2438618619776,0.00022658147373018513,0.4908307266796545
reference_PI,D2_resample_Ti_Td,7.050251256281407,2157.006899095511,0.00024302315572485183,0.5242026235384681
reference_PI,D2_resample_Ti_Td,7.07035175879397,2143.2758205970963,0.00025946483771951853,0.5561047129793935
reference_PI,D2_resample_Ti_Td,7.090452261306533,2125.1939203360216,0.0002759065197141845,0.5863548582776555
reference_PI,D2_resample_Ti_Td,7.110552763819095,2102.946564484834,0.00029234820170885047,0.6147926464169464
reference_PI,D2_resample_Ti_Td,7.130653266331658,2076.7566605641214,0.0003087898837035164,0.6412814476960982
reference_PI,D2_resample_Ti_Td,7.150753768844221,2046.879392922126,0.0003252315656981831,0.6657097897554096
reference_PI,D2_resample_Ti_Td,7.170854271356784,2013.5964471799223,0.00034167324769284976,0.6879920376507479
reference_PI,D2_resample_Ti_Td,7.190954773869347,1977.209953682588,0.00035811492968751575,0.7080684035404963
reference_PI,D2_resample_Ti_Td,7.211055276381909,1938.0363734558557,0.00037455661168218175,0.7259043373584487
reference_PI,D2_resample_Ti_Td,7.231155778894472,1896.4005318193745,0.0003909982936768477,0.7414893720692419
reference_PI,D2_resample_Ti_Td,7.251256281407035,1852.6299771713293,0.0004074399756715144,0.7548355128270047
reference_PI,D2_resample_Ti_Td,7.2713567839195985,1807.0498086210737,0.00042388165766618104,0.7659752683636559
reference_PI,D2_resample_Ti_Td,7.291457286432161,1759.9780791234002,0.00044032333966084703,0.774959425529498
reference_PI,D2_resample_Ti_Td,7.311557788944723,1711.721843569662,0.000456765021655513,0.7818546649463113
reference_PI,D2_resample_Ti_Td,7.331658291457286,1662.5738861605769,0.00047320670365017897,0.7867411082449145
reference_PI,D2_resample_Ti_Td,7.351758793969849,1612.810130197685,0.0004896483856448456,0.7897098766029497
reference_PI,D2_resample_Ti_Td,7.371859296482413,1562.6877074504725,0.0005060900676395123,0.790860727563044
reference_PI,D2_resample_Ti_Td,7.391959798994975,1512.4436437220982,0.0005225317496341783,0.7902998233771997
reference_PI,D2_resample_Ti_Td,7.4120603015075375,1462.2941027272145,0.0005389734316288443,0.7881376705975086
reference_PI,D2_resample_Ti_Td,7.4321608040201,1412.4341209006727,0.0005554151136235102,0.7844872577457699
reference_PI,D2_resample_Ti_Td,7.452261306532663,1363.0377613543064,0.000571856795618177,0.779462406514647
reference_PI,D2_resample_Ti_Td,7.472361809045227,1314.2586144771224,0.0005882984776128436,0.7731763420864562
reference_PI,D2_resample_Ti_Td,7.492462311557789,1266.2305751598576,0.0006047401596075096,0.765740480122081
reference_PI,D2_resample_Ti_Td,7.5125628140703515,1219.0688314455313,0.0006211818416021755,0.7572634217571471
reference_PI,D2_resample_Ti_Td,7.532663316582914,1172.8710056739951,0.0006376235235968415,0.7478501433624238
reference_PI,D2_resample_Ti_Td,7.552763819095477,1127.71839619813,0.0006540652055915081,0.7376013646586557
reference_PI,D2_resample_Ti_Td,7.572864321608041,1083.6772754601718,0.0006705068875861749,0.7266130771166657
reference_PI,D2_resample_Ti_Td,7.592964824120603,1040.8002073460812,0.0006869485695808408,0.714976213655833
reference_PI,D2_resample_Ti_Td,7.613065326633166,999.1273538954149,0.0007033902515755069,0.7027764408124664
reference_PI,D2_resample_Ti_Td,7.633165829145728,958.6877478267728,0.0007198319335701728,0.69009405520818
reference_PI,D2_resample_Ti_Td,7.653266331658291,919.5005130370766,0.0007362736155648395,0.6770039672475333
reference_PI,D2_resample_Ti_Td,7.673366834170855,881.5760202293397,0.000752715297559506,0.6635757563882526
reference_PI,D2_resample_Ti_Td,7.693467336683417,844.9169690456032,0.0007691569795541722,0.6498737838851821
reference_PI,D2_resample_Ti_Td,7.71356783919598,809.5193915690897,0.000785598661548838,0.6359573505145066
reference_PI,D2_resample_Ti_Td,7.733668341708542,775.3735749044453,0.0008020403435435039,0.621880888390916
reference_PI,D2_resample_Ti_Td,7.7537688442211055,742.4649028048075,0.0008184820255381707,0.6076941775386798
reference_PI,D2_resample_Ti_Td,7.773869346733669,710.7746180137319,0.0008349237075328374,0.5934425792922614
reference_PI,D2_resample_Ti_Td,7.793969849246231,680.2805082804279,0.0008513653895275033,0.5791672799201344
reference_PI,D2_resample_Ti_Td,7.814070351758794,650.9575175171174,0.0008678070715221694,0.564905536961871
reference_PI,D2_resample_Ti_Td,7.834170854271356,622.7783008032746,0.0008842487535168353,0.5506909362026283
reference_PI,D2_resample_Ti_Td,7.8542713567839195,595.7136928216971,0.0009006904355115021,0.5365536254277395
reference_PI,D2_resample_Ti_Td,7.874371859296483,569.7331411826115,0.0009171321175061686,0.5225205621862493
reference_PI,D2_resample_Ti_Td,7.894472361809045,544.8050751192078,0.0009335737995008347,0.5086157439663765
reference_PI,D2_resample_Ti_Td,7.914572864321608,520.8972280787464,0.0009500154814955006,0.49486043094290183
reference_PI,D2_resample_Ti_Td,7.93467336683417,497.97691665648927,0.0009664571634901665,0.4812733583554097
reference_PI,D2_resample_Ti_Td,7.954773869346734,476.01128030832444,0.0009828988454848332,0.4678709378528094
reference_PI,D2_resample_Ti_Td,7.974874371859297,454.9674860072796,0.0009993405274795,0.45466744745253684
reference_PI,D2_resample_Ti_Td,7.994974874371859,434.81290171532135,0.0010157822094741659,0.44167521001226245
reference_PI,D2_resample_Ti_Td,8.015075376884422,415.5152422235053,0.0011452552176554624,0.4758709991718428
reference_PI,D2_resample_Ti_Td,8.035175879396984,397.04269061338977,0.0013124053345656356,0.521080945211306
reference_PI,D2_resample_Ti_Td,8.055276381909547,379.36399829230106,0.001479555451475809,0.5612900717670335
reference_PI,D2_resample_Ti_Td,8.075376884422111,362.4485662742883,0.0016467055683859972,0.5968460723373916
reference_PI,D2_resample_Ti_Td,8.095477386934673,346.26651010044344,0.0018138556852961704,0.6280774779733531
reference_PI,D2_resample_Ti_Td,8.115577889447236,330.7887105504501,0.0019810058022063435,0.6552943549047964
reference_PI,D2_resample_Ti_Td,8.1356783919598,315.986852053195,0.0021481559191165317,0.6787890266010705
reference_PI,D2_resample_Ti_Td,8.155778894472363,301.83345050511946,0.0023153060360267047,0.6988368098292707
reference_PI,D2_resample_Ti_Td,8.175879396984925,288.30187199448136,0.0024824561529368785,0.7156967560359206
reference_PI,D2_resample_Ti_Td,8.195979899497488,275.36634376298093,0.0026496062698470515,0.7296123909392528
reference_PI,D2_resample_Ti_Td,8.21608040201005,263.00195857754835,0.0028167563867572245,0.7408124465529683
reference_PI,D2_resample_Ti_Td,8.236180904522612,251.18467353046285,0.0029839065036673983,0.7495115809691203
reference_PI,D2_resample_Ti_Td,8.256281407035175,239.89130417406133,0.0031510566205775713,0.7559110822366639
reference_PI,D2_resample_Ti_Td,8.27638190954774,229.0995147673574,0.003318206737487759,0.7601995534562216
reference_PI,D2_resample_Ti_Td,8.296482412060302,218.78780532137228,0.003485356854397933,0.7625535769355254
reference_PI,D2_resample_Ti_Td,8.316582914572864,208.93549603034842,0.003652506971308106,0.7631383558045647
reference_PI,D2_resample_Ti_Td,8.336683417085428,199.5227096058443,0.0038196570882182935,0.7621083320064834
reference_PI,D2_resample_Ti_Td,8.35678391959799,190.53035195282845,0.003986807205128467,0.7596077799611992
reference_PI,D2_resample_Ti_Td,8.376884422110553,181.9400915696068,0.00415395732203864,0.7557713755479489
reference_PI,D2_resample_Ti_Td,8.396984924623116,173.73433799759928,0.004321107438948814,0.7507247403222739
reference_PI,D2_resample_Ti_Td,8.417085427135678,165.89621959961036,0.004488257555858987,0.744584961106393
reference_PI,D2_resample_Ti_Td,8.43718592964824,158.40956090402906,0.00465540767276916,0.7374610852726105
reference_PI,D2_resample_Ti_Td,8.457286432160803,151.25885971624783,0.004822557789679334,0.7294545921826046
reference_PI,D2_resample_Ti_Td,8.477386934673367,144.42926416621185,0.004989707906589522,0.7206598413530539
reference_PI,D2_resample_Ti_Td,8.49748743718593,137.906549834681,0.005156858023499695,0.7111644980081352
reference_PI,D2_resample_Ti_Td,8.517587939698492,131.67709707604263,0.005324008140409868,0.7010499367383913
reference_PI,D2_resample_Ti_Td,8.537688442211056,125.72786863594322,0.005491158257320056,0.6903916240355109
reference_PI,D2_resample_Ti_Td,8.557788944723619,120.04638764275522,0.005658308374230229,0.6792594804950902
reference_PI,D2_resample_Ti_Td,8.577889447236181,114.62071603809473,0.005825458491140403,0.6677182235047119
reference_PI,D2_resample_Ti_Td,8.597989949748744,109.43943349739317,0.005992608608050576,0.6558276912366569
reference_PI,D2_resample_Ti_Td,8.618090452261306,104.49161688019164,0.006159758724960749,0.6436431487630163
reference_PI,D2_resample_Ti_Td,8.638190954773869,99.7668202410513,0.006326908841870923,0.6312155771084544
reference_PI,D2_resample_Ti_Td,8.658291457286431,95.25505542253532,0.006494058958781096,0.6185919460359053
reference_PI,D2_resample_Ti_Td,8.678391959798995,90.94677324546113,0.0066612090756912835,0.6058154713475029
reference_PI,D2_resample_Ti_Td,8.698492462311558,86.83284530558228,0.006828359192601457,0.5929258574621131
reference_PI,D2_resample_Ti_Td,8.71859296482412,82.9045463801829,0.00699550930951163,0.5799595260034082
reference_PI,D2_resample_Ti_Td,8.738693467336685,79.15353744528191,0.007162659426421818,0.5669498311170809
reference_PI,D2_resample_Ti_Td,8.758793969849247,75.57184929880272,0.007329809543331992,0.5539272621976112
reference_PI,D2_resample_Ti_Td,8.77889447236181,72.15186678372785,0.007496959660242165,0.5409196346887744
reference_PI,D2_resample_Ti_Td,8.798994974874372,68.88631360219846,0.007664109777152338,0.5279522695905913
reference_PI,D2_resample_Ti_Td,8.819095477386934,65.76823770933912,0.007831259894062512,0.5150481622763171
reference_PI,D2_resample_Ti_Td,8.839195979899497,62.790997274800525,0.007998410010972686,0.5022281412017231
reference_PI,D2_resample_Ti_Td,8.85929648241206,59.948247198028014,0.008165560127882858,0.48951101705668276
reference_PI,D2_resample_Ti_Td,8.879396984924623,57.233926162888146,0.008332710244793047,0.4769137228872269
reference_PI,D2_resample_Ti_Td,8.899497487437186,54.64224421625475,0.00849986036170322,0.46445144568825075
reference_PI,D2_resample_Ti_Td,8.919597989949748,52.167670854948334,0.008667010478613393,0.4521377499446917
reference_PI,D2_resample_Ti_Td,8.939698492462313,49.80492360468561,0.00883416059552358,0.4399846935715759
reference_PI,D2_resample_Ti_Td,8.959798994974875,47.54895707529272,0.009001310712433755,0.4280029366868851
reference_PI,D2_resample_Ti_Td,8.979899497487438,45.394952475238306,0.009168460829343927,0.4162018436191515
reference_PI,D2_resample_Ti_Td,9.0,43.33830756987371,0.0093356109462541,0.40458957854143995
reference_PI,E_original5_retuned,5.0,43.51199062255985,0.1401240939337803,6.097078261241344
reference_PI,E_original5_retuned,5.0201005025125625,45.56863215898163,0.1374099904207844,6.261585308453913
reference_PI,E_original5_retuned,5.040201005025126,47.72263306346019,0.13469588690778833,6.428042386057713
reference_PI,E_original5_retuned,5.060301507537688,49.97859553893587,0.1319817833947924,6.596264170795773
reference_PI,E_original5_retuned,5.080402010050252,52.34133834220194,0.12926767988179638,6.766043369404555
reference_PI,E_original5_retuned,5.100502512562814,54.81590682538412,0.12655357636880046,6.9371490506513
reference_PI,E_original5_retuned,5.1206030150753765,57.4075834209168,0.12383947285580454,7.109324868771961
reference_PI,E_original5_retuned,5.14070351758794,60.12189858617022,0.12112536934280849,7.282287171840743
reference_PI,E_original5_retuned,5.160804020100502,62.96464222398279,0.11841126582981257,7.455722988263068
reference_PI,E_original5_retuned,5.180904522613066,65.94187559535318,0.11569716231681654,7.6292878842309
reference_PI,E_original5_retuned,5.201005025125628,69.059943740339,0.11298305880382062,7.802603684603264
reference_PI,E_original5_retuned,5.221105527638191,72.32548842296983,0.1102689552908247,7.975256049299519
reference_PI,E_original5_retuned,5.241206030150754,75.74546161534393,0.10755485177782864,8.146791896881526
reference_PI,E_original5_retuned,5.261306532663316,79.3271395355618,0.10484074826483272,8.316716666617094
reference_PI,E_original5_retuned,5.28140703517588,83.07813725307062,0.10212664475183669,8.484491409888673
reference_PI,E_original5_retuned,5.301507537688442,87.0064238739693,0.09941254123884075,8.64952970141503
reference_PI,E_original5_retuned,5.321608040201005,91.12033831699802,0.09669843772584483,8.811194360304144
reference_PI,E_original5_retuned,5.341708542713568,95.42860568941595,0.0939843342128488,8.968793970580233
reference_PI,E_original5_retuned,5.36180904522613,99.94035426887815,0.09127023069985288,9.121579190345535
reference_PI,E_original5_retuned,5.381909547738694,104.66513309578431,0.08855612718685682,9.268738838459573
reference_PI,E_original5_retuned,5.402010050251256,109.61293017529923,0.0858420236738609,9.409395747069299
reference_PI,E_original5_retuned,5.422110552763819,114.79419128596818,0.08312792016086498,9.542602368151025
reference_PI,E_original5_retuned,5.442211055276382,120.21983938521302,0.08041381664786895,9.667336121758774
reference_PI,E_original5_retuned,5.4623115577889445,125.90129459700343,0.07769971313487303,9.782494473496307
reference_PI,E_original5_retuned,5.482412060301508,131.85049475968464,0.07498560962187698,9.886889728501048
reference_PI,E_original5_retuned,5.50251256281407,138.07991650358838,0.07227150610888106,9.979243529102874
reference_PI,E_original5_retuned,5.522613065326633,144.6025968188979,0.06955740259588514,10.05818104334254
reference_PI,E_original5_retuned,5.542713567839196,151.43215506116582,0.06684329908288911,10.122224831519945
reference_PI,E_original5_retuned,5.562814070351759,158.58281533215805,0.06412919556989316,10.169788378460215
reference_PI,E_original5_retuned,5.582914572864322,166.06942915368802,0.06141509205689713,10.199169279310105
reference_PI,E_original5_retuned,5.603015075376884,173.90749833886613,0.05870098854390121,10.208542067688299
reference_PI,E_original5_retuned,5.623115577889447,182.11319794114277,0.05598688503090529,10.195950675741258
reference_PI,E_original5_retuned,5.64321608040201,190.70339913961655,0.053272781517909235,10.159300517087432
reference_PI,E_original5_retuned,5.663316582914573,199.69569189107102,0.050558678004913316,10.096350185289038
reference_PI,E_original5_retuned,5.683417085427136,209.10840714743924,0.047844574491917286,10.004702762651826
reference_PI,E_original5_retuned,5.703517587939698,218.96063840164328,0.045130470978921366,9.881796736911458
reference_PI,E_original5_retuned,5.723618090452261,229.27226228279406,0.04241636746592545,9.724896526731031
reference_PI,E_original5_retuned,5.743718592964824,240.06395787437083,0.03970226395292939,9.531082621113192
reference_PI,E_original5_retuned,5.763819095477387,251.35722437570556,0.03698816043993347,9.297241342944954
reference_PI,E_original5_retuned,5.78391959798995,263.1743966623053,0.03427405692693744,9.020054252916266
reference_PI,E_original5_retuned,5.8040201005025125,275.5386582355131,0.03155995341394152,8.695987217652748
reference_PI,E_original5_retuned,5.824120603015075,288.4740509673266,0.028845849900945575,8.321279174521226
reference_PI,E_original5_retuned,5.844221105527638,302.00548095940434,0.026131746387949545,7.891930636201879
reference_PI,E_original5_retuned,5.864321608040201,316.158719731067,0.023417642874953626,7.403691990464681
reference_PI,E_original5_retuned,5.884422110552764,330.96039984114964,0.020703539361957568,6.852051665360457
reference_PI,E_original5_retuned,5.9045226130653266,346.4380039145965,0.017989435848961677,6.232224247063968
reference_PI,E_original5_retuned,5.924623115577889,362.61984590754116,0.01527533233596573,5.539138657854374
reference_PI,E_original5_retuned,5.944723618090452,379.53504327808736,0.012561228822969672,4.767426524951753
reference_PI,E_original5_retuned,5.964824120603015,397.21347856097714,0.009847125309973781,3.911410898200526
reference_PI,E_original5_retuned,5.984924623115578,415.6857486442847,0.007133021796977723,2.9650955057726858
reference_PI,E_original5_retuned,6.005025125628141,434.98309983335855,0.005076902205403946,2.2083666588574227
reference_PI,E_original5_retuned,6.025125628140703,455.1373465566649,0.004994734378096614,2.2732901516022466
reference_PI,E_original5_retuned,6.045226130653266,476.1807713111005,0.004912566550789278,2.339269729271951
reference_PI,E_original5_retuned,6.065326633165829,498.14600318541625,0.004830398723481946,2.406243817894468
reference_PI,E_original5_retuned,6.085427135678392,521.0658719995507,0.004748230896174609,2.474141072370431
reference_PI,E_original5_retuned,6.105527638190955,544.9732348195023,0.004666063068867278,2.5428794845124147
reference_PI,E_original5_retuned,6.125628140703517,569.9007712722189,0.004583895241559946,2.612365433596067
reference_PI,E_original5_retuned,6.1457286432160805,595.8807438194428,0.004501727414252609,2.682492680077222
reference_PI,E_original5_retuned,6.165829145728643,622.9447188017072,0.004419559586945277,2.7531413041170145
reference_PI,E_original5_retuned,6.185929648241206,651.1232438233943,0.004337391759637941,2.8241765922683166
reference_PI,E_original5_retuned,6.206030150753769,680.4454790408423,0.004255223932330609,2.895447887060758
reference_PI,E_original5_retuned,6.226130653266331,710.9387638079295,0.004173056105023277,2.9667873486063816
reference_PI,E_original5_retuned,6.2462311557788945,742.6281482319112,0.004090888277715941,3.0380087863038217
reference_PI,E_original5_retuned,6.266331658291457,775.5358381457442,0.004008720450408609,3.1089063743996257
reference_PI,E_original5_retuned,6.28643216080402,809.6805839328051,0.0039265526231012735,3.179253420715527
reference_PI,E_original5_retuned,6.306532663316583,845.076994495401,0.0038443847957939413,3.2488011489133597
reference_PI,E_original5_retuned,6.326633165829145,881.7347749078431,0.003762216968486609,3.317277531863008
reference_PI,E_original5_retuned,6.346733668341709,919.6578847825409,0.0036800491411792735,3.384386209072737
reference_PI,E_original5_retuned,6.366834170854271,958.8436156860879,0.0035978813138719413,3.4498055278023845
reference_PI,E_original5_retuned,6.386934673366834,999.2815876494559,0.0035157134865646056,3.5131877545748833
reference_PI,E_original5_retuned,6.407035175879397,1040.9526670465682,0.0034335456592572734,3.574158511430026
reference_PI,E_original5_retuned,6.427135678391959,1083.8278109916182,0.0033513778319499412,3.63231649940814
reference_PI,E_original5_retuned,6.447236180904523,1127.8668468876604,0.0032692100046426056,3.687233579749849
reference_PI,E_original5_retuned,6.467336683417085,1173.0171999448216,0.0031870421773352734,3.73845529096387
reference_PI,E_original5_retuned,6.4874371859296485,1219.2125865367377,0.0031048743500279373,3.7855018871691337
reference_PI,E_original5_retuned,6.507537688442211,1266.3716969250513,0.003022706522720605,3.827869988484114
reference_PI,E_original5_retuned,6.527638190954773,1314.3968973163492,0.002940538695413273,3.865034937689871
reference_PI,E_original5_retuned,6.547738693467337,1363.1729882444247,0.0028583708681059372,3.8964539577867807
reference_PI,E_original5_retuned,6.5678391959799,1412.566063576177,0.0027762030407986016,3.921570201029093
reference_PI,E_original5_retuned,6.5879396984924625,1462.4225220559304,0.0026940352134912694,3.939817771421389
reference_PI,E_original5_retuned,6.608040201005025,1512.568290248035,0.002611867386183937,3.950627786674842
reference_PI,E_original5_retuned,6.628140703517587,1562.8083221722397,0.002529699558876605,3.9534355232078022
reference_PI,E_original5_retuned,6.648241206030151,1612.9264455872235,0.0024475317315692693,3.947688656261964
reference_PI,E_original5_retuned,6.668341708542714,1662.6856274249926,0.0023653639042619332,3.9328565672461826
reference_PI,E_original5_retuned,6.688442211055277,1711.8287302076274,0.002283196076954601,3.908440641228231
reference_PI,E_original5_retuned,6.708542713567839,1760.0798267471364,0.002201028249647269,3.873985420304718
reference_PI,E_original5_retuned,6.7286432160804015,1807.1461310586985,0.0021188604223399366,3.8290904144850164
reference_PI,E_original5_retuned,6.748743718592965,1852.7205888445928,0.002036692595032601,3.7734223039642223
reference_PI,E_original5_retuned,6.768844221105528,1896.4851503803225,0.0019545247677252653,3.7067271980415146
reference_PI,E_original5_retuned,6.788944723618091,1938.1147226499895,0.0018723569404179331,3.6288425522798855
reference_PI,E_original5_retuned,6.809045226130653,1977.2817663797837,0.001790189113110601,3.539708291725187
reference_PI,E_original5_retuned,6.829145728643216,2013.6614685707084,0.0017080212858032687,3.43937665072064
reference_PI,E_original5_retuned,6.849246231155779,2046.9373837355647,0.001625853458495933,3.328020224671085
reference_PI,E_original5_retuned,6.869346733668342,2076.8074002958347,0.001543685631188597,3.2059377425828246
reference_PI,E_original5_retuned,6.889447236180905,2102.989854548268,0.0014615178038812648,3.073557113803965
reference_PI,E_original5_retuned,6.909547738693467,2125.2295870095263,0.0013793499765739326,2.9314353810558185
reference_PI,E_original5_retuned,6.92964824120603,2143.30371771063,0.0012971821492666008,2.780255323070971
reference_PI,E_original5_retuned,6.949748743718593,2157.0269103715023,0.0012150143219592647,2.6208185889529187
reference_PI,E_original5_retuned,6.969849246231156,2166.2559028249116,0.0011328464946519286,2.45403540603425
reference_PI,E_original5_retuned,6.989949748743719,2170.8931027237077,0.0010506786673445965,2.280911072117321
reference_PI,E_original5_retuned,7.010050251256281,2170.8890833407468,0.001050698958677596,2.2809508992706835
reference_PI,E_original5_retuned,7.030150753768844,2166.2438618619776,0.0011329073686509258,2.4541536333982727
reference_PI,E_original5_retuned,7.050251256281407,2157.006899095511,0.0012151157786242592,2.621013117692341
reference_PI,E_original5_retuned,7.07035175879397,2143.2758205970963,0.0012973241885975927,2.7805235648969675
reference_PI,E_original5_retuned,7.090452261306533,2125.1939203360216,0.0013795325985709226,2.9317742913882783
reference_PI,E_original5_retuned,7.110552763819095,2102.946564484834,0.0014617410085442522,3.073963232084732
reference_PI,E_original5_retuned,7.130653266331658,2076.7566605641214,0.001543949418517582,3.206407238480491
reference_PI,E_original5_retuned,7.150753768844221,2046.879392922126,0.0016261578284909157,3.328548948777048
reference_PI,E_original5_retuned,7.170854271356784,2013.5964471799223,0.001708366238464249,3.43996018825374
reference_PI,E_original5_retuned,7.190954773869347,1977.209953682588,0.0017905746484375789,3.5403420177024816
reference_PI,E_original5_retuned,7.211055276381909,1938.0363734558557,0.0018727830584109087,3.6295216867922435
reference_PI,E_original5_retuned,7.231155778894472,1896.4005318193745,0.0019549914683842386,3.70744686034621
reference_PI,E_original5_retuned,7.251256281407035,1852.6299771713293,0.002037199878357572,3.7741775641350235
reference_PI,E_original5_retuned,7.2713567839195985,1807.0498086210737,0.0021194082883309057,3.8298763418182804
reference_PI,E_original5_retuned,7.291457286432161,1759.9780791234002,0.002201616698304235,3.8747971276474904
reference_PI,E_original5_retuned,7.311557788944723,1711.721843569662,0.002283825108277565,3.9092733247315565
reference_PI,E_original5_retuned,7.331658291457286,1662.5738861605769,0.002366033518250895,3.9337055412245725
reference_PI,E_original5_retuned,7.351758793969849,1612.810130197685,0.0024482419282242283,3.948549383014749
reference_PI,E_original5_retuned,7.371859296482413,1562.6877074504725,0.002530450338197562,3.954303637815221
reference_PI,E_original5_retuned,7.391959798994975,1512.4436437220982,0.002612658748170892,3.951499116885999
reference_PI,E_original5_retuned,7.4120603015075375,1462.2941027272145,0.0026948671581442213,3.9406883529875425
reference_PI,E_original5_retuned,7.4321608040201,1412.4341209006727,0.002777075568117551,3.9224362887288495
reference_PI,E_original5_retuned,7.452261306532663,1363.0377613543064,0.002859283978090885,3.8973120325732356
reference_PI,E_original5_retuned,7.472361809045227,1314.2586144771224,0.0029414923880642183,3.8658817104322813
reference_PI,E_original5_retuned,7.492462311557789,1266.2305751598576,0.003023700798037548,3.828702400610405
reference_PI,E_original5_retuned,7.5125628140703515,1219.0688314455313,0.003105909208010878,3.786317108785737
reference_PI,E_original5_retuned,7.532663316582914,1172.8710056739951,0.003188117617984208,3.7392507168121196
reference_PI,E_original5_retuned,7.552763819095477,1127.71839619813,0.0032703260279575413,3.6880068232932794
reference_PI,E_original5_retuned,7.572864321608041,1083.6772754601718,0.0033525344379308746,3.6330653855833286
reference_PI,E_original5_retuned,7.592964824120603,1040.8002073460812,0.0034347428479042045,3.5748810682791654
reference_PI,E_original5_retuned,7.613065326633166,999.1273538954149,0.0035169512578775344,3.5138822040623316
reference_PI,E_original5_retuned,7.633165829145728,958.6877478267728,0.0035991596678508642,3.4504702760409005
reference_PI,E_original5_retuned,7.653266331658291,919.5005130370766,0.0036813680778241976,3.3850198362376664
reference_PI,E_original5_retuned,7.673366834170855,881.5760202293397,0.003763576487797531,3.3178787819412636
reference_PI,E_original5_retuned,7.693467336683417,844.9169690456032,0.003845784897770861,3.2493689194259106
reference_PI,E_original5_retuned,7.71356783919598,809.5193915690897,0.003927993307744191,3.1797867525725336
reference_PI,E_original5_retuned,7.733668341708542,775.3735749044453,0.0040102017177175205,3.109404441954581
reference_PI,E_original5_retuned,7.7537688442211055,742.4649028048075,0.004092410127690854,3.0384708876933995
reference_PI,E_original5_retuned,7.773869346733669,710.7746180137319,0.004174618537664187,2.967212896461307
reference_PI,E_original5_retuned,7.793969849246231,680.2805082804279,0.004256826947637517,2.895836399600672
reference_PI,E_original5_retuned,7.814070351758794,650.9575175171174,0.004339035357610847,2.8245276848093543
reference_PI,E_original5_retuned,7.834170854271356,622.7783008032746,0.004421243767584177,2.753454681013142
reference_PI,E_original5_retuned,7.8542713567839195,595.7136928216971,0.00450345217755751,2.6827681271386976
reference_PI,E_original5_retuned,7.874371859296483,569.7331411826115,0.0045856605875308435,2.612602810931247
reference_PI,E_original5_retuned,7.894472361809045,544.8050751192078,0.004667868997504173,2.5430787198318825
reference_PI,E_original5_retuned,7.914572864321608,520.8972280787464,0.004750077407477503,2.4743021547145094
reference_PI,E_original5_retuned,7.93467336683417,497.97691665648927,0.004832285817450833,2.4063667917770486
reference_PI,E_original5_retuned,7.954773869346734,476.01128030832444,0.0049144942274241665,2.3393546892640473
reference_PI,E_original5_retuned,7.974874371859297,454.9674860072796,0.0049967026373975,2.273337237262684
reference_PI,E_original5_retuned,7.994974874371859,434.81290171532135,0.00507891104737083,2.2083760500613123
reference_PI,E_original5_retuned,8.015075376884422,415.5152422235053,0.005726276088277312,2.379354995859214
reference_PI,E_original5_retuned,8.035175879396984,397.04269061338977,0.006562026672828179,2.60540472605653
reference_PI,E_original5_retuned,8.055276381909547,379.36399829230106,0.007397777257379045,2.8064503588351677
reference_PI,E_original5_retuned,8.075376884422111,362.4485662742883,0.008233527841929985,2.984230361686958
reference_PI,E_original5_retuned,8.095477386934673,346.26651010044344,0.00906927842648085,3.140387389866765
reference_PI,E_original5_retuned,8.115577889447236,330.7887105504501,0.009905029011031718,3.276471774523982
reference_PI,E_original5_retuned,8.1356783919598,315.986852053195,0.010740779595582658,3.393945133005353
reference_PI,E_original5_retuned,8.155778894472363,301.83345050511946,0.011576530180133524,3.494184049146354
reference_PI,E_original5_retuned,8.175879396984925,288.30187199448136,0.012412280764684392,3.5784837801796026
reference_PI,E_original5_retuned,8.195979899497488,275.36634376298093,0.01324803134923526,3.6480619546962645
reference_PI,E_original5_retuned,8.21608040201005,263.00195857754835,0.014083781933786125,3.704062232764842
reference_PI,E_original5_retuned,8.236180904522612,251.18467353046285,0.01491953251833699,3.747557904845601
reference_PI,E_original5_retuned,8.256281407035175,239.89130417406133,0.015755283102887856,3.7795554111833196
reference_PI,E_original5_retuned,8.27638190954774,229.0995147673574,0.0165910336874388,3.800997767281109
reference_PI,E_original5_retuned,8.296482412060302,218.78780532137228,0.017426784271989664,3.8127678846776267
reference_PI,E_original5_retuned,8.316582914572864,208.93549603034842,0.01826253485654053,3.8156917790228233
reference_PI,E_original5_retuned,8.336683417085428,199.5227096058443,0.019098285441091472,3.810541660032418
reference_PI,E_original5_retuned,8.35678391959799,190.53035195282845,0.019934036025642338,3.7980388998059964
reference_PI,E_original5_retuned,8.376884422110553,181.9400915696068,0.020769786610193203,3.7788568777397447
reference_PI,E_original5_retuned,8.396984924623116,173.73433799759928,0.02160553719474407,3.753623701611369
reference_PI,E_original5_retuned,8.417085427135678,165.89621959961036,0.022441287779294935,3.722924805531965
reference_PI,E_original5_retuned,8.43718592964824,158.40956090402906,0.0232770383638458,3.6873054263630523
reference_PI,E_original5_retuned,8.457286432160803,151.25885971624783,0.02411278894839667,3.647272960913023
reference_PI,E_original5_retuned,8.477386934673367,144.42926416621185,0.02494853953294761,3.6032992067652696
reference_PI,E_original5_retuned,8.49748743718593,137.906549834681,0.025784290117498474,3.5558224900406756
reference_PI,E_original5_retuned,8.517587939698492,131.67709707604263,0.026620040702049343,3.5052496836919573
reference_PI,E_original5_retuned,8.537688442211056,125.72786863594322,0.027455791286600282,3.451958120177555
reference_PI,E_original5_retuned,8.557788944723619,120.04638764275522,0.028291541871151148,3.396297402475451
reference_PI,E_original5_retuned,8.577889447236181,114.62071603809473,0.029127292455702013,3.3385911175235594
reference_PI,E_original5_retuned,8.597989949748744,109.43943349739317,0.029963043040252883,3.2791384561832846
reference_PI,E_original5_retuned,8.618090452261306,104.49161688019164,0.03079879362480375,3.2182157438150822
reference_PI,E_original5_retuned,8.638190954773869,99.7668202410513,0.03163454420935462,3.1560778855422726
reference_PI,E_original5_retuned,8.658291457286431,95.25505542253532,0.03247029479390548,3.0929597301795266
reference_PI,E_original5_retuned,8.678391959798995,90.94677324546113,0.033306045378456425,3.029077356737515
reference_PI,E_original5_retuned,8.698492462311558,86.83284530558228,0.03414179596300729,2.9646292873105655
reference_PI,E_original5_retuned,8.71859296482412,82.9045463801829,0.03497754654755816,2.899797630017041
reference_PI,E_original5_retuned,8.738693467336685,79.15353744528191,0.035813297132109095,2.8347491555854045
reference_PI,E_original5_retuned,8.758793969849247,75.57184929880272,0.03664904771665996,2.769636310988056
reference_PI,E_original5_retuned,8.77889447236181,72.15186678372785,0.03748479830121083,2.7045981734438715
reference_PI,E_original5_retuned,8.798994974874372,68.88631360219846,0.038320548885761696,2.6397613479529567
reference_PI,E_original5_retuned,8.819095477386934,65.76823770933912,0.03915629947031256,2.575240811381586
reference_PI,E_original5_retuned,8.839195979899497,62.790997274800525,0.03999205005486343,2.5111407060086157
reference_PI,E_original5_retuned,8.85929648241206,59.948247198028014,0.04082780063941429,2.447555085283414
reference_PI,E_original5_retuned,8.879396984924623,57.233926162888146,0.041663551223965235,2.384568614436134
reference_PI,E_original5_retuned,8.899497487437186,54.64224421625475,0.0424993018085161,2.322257228441254
reference_PI,E_original5_retuned,8.919597989949748,52.167670854948334,0.04333505239306697,2.2606887497234585
reference_PI,E_original5_retuned,8.939698492462313,49.80492360468561,0.044170802977617905,2.1999234678578796
reference_PI,E_original5_retuned,8.959798994974875,47.54895707529272,0.045006553562168775,2.140014683434426
reference_PI,E_original5_retuned,8.979899497487438,45.394952475238306,0.04584230414671964,2.081009218095758
reference_PI,E_original5_retuned,9.0,43.33830756987371,0.046678054731270506,2.0229478927072
reference_PI,P_move_interior_Kc,5.0,43.51199062255985,0.0199530250749181,0.8681958399515378
reference_PI,P_move_interior_Kc,5.0201005025125625,45.56863215898163,0.019247957262533227,0.8771030843081756
reference_PI,P_move_interior_Kc,5.040201005025126,47.72263306346019,0.018542889450148328,0.8849155091657357
reference_PI,P_move_interior_Kc,5.060301507537688,49.97859553893587,0.017837821637763464,0.8915092729294588
reference_PI,P_move_interior_Kc,5.080402010050252,52.34133834220194,0.017132753825378558,0.8967512647077936
reference_PI,P_move_interior_Kc,5.100502512562814,54.81590682538412,0.016427686012993693,0.9004985058449282
reference_PI,P_move_interior_Kc,5.1206030150753765,57.4075834209168,0.015722618200608822,0.9025975159466757
reference_PI,P_move_interior_Kc,5.14070351758794,60.12189858617022,0.015017550388223923,0.9028836414534999
reference_PI,P_move_interior_Kc,5.160804020100502,62.96464222398279,0.014312482575839058,0.901180344724694
reference_PI,P_move_interior_Kc,5.180904522613066,65.94187559535318,0.013607414763454152,0.8972984515060659
reference_PI,P_move_interior_Kc,5.201005025125628,69.059943740339,0.012902346951069288,0.8910353545591794
reference_PI,P_move_interior_Kc,5.221105527638191,72.32548842296983,0.012197279138684416,0.8821741711366511
reference_PI,P_move_interior_Kc,5.241206030150754,75.74546161534393,0.011492211326299517,0.8704828518916409
reference_PI,P_move_interior_Kc,5.261306532663316,79.3271395355618,0.010787143513914646,0.8557132387184375
reference_PI,P_move_interior_Kc,5.28140703517588,83.07813725307062,0.010082075701529747,0.8376000689275366
reference_PI,P_move_interior_Kc,5.301507537688442,87.0064238739693,0.009377007889144875,0.8158599230724931
reference_PI,P_move_interior_Kc,5.321608040201005,91.12033831699802,0.008671940076760011,0.790190113659106
reference_PI,P_move_interior_Kc,5.341708542713568,95.42860568941595,0.007966872264375105,0.7602675118949962
reference_PI,P_move_interior_Kc,5.36180904522613,99.94035426887815,0.0072618044519902405,0.7257473095632212
reference_PI,P_move_interior_Kc,5.381909547738694,104.66513309578431,0.0065567366396053345,0.6862617130582979
reference_PI,P_move_interior_Kc,5.402010050251256,109.61293017529923,0.00585166882722047,0.6414185665670925
reference_PI,P_move_interior_Kc,5.422110552763819,114.79419128596818,0.005146601014835606,0.5907999013695965
reference_PI,P_move_interior_Kc,5.442211055276382,120.21983938521302,0.0044415332024506995,0.533960408222714
reference_PI,P_move_interior_Kc,5.4623115577889445,125.90129459700343,0.003736465390065835,0.470425829826186
reference_PI,P_move_interior_Kc,5.482412060301508,131.85049475968464,0.003031397577680929,0.39969127043054004
reference_PI,P_move_interior_Kc,5.50251256281407,138.07991650358838,0.0024107571375039604,0.33287714425697656
reference_PI,P_move_interior_Kc,5.522613065326633,144.6025968188979,0.0023811083027822726,0.3443144438893552
reference_PI,P_move_interior_Kc,5.542713567839196,151.43215506116582,0.0023514594680605835,0.35608657478739675
reference_PI,P_move_interior_Kc,5.562814070351759,158.58281533215805,0.0023218106333388958,0.368199266903023
reference_PI,P_move_interior_Kc,5.582914572864322,166.06942915368802,0.002292161798617207,0.3806580014242504
reference_PI,P_move_interior_Kc,5.603015075376884,173.90749833886613,0.0022625129638955193,0.39346796951032315
reference_PI,P_move_interior_Kc,5.623115577889447,182.11319794114277,0.0022328641291738316,0.4066340271319114
reference_PI,P_move_interior_Kc,5.64321608040201,190.70339913961655,0.0022032152944521425,0.4201606456884147
reference_PI,P_move_interior_Kc,5.663316582914573,199.69569189107102,0.0021735664597304547,0.4340518580470989
reference_PI,P_move_interior_Kc,5.683417085427136,209.10840714743924,0.0021439176250087656,0.44831119962090393
reference_PI,P_move_interior_Kc,5.703517587939698,218.96063840164328,0.002114268790287078,0.4629416440739286
reference_PI,P_move_interior_Kc,5.723618090452261,229.27226228279406,0.00208461995556539,0.47794553321233463
reference_PI,P_move_interior_Kc,5.743718592964824,240.06395787437083,0.0020549711208437014,0.49332450058727095
reference_PI,P_move_interior_Kc,5.763819095477387,251.35722437570556,0.0020253222861220136,0.509079388305888
reference_PI,P_move_interior_Kc,5.78391959798995,263.1743966623053,0.0019956734514003246,0.5252101565072609
reference_PI,P_move_interior_Kc,5.8040201005025125,275.5386582355131,0.001966024616678637,0.5417157849376205
reference_PI,P_move_interior_Kc,5.824120603015075,288.4740509673266,0.001936375781956949,0.5585941660161459
reference_PI,P_move_interior_Kc,5.844221105527638,302.00548095940434,0.00190672694723526,0.5758419887580415
reference_PI,P_move_interior_Kc,5.864321608040201,316.158719731067,0.0018770781125135724,0.5934546128874988
reference_PI,P_move_interior_Kc,5.884422110552764,330.96039984114964,0.0018474292777918833,0.611425932456248
reference_PI,P_move_interior_Kc,5.9045226130653266,346.4380039145965,0.0018177804430701957,0.6297482282522294
reference_PI,P_move_interior_Kc,5.924623115577889,362.61984590754116,0.001788131608348508,0.6484120082817397
reference_PI,P_move_interior_Kc,5.944723618090452,379.53504327808736,0.0017584827736268189,0.6674058355922258
reference_PI,P_move_interior_Kc,5.964824120603015,397.21347856097714,0.001728833938905131,0.6867161427267829
reference_PI,P_move_interior_Kc,5.984924623115578,415.6857486442847,0.001699185104183442,0.706327032117711
reference_PI,P_move_interior_Kc,6.005025125628141,434.98309983335855,0.0016695362694617542,0.7262200617746952
reference_PI,P_move_interior_Kc,6.025125628140703,455.1373465566649,0.0016398874347400669,0.74637401569921
reference_PI,P_move_interior_Kc,6.045226130653266,476.1807713111005,0.0016102386000183778,0.7667646585516578
reference_PI,P_move_interior_Kc,6.065326633165829,498.14600318541625,0.00158058976529669,0.7873644742583212
reference_PI,P_move_interior_Kc,6.085427135678392,521.0658719995507,0.001550940930575001,0.8081423884098575
reference_PI,P_move_interior_Kc,6.105527638190955,544.9732348195023,0.0015212920958533132,0.8290634745825204
reference_PI,P_move_interior_Kc,6.125628140703517,569.9007712722189,0.0014916432611316254,0.8500886449819212
reference_PI,P_move_interior_Kc,6.1457286432160805,595.8807438194428,0.0014619944264099363,0.8711743262690326
reference_PI,P_move_interior_Kc,6.165829145728643,622.9447188017072,0.0014323455916882488,0.8922721218411009
reference_PI,P_move_interior_Kc,6.185929648241206,651.1232438233943,0.0014026967569665597,0.9133284624966217
reference_PI,P_move_interior_Kc,6.206030150753769,680.4454790408423,0.001373047922244872,0.9342842511979451
reference_PI,P_move_interior_Kc,6.226130653266331,710.9387638079295,0.0013433990875231843,0.9550744865844332
reference_PI,P_move_interior_Kc,6.2462311557788945,742.6281482319112,0.0013137502528014953,0.9756279174771796
reference_PI,P_move_interior_Kc,6.266331658291457,775.5358381457442,0.0012841014180798075,0.9958666695346621
reference_PI,P_move_interior_Kc,6.28643216080402,809.6805839328051,0.0012544525833581186,1.0157059002094173
reference_PI,P_move_interior_Kc,6.306532663316583,845.076994495401,0.0012248037486364308,1.0350534707443755
reference_PI,P_move_interior_Kc,6.326633165829145,881.7347749078431,0.001195154913914743,1.0538096490006186
reference_PI,P_move_interior_Kc,6.346733668341709,919.6578847825409,0.001165506079193054,1.0718668554918767
reference_PI,P_move_interior_Kc,6.366834170854271,958.8436156860879,0.0011358572444713662,1.0891094671921615
reference_PI,P_move_interior_Kc,6.386934673366834,999.2815876494559,0.0011062084097496773,1.1054136959658374
reference_PI,P_move_interior_Kc,6.407035175879397,1040.9526670465682,0.0010765595750279896,1.1206475608599058
reference_PI,P_move_interior_Kc,6.427135678391959,1083.8278109916182,0.0010469107403063018,1.1346709759697935
reference_PI,P_move_interior_Kc,6.447236180904523,1127.8668468876604,0.001017261905584613,1.1473359779106502
reference_PI,P_move_interior_Kc,6.467336683417085,1173.0171999448216,0.0009876130708629252,1.1584871190125352
reference_PI,P_move_interior_Kc,6.4874371859296485,1219.2125865367377,0.0009579642361412361,1.1679620541554467
reference_PI,P_move_interior_Kc,6.507537688442211,1266.3716969250513,0.0009283154014195483,1.1755923501773335
reference_PI,P_move_interior_Kc,6.527638190954773,1314.3968973163492,0.0008986665666978605,1.1812045469896038
reference_PI,P_move_interior_Kc,6.547738693467337,1363.1729882444247,0.0008690177319761717,1.1846214985353505
reference_PI,P_move_interior_Kc,6.5678391959799,1412.566063576177,0.0008393688972544828,1.1856640190830412
reference_PI,P_move_interior_Kc,6.5879396984924625,1462.4225220559304,0.000809720062532795,1.1841528560084957
reference_PI,P_move_interior_Kc,6.608040201005025,1512.568290248035,0.0007800712278111072,1.179911003321932
reference_PI,P_move_interior_Kc,6.628140703517587,1562.8083221722397,0.0007504223930894195,1.1727663610645527
reference_PI,P_move_interior_Kc,6.648241206030151,1612.9264455872235,0.0007207735583677304,1.1625547335713184
reference_PI,P_move_interior_Kc,6.668341708542714,1662.6856274249926,0.0006911247236460415,1.149123144764343
reference_PI,P_move_interior_Kc,6.688442211055277,1711.8287302076274,0.0006614758889243537,1.1323334310003381
reference_PI,P_move_interior_Kc,6.708542713567839,1760.0798267471364,0.000631827054202666,1.112066052095182
reference_PI,P_move_interior_Kc,6.7286432160804015,1807.1461310586985,0.0006021782194809782,1.0882240395428655
reference_PI,P_move_interior_Kc,6.748743718592965,1852.7205888445928,0.0005725293847592893,1.0607369788620629
reference_PI,P_move_interior_Kc,6.768844221105528,1896.4851503803225,0.0005428805500376002,1.0295649015766104
reference_PI,P_move_interior_Kc,6.788944723618091,1938.1147226499895,0.0005132317153159125,0.9947019435846781
reference_PI,P_move_interior_Kc,6.809045226130653,1977.2817663797837,0.0004835828805942247,0.9561796123323726
reference_PI,P_move_interior_Kc,6.829145728643216,2013.6614685707084,0.00045393404587253713,0.9140694974459365
reference_PI,P_move_interior_Kc,6.849246231155779,2046.9373837355647,0.00042428521115084805,0.8684852600708085
reference_PI,P_move_interior_Kc,6.869346733668342,2076.8074002958347,0.00039463637642915897,0.81958374699401
reference_PI,P_move_interior_Kc,6.889447236180905,2102.989854548268,0.0003649875417074712,0.7675650972473247
reference_PI,P_move_interior_Kc,6.909547738693467,2125.2295870095263,0.0003353387069857834,0.712671741755705
reference_PI,P_move_interior_Kc,6.92964824120603,2143.30371771063,0.00030568987226409564,0.6551862396901237
reference_PI,P_move_interior_Kc,6.949748743718593,2157.0269103715023,0.000276041037542407,0.5954279463458421
reference_PI,P_move_interior_Kc,6.969849246231156,2166.2559028249116,0.0002463922028207179,0.533748563770413
reference_PI,P_move_interior_Kc,6.989949748743719,2170.8931027237077,0.00021674336809903013,0.4705266828672902
reference_PI,P_move_interior_Kc,7.010050251256281,2170.8890833407468,0.00022136345497258906,0.48055550785058454
reference_PI,P_move_interior_Kc,7.030150753768844,2166.2438618619776,0.0002602524634413948,0.5637703014643802
reference_PI,P_move_interior_Kc,7.050251256281407,2157.006899095511,0.00029914147191020227,0.6452502187158923
reference_PI,P_move_interior_Kc,7.07035175879397,2143.2758205970963,0.0003380304803790097,0.7244925552211526
reference_PI,P_move_interior_Kc,7.090452261306533,2125.1939203360216,0.0003769194888478155,0.8010270061555385
reference_PI,P_move_interior_Kc,7.110552763819095,2102.946564484834,0.0004158084973166212,0.8744230509155899
reference_PI,P_move_interior_Kc,7.130653266331658,2076.7566605641214,0.000454697505785427,0.9442960736817786
reference_PI,P_move_interior_Kc,7.150753768844221,2046.879392922126,0.0004935865142542344,1.0103120646512558
reference_PI,P_move_interior_Kc,7.170854271356784,2013.5964471799223,0.0005324755227230419,1.072190820765389
reference_PI,P_move_interior_Kc,7.190954773869347,1977.209953682588,0.0005713645311918477,1.1297076382537068
reference_PI,P_move_interior_Kc,7.211055276381909,1938.0363734558557,0.0006102535396606535,1.182693556892532
reference_PI,P_move_interior_Kc,7.231155778894472,1896.4005318193745,0.0006491425481294592,1.2310342734992903
reference_PI,P_move_interior_Kc,7.251256281407035,1852.6299771713293,0.0006880315565982666,1.2746678869938008
reference_PI,P_move_interior_Kc,7.2713567839195985,1807.0498086210737,0.0007269205650670741,1.313581667987179
reference_PI,P_move_interior_Kc,7.291457286432161,1759.9780791234002,0.0007658095735358797,1.3478080622059878
reference_PI,P_move_interior_Kc,7.311557788944723,1711.721843569662,0.0008046985820046855,1.3774201403069533
reference_PI,P_move_interior_Kc,7.331658291457286,1662.5738861605769,0.0008435875904734913,1.4025266986103497
reference_PI,P_move_interior_Kc,7.351758793969849,1612.810130197685,0.0008824765989422986,1.423267198436539
reference_PI,P_move_interior_Kc,7.371859296482413,1562.6877074504725,0.0009213656074111062,1.4398067087689737
reference_PI,P_move_interior_Kc,7.391959798994975,1512.4436437220982,0.000960254615879912,1.4523309901423778
reference_PI,P_move_interior_Kc,7.4120603015075375,1462.2941027272145,0.0009991436243487178,1.4610418296626253
reference_PI,P_move_interior_Kc,7.4321608040201,1412.4341209006727,0.0010380326328175236,1.4661527091998297
reference_PI,P_move_interior_Kc,7.452261306532663,1363.0377613543064,0.001076921641286331,1.467884863092926
reference_PI,P_move_interior_Kc,7.472361809045227,1314.2586144771224,0.0011158106497551384,1.4664637585660059
reference_PI,P_move_interior_Kc,7.492462311557789,1266.2305751598576,0.001154699658223944,1.4621160123697956
reference_PI,P_move_interior_Kc,7.5125628140703515,1219.0688314455313,0.00119358866669275,1.4550667411317604
reference_PI,P_move_interior_Kc,7.532663316582914,1172.8710056739951,0.0012324776751615556,1.4455373303374812
reference_PI,P_move_interior_Kc,7.552763819095477,1127.71839619813,0.0012713666836303632,1.4337435974433685
reference_PI,P_move_interior_Kc,7.572864321608041,1083.6772754601718,0.0013102556920991705,1.4198943185702109
reference_PI,P_move_interior_Kc,7.592964824120603,1040.8002073460812,0.0013491447005679763,1.4041900840910162
reference_PI,P_move_interior_Kc,7.613065326633166,999.1273538954149,0.001388033709036782,1.3868224468275583
reference_PI,P_move_interior_Kc,7.633165829145728,958.6877478267728,0.0014269227175055879,1.3679733263682905
reference_PI,P_move_interior_Kc,7.653266331658291,919.5005130370766,0.0014658117259743954,1.3478146340492194
reference_PI,P_move_interior_Kc,7.673366834170855,881.5760202293397,0.001504700734443203,1.3265080851066036
reference_PI,P_move_interior_Kc,7.693467336683417,844.9169690456032,0.0015435897429120083,1.304205167031096
reference_PI,P_move_interior_Kc,7.71356783919598,809.5193915690897,0.0015824787513808141,1.2810472359888094
reference_PI,P_move_interior_Kc,7.733668341708542,775.3735749044453,0.00162136775984962,1.2571657161894119
reference_PI,P_move_interior_Kc,7.7537688442211055,742.4649028048075,0.0016602567683184275,1.232682380120565
reference_PI,P_move_interior_Kc,7.773869346733669,710.7746180137319,0.0016991457767872348,1.2077096904455926
reference_PI,P_move_interior_Kc,7.793969849246231,680.2805082804279,0.0017380347852560406,1.1823511871230437
reference_PI,P_move_interior_Kc,7.814070351758794,650.9575175171174,0.0017769237937248464,1.1567019015802242
reference_PI,P_move_interior_Kc,7.834170854271356,622.7783008032746,0.0018158128021936522,1.1308488115269955
reference_PI,P_move_interior_Kc,7.8542713567839195,595.7136928216971,0.0018547018106624597,1.104871264712822
reference_PI,P_move_interior_Kc,7.874371859296483,569.7331411826115,0.001893590819131267,1.0788414454982111
reference_PI,P_move_interior_Kc,7.894472361809045,544.8050751192078,0.0019324798276000729,1.0528248176420114
reference_PI,P_move_interior_Kc,7.914572864321608,520.8972280787464,0.0019713688360688784,1.0268805622291033
reference_PI,P_move_interior_Kc,7.93467336683417,497.97691665648927,0.0020102578445376842,1.0010620031073962
reference_PI,P_move_interior_Kc,7.954773869346734,476.01128030832444,0.002049146853006492,0.9754170170393941
reference_PI,P_move_interior_Kc,7.974874371859297,454.9674860072796,0.002088035861475299,0.949988426588461
reference_PI,P_move_interior_Kc,7.994974874371859,434.81290171532135,0.0021269248699441047,0.9248143744308787
reference_PI,P_move_interior_Kc,8.015075376884422,415.5152422235053,0.002165813878412911,0.8999286782997702
reference_PI,P_move_interior_Kc,8.035175879396984,397.04269061338977,0.0022047028868817167,0.8753611662106248
reference_PI,P_move_interior_Kc,8.055276381909547,379.36399829230106,0.002243591895350522,0.851137991956376
reference_PI,P_move_interior_Kc,8.075376884422111,362.4485662742883,0.0022824809038193314,0.8272819311377584
reference_PI,P_move_interior_Kc,8.095477386934673,346.26651010044344,0.002321369912288137,0.8038126581801858
reference_PI,P_move_interior_Kc,8.115577889447236,330.7887105504501,0.002360258920756943,0.7807470049623861
reference_PI,P_move_interior_Kc,8.1356783919598,315.986852053195,0.002399147929225752,0.7580992017659868
reference_PI,P_move_interior_Kc,8.155778894472363,301.83345050511946,0.0024380369376945576,0.7358811013632832
reference_PI,P_move_interior_Kc,8.175879396984925,288.30187199448136,0.0024769259461633634,0.7141023870705996
reference_PI,P_move_interior_Kc,8.195979899497488,275.36634376298093,0.0025158149546321692,0.6927707656412901
reference_PI,P_move_interior_Kc,8.21608040201005,263.00195857754835,0.002554703963100975,0.6718921458813812
reference_PI,P_move_interior_Kc,8.236180904522612,251.18467353046285,0.002593592971569781,0.6514708038346584
reference_PI,P_move_interior_Kc,8.256281407035175,239.89130417406133,0.0026324819800385866,0.6315095354061718
reference_PI,P_move_interior_Kc,8.27638190954774,229.0995147673574,0.002671370988507396,0.6120097972306403
reference_PI,P_move_interior_Kc,8.296482412060302,218.78780532137228,0.0027102599969762017,0.5929718365887322
reference_PI,P_move_interior_Kc,8.316582914572864,208.93549603034842,0.0027491490054450075,0.5743948111139917
reference_PI,P_move_interior_Kc,8.336683417085428,199.5227096058443,0.0027880380139138163,0.5562768990201813
reference_PI,P_move_interior_Kc,8.35678391959799,190.53035195282845,0.0028269270223826226,0.5386154005195224
reference_PI,P_move_interior_Kc,8.376884422110553,181.9400915696068,0.0028658160308514275,0.5214068310747558
reference_PI,P_move_interior_Kc,8.396984924623116,173.73433799759928,0.0029047050393202333,0.5046470070845913
reference_PI,P_move_interior_Kc,8.417085427135678,165.89621959961036,0.002943594047789039,0.48833112456411637
reference_PI,P_move_interior_Kc,8.43718592964824,158.40956090402906,0.002982483056257845,0.47245383134551183
reference_PI,P_move_interior_Kc,8.457286432160803,151.25885971624783,0.0030213720647266507,0.4570092932890785
reference_PI,P_move_interior_Kc,8.477386934673367,144.42926416621185,0.00306026107319546,0.4419912549581221
reference_PI,P_move_interior_Kc,8.49748743718593,137.906549834681,0.003099150081664266,0.4273930951821887
reference_PI,P_move_interior_Kc,8.517587939698492,131.67709707604263,0.0033232132085757203,0.4375910682700122
reference_PI,P_move_interior_Kc,8.537688442211056,125.72786863594322,0.0035737297809790036,0.4493174284432863
reference_PI,P_move_interior_Kc,8.557788944723619,120.04638764275522,0.0038242463533822648,0.45908696017952044
reference_PI,P_move_interior_Kc,8.577889447236181,114.62071603809473,0.0040747629257855255,0.46705224423901875
reference_PI,P_move_interior_Kc,8.597989949748744,109.43943349739317,0.004325279498188787,0.4733561379996698
reference_PI,P_move_interior_Kc,8.618090452261306,104.49161688019164,0.004575796070592048,0.4781323299301906
reference_PI,P_move_interior_Kc,8.638190954773869,99.7668202410513,0.004826312642995309,0.4815058658808262
reference_PI,P_move_interior_Kc,8.658291457286431,95.25505542253532,0.00507682921539857,0.4835936482835373
reference_PI,P_move_interior_Kc,8.678391959798995,90.94677324546113,0.005327345787801854,0.4845049093633777
reference_PI,P_move_interior_Kc,8.698492462311558,86.83284530558228,0.005577862360205115,0.48434165945952085
reference_PI,P_move_interior_Kc,8.71859296482412,82.9045463801829,0.005828378932608376,0.483199111539712
reference_PI,P_move_interior_Kc,8.738693467336685,79.15353744528191,0.00607889550501166,0.48116608298189634
reference_PI,P_move_interior_Kc,8.758793969849247,75.57184929880272,0.006329412077414921,0.4783253756644223
reference_PI,P_move_interior_Kc,8.77889447236181,72.15186678372785,0.006579928649818182,0.4747541353881158
reference_PI,P_move_interior_Kc,8.798994974874372,68.88631360219846,0.006830445222221444,0.4705241916205845
reference_PI,P_move_interior_Kc,8.819095477386934,65.76823770933912,0.007080961794624705,0.4657023785196261
reference_PI,P_move_interior_Kc,8.839195979899497,62.790997274800525,0.007331478367027966,0.460350838164312
reference_PI,P_move_interior_Kc,8.85929648241206,59.948247198028014,0.007581994939431227,0.4545273068832206
reference_PI,P_move_interior_Kc,8.879396984924623,57.233926162888146,0.007832511511834511,0.4482853855383078
reference_PI,P_move_interior_Kc,8.899497487437186,54.64224421625475,0.008083028084237772,0.44167479458576614
reference_PI,P_move_interior_Kc,8.919597989949748,52.167670854948334,0.008333544656641033,0.43474161470266287
reference_PI,P_move_interior_Kc,8.939698492462313,49.80492360468561,0.008584061229044317,0.4275285137304959
reference_PI,P_move_interior_Kc,8.959798994974875,47.54895707529272,0.008834577801447578,0.42007496065936484
reference_PI,P_move_interior_Kc,8.979899497487438,45.394952475238306,0.00908509437385084,0.41241742733401376
reference_PI,P_move_interior_Kc,9.0,43.33830756987371,0.0093356109462541,0.40458957854143995
IMC_PID,A_original3,5.0,43.51199062255985,0.00595301758403685,0.2590276452925453
IMC_PID,A_original3,5.0201005025125625,45.56863215898163,0.0058511061844470965,0.26662690544221224
IMC_PID,A_original3,5.040201005025126,47.72263306346019,0.00574919478485734,0.27436671312810573
IMC_PID,A_original3,5.060301507537688,49.97859553893587,0.005647283385267586,0.2822432922060413
IMC_PID,A_original3,5.080402010050252,52.34133834220194,0.005545371985677829,0.29025219133573144
IMC_PID,A_original3,5.100502512562814,54.81590682538412,0.005443460586088075,0.2983882282946548
IMC_PID,A_original3,5.1206030150753765,57.4075834209168,0.005341549186498323,0.30664543052083276
IMC_PID,A_original3,5.14070351758794,60.12189858617022,0.005239637786908565,0.31501697165278214
IMC_PID,A_original3,5.160804020100502,62.96464222398279,0.005137726387318812,0.32349510382224467
IMC_PID,A_original3,5.180904522613066,65.94187559535318,0.005035814987729054,0.33207108544204433
IMC_PID,A_original3,5.201005025125628,69.059943740339,0.004933903588139302,0.34073510421715686
IMC_PID,A_original3,5.221105527638191,72.32548842296983,0.004831992188549549,0.349476195092821
IMC_PID,A_original3,5.241206030150754,75.74546161534393,0.004730080788959791,0.35828215283762954
IMC_PID,A_original3,5.261306532663316,79.3271395355618,0.0046281693893700385,0.3671394389447729
IMC_PID,A_original3,5.28140703517588,83.07813725307062,0.004526257989780281,0.3760330825177737
IMC_PID,A_original3,5.301507537688442,87.0064238739693,0.0044243465901905275,0.38494657479146777
IMC_PID,A_original3,5.321608040201005,91.12033831699802,0.004322435190600775,0.3938617569208404
IMC_PID,A_original3,5.341708542713568,95.42860568941595,0.0042205237910110174,0.4027587006551893
IMC_PID,A_original3,5.36180904522613,99.94035426887815,0.004118612391421264,0.41161558149483257
IMC_PID,A_original3,5.381909547738694,104.66513309578431,0.0040167009918315065,0.42040854391601346
IMC_PID,A_original3,5.402010050251256,109.61293017529923,0.003914789592241754,0.4291115582253835
IMC_PID,A_original3,5.422110552763819,114.79419128596818,0.0038128781926520007,0.4376962685973904
IMC_PID,A_original3,5.442211055276382,120.21983938521302,0.003710966793062243,0.4461318318258019
IMC_PID,A_original3,5.4623115577889445,125.90129459700343,0.0036090553934724906,0.45438474631048414
IMC_PID,A_original3,5.482412060301508,131.85049475968464,0.003507143993882733,0.46241867078689475
IMC_PID,A_original3,5.50251256281407,138.07991650358838,0.0034052325942929796,0.4701942322952723
IMC_PID,A_original3,5.522613065326633,144.6025968188979,0.0033033211947032263,0.4776688228809907
IMC_PID,A_original3,5.542713567839196,151.43215506116582,0.0032014097951134687,0.48479638450795787
IMC_PID,A_original3,5.562814070351759,158.58281533215805,0.0030994983955237154,0.49152718167965753
IMC_PID,A_original3,5.582914572864322,166.06942915368802,0.0029975869959339586,0.497807561253271
IMC_PID,A_original3,5.603015075376884,173.90749833886613,0.0028956755963442053,0.5035796989611251
IMC_PID,A_original3,5.623115577889447,182.11319794114277,0.002793764196754452,0.5087813321644212
IMC_PID,A_original3,5.64321608040201,190.70339913961655,0.002691852797164695,0.5133454784027921
IMC_PID,A_original3,5.663316582914573,199.69569189107102,0.002589941397574942,0.5172001393460555
IMC_PID,A_original3,5.683417085427136,209.10840714743924,0.002488029997985185,0.5202679898137285
IMC_PID,A_original3,5.703517587939698,218.96063840164328,0.0023861185983954317,0.522466051606698
IMC_PID,A_original3,5.723618090452261,229.27226228279406,0.0022842071988056784,0.5237053519928219
IMC_PID,A_original3,5.743718592964824,240.06395787437083,0.0021822957992159216,0.5238905668123874
IMC_PID,A_original3,5.763819095477387,251.35722437570556,0.0020803843996261683,0.5229196483245523
IMC_PID,A_original3,5.78391959798995,263.1743966623053,0.00197847300003641,0.5206834380972433
IMC_PID,A_original3,5.8040201005025125,275.5386582355131,0.0018765616004466582,0.5170652654833592
IMC_PID,A_original3,5.824120603015075,288.4740509673266,0.001774650200856905,0.5119405324911712
IMC_PID,A_original3,5.844221105527638,302.00548095940434,0.0016727388012671464,0.505176286196142
IMC_PID,A_original3,5.864321608040201,316.158719731067,0.0015708274016773948,0.49663078023280366
IMC_PID,A_original3,5.884422110552764,330.96039984114964,0.0014689160020876363,0.4861530273839871
IMC_PID,A_original3,5.9045226130653266,346.4380039145965,0.001367004602497883,0.473582345831433
IMC_PID,A_original3,5.924623115577889,362.61984590754116,0.0012650932029081314,0.4587479022972243
IMC_PID,A_original3,5.944723618090452,379.53504327808736,0.0011631818033183729,0.44146825606272233
IMC_PID,A_original3,5.964824120603015,397.21347856097714,0.0010612704037286196,0.4215509087588576
IMC_PID,A_original3,5.984924623115578,415.6857486442847,0.0009593590041388628,0.3987918658540986
IMC_PID,A_original3,6.005025125628141,434.98309983335855,0.0009189865495753554,0.3997436180394505
IMC_PID,A_original3,6.025125628140703,455.1373465566649,0.0010632309300905884,0.4839161042984053
IMC_PID,A_original3,6.045226130653266,476.1807713111005,0.001207475310605828,0.5749765247433938
IMC_PID,A_original3,6.065326633165829,498.14600318541625,0.001351719691121061,0.6733537615589819
IMC_PID,A_original3,6.085427135678392,521.0658719995507,0.0014959640716363004,0.7794958234671673
IMC_PID,A_original3,6.105527638190955,544.9732348195023,0.0016402084521515334,0.8938697059473101
IMC_PID,A_original3,6.125628140703517,569.9007712722189,0.0017844528326667664,1.016961045635686
IMC_PID,A_original3,6.1457286432160805,595.8807438194428,0.001928697213182006,1.1492735299933803
IMC_PID,A_original3,6.165829145728643,622.9447188017072,0.002072941593697239,1.2913280181780893
IMC_PID,A_original3,6.185929648241206,651.1232438233943,0.0022171859742124785,1.4436613236889617
IMC_PID,A_original3,6.206030150753769,680.4454790408423,0.0023614303547277115,1.606824608944284
IMC_PID,A_original3,6.226130653266331,710.9387638079295,0.0025056747352429445,1.78138129877838
IMC_PID,A_original3,6.2462311557788945,742.6281482319112,0.002649919115758184,1.9679045258998435
IMC_PID,A_original3,6.266331658291457,775.5358381457442,0.002794163496273417,2.1669739289986474
IMC_PID,A_original3,6.28643216080402,809.6805839328051,0.002938407876788657,2.379171805510994
IMC_PID,A_original3,6.306532663316583,845.076994495401,0.00308265225730389,2.6050785046768348
IMC_PID,A_original3,6.326633165829145,881.7347749078431,0.003226896637819123,2.84526698059832
IMC_PID,A_original3,6.346733668341709,919.6578847825409,0.003371141018334362,3.1002964182250405
IMC_PID,A_original3,6.366834170854271,958.8436156860879,0.003515385398849595,3.370704846363026
IMC_PID,A_original3,6.386934673366834,999.2815876494559,0.003659629779364835,3.6570006561329205
IMC_PID,A_original3,6.407035175879397,1040.9526670465682,0.003803874159880068,3.9596529518366808
IMC_PID,A_original3,6.427135678391959,1083.8278109916182,0.003948118540395301,4.279080675172062
IMC_PID,A_original3,6.447236180904523,1127.8668468876604,0.00409236292091054,4.615640463927346
IMC_PID,A_original3,6.467336683417085,1173.0171999448216,0.004236607301425773,4.969613233984247
IMC_PID,A_original3,6.4874371859296485,1219.2125865367377,0.004380851681941013,5.341189510373121
IMC_PID,A_original3,6.507537688442211,1266.3716969250513,0.004525096062456246,5.730453579361584
IMC_PID,A_original3,6.527638190954773,1314.3968973163492,0.004669340442971479,6.13736659075546
IMC_PID,A_original3,6.547738693467337,1363.1729882444247,0.004813584823486718,6.561748808000401
IMC_PID,A_original3,6.5678391959799,1412.566063576177,0.004957829204001957,7.0032612825800555
IMC_PID,A_original3,6.5879396984924625,1462.4225220559304,0.00510207358451719,7.4613873191845705
IMC_PID,A_original3,6.608040201005025,1512.568290248035,0.005246317965032424,7.935414194466644
IMC_PID,A_original3,6.628140703517587,1562.8083221722397,0.005390562345547656,8.424415694810186
IMC_PID,A_original3,6.648241206030151,1612.9264455872235,0.005534806726062896,8.927236139680884
IMC_PID,A_original3,6.668341708542714,1662.6856274249926,0.005679051106578135,9.442476652319465
IMC_PID,A_original3,6.688442211055277,1711.8287302076274,0.005823295487093368,9.968484519294847
IMC_PID,A_original3,6.708542713567839,1760.0798267471364,0.005967539867608602,10.503346536287177
IMC_PID,A_original3,6.7286432160804015,1807.1461310586985,0.006111784248123834,11.044887257862484
IMC_PID,A_original3,6.748743718592965,1852.7205888445928,0.006256028628639073,11.590673044680814
IMC_PID,A_original3,6.768844221105528,1896.4851503803225,0.006400273009154314,12.138022720241139
IMC_PID,A_original3,6.788944723618091,1938.1147226499895,0.006544517389669547,12.684025505557427
IMC_PID,A_original3,6.809045226130653,1977.2817663797837,0.006688761770184779,13.225566687844529
IMC_PID,A_original3,6.829145728643216,2013.6614685707084,0.006833006150700012,13.75936120017127
IMC_PID,A_original3,6.849246231155779,2046.9373837355647,0.006977250531215251,14.281994948033326
IMC_PID,A_original3,6.869346733668342,2076.8074002958347,0.007121494911730492,14.789973333851018
IMC_PID,A_original3,6.889447236180905,2102.989854548268,0.007265739292245725,15.279776017385473
IMC_PID,A_original3,6.909547738693467,2125.2295870095263,0.007409983672760957,15.747916540609102
IMC_PID,A_original3,6.92964824120603,2143.30371771063,0.00755422805327619,16.191005071020793
IMC_PID,A_original3,6.949748743718593,2157.0269103715023,0.0076984724337914295,16.605812208441307
IMC_PID,A_original3,6.969849246231156,2166.2559028249116,0.00784271681430667,16.98933159317601
IMC_PID,A_original3,6.989949748743719,2170.8931027237077,0.007986961194821904,17.338838969560776
IMC_PID,A_original3,7.010050251256281,2170.8890833407468,0.008131205575337136,17.651945417898805
IMC_PID,A_original3,7.030150753768844,2166.2438618619776,0.008275449955852368,17.926642671011166
IMC_PID,A_original3,7.050251256281407,2157.006899095511,0.00841969433636761,18.161338771820333
IMC_PID,A_original3,7.07035175879397,2143.2758205970963,0.008563938716882848,18.354882780970332
IMC_PID,A_original3,7.090452261306533,2125.1939203360216,0.008708183097398082,18.50657777576331
IMC_PID,A_original3,7.110552763819095,2102.946564484834,0.008852427477913314,18.61618195202895
IMC_PID,A_original3,7.130653266331658,2076.7566605641214,0.008996671858428548,18.68389820490128
IMC_PID,A_original3,7.150753768844221,2046.879392922126,0.009140916238943787,18.710353081921262
IMC_PID,A_original3,7.170854271356784,2013.5964471799223,0.009285160619459026,18.69656643483762
IMC_PID,A_original3,7.190954773869347,1977.209953682588,0.00942940499997426,18.643913423253473
IMC_PID,A_original3,7.211055276381909,1938.0363734558557,0.009573649380489492,18.554080726101756
IMC_PID,A_original3,7.231155778894472,1896.4005318193745,0.009717893761004726,18.429018896533545
IMC_PID,A_original3,7.251256281407035,1852.6299771713293,0.009862138141519965,18.27089275998463
IMC_PID,A_original3,7.2713567839195985,1807.0498086210737,0.010006382522035204,18.08203162143297
IMC_PID,A_original3,7.291457286432161,1759.9780791234002,0.010150626902550438,17.86488083784903
IMC_PID,A_original3,7.311557788944723,1711.721843569662,0.01029487128306567,17.62195605196154
IMC_PID,A_original3,7.331658291457286,1662.5738861605769,0.010439115663580904,17.355801096879453
IMC_PID,A_original3,7.351758793969849,1612.810130197685,0.010583360044096143,17.06895029064768
IMC_PID,A_original3,7.371859296482413,1562.6877074504725,0.010727604424611382,16.763895564731506
IMC_PID,A_original3,7.391959798994975,1512.4436437220982,0.010871848805126616,16.44305862082144
IMC_PID,A_original3,7.4120603015075375,1462.2941027272145,0.011016093185641848,16.108768100457528
IMC_PID,A_original3,7.4321608040201,1412.4341209006727,0.011160337566157082,15.763241579209833
IMC_PID,A_original3,7.452261306532663,1363.0377613543064,0.011304581946672321,15.408572069638549
IMC_PID,A_original3,7.472361809045227,1314.2586144771224,0.01144882632718756,15.046718626158725
IMC_PID,A_original3,7.492462311557789,1266.2305751598576,0.011593070707702794,14.679500590083407
IMC_PID,A_original3,7.5125628140703515,1219.0688314455313,0.011737315088218027,14.308594988901952
IMC_PID,A_original3,7.532663316582914,1172.8710056739951,0.01188155946873326,13.935536603068558
IMC_PID,A_original3,7.552763819095477,1127.71839619813,0.0120258038492485,13.561720229867817
IMC_PID,A_original3,7.572864321608041,1083.6772754601718,0.012170048229763739,13.188404707849255
IMC_PID,A_original3,7.592964824120603,1040.8002073460812,0.01231429261027897,12.816718302098668
IMC_PID,A_original3,7.613065326633166,999.1273538954149,0.012458536990794206,12.44766509702036
IMC_PID,A_original3,7.633165829145728,958.6877478267728,0.012602781371309438,12.082132089213854
IMC_PID,A_original3,7.653266331658291,919.5005130370766,0.012747025751824678,11.720896718499619
IMC_PID,A_original3,7.673366834170855,881.5760202293397,0.012891270132339917,11.364634618969578
IMC_PID,A_original3,7.693467336683417,844.9169690456032,0.01303551451285515,11.013927412151546
IMC_PID,A_original3,7.71356783919598,809.5193915690897,0.013179758893370383,10.669270400388491
IMC_PID,A_original3,7.733668341708542,775.3735749044453,0.013324003273885617,10.331080050511224
IMC_PID,A_original3,7.7537688442211055,742.4649028048075,0.013468247654400856,9.999701185675807
IMC_PID,A_original3,7.773869346733669,710.7746180137319,0.013612492034916095,9.675413826332456
IMC_PID,A_original3,7.793969849246231,680.2805082804279,0.013756736415431327,9.358439640969493
IMC_PID,A_original3,7.814070351758794,650.9575175171174,0.013900980795946562,9.048947949982496
IMC_PID,A_original3,7.834170854271356,622.7783008032746,0.014045225176461795,8.74706146979625
IMC_PID,A_original3,7.8542713567839195,595.7136928216971,0.014189469556977034,8.45286130896784
IMC_PID,A_original3,7.874371859296483,569.7331411826115,0.014333713937492273,8.166391866420451
IMC_PID,A_original3,7.894472361809045,544.8050751192078,0.014477958318007507,7.887665169014839
IMC_PID,A_original3,7.914572864321608,520.8972280787464,0.014622202698522739,7.61666485406606
IMC_PID,A_original3,7.93467336683417,497.97691665648927,0.014766447079037973,7.3533497863905515
IMC_PID,A_original3,7.954773869346734,476.01128030832444,0.014910691459553212,7.0976573319443235
IMC_PID,A_original3,7.974874371859297,454.9674860072796,0.01505493584006845,6.849506311156835
IMC_PID,A_original3,7.994974874371859,434.81290171532135,0.015199180220583683,6.608799655406109
IMC_PID,A_original3,8.015075376884422,415.5152422235053,0.015343424601098919,6.375426789663708
IMC_PID,A_original3,8.035175879396984,397.04269061338977,0.01548766898161415,6.149265763789621
IMC_PID,A_original3,8.055276381909547,379.36399829230106,0.015631913362129383,5.930185154016249
IMC_PID,A_original3,8.075376884422111,362.4485662742883,0.01577615774264463,5.718045755138558
IMC_PID,A_original3,8.095477386934673,346.26651010044344,0.01592040212315986,5.512702082582255
IMC_PID,A_original3,8.115577889447236,330.7887105504501,0.016064646503675093,5.31400370239948
IMC_PID,A_original3,8.1356783919598,315.986852053195,0.01620889088419034,5.121796405769033
IMC_PID,A_original3,8.155778894472363,301.83345050511946,0.016353135264705575,4.935923243523034
IMC_PID,A_original3,8.175879396984925,288.30187199448136,0.016497379645220807,4.756225434720811
IMC_PID,A_original3,8.195979899497488,275.36634376298093,0.01664162402573604,4.582543162245113
IMC_PID,A_original3,8.21608040201005,263.00195857754835,0.01678586840625127,4.414716267269075
IMC_PID,A_original3,8.236180904522612,251.18467353046285,0.016930112786766503,4.252584853177859
IMC_PID,A_original3,8.256281407035175,239.89130417406133,0.01707435716728174,4.095989808792948
IMC_PID,A_original3,8.27638190954774,229.0995147673574,0.017218601547796985,3.944773259572758
IMC_PID,A_original3,8.296482412060302,218.78780532137228,0.017362845928312217,3.7987789547885544
IMC_PID,A_original3,8.316582914572864,208.93549603034842,0.01750709030882745,3.6578525977229686
IMC_PID,A_original3,8.336683417085428,199.5227096058443,0.017651334689342695,3.521842125377289
IMC_PID,A_original3,8.35678391959799,190.53035195282845,0.01779557906985793,3.390597943384419
IMC_PID,A_original3,8.376884422110553,181.9400915696068,0.017939823450373163,3.2639731213034726
IMC_PID,A_original3,8.396984924623116,173.73433799759928,0.018084067830888395,3.1418235529030767
IMC_PID,A_original3,8.417085427135678,165.89621959961036,0.018228312211403627,3.0240080855532754
IMC_PID,A_original3,8.43718592964824,158.40956090402906,0.01837255659191886,2.910388622410291
IMC_PID,A_original3,8.457286432160803,151.25885971624783,0.018516800972434095,2.80083020068309
IMC_PID,A_original3,8.477386934673367,144.42926416621185,0.01866104535294934,2.6952010488987805
IMC_PID,A_original3,8.49748743718593,137.906549834681,0.018805289733464573,2.5933726257836467
IMC_PID,A_original3,8.517587939698492,131.67709707604263,0.018949534113979805,2.4952196430723004
IMC_PID,A_original3,8.537688442211056,125.72786863594322,0.01909377849449505,2.4006200743196717
IMC_PID,A_original3,8.557788944723619,120.04638764275522,0.019238022875010287,2.309455151533677
IMC_PID,A_original3,8.577889447236181,114.62071603809473,0.01938226725552552,2.221609351270052
IMC_PID,A_original3,8.597989949748744,109.43943349739317,0.01952651163604075,2.1369703716285557
IMC_PID,A_original3,8.618090452261306,104.49161688019164,0.019670756016555983,2.0554291014256925
IMC_PID,A_original3,8.638190954773869,99.7668202410513,0.019815000397071215,1.9768795826909642
IMC_PID,A_original3,8.658291457286431,95.25505542253532,0.01995924477758645,1.901218967480946
IMC_PID,A_original3,8.678391959798995,90.94677324546113,0.020103489158101697,1.8283474699044613
IMC_PID,A_original3,8.698492462311558,86.83284530558228,0.02024773353861693,1.7581683141473738
IMC_PID,A_original3,8.71859296482412,82.9045463801829,0.02039197791913216,1.6905876791803578
IMC_PID,A_original3,8.738693467336685,79.15353744528191,0.020536222299647407,1.6255146407797745
IMC_PID,A_original3,8.758793969849247,75.57184929880272,0.020680466680162643,1.5628611113821622
IMC_PID,A_original3,8.77889447236181,72.15186678372785,0.020824711060677875,1.502541778259654
IMC_PID,A_original3,8.798994974874372,68.88631360219846,0.020968955441193107,1.444474040432554
IMC_PID,A_original3,8.819095477386934,65.76823770933912,0.02111319982170834,1.3885779446788904
IMC_PID,A_original3,8.839195979899497,62.790997274800525,0.02125744420222357,1.3347761209710445
IMC_PID,A_original3,8.85929648241206,59.948247198028014,0.021401688582738807,1.2829937176132398
IMC_PID,A_original3,8.879396984924623,57.233926162888146,0.021545932963254053,1.2331583363294203
IMC_PID,A_original3,8.899497487437186,54.64224421625475,0.021690177343769285,1.1851999675121172
IMC_PID,A_original3,8.919597989949748,52.167670854948334,0.021834421724284517,1.139050925820608
IMC_PID,A_original3,8.939698492462313,49.80492360468561,0.021978666104799763,1.0946457862824452
IMC_PID,A_original3,8.959798994974875,47.54895707529272,0.022122910485314996,1.051921321046786
IMC_PID,A_original3,8.979899497487438,45.394952475238306,0.02226715486583023,1.0108164368931347
IMC_PID,A_original3,9.0,43.33830756987371,0.022411399246345463,0.9712721136093556
IMC_PID,B_analytic3,5.0,43.51199062255985,0.008703421501424325,0.378703194754161
IMC_PID,B_analytic3,5.0201005025125625,45.56863215898163,0.008534842633047575,0.38892110448013917
IMC_PID,B_analytic3,5.040201005025126,47.72263306346019,0.008366263764670819,0.3992601357535085
IMC_PID,B_analytic3,5.060301507537688,49.97859553893587,0.00819768489629407,0.4097087777875248
IMC_PID,B_analytic3,5.080402010050252,52.34133834220194,0.008029106027917314,0.4202541551926332
IMC_PID,B_analytic3,5.100502512562814,54.81590682538412,0.007860527159540564,0.4308819243757768
IMC_PID,B_analytic3,5.1206030150753765,57.4075834209168,0.007691948291163816,0.4415761631943652
IMC_PID,B_analytic3,5.14070351758794,60.12189858617022,0.007523369422787059,0.45231925346309754
IMC_PID,B_analytic3,5.160804020100502,62.96464222398279,0.007354790554410309,0.46309175589077317
IMC_PID,B_analytic3,5.180904522613066,65.94187559535318,0.0071862116860335525,0.4738722770022978
IMC_PID,B_analytic3,5.201005025125628,69.059943740339,0.0070176328176568045,0.48463732757773553
IMC_PID,B_analytic3,5.221105527638191,72.32548842296983,0.006849053949280055,0.49536117211695035
IMC_PID,B_analytic3,5.241206030150754,75.74546161534393,0.006680475080903298,0.5060156688128223
IMC_PID,B_analytic3,5.261306532663316,79.3271395355618,0.00651189621252655,0.51657009949219
IMC_PID,B_analytic3,5.28140703517588,83.07813725307062,0.006343317344149793,0.52699098895706
IMC_PID,B_analytic3,5.301507537688442,87.0064238739693,0.006174738475773043,0.5372419131340165
IMC_PID,B_analytic3,5.321608040201005,91.12033831699802,0.006006159607396295,0.5472832954118384
IMC_PID,B_analytic3,5.341708542713568,95.42860568941595,0.0058375807390195385,0.5570721905240249
IMC_PID,B_analytic3,5.36180904522613,99.94035426887815,0.005669001870642789,0.5665620553029732
IMC_PID,B_analytic3,5.381909547738694,104.66513309578431,0.005500423002266032,0.5757025056152878
IMC_PID,B_analytic3,5.402010050251256,109.61293017529923,0.005331844133889284,0.5844390587535848
IMC_PID,B_analytic3,5.422110552763819,114.79419128596818,0.005163265265512534,0.5927128605494412
IMC_PID,B_analytic3,5.442211055276382,120.21983938521302,0.004994686397135777,0.6004603964431714
IMC_PID,B_analytic3,5.4623115577889445,125.90129459700343,0.0048261075287590275,0.6076131857351065
IMC_PID,B_analytic3,5.482412060301508,131.85049475968464,0.0046575286603822725,0.6140974582288138
IMC_PID,B_analytic3,5.50251256281407,138.07991650358838,0.004488949792005523,0.619833812468923
IMC_PID,B_analytic3,5.522613065326633,144.6025968188979,0.004320370923628773,0.6247368547775809
IMC_PID,B_analytic3,5.542713567839196,151.43215506116582,0.004151792055252016,0.6287148182926396
IMC_PID,B_analytic3,5.562814070351759,158.58281533215805,0.003983213186875268,0.6316691612428574
IMC_PID,B_analytic3,5.582914572864322,166.06942915368802,0.0038146343184985113,0.6334941437031155
IMC_PID,B_analytic3,5.603015075376884,173.90749833886613,0.0036460554501217615,0.634076382135464
IMC_PID,B_analytic3,5.623115577889447,182.11319794114277,0.0034774765817450135,0.6332943810670182
IMC_PID,B_analytic3,5.64321608040201,190.70339913961655,0.0033088977133682567,0.6310180413446311
IMC_PID,B_analytic3,5.663316582914573,199.69569189107102,0.003140318844991507,0.627108144509148
IMC_PID,B_analytic3,5.683417085427136,209.10840714743924,0.00297173997661475,0.6214158129662787
IMC_PID,B_analytic3,5.703517587939698,218.96063840164328,0.002803161108238002,0.6137819458024508
IMC_PID,B_analytic3,5.723618090452261,229.27226228279406,0.0026345822398612523,0.6040366303030601
IMC_PID,B_analytic3,5.743718592964824,240.06395787437083,0.0024660033714844955,0.5919985294901103
IMC_PID,B_analytic3,5.763819095477387,251.35722437570556,0.0022974245031077475,0.5774742463138979
IMC_PID,B_analytic3,5.78391959798995,263.1743966623053,0.0021288456347309907,0.5602576655075109
IMC_PID,B_analytic3,5.8040201005025125,275.5386582355131,0.001960266766354241,0.5401292745849156
IMC_PID,B_analytic3,5.824120603015075,288.4740509673266,0.0017916878979774911,0.516855465998701
IMC_PID,B_analytic3,5.844221105527638,302.00548095940434,0.0016231090296007361,0.49018782313412235
IMC_PID,B_analytic3,5.864321608040201,316.158719731067,0.0014545301612239846,0.4598623935827974
IMC_PID,B_analytic3,5.884422110552764,330.96039984114964,0.0012859512928472296,0.4255989540569624
IMC_PID,B_analytic3,5.9045226130653266,346.4380039145965,0.0011173724244704815,0.38710027236276684
IMC_PID,B_analytic3,5.924623115577889,362.61984590754116,0.00094879355609373,0.34405137310877637
IMC_PID,B_analytic3,5.944723618090452,379.53504327808736,0.0007802146877169749,0.2961188152688615
IMC_PID,B_analytic3,5.964824120603015,397.21347856097714,0.0006116358193402269,0.24294999141262488
IMC_PID,B_analytic3,5.984924623115578,415.6857486442847,0.0004430569509634684,0.18417246035330348
IMC_PID,B_analytic3,6.005025125628141,434.98309983335855,0.0003209488945864919,0.13960734505532207
IMC_PID,B_analytic3,6.025125628140703,455.1373465566649,0.0003382532742088295,0.15395169768751066
IMC_PID,B_analytic3,6.045226130653266,476.1807713111005,0.00035555765383116797,0.16930971784689083
IMC_PID,B_analytic3,6.065326633165829,498.14600318541625,0.0003728620334535056,0.18573973170445077
IMC_PID,B_analytic3,6.085427135678392,521.0658719995507,0.000390166413075844,0.20330240225430155
IMC_PID,B_analytic3,6.105527638190955,544.9732348195023,0.0004074707926981816,0.22206067599119486
IMC_PID,B_analytic3,6.125628140703517,569.9007712722189,0.00042477517232051925,0.2420796983227536
IMC_PID,B_analytic3,6.1457286432160805,595.8807438194428,0.0004420795519428577,0.26342669223907605
IMC_PID,B_analytic3,6.165829145728643,622.9447188017072,0.00045938393156519527,0.28617079407090323
IMC_PID,B_analytic3,6.185929648241206,651.1232438233943,0.0004766883111875337,0.31038283947312256
IMC_PID,B_analytic3,6.206030150753769,680.4454790408423,0.0004939926908098713,0.3361350931407976
IMC_PID,B_analytic3,6.226130653266331,710.9387638079295,0.000511297070432209,0.3635009071916905
IMC_PID,B_analytic3,6.2462311557788945,742.6281482319112,0.0005286014500545474,0.3925543160067116
IMC_PID,B_analytic3,6.266331658291457,775.5358381457442,0.0005459058296768851,0.42336953516711096
IMC_PID,B_analytic3,6.28643216080402,809.6805839328051,0.0005632102092992234,0.45602037114231264
IMC_PID,B_analytic3,6.306532663316583,845.076994495401,0.0005805145889215611,0.4905795240665661
IMC_PID,B_analytic3,6.326633165829145,881.7347749078431,0.0005978189685438987,0.5271177736646935
IMC_PID,B_analytic3,6.346733668341709,919.6578847825409,0.0006151233481662371,0.5657030372549161
IMC_PID,B_analytic3,6.366834170854271,958.8436156860879,0.0006324277277885747,0.606399289172934
IMC_PID,B_analytic3,6.386934673366834,999.2815876494559,0.0006497321074109132,0.6492653318404041
IMC_PID,B_analytic3,6.407035175879397,1040.9526670465682,0.0006670364870332508,0.694353410194636
IMC_PID,B_analytic3,6.427135678391959,1083.8278109916182,0.0006843408666555884,0.7417076634794333
IMC_PID,B_analytic3,6.447236180904523,1127.8668468876604,0.0007016452462779269,0.7913624115532013
IMC_PID,B_analytic3,6.467336683417085,1173.0171999448216,0.0007189496259002645,0.8433402770749053
IMC_PID,B_analytic3,6.4874371859296485,1219.2125865367377,0.0007362540055226029,0.8976501504212462
IMC_PID,B_analytic3,6.507537688442211,1266.3716969250513,0.0007535583851449406,0.9542850109280997
IMC_PID,B_analytic3,6.527638190954773,1314.3968973163492,0.0007708627647672781,1.0132196262668132
IMC_PID,B_analytic3,6.547738693467337,1363.1729882444247,0.0007881671443896166,1.0744081614536685
IMC_PID,B_analytic3,6.5678391959799,1412.566063576177,0.000805471524011955,1.1377817399962713
IMC_PID,B_analytic3,6.5879396984924625,1462.4225220559304,0.0008227759036342926,1.2032460120797093
IMC_PID,B_analytic3,6.608040201005025,1512.568290248035,0.0008400802832566302,1.270678797716566
IMC_PID,B_analytic3,6.628140703517587,1562.8083221722397,0.0008573846628789677,1.339927886450091
IMC_PID,B_analytic3,6.648241206030151,1612.9264455872235,0.0008746890425013062,1.4108090883157236
IMC_PID,B_analytic3,6.668341708542714,1662.6856274249926,0.0008919934221236446,1.4831046427226184
IMC_PID,B_analytic3,6.688442211055277,1711.8287302076274,0.0009092978017459822,1.5565621013434117
IMC_PID,B_analytic3,6.708542713567839,1760.0798267471364,0.00092660218136832,1.6308938068462713
IMC_PID,B_analytic3,6.7286432160804015,1807.1461310586985,0.0009439065609906576,1.7057770897751883
IMC_PID,B_analytic3,6.748743718592965,1852.7205888445928,0.000961210940612996,1.780855299896375
IMC_PID,B_analytic3,6.768844221105528,1896.4851503803225,0.0009785153202353342,1.8557397742459572
IMC_PID,B_analytic3,6.788944723618091,1938.1147226499895,0.000995819699857672,1.9300128213990477
IMC_PID,B_analytic3,6.809045226130653,1977.2817663797837,0.0010131240794800096,2.003231769436126
IMC_PID,B_analytic3,6.829145728643216,2013.6614685707084,0.0010304284591023474,2.074934084213085
IMC_PID,B_analytic3,6.849246231155779,2046.9373837355647,0.0010477328387246856,2.144643515752944
IMC_PID,B_analytic3,6.869346733668342,2076.8074002958347,0.001065037218347024,2.2118771766535903
IMC_PID,B_analytic3,6.889447236180905,2102.989854548268,0.0010823415979693619,2.276153399685128
IMC_PID,B_analytic3,6.909547738693467,2125.2295870095263,0.0010996459775916994,2.3370001668138944
IMC_PID,B_analytic3,6.92964824120603,2143.30371771063,0.001116950357214037,2.3939638531150615
IMC_PID,B_analytic3,6.949748743718593,2157.0269103715023,0.0011342547368363755,2.4466179905724084
IMC_PID,B_analytic3,6.969849246231156,2166.2559028249116,0.001151559116458714,2.494571733480529
IMC_PID,B_analytic3,6.989949748743719,2170.8931027237077,0.0011688634960810515,2.537477701667874
IMC_PID,B_analytic3,7.010050251256281,2170.8890833407468,0.001186167875703389,2.5750388923739713
IMC_PID,B_analytic3,7.030150753768844,2166.2438618619776,0.0012034722553257266,2.607014386020546
IMC_PID,B_analytic3,7.050251256281407,2157.006899095511,0.001220776634948065,2.6332236238375786
IMC_PID,B_analytic3,7.07035175879397,2143.2758205970963,0.0012380810145704035,2.653549102469067
IMC_PID,B_analytic3,7.090452261306533,2125.1939203360216,0.001255385394192741,2.667937407417053
IMC_PID,B_analytic3,7.110552763819095,2102.946564484834,0.0012726897738150787,2.6763985874994005
IMC_PID,B_analytic3,7.130653266331658,2076.7566605641214,0.0012899941534374165,2.6790039502399297
IMC_PID,B_analytic3,7.150753768844221,2046.879392922126,0.001307298533059755,2.675882427717337
IMC_PID,B_analytic3,7.170854271356784,2013.5964471799223,0.0013246029126820933,2.66721571890084
IMC_PID,B_analytic3,7.190954773869347,1977.209953682588,0.001341907292304431,2.653232455263571
IMC_PID,B_analytic3,7.211055276381909,1938.0363734558557,0.0013592116719267685,2.6342016594198245
IMC_PID,B_analytic3,7.231155778894472,1896.4005318193745,0.0013765160515491063,2.6104257722156308
IMC_PID,B_analytic3,7.251256281407035,1852.6299771713293,0.0013938204311714445,2.5822335135820857
IMC_PID,B_analytic3,7.2713567839195985,1807.0498086210737,0.001411124810793783,2.549972819285354
IMC_PID,B_analytic3,7.291457286432161,1759.9780791234002,0.0014284291904161205,2.5140040627123574
IMC_PID,B_analytic3,7.311557788944723,1711.721843569662,0.0014457335700384583,2.474693731816779
IMC_PID,B_analytic3,7.331658291457286,1662.5738861605769,0.001463037949660796,2.4324086895679518
IMC_PID,B_analytic3,7.351758793969849,1612.810130197685,0.0014803423292831343,2.387511104828276
IMC_PID,B_analytic3,7.371859296482413,1562.6877074504725,0.0014976467089054728,2.3403541021102385
IMC_PID,B_analytic3,7.391959798994975,1512.4436437220982,0.0015149510885278104,2.29127814439376
IMC_PID,B_analytic3,7.4120603015075375,1462.2941027272145,0.0015322554681501481,2.240608134947489
IMC_PID,B_analytic3,7.4321608040201,1412.4341209006727,0.0015495598477724857,2.188651201371511
IMC_PID,B_analytic3,7.452261306532663,1363.0377613543064,0.0015668642273948242,2.135695108854386
IMC_PID,B_analytic3,7.472361809045227,1314.2586144771224,0.0015841686070171626,2.082007238556529
IMC_PID,B_analytic3,7.492462311557789,1266.2305751598576,0.0016014729866395002,2.0278340609755094
IMC_PID,B_analytic3,7.5125628140703515,1219.0688314455313,0.0016187773662618378,1.9734010322592934
IMC_PID,B_analytic3,7.532663316582914,1172.8710056739951,0.0016360817458841753,1.9189128426600384
IMC_PID,B_analytic3,7.552763819095477,1127.71839619813,0.0016533861255065138,1.8645539497524457
IMC_PID,B_analytic3,7.572864321608041,1083.6772754601718,0.0016706905051288522,1.8104893347352127
IMC_PID,B_analytic3,7.592964824120603,1040.8002073460812,0.0016879948847511898,1.7568654260481626
IMC_PID,B_analytic3,7.613065326633166,999.1273538954149,0.0017052992643735274,1.70381114161332
IMC_PID,B_analytic3,7.633165829145728,958.6877478267728,0.0017226036439958652,1.6514390078605878
IMC_PID,B_analytic3,7.653266331658291,919.5005130370766,0.0017399080236182034,1.599846320354264
IMC_PID,B_analytic3,7.673366834170855,881.5760202293397,0.001757212403240542,1.5491163171464308
IMC_PID,B_analytic3,7.693467336683417,844.9169690456032,0.0017745167828628794,1.499319341697059
IMC_PID,B_analytic3,7.71356783919598,809.5193915690897,0.0017918211624852172,1.4505139772556521
IMC_PID,B_analytic3,7.733668341708542,775.3735749044453,0.001809125542107555,1.4027481390348775
IMC_PID,B_analytic3,7.7537688442211055,742.4649028048075,0.0018264299217298932,1.3560601143169773
IMC_PID,B_analytic3,7.773869346733669,710.7746180137319,0.0018437343013522314,1.3104795437624472
IMC_PID,B_analytic3,7.793969849246231,680.2805082804279,0.0018610386809745692,1.266028339822917
IMC_PID,B_analytic3,7.814070351758794,650.9575175171174,0.001878343060596907,1.222721535771667
IMC_PID,B_analytic3,7.834170854271356,622.7783008032746,0.0018956474402192446,1.1805680917418182
IMC_PID,B_analytic3,7.8542713567839195,595.7136928216971,0.001912951819841583,1.1395715927878154
IMC_PID,B_analytic3,7.874371859296483,569.7331411826115,0.0019302561994639213,1.0997309278077894
IMC_PID,B_analytic3,7.894472361809045,544.8050751192078,0.001947560579086259,1.0610408875882973
IMC_PID,B_analytic3,7.914572864321608,520.8972280787464,0.0019648649587085966,1.0234927105403684
IMC_PID,B_analytic3,7.93467336683417,497.97691665648927,0.0019821693383309342,0.9870745753930721
IMC_PID,B_analytic3,7.954773869346734,476.01128030832444,0.0019994737179532727,0.9517720444257829
IMC_PID,B_analytic3,7.974874371859297,454.9674860072796,0.002016778097575611,0.9175684608885198
IMC_PID,B_analytic3,7.994974874371859,434.81290171532135,0.0020340824771979487,0.884445304238729
IMC_PID,B_analytic3,8.015075376884422,415.5152422235053,0.0020513868568202863,0.8523825067057964
IMC_PID,B_analytic3,8.035175879396984,397.04269061338977,0.002068691236442624,0.8213587345655194
IMC_PID,B_analytic3,8.055276381909547,379.36399829230106,0.0020859956160649614,0.7913516373306155
IMC_PID,B_analytic3,8.075376884422111,362.4485662742883,0.0021032999956873007,0.7623380678815789
IMC_PID,B_analytic3,8.095477386934673,346.26651010044344,0.0021206043753096383,0.7342942763421995
IMC_PID,B_analytic3,8.115577889447236,330.7887105504501,0.002137908754931976,0.7071960803184665
IMC_PID,B_analytic3,8.1356783919598,315.986852053195,0.002155213134554315,0.681019013891517
IMC_PID,B_analytic3,8.155778894472363,301.83345050511946,0.0021725175141766528,0.6557384575867439
IMC_PID,B_analytic3,8.175879396984925,288.30187199448136,0.0021898218937989903,0.6313297513167493
IMC_PID,B_analytic3,8.195979899497488,275.36634376298093,0.0022071262734213283,0.6077682921352445
IMC_PID,B_analytic3,8.21608040201005,263.00195857754835,0.0022244306530436655,0.5850296184704189
IMC_PID,B_analytic3,8.236180904522612,251.18467353046285,0.0022417350326660035,0.5630894823220115
IMC_PID,B_analytic3,8.256281407035175,239.89130417406133,0.002259039412288341,0.5419239107944551
IMC_PID,B_analytic3,8.27638190954774,229.0995147673574,0.00227634379191068,0.5215092581704232
IMC_PID,B_analytic3,8.296482412060302,218.78780532137228,0.0022936481715330175,0.5018222496290873
IMC_PID,B_analytic3,8.316582914572864,208.93549603034842,0.002310952551155355,0.48284001757824324
IMC_PID,B_analytic3,8.336683417085428,199.5227096058443,0.0023282569307776944,0.4645401314873523
IMC_PID,B_analytic3,8.35678391959799,190.53035195282845,0.002345561310400032,0.4469006219974556
IMC_PID,B_analytic3,8.376884422110553,181.9400915696068,0.00236286569002237,0.4299000000093522
IMC_PID,B_analytic3,8.396984924623116,173.73433799759928,0.002380170069644707,0.41351727137142297
IMC_PID,B_analytic3,8.417085427135678,165.89621959961036,0.002397474449267045,0.39773194772006065
IMC_PID,B_analytic3,8.43718592964824,158.40956090402906,0.0024147788288893827,0.3825240539647127
IMC_PID,B_analytic3,8.457286432160803,151.25885971624783,0.0024320832085117203,0.3678741328545162
IMC_PID,B_analytic3,8.477386934673367,144.42926416621185,0.002449387588134059,0.3537632470120545
IMC_PID,B_analytic3,8.49748743718593,137.906549834681,0.002466691967756397,0.3401729787782049
IMC_PID,B_analytic3,8.517587939698492,131.67709707604263,0.0024839963473787348,0.327085428170325
IMC_PID,B_analytic3,8.537688442211056,125.72786863594322,0.002501300727001074,0.3144832092233803
IMC_PID,B_analytic3,8.557788944723619,120.04638764275522,0.0025186051066234116,0.30234944494873695
IMC_PID,B_analytic3,8.577889447236181,114.62071603809473,0.002535909486245749,0.29066776112128473
IMC_PID,B_analytic3,8.597989949748744,109.43943349739317,0.002553213865868087,0.2794222790782926
IMC_PID,B_analytic3,8.618090452261306,104.49161688019164,0.0025705182454904244,0.26859760769132784
IMC_PID,B_analytic3,8.638190954773869,99.7668202410513,0.002587822625112762,0.2581788346553504
IMC_PID,B_analytic3,8.658291457286431,95.25505542253532,0.0026051270047350995,0.24815151721878534
IMC_PID,B_analytic3,8.678391959798995,90.94677324546113,0.002622431384357439,0.23850167246493673
IMC_PID,B_analytic3,8.698492462311558,86.83284530558228,0.0026397357639797764,0.229215767241269
IMC_PID,B_analytic3,8.71859296482412,82.9045463801829,0.0026570401436021144,0.2202807078192693
IMC_PID,B_analytic3,8.738693467336685,79.15353744528191,0.0026743445232244533,0.21168382936063138
IMC_PID,B_analytic3,8.758793969849247,75.57184929880272,0.002691648902846791,0.20341288525122536
IMC_PID,B_analytic3,8.77889447236181,72.15186678372785,0.0027089532824691284,0.19545603636005485
IMC_PID,B_analytic3,8.798994974874372,68.88631360219846,0.0027262576620914664,0.18780184027122915
IMC_PID,B_analytic3,8.819095477386934,65.76823770933912,0.0027435620417138036,0.1804392405297532
IMC_PID,B_analytic3,8.839195979899497,62.790997274800525,0.0027608664213361416,0.17335755593820595
IMC_PID,B_analytic3,8.85929648241206,59.948247198028014,0.002778170800958479,0.16654646993420238
IMC_PID,B_analytic3,8.879396984924623,57.233926162888146,0.0027954751805808185,0.15999602007554897
IMC_PID,B_analytic3,8.899497487437186,54.64224421625475,0.002812779560203156,0.1536965876551105
IMC_PID,B_analytic3,8.919597989949748,52.167670854948334,0.0028300839398254936,0.14763888746469175
IMC_PID,B_analytic3,8.939698492462313,49.80492360468561,0.0028473883194478325,0.14181395772297345
IMC_PID,B_analytic3,8.959798994974875,47.54895707529272,0.0028646926990701705,0.13621315018199198
IMC_PID,B_analytic3,8.979899497487438,45.394952475238306,0.002881997078692508,0.13082812042102204
IMC_PID,B_analytic3,9.0,43.33830756987371,0.0028993014583148457,0.12565081833823216
IMC_PID,C_add7,5.0,43.51199062255985,0.008703421501424325,0.378703194754161
IMC_PID,C_add7,5.0201005025125625,45.56863215898163,0.008534842633047575,0.38892110448013917
IMC_PID,C_add7,5.040201005025126,47.72263306346019,0.008366263764670819,0.3992601357535085
IMC_PID,C_add7,5.060301507537688,49.97859553893587,0.00819768489629407,0.4097087777875248
IMC_PID,C_add7,5.080402010050252,52.34133834220194,0.008029106027917314,0.4202541551926332
IMC_PID,C_add7,5.100502512562814,54.81590682538412,0.007860527159540564,0.4308819243757768
IMC_PID,C_add7,5.1206030150753765,57.4075834209168,0.007691948291163816,0.4415761631943652
IMC_PID,C_add7,5.14070351758794,60.12189858617022,0.007523369422787059,0.45231925346309754
IMC_PID,C_add7,5.160804020100502,62.96464222398279,0.007354790554410309,0.46309175589077317
IMC_PID,C_add7,5.180904522613066,65.94187559535318,0.0071862116860335525,0.4738722770022978
IMC_PID,C_add7,5.201005025125628,69.059943740339,0.0070176328176568045,0.48463732757773553
IMC_PID,C_add7,5.221105527638191,72.32548842296983,0.006849053949280055,0.49536117211695035
IMC_PID,C_add7,5.241206030150754,75.74546161534393,0.006680475080903298,0.5060156688128223
IMC_PID,C_add7,5.261306532663316,79.3271395355618,0.00651189621252655,0.51657009949219
IMC_PID,C_add7,5.28140703517588,83.07813725307062,0.006343317344149793,0.52699098895706
IMC_PID,C_add7,5.301507537688442,87.0064238739693,0.006174738475773043,0.5372419131340165
IMC_PID,C_add7,5.321608040201005,91.12033831699802,0.006006159607396295,0.5472832954118384
IMC_PID,C_add7,5.341708542713568,95.42860568941595,0.0058375807390195385,0.5570721905240249
IMC_PID,C_add7,5.36180904522613,99.94035426887815,0.005669001870642789,0.5665620553029732
IMC_PID,C_add7,5.381909547738694,104.66513309578431,0.005500423002266032,0.5757025056152878
IMC_PID,C_add7,5.402010050251256,109.61293017529923,0.005331844133889284,0.5844390587535848
IMC_PID,C_add7,5.422110552763819,114.79419128596818,0.005163265265512534,0.5927128605494412
IMC_PID,C_add7,5.442211055276382,120.21983938521302,0.004994686397135777,0.6004603964431714
IMC_PID,C_add7,5.4623115577889445,125.90129459700343,0.0048261075287590275,0.6076131857351065
IMC_PID,C_add7,5.482412060301508,131.85049475968464,0.0046575286603822725,0.6140974582288138
IMC_PID,C_add7,5.50251256281407,138.07991650358838,0.004488949792005523,0.619833812468923
IMC_PID,C_add7,5.522613065326633,144.6025968188979,0.004320370923628773,0.6247368547775809
IMC_PID,C_add7,5.542713567839196,151.43215506116582,0.004151792055252016,0.6287148182926396
IMC_PID,C_add7,5.562814070351759,158.58281533215805,0.003983213186875268,0.6316691612428574
IMC_PID,C_add7,5.582914572864322,166.06942915368802,0.0038146343184985113,0.6334941437031155
IMC_PID,C_add7,5.603015075376884,173.90749833886613,0.0036460554501217615,0.634076382135464
IMC_PID,C_add7,5.623115577889447,182.11319794114277,0.0034774765817450135,0.6332943810670182
IMC_PID,C_add7,5.64321608040201,190.70339913961655,0.0033088977133682567,0.6310180413446311
IMC_PID,C_add7,5.663316582914573,199.69569189107102,0.003140318844991507,0.627108144509148
IMC_PID,C_add7,5.683417085427136,209.10840714743924,0.00297173997661475,0.6214158129662787
IMC_PID,C_add7,5.703517587939698,218.96063840164328,0.002803161108238002,0.6137819458024508
IMC_PID,C_add7,5.723618090452261,229.27226228279406,0.0026345822398612523,0.6040366303030601
IMC_PID,C_add7,5.743718592964824,240.06395787437083,0.0024660033714844955,0.5919985294901103
IMC_PID,C_add7,5.763819095477387,251.35722437570556,0.0022974245031077475,0.5774742463138979
IMC_PID,C_add7,5.78391959798995,263.1743966623053,0.0021288456347309907,0.5602576655075109
IMC_PID,C_add7,5.8040201005025125,275.5386582355131,0.001960266766354241,0.5401292745849156
IMC_PID,C_add7,5.824120603015075,288.4740509673266,0.0017916878979774911,0.516855465998701
IMC_PID,C_add7,5.844221105527638,302.00548095940434,0.0016231090296007361,0.49018782313412235
IMC_PID,C_add7,5.864321608040201,316.158719731067,0.0014545301612239846,0.4598623935827974
IMC_PID,C_add7,5.884422110552764,330.96039984114964,0.0012859512928472296,0.4255989540569624
IMC_PID,C_add7,5.9045226130653266,346.4380039145965,0.0011173724244704815,0.38710027236276684
IMC_PID,C_add7,5.924623115577889,362.61984590754116,0.00094879355609373,0.34405137310877637
IMC_PID,C_add7,5.944723618090452,379.53504327808736,0.0007802146877169749,0.2961188152688615
IMC_PID,C_add7,5.964824120603015,397.21347856097714,0.0006116358193402269,0.24294999141262488
IMC_PID,C_add7,5.984924623115578,415.6857486442847,0.0004430569509634684,0.18417246035330348
IMC_PID,C_add7,6.005025125628141,434.98309983335855,0.00031534685595804586,0.1371705529273344
IMC_PID,C_add7,6.025125628140703,455.1373465566649,0.00031024308106659916,0.14120321270421624
IMC_PID,C_add7,6.045226130653266,476.1807713111005,0.0003051393061751523,0.14530147017181808
IMC_PID,C_add7,6.065326633165829,498.14600318541625,0.0003000355312837056,0.14946150072259087
IMC_PID,C_add7,6.085427135678392,521.0658719995507,0.00029493175639225874,0.15367887282489137
IMC_PID,C_add7,6.105527638190955,544.9732348195023,0.00028982798150081204,0.1579484926197044
IMC_PID,C_add7,6.125628140703517,569.9007712722189,0.0002847242066093654,0.16226454494654793
IMC_PID,C_add7,6.1457286432160805,595.8807438194428,0.0002796204317179185,0.16662043083918698
IMC_PID,C_add7,6.165829145728643,622.9447188017072,0.00027451665682647183,0.17100870159315124
IMC_PID,C_add7,6.185929648241206,651.1232438233943,0.0002694128819350249,0.17542098961334257
IMC_PID,C_add7,6.206030150753769,680.4454790408423,0.00026430910704357827,0.1798479369571249
IMC_PID,C_add7,6.226130653266331,710.9387638079295,0.00025920533215213163,0.18427911841266023
IMC_PID,C_add7,6.2462311557788945,742.6281482319112,0.0002541015572606847,0.18870296893134722
IMC_PID,C_add7,6.266331658291457,775.5358381457442,0.000248997782369238,0.1931067038461586
IMC_PID,C_add7,6.28643216080402,809.6805839328051,0.00024389400747779115,0.1974762423923299
IMC_PID,C_add7,6.306532663316583,845.076994495401,0.0002387902325863445,0.20179613206892577
IMC_PID,C_add7,6.326633165829145,881.7347749078431,0.0002336864576948978,0.2060494761746219
IMC_PID,C_add7,6.346733668341709,919.6578847825409,0.00022858268280345095,0.21021786656494018
IMC_PID,C_add7,6.366834170854271,958.8436156860879,0.00022347890791200425,0.21428132409192444
IMC_PID,C_add7,6.386934673366834,999.2815876494559,0.0002183751330205574,0.2182182496279437
IMC_PID,C_add7,6.407035175879397,1040.9526670465682,0.0002132713581291107,0.22200538904914158
IMC_PID,C_add7,6.427135678391959,1083.8278109916182,0.00020816758323766404,0.2256178160598929
IMC_PID,C_add7,6.447236180904523,1127.8668468876604,0.00020306380834621713,0.22902893723644807
IMC_PID,C_add7,6.467336683417085,1173.0171999448216,0.00019796003345477048,0.2322105241440981
IMC_PID,C_add7,6.4874371859296485,1219.2125865367377,0.0001928562585633236,0.23513277783278763
IMC_PID,C_add7,6.507537688442211,1266.3716969250513,0.00018775248367187692,0.23776443134944777
IMC_PID,C_add7,6.527638190954773,1314.3968973163492,0.00018264870878043025,0.24007289611983496
IMC_PID,C_add7,6.547738693467337,1363.1729882444247,0.00017754493388898336,0.24202445807710427
IMC_PID,C_add7,6.5678391959799,1412.566063576177,0.00017244115899753648,0.24358452916366374
IMC_PID,C_add7,6.5879396984924625,1462.4225220559304,0.0001673373841060898,0.2447179592986698
IMC_PID,C_add7,6.608040201005025,1512.568290248035,0.00016223360921464313,0.24538941291056063
IMC_PID,C_add7,6.628140703517587,1562.8083221722397,0.00015712983432319646,0.24556381274183667
IMC_PID,C_add7,6.648241206030151,1612.9264455872235,0.00015202605943174957,0.24520685167588382
IMC_PID,C_add7,6.668341708542714,1662.6856274249926,0.00014692228454030268,0.24428557085360647
IMC_PID,C_add7,6.688442211055277,1711.8287302076274,0.000141818509648856,0.24276899929213933
IMC_PID,C_add7,6.708542713567839,1760.0798267471364,0.00013671473475740937,0.24062884666560178
IMC_PID,C_add7,6.7286432160804015,1807.1461310586985,0.0001316109598659627,0.23784023692669615
IMC_PID,C_add7,6.748743718592965,1852.7205888445928,0.0001265071849745158,0.23438246623905676
IMC_PID,C_add7,6.768844221105528,1896.4851503803225,0.00012140341008306892,0.23023976442807292
IMC_PID,C_add7,6.788944723618091,1938.1147226499895,0.00011629963519162225,0.2254020352037059
IMC_PID,C_add7,6.809045226130653,1977.2817663797837,0.00011119586030017558,0.21986554706845082
IMC_PID,C_add7,6.829145728643216,2013.6614685707084,0.0001060920854087289,0.21363354450787006
IMC_PID,C_add7,6.849246231155779,2046.9373837355647,0.00010098831051728202,0.20671674811812007
IMC_PID,C_add7,6.869346733668342,2076.8074002958347,9.588453562583513e-05,0.199133713161664
IMC_PID,C_add7,6.889447236180905,2102.989854548268,9.078076073438846e-05,0.19091101881259268
IMC_PID,C_add7,6.909547738693467,2125.2295870095263,8.567698584294178e-05,0.1820832652392162
IMC_PID,C_add7,6.92964824120603,2143.30371771063,8.057321095149511e-05,0.17269286258022232
IMC_PID,C_add7,6.949748743718593,2157.0269103715023,7.546943606004822e-05,0.16278960449208546
IMC_PID,C_add7,6.969849246231156,2166.2559028249116,7.036566116860134e-05,0.1524300288626603
IMC_PID,C_add7,6.989949748743719,2170.8931027237077,6.526188627715469e-05,0.1416765787898141
IMC_PID,C_add7,7.010050251256281,2170.8890833407468,7.696422727104627e-05,0.16708080079047052
IMC_PID,C_add7,7.030150753768844,2166.2438618619776,0.00010547268415027605,0.2284795546346426
IMC_PID,C_add7,7.050251256281407,2157.006899095511,0.0001339811410295071,0.2889982455493355
IMC_PID,C_add7,7.07035175879397,2143.2758205970963,0.00016248959790873813,0.34826002629634295
IMC_PID,C_add7,7.090452261306533,2125.1939203360216,0.00019099805478796792,0.40590790483139577
IMC_PID,C_add7,7.110552763819095,2102.946564484834,0.00021950651166719772,0.4616104645925836
IMC_PID,C_add7,7.130653266331658,2076.7566605641214,0.0002480149685464275,0.5150667378483943
IMC_PID,C_add7,7.150753768844221,2046.879392922126,0.00027652342542565855,0.5660101011640187
IMC_PID,C_add7,7.170854271356784,2013.5964471799223,0.0003050318823048896,0.61421111448573
IMC_PID,C_add7,7.190954773869347,1977.209953682588,0.0003335403391841194,0.6594792785895074
IMC_PID,C_add7,7.211055276381909,1938.0363734558557,0.00036204879606334915,0.7016637357366718
IMC_PID,C_add7,7.231155778894472,1896.4005318193745,0.0003905572529425789,0.7406529821862207
IMC_PID,C_add7,7.251256281407035,1852.6299771713293,0.00041906570982181,0.7763736964204667
IMC_PID,C_add7,7.2713567839195985,1807.0498086210737,0.00044757416670104105,0.8087888122808528
IMC_PID,C_add7,7.291457286432161,1759.9780791234002,0.0004760826235802708,0.8378949813528338
IMC_PID,C_add7,7.311557788944723,1711.721843569662,0.0005045910804595006,0.863719574492944
IMC_PID,C_add7,7.331658291457286,1662.5738861605769,0.0005330995373387305,0.8863173695036587
IMC_PID,C_add7,7.351758793969849,1612.810130197685,0.0005616079942179615,0.9057670622747314
IMC_PID,C_add7,7.371859296482413,1562.6877074504725,0.0005901164510971926,0.9221677240938808
IMC_PID,C_add7,7.391959798994975,1512.4436437220982,0.0006186249079764224,0.9356353099171079
IMC_PID,C_add7,7.4120603015075375,1462.2941027272145,0.0006471333648556521,0.946299303106439
IMC_PID,C_add7,7.4321608040201,1412.4341209006727,0.0006756418217348819,0.9542995625258369
IMC_PID,C_add7,7.452261306532663,1363.0377613543064,0.000704150278614113,0.9597834194191917
IMC_PID,C_add7,7.472361809045227,1314.2586144771224,0.000732658735493344,0.9629030545940428
IMC_PID,C_add7,7.492462311557789,1266.2305751598576,0.0007611671923725738,0.9638131717907381
IMC_PID,C_add7,7.5125628140703515,1219.0688314455313,0.0007896756492518036,0.9626689709543874
IMC_PID,C_add7,7.532663316582914,1172.8710056739951,0.0008181841061310333,0.9596244153843838
IMC_PID,C_add7,7.552763819095477,1127.71839619813,0.0008466925630102644,0.9548307792308195
IMC_PID,C_add7,7.572864321608041,1083.6772754601718,0.0008752010198894955,0.9484354567138121
IMC_PID,C_add7,7.592964824120603,1040.8002073460812,0.0009037094767687252,0.9405810108015077
IMC_PID,C_add7,7.613065326633166,999.1273538954149,0.000932217933647955,0.9314044372995327
IMC_PID,C_add7,7.633165829145728,958.6877478267728,0.0009607263905271849,0.9210366196122515
IMC_PID,C_add7,7.653266331658291,919.5005130370766,0.0009892348474064157,0.9096019497043535
IMC_PID,C_add7,7.673366834170855,881.5760202293397,0.0010177433042856468,0.8972180918071985
IMC_PID,C_add7,7.693467336683417,844.9169690456032,0.0010462517611648768,0.883995866902052
IMC_PID,C_add7,7.71356783919598,809.5193915690897,0.0010747602180441065,0.8700392377937274
IMC_PID,C_add7,7.733668341708542,775.3735749044453,0.0011032686749233363,0.8554453765553975
IMC_PID,C_add7,7.7537688442211055,742.4649028048075,0.0011317771318025674,0.840304798160497
IMC_PID,C_add7,7.773869346733669,710.7746180137319,0.0011602855886817985,0.8247015460821434
IMC_PID,C_add7,7.793969849246231,680.2805082804279,0.0011887940455610282,0.8087134175550024
IMC_PID,C_add7,7.814070351758794,650.9575175171174,0.001217302502440258,0.792412215055885
IMC_PID,C_add7,7.834170854271356,622.7783008032746,0.0012458109593194878,0.7758640323670881
IMC_PID,C_add7,7.8542713567839195,595.7136928216971,0.0012743194161987188,0.759129525258128
IMC_PID,C_add7,7.874371859296483,569.7331411826115,0.0013028278730779499,0.742264216548961
IMC_PID,C_add7,7.894472361809045,544.8050751192078,0.0013313363299571797,0.7253187892512517
IMC_PID,C_add7,7.914572864321608,520.8972280787464,0.0013598447868364094,0.7083393800804194
IMC_PID,C_add7,7.93467336683417,497.97691665648927,0.0013883532437156392,0.6913678675355494
IMC_PID,C_add7,7.954773869346734,476.01128030832444,0.0014168617005948703,0.674442152119994
IMC_PID,C_add7,7.974874371859297,454.9674860072796,0.0014453701574741013,0.6575964268959377
IMC_PID,C_add7,7.994974874371859,434.81290171532135,0.001473878614353331,0.6408614370831289
IMC_PID,C_add7,8.015075376884422,415.5152422235053,0.0015023870712325609,0.6242647278166602
IMC_PID,C_add7,8.035175879396984,397.04269061338977,0.0015308955281117906,0.6078308795295116
IMC_PID,C_add7,8.055276381909547,379.36399829230106,0.0015594039849910204,0.5915817306991409
IMC_PID,C_add7,8.075376884422111,362.4485662742883,0.0015879124418702528,0.5755365879249772
IMC_PID,C_add7,8.095477386934673,346.26651010044344,0.0016164208987494825,0.5597124234634056
IMC_PID,C_add7,8.115577889447236,330.7887105504501,0.0016449293556287123,0.5441240604950045
IMC_PID,C_add7,8.1356783919598,315.986852053195,0.0016734378125079447,0.5287843464811701
IMC_PID,C_add7,8.155778894472363,301.83345050511946,0.0017019462693871744,0.5137043150634464
IMC_PID,C_add7,8.175879396984925,288.30187199448136,0.0017304547262664042,0.49889333698430216
IMC_PID,C_add7,8.195979899497488,275.36634376298093,0.001758963183145634,0.48435926055650785
IMC_PID,C_add7,8.21608040201005,263.00195857754835,0.0017874716400248637,0.4701085422283616
IMC_PID,C_add7,8.236180904522612,251.18467353046285,0.0018159800969040935,0.456146367778673
IMC_PID,C_add7,8.256281407035175,239.89130417406133,0.0018444885537833233,0.44247676470120967
IMC_PID,C_add7,8.27638190954774,229.0995147673574,0.0018729970106625556,0.4291027063035024
IMC_PID,C_add7,8.296482412060302,218.78780532137228,0.0019015054675417854,0.41602620805005713
IMC_PID,C_add7,8.316582914572864,208.93549603034842,0.0019300139244210152,0.4032484166443842
IMC_PID,C_add7,8.336683417085428,199.5227096058443,0.0019585223813002473,0.39076969234071596
IMC_PID,C_add7,8.35678391959799,190.53035195282845,0.001987030838179477,0.3785896849394595
IMC_PID,C_add7,8.376884422110553,181.9400915696068,0.002015539295058707,0.36670740390512185
IMC_PID,C_add7,8.396984924623116,173.73433799759928,0.002044047751937937,0.35512128301841855
IMC_PID,C_add7,8.417085427135678,165.89621959961036,0.002072556208817167,0.3438292399504686
IMC_PID,C_add7,8.43718592964824,158.40956090402906,0.0021010646656963966,0.3328287311239368
IMC_PID,C_add7,8.457286432160803,151.25885971624783,0.0021295731225756264,0.3221168022031585
IMC_PID,C_add7,8.477386934673367,144.42926416621185,0.0021580815794548587,0.3116901345313215
IMC_PID,C_add7,8.49748743718593,137.906549834681,0.0021865900363340885,0.3015450878137239
IMC_PID,C_add7,8.517587939698492,131.67709707604263,0.0022150984932133183,0.2916777393238459
IMC_PID,C_add7,8.537688442211056,125.72786863594322,0.0022436069500925506,0.28208391989192544
IMC_PID,C_add7,8.557788944723619,120.04638764275522,0.0022721154069717804,0.2727592469144109
IMC_PID,C_add7,8.577889447236181,114.62071603809473,0.00230062386385101,0.26369915460893095
IMC_PID,C_add7,8.597989949748744,109.43943349739317,0.00232913232073024,0.2548989217211861
IMC_PID,C_add7,8.618090452261306,104.49161688019164,0.0023576407776094697,0.24635369687508582
IMC_PID,C_add7,8.638190954773869,99.7668202410513,0.0023861492344886995,0.23805852174555625
IMC_PID,C_add7,8.658291457286431,95.25505542253532,0.0024146576913679292,0.2300083522177033
IMC_PID,C_add7,8.678391959798995,90.94677324546113,0.0024431661482471616,0.22219807768562128
IMC_PID,C_add7,8.698492462311558,86.83284530558228,0.0024716746051263914,0.2146225386326761
IMC_PID,C_add7,8.71859296482412,82.9045463801829,0.002500183062005621,0.2072765426229927
IMC_PID,C_add7,8.738693467336685,79.15353744528191,0.0025286915188848535,0.20015487882761904
IMC_PID,C_add7,8.758793969849247,75.57184929880272,0.0025571999757640833,0.19325233119534527
IMC_PID,C_add7,8.77889447236181,72.15186678372785,0.002585708432643313,0.18656369037364207
IMC_PID,C_add7,8.798994974874372,68.88631360219846,0.002614216889522543,0.18008376447581367
IMC_PID,C_add7,8.819095477386934,65.76823770933912,0.0026427253464017726,0.17380738878264734
IMC_PID,C_add7,8.839195979899497,62.790997274800525,0.0026712338032810023,0.16772943446217245
IMC_PID,C_add7,8.85929648241206,59.948247198028014,0.002699742260160232,0.16184481638304846
IMC_PID,C_add7,8.879396984924623,57.233926162888146,0.0027282507170394645,0.15614850009288336
IMC_PID,C_add7,8.899497487437186,54.64224421625475,0.0027567591739186942,0.150635508026666
IMC_PID,C_add7,8.919597989949748,52.167670854948334,0.002785267630797924,0.14530092500640784
IMC_PID,C_add7,8.939698492462313,49.80492360468561,0.0028137760876771564,0.14013990308745194
IMC_PID,C_add7,8.959798994974875,47.54895707529272,0.002842284544556386,0.13514766580487952
IMC_PID,C_add7,8.979899497487438,45.394952475238306,0.002870793001435616,0.13031951186641652
IMC_PID,C_add7,9.0,43.33830756987371,0.0028993014583148457,0.12565081833823216
IMC_PID,D_add8,5.0,43.51199062255985,0.008703421501424325,0.378703194754161
IMC_PID,D_add8,5.0201005025125625,45.56863215898163,0.008534842633047575,0.38892110448013917
IMC_PID,D_add8,5.040201005025126,47.72263306346019,0.008366263764670819,0.3992601357535085
IMC_PID,D_add8,5.060301507537688,49.97859553893587,0.00819768489629407,0.4097087777875248
IMC_PID,D_add8,5.080402010050252,52.34133834220194,0.008029106027917314,0.4202541551926332
IMC_PID,D_add8,5.100502512562814,54.81590682538412,0.007860527159540564,0.4308819243757768
IMC_PID,D_add8,5.1206030150753765,57.4075834209168,0.007691948291163816,0.4415761631943652
IMC_PID,D_add8,5.14070351758794,60.12189858617022,0.007523369422787059,0.45231925346309754
IMC_PID,D_add8,5.160804020100502,62.96464222398279,0.007354790554410309,0.46309175589077317
IMC_PID,D_add8,5.180904522613066,65.94187559535318,0.0071862116860335525,0.4738722770022978
IMC_PID,D_add8,5.201005025125628,69.059943740339,0.0070176328176568045,0.48463732757773553
IMC_PID,D_add8,5.221105527638191,72.32548842296983,0.006849053949280055,0.49536117211695035
IMC_PID,D_add8,5.241206030150754,75.74546161534393,0.006680475080903298,0.5060156688128223
IMC_PID,D_add8,5.261306532663316,79.3271395355618,0.00651189621252655,0.51657009949219
IMC_PID,D_add8,5.28140703517588,83.07813725307062,0.006343317344149793,0.52699098895706
IMC_PID,D_add8,5.301507537688442,87.0064238739693,0.006174738475773043,0.5372419131340165
IMC_PID,D_add8,5.321608040201005,91.12033831699802,0.006006159607396295,0.5472832954118384
IMC_PID,D_add8,5.341708542713568,95.42860568941595,0.0058375807390195385,0.5570721905240249
IMC_PID,D_add8,5.36180904522613,99.94035426887815,0.005669001870642789,0.5665620553029732
IMC_PID,D_add8,5.381909547738694,104.66513309578431,0.005500423002266032,0.5757025056152878
IMC_PID,D_add8,5.402010050251256,109.61293017529923,0.005331844133889284,0.5844390587535848
IMC_PID,D_add8,5.422110552763819,114.79419128596818,0.005163265265512534,0.5927128605494412
IMC_PID,D_add8,5.442211055276382,120.21983938521302,0.004994686397135777,0.6004603964431714
IMC_PID,D_add8,5.4623115577889445,125.90129459700343,0.0048261075287590275,0.6076131857351065
IMC_PID,D_add8,5.482412060301508,131.85049475968464,0.0046575286603822725,0.6140974582288138
IMC_PID,D_add8,5.50251256281407,138.07991650358838,0.004488949792005523,0.619833812468923
IMC_PID,D_add8,5.522613065326633,144.6025968188979,0.004320370923628773,0.6247368547775809
IMC_PID,D_add8,5.542713567839196,151.43215506116582,0.004151792055252016,0.6287148182926396
IMC_PID,D_add8,5.562814070351759,158.58281533215805,0.003983213186875268,0.6316691612428574
IMC_PID,D_add8,5.582914572864322,166.06942915368802,0.0038146343184985113,0.6334941437031155
IMC_PID,D_add8,5.603015075376884,173.90749833886613,0.0036460554501217615,0.634076382135464
IMC_PID,D_add8,5.623115577889447,182.11319794114277,0.0034774765817450135,0.6332943810670182
IMC_PID,D_add8,5.64321608040201,190.70339913961655,0.0033088977133682567,0.6310180413446311
IMC_PID,D_add8,5.663316582914573,199.69569189107102,0.003140318844991507,0.627108144509148
IMC_PID,D_add8,5.683417085427136,209.10840714743924,0.00297173997661475,0.6214158129662787
IMC_PID,D_add8,5.703517587939698,218.96063840164328,0.002803161108238002,0.6137819458024508
IMC_PID,D_add8,5.723618090452261,229.27226228279406,0.0026345822398612523,0.6040366303030601
IMC_PID,D_add8,5.743718592964824,240.06395787437083,0.0024660033714844955,0.5919985294901103
IMC_PID,D_add8,5.763819095477387,251.35722437570556,0.0022974245031077475,0.5774742463138979
IMC_PID,D_add8,5.78391959798995,263.1743966623053,0.0021288456347309907,0.5602576655075109
IMC_PID,D_add8,5.8040201005025125,275.5386582355131,0.001960266766354241,0.5401292745849156
IMC_PID,D_add8,5.824120603015075,288.4740509673266,0.0017916878979774911,0.516855465998701
IMC_PID,D_add8,5.844221105527638,302.00548095940434,0.0016231090296007361,0.49018782313412235
IMC_PID,D_add8,5.864321608040201,316.158719731067,0.0014545301612239846,0.4598623935827974
IMC_PID,D_add8,5.884422110552764,330.96039984114964,0.0012859512928472296,0.4255989540569624
IMC_PID,D_add8,5.9045226130653266,346.4380039145965,0.0011173724244704815,0.38710027236276684
IMC_PID,D_add8,5.924623115577889,362.61984590754116,0.00094879355609373,0.34405137310877637
IMC_PID,D_add8,5.944723618090452,379.53504327808736,0.0007802146877169749,0.2961188152688615
IMC_PID,D_add8,5.964824120603015,397.21347856097714,0.0006116358193402269,0.24294999141262488
IMC_PID,D_add8,5.984924623115578,415.6857486442847,0.0004430569509634684,0.18417246035330348
IMC_PID,D_add8,6.005025125628141,434.98309983335855,0.00031534685595804586,0.1371705529273344
IMC_PID,D_add8,6.025125628140703,455.1373465566649,0.00031024308106659916,0.14120321270421624
IMC_PID,D_add8,6.045226130653266,476.1807713111005,0.0003051393061751523,0.14530147017181808
IMC_PID,D_add8,6.065326633165829,498.14600318541625,0.0003000355312837056,0.14946150072259087
IMC_PID,D_add8,6.085427135678392,521.0658719995507,0.00029493175639225874,0.15367887282489137
IMC_PID,D_add8,6.105527638190955,544.9732348195023,0.00028982798150081204,0.1579484926197044
IMC_PID,D_add8,6.125628140703517,569.9007712722189,0.0002847242066093654,0.16226454494654793
IMC_PID,D_add8,6.1457286432160805,595.8807438194428,0.0002796204317179185,0.16662043083918698
IMC_PID,D_add8,6.165829145728643,622.9447188017072,0.00027451665682647183,0.17100870159315124
IMC_PID,D_add8,6.185929648241206,651.1232438233943,0.0002694128819350249,0.17542098961334257
IMC_PID,D_add8,6.206030150753769,680.4454790408423,0.00026430910704357827,0.1798479369571249
IMC_PID,D_add8,6.226130653266331,710.9387638079295,0.00025920533215213163,0.18427911841266023
IMC_PID,D_add8,6.2462311557788945,742.6281482319112,0.0002541015572606847,0.18870296893134722
IMC_PID,D_add8,6.266331658291457,775.5358381457442,0.000248997782369238,0.1931067038461586
IMC_PID,D_add8,6.28643216080402,809.6805839328051,0.00024389400747779115,0.1974762423923299
IMC_PID,D_add8,6.306532663316583,845.076994495401,0.0002387902325863445,0.20179613206892577
IMC_PID,D_add8,6.326633165829145,881.7347749078431,0.0002336864576948978,0.2060494761746219
IMC_PID,D_add8,6.346733668341709,919.6578847825409,0.00022858268280345095,0.21021786656494018
IMC_PID,D_add8,6.366834170854271,958.8436156860879,0.00022347890791200425,0.21428132409192444
IMC_PID,D_add8,6.386934673366834,999.2815876494559,0.0002183751330205574,0.2182182496279437
IMC_PID,D_add8,6.407035175879397,1040.9526670465682,0.0002132713581291107,0.22200538904914158
IMC_PID,D_add8,6.427135678391959,1083.8278109916182,0.00020816758323766404,0.2256178160598929
IMC_PID,D_add8,6.447236180904523,1127.8668468876604,0.00020306380834621713,0.22902893723644807
IMC_PID,D_add8,6.467336683417085,1173.0171999448216,0.00019796003345477048,0.2322105241440981
IMC_PID,D_add8,6.4874371859296485,1219.2125865367377,0.0001928562585633236,0.23513277783278763
IMC_PID,D_add8,6.507537688442211,1266.3716969250513,0.00018775248367187692,0.23776443134944777
IMC_PID,D_add8,6.527638190954773,1314.3968973163492,0.00018264870878043025,0.24007289611983496
IMC_PID,D_add8,6.547738693467337,1363.1729882444247,0.00017754493388898336,0.24202445807710427
IMC_PID,D_add8,6.5678391959799,1412.566063576177,0.00017244115899753648,0.24358452916366374
IMC_PID,D_add8,6.5879396984924625,1462.4225220559304,0.0001673373841060898,0.2447179592986698
IMC_PID,D_add8,6.608040201005025,1512.568290248035,0.00016223360921464313,0.24538941291056063
IMC_PID,D_add8,6.628140703517587,1562.8083221722397,0.00015712983432319646,0.24556381274183667
IMC_PID,D_add8,6.648241206030151,1612.9264455872235,0.00015202605943174957,0.24520685167588382
IMC_PID,D_add8,6.668341708542714,1662.6856274249926,0.00014692228454030268,0.24428557085360647
IMC_PID,D_add8,6.688442211055277,1711.8287302076274,0.000141818509648856,0.24276899929213933
IMC_PID,D_add8,6.708542713567839,1760.0798267471364,0.00013671473475740937,0.24062884666560178
IMC_PID,D_add8,6.7286432160804015,1807.1461310586985,0.0001316109598659627,0.23784023692669615
IMC_PID,D_add8,6.748743718592965,1852.7205888445928,0.0001265071849745158,0.23438246623905676
IMC_PID,D_add8,6.768844221105528,1896.4851503803225,0.00012140341008306892,0.23023976442807292
IMC_PID,D_add8,6.788944723618091,1938.1147226499895,0.00011629963519162225,0.2254020352037059
IMC_PID,D_add8,6.809045226130653,1977.2817663797837,0.00011119586030017558,0.21986554706845082
IMC_PID,D_add8,6.829145728643216,2013.6614685707084,0.0001060920854087289,0.21363354450787006
IMC_PID,D_add8,6.849246231155779,2046.9373837355647,0.00010098831051728202,0.20671674811812007
IMC_PID,D_add8,6.869346733668342,2076.8074002958347,9.588453562583513e-05,0.199133713161664
IMC_PID,D_add8,6.889447236180905,2102.989854548268,9.078076073438846e-05,0.19091101881259268
IMC_PID,D_add8,6.909547738693467,2125.2295870095263,8.567698584294178e-05,0.1820832652392162
IMC_PID,D_add8,6.92964824120603,2143.30371771063,8.057321095149511e-05,0.17269286258022232
IMC_PID,D_add8,6.949748743718593,2157.0269103715023,7.546943606004822e-05,0.16278960449208546
IMC_PID,D_add8,6.969849246231156,2166.2559028249116,7.036566116860134e-05,0.1524300288626603
IMC_PID,D_add8,6.989949748743719,2170.8931027237077,6.526188627715469e-05,0.1416765787898141
IMC_PID,D_add8,7.010050251256281,2170.8890833407468,6.52631466536216e-05,0.1416790526148133
IMC_PID,D_add8,7.030150753768844,2166.2438618619776,7.036944229800203e-05,0.15243737244069752
IMC_PID,D_add8,7.050251256281407,2157.006899095511,7.547573794238269e-05,0.1628016874560443
IMC_PID,D_add8,7.07035175879397,2143.2758205970963,8.058203358676336e-05,0.172709524161053
IMC_PID,D_add8,7.090452261306533,2125.1939203360216,8.56883292311438e-05,0.1821043163257782
IMC_PID,D_add8,7.110552763819095,2102.946564484834,9.079462487552423e-05,0.19093624445567295
IMC_PID,D_add8,7.130653266331658,2076.7566605641214,9.590092051990469e-05,0.19916287544394248
IMC_PID,D_add8,7.150753768844221,2046.879392922126,0.00010100721616428534,0.20674958930310633
IMC_PID,D_add8,7.170854271356784,2013.5964471799223,0.00010611351180866601,0.2136697903757146
IMC_PID,D_add8,7.190954773869347,1977.209953682588,0.00011121980745304645,0.21990491034282433
IMC_PID,D_add8,7.211055276381909,1938.0363734558557,0.00011632610309742689,0.22544421898518918
IMC_PID,D_add8,7.231155778894472,1896.4005318193745,0.00012143239874180733,0.23028446555406576
IMC_PID,D_add8,7.251256281407035,1852.6299771713293,0.000126538694386188,0.2344293784919733
IMC_PID,D_add8,7.2713567839195985,1807.0498086210737,0.00013164499003056866,0.23788905404066227
IMC_PID,D_add8,7.291457286432161,1759.9780791234002,0.0001367512856749491,0.24067926507985227
IMC_PID,D_add8,7.311557788944723,1711.721843569662,0.00014185758131932954,0.242820720620256
IMC_PID,D_add8,7.331658291457286,1662.5738861605769,0.00014696387696371,0.2443383040487802
IMC_PID,D_add8,7.351758793969849,1612.810130197685,0.00015207017260809066,0.24526031488323916
IMC_PID,D_add8,7.371859296482413,1562.6877074504725,0.0001571764682524713,0.24561773483861638
IMC_PID,D_add8,7.391959798994975,1512.4436437220982,0.00016228276389685176,0.24544353474144742
IMC_PID,D_add8,7.4120603015075375,1462.2941027272145,0.00016738905954123218,0.2447720346281984
IMC_PID,D_add8,7.4321608040201,1412.4341209006727,0.00017249535518561263,0.24363832536104008
IMC_PID,D_add8,7.452261306532663,1363.0377613543064,0.0001776016508299933,0.24207775656014327
IMC_PID,D_add8,7.472361809045227,1314.2586144771224,0.00018270794647437397,0.24012549258737098
IMC_PID,D_add8,7.492462311557789,1266.2305751598576,0.0001878142421187544,0.23781613582124314
IMC_PID,D_add8,7.5125628140703515,1219.0688314455313,0.00019292053776313485,0.23518341453274827
IMC_PID,D_add8,7.532663316582914,1172.8710056739951,0.00019802683340751527,0.23225993124910913
IMC_PID,D_add8,7.552763819095477,1127.71839619813,0.00020313312905189594,0.22907696650911186
IMC_PID,D_add8,7.572864321608041,1083.6772754601718,0.0002082394246962766,0.22566433239825465
IMC_PID,D_add8,7.592964824120603,1040.8002073460812,0.00021334572034065706,0.2220502699669549
IMC_PID,D_add8,7.613065326633166,999.1273538954149,0.0002184520159850375,0.21826138468424938
IMC_PID,D_add8,7.633165829145728,958.6877478267728,0.00022355831162941794,0.21432261428396251
IMC_PID,D_add8,7.653266331658291,919.5005130370766,0.0002286646072737986,0.21025722370167946
IMC_PID,D_add8,7.673366834170855,881.5760202293397,0.00023377090291817925,0.2060868222400278
IMC_PID,D_add8,7.693467336683417,844.9169690456032,0.0002388771985625597,0.20183139858358268
IMC_PID,D_add8,7.71356783919598,809.5193915690897,0.00024398349420694013,0.19750936978330272
IMC_PID,D_add8,7.733668341708542,775.3735749044453,0.0002490897898513206,0.19313764082921547
IMC_PID,D_add8,7.7537688442211055,742.4649028048075,0.0002541960854957013,0.18873167191092838
IMC_PID,D_add8,7.773869346733669,710.7746180137319,0.00025930238114008194,0.18430555090489287
IMC_PID,D_add8,7.793969849246231,680.2805082804279,0.00026440867678446234,0.1798720690366894
IMC_PID,D_add8,7.814070351758794,650.9575175171174,0.0002695149724288428,0.17544279738597385
IMC_PID,D_add8,7.834170854271356,622.7783008032746,0.0002746212680732232,0.17102816669508253
IMC_PID,D_add8,7.8542713567839195,595.7136928216971,0.00027972756371760386,0.16663753996623037
IMC_PID,D_add8,7.874371859296483,569.7331411826115,0.00028483385936198453,0.16227928940946962
IMC_PID,D_add8,7.894472361809045,544.8050751192078,0.000289940155006365,0.15796086792831743
IMC_PID,D_add8,7.914572864321608,520.8972280787464,0.00029504645065074543,0.15368887829844594
IMC_PID,D_add8,7.93467336683417,497.97691665648927,0.0003001527462951259,0.14946913912602428
IMC_PID,D_add8,7.954773869346734,476.01128030832444,0.00030525904193950655,0.145306747379317
IMC_PID,D_add8,7.974874371859297,454.9674860072796,0.0003103653375838872,0.14120613738434182
IMC_PID,D_add8,7.994974874371859,434.81290171532135,0.0003154716332282677,0.13717113625285465
IMC_PID,D_add8,8.015075376884422,415.5152422235053,0.0003556811707249221,0.14779094780810595
IMC_PID,D_add8,8.035175879396984,397.04269061338977,0.00040759178883900124,0.16183134051256165
IMC_PID,D_add8,8.055276381909547,379.36399829230106,0.00045950240695308037,0.1743186703266566
IMC_PID,D_add8,8.075376884422111,362.4485662742883,0.0005114130250671641,0.1853609177095903
IMC_PID,D_add8,8.095477386934673,346.26651010044344,0.0005633236431812432,0.19506011198143655
IMC_PID,D_add8,8.115577889447236,330.7887105504501,0.0006152342612953223,0.20351254798033835
IMC_PID,D_add8,8.1356783919598,315.986852053195,0.0006671448794094061,0.21080901030798663
IMC_PID,D_add8,8.155778894472363,301.83345050511946,0.0007190554975234852,0.2170350019221889
IMC_PID,D_add8,8.175879396984925,288.30187199448136,0.0007709661156375643,0.22227097438262358
IMC_PID,D_add8,8.195979899497488,275.36634376298093,0.0008228767337516434,0.22659255754081398
IMC_PID,D_add8,8.21608040201005,263.00195857754835,0.0008747873518657227,0.23007078687955201
IMC_PID,D_add8,8.236180904522612,251.18467353046285,0.0009266979699798018,0.23277232705071915
IMC_PID,D_add8,8.256281407035175,239.89130417406133,0.0009786085880938808,0.23475969047377787
IMC_PID,D_add8,8.27638190954774,229.0995147673574,0.0010305192062079647,0.23609145010068702
IMC_PID,D_add8,8.296482412060302,218.78780532137228,0.0010824298243220438,0.23682244567781852
IMC_PID,D_add8,8.316582914572864,208.93549603034842,0.0011343404424361229,0.23700398300767622
IMC_PID,D_add8,8.336683417085428,199.5227096058443,0.0011862510605502065,0.23668402587378368
IMC_PID,D_add8,8.35678391959799,190.53035195282845,0.0012381616786642858,0.23590738041041126
IMC_PID,D_add8,8.376884422110553,181.9400915696068,0.0012900722967783649,0.23471587180726866
IMC_PID,D_add8,8.396984924623116,173.73433799759928,0.001341982914892444,0.23314851332292738
IMC_PID,D_add8,8.417085427135678,165.89621959961036,0.001393893533006523,0.23124166765012688
IMC_PID,D_add8,8.43718592964824,158.40956090402906,0.0014458041511206021,0.22902920073223706
IMC_PID,D_add8,8.457286432160803,151.25885971624783,0.0014977147692346814,0.22654262817462117
IMC_PID,D_add8,8.477386934673367,144.42926416621185,0.001549625387348765,0.22381125442806316
IMC_PID,D_add8,8.49748743718593,137.906549834681,0.0016015360054628441,0.22086230494939763
IMC_PID,D_add8,8.517587939698492,131.67709707604263,0.0016534466235769232,0.21772105156279342
IMC_PID,D_add8,8.537688442211056,125.72786863594322,0.001705357241691007,0.21441093126068142
IMC_PID,D_add8,8.557788944723619,120.04638764275522,0.0017572678598050861,0.2109536586903162
IMC_PID,D_add8,8.577889447236181,114.62071603809473,0.0018091784779191652,0.20736933257980508
IMC_PID,D_add8,8.597989949748744,109.43943349739317,0.0018610890960332445,0.20367653635805383
IMC_PID,D_add8,8.618090452261306,104.49161688019164,0.0019129997141473236,0.19989243322259825
IMC_PID,D_add8,8.638190954773869,99.7668202410513,0.0019649103322614027,0.19603285590850775
IMC_PID,D_add8,8.658291457286431,95.25505542253532,0.0020168209503754818,0.19211239140534686
IMC_PID,D_add8,8.678391959798995,90.94677324546113,0.0020687315684895656,0.18814446086514766
IMC_PID,D_add8,8.698492462311558,86.83284530558228,0.0021206421866036447,0.18414139493784604
IMC_PID,D_add8,8.71859296482412,82.9045463801829,0.002172552804717724,0.18011450476211696
IMC_PID,D_add8,8.738693467336685,79.15353744528191,0.0022244634228318076,0.17607414883477746
IMC_PID,D_add8,8.758793969849247,75.57184929880272,0.0022763740409458867,0.17202979597006912
IMC_PID,D_add8,8.77889447236181,72.15186678372785,0.0023282846590599662,0.1679900845550919
IMC_PID,D_add8,8.798994974874372,68.88631360219846,0.0023801952771740453,0.16396287829788297
IMC_PID,D_add8,8.819095477386934,65.76823770933912,0.0024321058952881244,0.1599553186555944
IMC_PID,D_add8,8.839195979899497,62.790997274800525,0.0024840165134022035,0.15597387412359726
IMC_PID,D_add8,8.85929648241206,59.948247198028014,0.0025359271315162826,0.1520243865563242
IMC_PID,D_add8,8.879396984924623,57.233926162888146,0.0025878377496303664,0.148112114683879
IMC_PID,D_add8,8.899497487437186,54.64224421625475,0.0026397483677444455,0.14424177497975185
IMC_PID,D_add8,8.919597989949748,52.167670854948334,0.0026916589858585246,0.14041758002803154
IMC_PID,D_add8,8.939698492462313,49.80492360468561,0.0027435696039726084,0.13664327452999334
IMC_PID,D_add8,8.959798994974875,47.54895707529272,0.0027954802220866875,0.13292216908482965
IMC_PID,D_add8,8.979899497487438,45.394952475238306,0.0028473908402007666,0.12925717186934266
IMC_PID,D_add8,9.0,43.33830756987371,0.0028993014583148457,0.12565081833823216
IMC_PID,D2_resample_Ti_Td,5.0,43.51199062255985,0.008703421501424325,0.378703194754161
IMC_PID,D2_resample_Ti_Td,5.0201005025125625,45.56863215898163,0.008534842633047575,0.38892110448013917
IMC_PID,D2_resample_Ti_Td,5.040201005025126,47.72263306346019,0.008366263764670819,0.3992601357535085
IMC_PID,D2_resample_Ti_Td,5.060301507537688,49.97859553893587,0.00819768489629407,0.4097087777875248
IMC_PID,D2_resample_Ti_Td,5.080402010050252,52.34133834220194,0.008029106027917314,0.4202541551926332
IMC_PID,D2_resample_Ti_Td,5.100502512562814,54.81590682538412,0.007860527159540564,0.4308819243757768
IMC_PID,D2_resample_Ti_Td,5.1206030150753765,57.4075834209168,0.007691948291163816,0.4415761631943652
IMC_PID,D2_resample_Ti_Td,5.14070351758794,60.12189858617022,0.007523369422787059,0.45231925346309754
IMC_PID,D2_resample_Ti_Td,5.160804020100502,62.96464222398279,0.007354790554410309,0.46309175589077317
IMC_PID,D2_resample_Ti_Td,5.180904522613066,65.94187559535318,0.0071862116860335525,0.4738722770022978
IMC_PID,D2_resample_Ti_Td,5.201005025125628,69.059943740339,0.0070176328176568045,0.48463732757773553
IMC_PID,D2_resample_Ti_Td,5.221105527638191,72.32548842296983,0.006849053949280055,0.49536117211695035
IMC_PID,D2_resample_Ti_Td,5.241206030150754,75.74546161534393,0.006680475080903298,0.5060156688128223
IMC_PID,D2_resample_Ti_Td,5.261306532663316,79.3271395355618,0.00651189621252655,0.51657009949219
IMC_PID,D2_resample_Ti_Td,5.28140703517588,83.07813725307062,0.006343317344149793,0.52699098895706
IMC_PID,D2_resample_Ti_Td,5.301507537688442,87.0064238739693,0.006174738475773043,0.5372419131340165
IMC_PID,D2_resample_Ti_Td,5.321608040201005,91.12033831699802,0.006006159607396295,0.5472832954118384
IMC_PID,D2_resample_Ti_Td,5.341708542713568,95.42860568941595,0.0058375807390195385,0.5570721905240249
IMC_PID,D2_resample_Ti_Td,5.36180904522613,99.94035426887815,0.005669001870642789,0.5665620553029732
IMC_PID,D2_resample_Ti_Td,5.381909547738694,104.66513309578431,0.005500423002266032,0.5757025056152878
IMC_PID,D2_resample_Ti_Td,5.402010050251256,109.61293017529923,0.005331844133889284,0.5844390587535848
IMC_PID,D2_resample_Ti_Td,5.422110552763819,114.79419128596818,0.005163265265512534,0.5927128605494412
IMC_PID,D2_resample_Ti_Td,5.442211055276382,120.21983938521302,0.004994686397135777,0.6004603964431714
IMC_PID,D2_resample_Ti_Td,5.4623115577889445,125.90129459700343,0.0048261075287590275,0.6076131857351065
IMC_PID,D2_resample_Ti_Td,5.482412060301508,131.85049475968464,0.0046575286603822725,0.6140974582288138
IMC_PID,D2_resample_Ti_Td,5.50251256281407,138.07991650358838,0.004488949792005523,0.619833812468923
IMC_PID,D2_resample_Ti_Td,5.522613065326633,144.6025968188979,0.004320370923628773,0.6247368547775809
IMC_PID,D2_resample_Ti_Td,5.542713567839196,151.43215506116582,0.004151792055252016,0.6287148182926396
IMC_PID,D2_resample_Ti_Td,5.562814070351759,158.58281533215805,0.003983213186875268,0.6316691612428574
IMC_PID,D2_resample_Ti_Td,5.582914572864322,166.06942915368802,0.0038146343184985113,0.6334941437031155
IMC_PID,D2_resample_Ti_Td,5.603015075376884,173.90749833886613,0.0036460554501217615,0.634076382135464
IMC_PID,D2_resample_Ti_Td,5.623115577889447,182.11319794114277,0.0034774765817450135,0.6332943810670182
IMC_PID,D2_resample_Ti_Td,5.64321608040201,190.70339913961655,0.0033088977133682567,0.6310180413446311
IMC_PID,D2_resample_Ti_Td,5.663316582914573,199.69569189107102,0.003140318844991507,0.627108144509148
IMC_PID,D2_resample_Ti_Td,5.683417085427136,209.10840714743924,0.00297173997661475,0.6214158129662787
IMC_PID,D2_resample_Ti_Td,5.703517587939698,218.96063840164328,0.002803161108238002,0.6137819458024508
IMC_PID,D2_resample_Ti_Td,5.723618090452261,229.27226228279406,0.0026345822398612523,0.6040366303030601
IMC_PID,D2_resample_Ti_Td,5.743718592964824,240.06395787437083,0.0024660033714844955,0.5919985294901103
IMC_PID,D2_resample_Ti_Td,5.763819095477387,251.35722437570556,0.0022974245031077475,0.5774742463138979
IMC_PID,D2_resample_Ti_Td,5.78391959798995,263.1743966623053,0.0021288456347309907,0.5602576655075109
IMC_PID,D2_resample_Ti_Td,5.8040201005025125,275.5386582355131,0.001960266766354241,0.5401292745849156
IMC_PID,D2_resample_Ti_Td,5.824120603015075,288.4740509673266,0.0017916878979774911,0.516855465998701
IMC_PID,D2_resample_Ti_Td,5.844221105527638,302.00548095940434,0.0016231090296007361,0.49018782313412235
IMC_PID,D2_resample_Ti_Td,5.864321608040201,316.158719731067,0.0014545301612239846,0.4598623935827974
IMC_PID,D2_resample_Ti_Td,5.884422110552764,330.96039984114964,0.0012859512928472296,0.4255989540569624
IMC_PID,D2_resample_Ti_Td,5.9045226130653266,346.4380039145965,0.0011173724244704815,0.38710027236276684
IMC_PID,D2_resample_Ti_Td,5.924623115577889,362.61984590754116,0.00094879355609373,0.34405137310877637
IMC_PID,D2_resample_Ti_Td,5.944723618090452,379.53504327808736,0.0007802146877169749,0.2961188152688615
IMC_PID,D2_resample_Ti_Td,5.964824120603015,397.21347856097714,0.0006116358193402269,0.24294999141262488
IMC_PID,D2_resample_Ti_Td,5.984924623115578,415.6857486442847,0.0004430569509634684,0.18417246035330348
IMC_PID,D2_resample_Ti_Td,6.005025125628141,434.98309983335855,0.00031534685595804586,0.1371705529273344
IMC_PID,D2_resample_Ti_Td,6.025125628140703,455.1373465566649,0.00031024308106659916,0.14120321270421624
IMC_PID,D2_resample_Ti_Td,6.045226130653266,476.1807713111005,0.0003051393061751523,0.14530147017181808
IMC_PID,D2_resample_Ti_Td,6.065326633165829,498.14600318541625,0.0003000355312837056,0.14946150072259087
IMC_PID,D2_resample_Ti_Td,6.085427135678392,521.0658719995507,0.00029493175639225874,0.15367887282489137
IMC_PID,D2_resample_Ti_Td,6.105527638190955,544.9732348195023,0.00028982798150081204,0.1579484926197044
IMC_PID,D2_resample_Ti_Td,6.125628140703517,569.9007712722189,0.0002847242066093654,0.16226454494654793
IMC_PID,D2_resample_Ti_Td,6.1457286432160805,595.8807438194428,0.0002796204317179185,0.16662043083918698
IMC_PID,D2_resample_Ti_Td,6.165829145728643,622.9447188017072,0.00027451665682647183,0.17100870159315124
IMC_PID,D2_resample_Ti_Td,6.185929648241206,651.1232438233943,0.0002694128819350249,0.17542098961334257
IMC_PID,D2_resample_Ti_Td,6.206030150753769,680.4454790408423,0.00026430910704357827,0.1798479369571249
IMC_PID,D2_resample_Ti_Td,6.226130653266331,710.9387638079295,0.00025920533215213163,0.18427911841266023
IMC_PID,D2_resample_Ti_Td,6.2462311557788945,742.6281482319112,0.0002541015572606847,0.18870296893134722
IMC_PID,D2_resample_Ti_Td,6.266331658291457,775.5358381457442,0.000248997782369238,0.1931067038461586
IMC_PID,D2_resample_Ti_Td,6.28643216080402,809.6805839328051,0.00024389400747779115,0.1974762423923299
IMC_PID,D2_resample_Ti_Td,6.306532663316583,845.076994495401,0.0002387902325863445,0.20179613206892577
IMC_PID,D2_resample_Ti_Td,6.326633165829145,881.7347749078431,0.0002336864576948978,0.2060494761746219
IMC_PID,D2_resample_Ti_Td,6.346733668341709,919.6578847825409,0.00022858268280345095,0.21021786656494018
IMC_PID,D2_resample_Ti_Td,6.366834170854271,958.8436156860879,0.00022347890791200425,0.21428132409192444
IMC_PID,D2_resample_Ti_Td,6.386934673366834,999.2815876494559,0.0002183751330205574,0.2182182496279437
IMC_PID,D2_resample_Ti_Td,6.407035175879397,1040.9526670465682,0.0002132713581291107,0.22200538904914158
IMC_PID,D2_resample_Ti_Td,6.427135678391959,1083.8278109916182,0.00020816758323766404,0.2256178160598929
IMC_PID,D2_resample_Ti_Td,6.447236180904523,1127.8668468876604,0.00020306380834621713,0.22902893723644807
IMC_PID,D2_resample_Ti_Td,6.467336683417085,1173.0171999448216,0.00019796003345477048,0.2322105241440981
IMC_PID,D2_resample_Ti_Td,6.4874371859296485,1219.2125865367377,0.0001928562585633236,0.23513277783278763
IMC_PID,D2_resample_Ti_Td,6.507537688442211,1266.3716969250513,0.00018775248367187692,0.23776443134944777
IMC_PID,D2_resample_Ti_Td,6.527638190954773,1314.3968973163492,0.00018264870878043025,0.24007289611983496
IMC_PID,D2_resample_Ti_Td,6.547738693467337,1363.1729882444247,0.00017754493388898336,0.24202445807710427
IMC_PID,D2_resample_Ti_Td,6.5678391959799,1412.566063576177,0.00017244115899753648,0.24358452916366374
IMC_PID,D2_resample_Ti_Td,6.5879396984924625,1462.4225220559304,0.0001673373841060898,0.2447179592986698
IMC_PID,D2_resample_Ti_Td,6.608040201005025,1512.568290248035,0.00016223360921464313,0.24538941291056063
IMC_PID,D2_resample_Ti_Td,6.628140703517587,1562.8083221722397,0.00015712983432319646,0.24556381274183667
IMC_PID,D2_resample_Ti_Td,6.648241206030151,1612.9264455872235,0.00015202605943174957,0.24520685167588382
IMC_PID,D2_resample_Ti_Td,6.668341708542714,1662.6856274249926,0.00014692228454030268,0.24428557085360647
IMC_PID,D2_resample_Ti_Td,6.688442211055277,1711.8287302076274,0.000141818509648856,0.24276899929213933
IMC_PID,D2_resample_Ti_Td,6.708542713567839,1760.0798267471364,0.00013671473475740937,0.24062884666560178
IMC_PID,D2_resample_Ti_Td,6.7286432160804015,1807.1461310586985,0.0001316109598659627,0.23784023692669615
IMC_PID,D2_resample_Ti_Td,6.748743718592965,1852.7205888445928,0.0001265071849745158,0.23438246623905676
IMC_PID,D2_resample_Ti_Td,6.768844221105528,1896.4851503803225,0.00012140341008306892,0.23023976442807292
IMC_PID,D2_resample_Ti_Td,6.788944723618091,1938.1147226499895,0.00011629963519162225,0.2254020352037059
IMC_PID,D2_resample_Ti_Td,6.809045226130653,1977.2817663797837,0.00011119586030017558,0.21986554706845082
IMC_PID,D2_resample_Ti_Td,6.829145728643216,2013.6614685707084,0.0001060920854087289,0.21363354450787006
IMC_PID,D2_resample_Ti_Td,6.849246231155779,2046.9373837355647,0.00010098831051728202,0.20671674811812007
IMC_PID,D2_resample_Ti_Td,6.869346733668342,2076.8074002958347,9.588453562583513e-05,0.199133713161664
IMC_PID,D2_resample_Ti_Td,6.889447236180905,2102.989854548268,9.078076073438846e-05,0.19091101881259268
IMC_PID,D2_resample_Ti_Td,6.909547738693467,2125.2295870095263,8.567698584294178e-05,0.1820832652392162
IMC_PID,D2_resample_Ti_Td,6.92964824120603,2143.30371771063,8.057321095149511e-05,0.17269286258022232
IMC_PID,D2_resample_Ti_Td,6.949748743718593,2157.0269103715023,7.546943606004822e-05,0.16278960449208546
IMC_PID,D2_resample_Ti_Td,6.969849246231156,2166.2559028249116,7.036566116860134e-05,0.1524300288626603
IMC_PID,D2_resample_Ti_Td,6.989949748743719,2170.8931027237077,6.526188627715469e-05,0.1416765787898141
IMC_PID,D2_resample_Ti_Td,7.010050251256281,2170.8890833407468,6.52631466536216e-05,0.1416790526148133
IMC_PID,D2_resample_Ti_Td,7.030150753768844,2166.2438618619776,7.036944229800203e-05,0.15243737244069752
IMC_PID,D2_resample_Ti_Td,7.050251256281407,2157.006899095511,7.547573794238269e-05,0.1628016874560443
IMC_PID,D2_resample_Ti_Td,7.07035175879397,2143.2758205970963,8.058203358676336e-05,0.172709524161053
IMC_PID,D2_resample_Ti_Td,7.090452261306533,2125.1939203360216,8.56883292311438e-05,0.1821043163257782
IMC_PID,D2_resample_Ti_Td,7.110552763819095,2102.946564484834,9.079462487552423e-05,0.19093624445567295
IMC_PID,D2_resample_Ti_Td,7.130653266331658,2076.7566605641214,9.590092051990469e-05,0.19916287544394248
IMC_PID,D2_resample_Ti_Td,7.150753768844221,2046.879392922126,0.00010100721616428534,0.20674958930310633
IMC_PID,D2_resample_Ti_Td,7.170854271356784,2013.5964471799223,0.00010611351180866601,0.2136697903757146
IMC_PID,D2_resample_Ti_Td,7.190954773869347,1977.209953682588,0.00011121980745304645,0.21990491034282433
IMC_PID,D2_resample_Ti_Td,7.211055276381909,1938.0363734558557,0.00011632610309742689,0.22544421898518918
IMC_PID,D2_resample_Ti_Td,7.231155778894472,1896.4005318193745,0.00012143239874180733,0.23028446555406576
IMC_PID,D2_resample_Ti_Td,7.251256281407035,1852.6299771713293,0.000126538694386188,0.2344293784919733
IMC_PID,D2_resample_Ti_Td,7.2713567839195985,1807.0498086210737,0.00013164499003056866,0.23788905404066227
IMC_PID,D2_resample_Ti_Td,7.291457286432161,1759.9780791234002,0.0001367512856749491,0.24067926507985227
IMC_PID,D2_resample_Ti_Td,7.311557788944723,1711.721843569662,0.00014185758131932954,0.242820720620256
IMC_PID,D2_resample_Ti_Td,7.331658291457286,1662.5738861605769,0.00014696387696371,0.2443383040487802
IMC_PID,D2_resample_Ti_Td,7.351758793969849,1612.810130197685,0.00015207017260809066,0.24526031488323916
IMC_PID,D2_resample_Ti_Td,7.371859296482413,1562.6877074504725,0.0001571764682524713,0.24561773483861638
IMC_PID,D2_resample_Ti_Td,7.391959798994975,1512.4436437220982,0.00016228276389685176,0.24544353474144742
IMC_PID,D2_resample_Ti_Td,7.4120603015075375,1462.2941027272145,0.00016738905954123218,0.2447720346281984
IMC_PID,D2_resample_Ti_Td,7.4321608040201,1412.4341209006727,0.00017249535518561263,0.24363832536104008
IMC_PID,D2_resample_Ti_Td,7.452261306532663,1363.0377613543064,0.0001776016508299933,0.24207775656014327
IMC_PID,D2_resample_Ti_Td,7.472361809045227,1314.2586144771224,0.00018270794647437397,0.24012549258737098
IMC_PID,D2_resample_Ti_Td,7.492462311557789,1266.2305751598576,0.0001878142421187544,0.23781613582124314
IMC_PID,D2_resample_Ti_Td,7.5125628140703515,1219.0688314455313,0.00019292053776313485,0.23518341453274827
IMC_PID,D2_resample_Ti_Td,7.532663316582914,1172.8710056739951,0.00019802683340751527,0.23225993124910913
IMC_PID,D2_resample_Ti_Td,7.552763819095477,1127.71839619813,0.00020313312905189594,0.22907696650911186
IMC_PID,D2_resample_Ti_Td,7.572864321608041,1083.6772754601718,0.0002082394246962766,0.22566433239825465
IMC_PID,D2_resample_Ti_Td,7.592964824120603,1040.8002073460812,0.00021334572034065706,0.2220502699669549
IMC_PID,D2_resample_Ti_Td,7.613065326633166,999.1273538954149,0.0002184520159850375,0.21826138468424938
IMC_PID,D2_resample_Ti_Td,7.633165829145728,958.6877478267728,0.00022355831162941794,0.21432261428396251
IMC_PID,D2_resample_Ti_Td,7.653266331658291,919.5005130370766,0.0002286646072737986,0.21025722370167946
IMC_PID,D2_resample_Ti_Td,7.673366834170855,881.5760202293397,0.00023377090291817925,0.2060868222400278
IMC_PID,D2_resample_Ti_Td,7.693467336683417,844.9169690456032,0.0002388771985625597,0.20183139858358268
IMC_PID,D2_resample_Ti_Td,7.71356783919598,809.5193915690897,0.00024398349420694013,0.19750936978330272
IMC_PID,D2_resample_Ti_Td,7.733668341708542,775.3735749044453,0.0002490897898513206,0.19313764082921547
IMC_PID,D2_resample_Ti_Td,7.7537688442211055,742.4649028048075,0.0002541960854957013,0.18873167191092838
IMC_PID,D2_resample_Ti_Td,7.773869346733669,710.7746180137319,0.00025930238114008194,0.18430555090489287
IMC_PID,D2_resample_Ti_Td,7.793969849246231,680.2805082804279,0.00026440867678446234,0.1798720690366894
IMC_PID,D2_resample_Ti_Td,7.814070351758794,650.9575175171174,0.0002695149724288428,0.17544279738597385
IMC_PID,D2_resample_Ti_Td,7.834170854271356,622.7783008032746,0.0002746212680732232,0.17102816669508253
IMC_PID,D2_resample_Ti_Td,7.8542713567839195,595.7136928216971,0.00027972756371760386,0.16663753996623037
IMC_PID,D2_resample_Ti_Td,7.874371859296483,569.7331411826115,0.00028483385936198453,0.16227928940946962
IMC_PID,D2_resample_Ti_Td,7.894472361809045,544.8050751192078,0.000289940155006365,0.15796086792831743
IMC_PID,D2_resample_Ti_Td,7.914572864321608,520.8972280787464,0.00029504645065074543,0.15368887829844594
IMC_PID,D2_resample_Ti_Td,7.93467336683417,497.97691665648927,0.0003001527462951259,0.14946913912602428
IMC_PID,D2_resample_Ti_Td,7.954773869346734,476.01128030832444,0.00030525904193950655,0.145306747379317
IMC_PID,D2_resample_Ti_Td,7.974874371859297,454.9674860072796,0.0003103653375838872,0.14120613738434182
IMC_PID,D2_resample_Ti_Td,7.994974874371859,434.81290171532135,0.0003154716332282677,0.13717113625285465
IMC_PID,D2_resample_Ti_Td,8.015075376884422,415.5152422235053,0.0003556811707249221,0.14779094780810595
IMC_PID,D2_resample_Ti_Td,8.035175879396984,397.04269061338977,0.00040759178883900124,0.16183134051256165
IMC_PID,D2_resample_Ti_Td,8.055276381909547,379.36399829230106,0.00045950240695308037,0.1743186703266566
IMC_PID,D2_resample_Ti_Td,8.075376884422111,362.4485662742883,0.0005114130250671641,0.1853609177095903
IMC_PID,D2_resample_Ti_Td,8.095477386934673,346.26651010044344,0.0005633236431812432,0.19506011198143655
IMC_PID,D2_resample_Ti_Td,8.115577889447236,330.7887105504501,0.0006152342612953223,0.20351254798033835
IMC_PID,D2_resample_Ti_Td,8.1356783919598,315.986852053195,0.0006671448794094061,0.21080901030798663
IMC_PID,D2_resample_Ti_Td,8.155778894472363,301.83345050511946,0.0007190554975234852,0.2170350019221889
IMC_PID,D2_resample_Ti_Td,8.175879396984925,288.30187199448136,0.0007709661156375643,0.22227097438262358
IMC_PID,D2_resample_Ti_Td,8.195979899497488,275.36634376298093,0.0008228767337516434,0.22659255754081398
IMC_PID,D2_resample_Ti_Td,8.21608040201005,263.00195857754835,0.0008747873518657227,0.23007078687955201
IMC_PID,D2_resample_Ti_Td,8.236180904522612,251.18467353046285,0.0009266979699798018,0.23277232705071915
IMC_PID,D2_resample_Ti_Td,8.256281407035175,239.89130417406133,0.0009786085880938808,0.23475969047377787
IMC_PID,D2_resample_Ti_Td,8.27638190954774,229.0995147673574,0.0010305192062079647,0.23609145010068702
IMC_PID,D2_resample_Ti_Td,8.296482412060302,218.78780532137228,0.0010824298243220438,0.23682244567781852
IMC_PID,D2_resample_Ti_Td,8.316582914572864,208.93549603034842,0.0011343404424361229,0.23700398300767622
IMC_PID,D2_resample_Ti_Td,8.336683417085428,199.5227096058443,0.0011862510605502065,0.23668402587378368
IMC_PID,D2_resample_Ti_Td,8.35678391959799,190.53035195282845,0.0012381616786642858,0.23590738041041126
IMC_PID,D2_resample_Ti_Td,8.376884422110553,181.9400915696068,0.0012900722967783649,0.23471587180726866
IMC_PID,D2_resample_Ti_Td,8.396984924623116,173.73433799759928,0.001341982914892444,0.23314851332292738
IMC_PID,D2_resample_Ti_Td,8.417085427135678,165.89621959961036,0.001393893533006523,0.23124166765012688
IMC_PID,D2_resample_Ti_Td,8.43718592964824,158.40956090402906,0.0014458041511206021,0.22902920073223706
IMC_PID,D2_resample_Ti_Td,8.457286432160803,151.25885971624783,0.0014977147692346814,0.22654262817462117
IMC_PID,D2_resample_Ti_Td,8.477386934673367,144.42926416621185,0.001549625387348765,0.22381125442806316
IMC_PID,D2_resample_Ti_Td,8.49748743718593,137.906549834681,0.0016015360054628441,0.22086230494939763
IMC_PID,D2_resample_Ti_Td,8.517587939698492,131.67709707604263,0.0016534466235769232,0.21772105156279342
IMC_PID,D2_resample_Ti_Td,8.537688442211056,125.72786863594322,0.001705357241691007,0.21441093126068142
IMC_PID,D2_resample_Ti_Td,8.557788944723619,120.04638764275522,0.0017572678598050861,0.2109536586903162
IMC_PID,D2_resample_Ti_Td,8.577889447236181,114.62071603809473,0.0018091784779191652,0.20736933257980508
IMC_PID,D2_resample_Ti_Td,8.597989949748744,109.43943349739317,0.0018610890960332445,0.20367653635805383
IMC_PID,D2_resample_Ti_Td,8.618090452261306,104.49161688019164,0.0019129997141473236,0.19989243322259825
IMC_PID,D2_resample_Ti_Td,8.638190954773869,99.7668202410513,0.0019649103322614027,0.19603285590850775
IMC_PID,D2_resample_Ti_Td,8.658291457286431,95.25505542253532,0.0020168209503754818,0.19211239140534686
IMC_PID,D2_resample_Ti_Td,8.678391959798995,90.94677324546113,0.0020687315684895656,0.18814446086514766
IMC_PID,D2_resample_Ti_Td,8.698492462311558,86.83284530558228,0.0021206421866036447,0.18414139493784604
IMC_PID,D2_resample_Ti_Td,8.71859296482412,82.9045463801829,0.002172552804717724,0.18011450476211696
IMC_PID,D2_resample_Ti_Td,8.738693467336685,79.15353744528191,0.0022244634228318076,0.17607414883477746
IMC_PID,D2_resample_Ti_Td,8.758793969849247,75.57184929880272,0.0022763740409458867,0.17202979597006912
IMC_PID,D2_resample_Ti_Td,8.77889447236181,72.15186678372785,0.0023282846590599662,0.1679900845550919
IMC_PID,D2_resample_Ti_Td,8.798994974874372,68.88631360219846,0.0023801952771740453,0.16396287829788297
IMC_PID,D2_resample_Ti_Td,8.819095477386934,65.76823770933912,0.0024321058952881244,0.1599553186555944
IMC_PID,D2_resample_Ti_Td,8.839195979899497,62.790997274800525,0.0024840165134022035,0.15597387412359726
IMC_PID,D2_resample_Ti_Td,8.85929648241206,59.948247198028014,0.0025359271315162826,0.1520243865563242
IMC_PID,D2_resample_Ti_Td,8.879396984924623,57.233926162888146,0.0025878377496303664,0.148112114683879
IMC_PID,D2_resample_Ti_Td,8.899497487437186,54.64224421625475,0.0026397483677444455,0.14424177497975185
IMC_PID,D2_resample_Ti_Td,8.919597989949748,52.167670854948334,0.0026916589858585246,0.14041758002803154
IMC_PID,D2_resample_Ti_Td,8.939698492462313,49.80492360468561,0.0027435696039726084,0.13664327452999334
IMC_PID,D2_resample_Ti_Td,8.959798994974875,47.54895707529272,0.0027954802220866875,0.13292216908482965
IMC_PID,D2_resample_Ti_Td,8.979899497487438,45.394952475238306,0.0028473908402007666,0.12925717186934266
IMC_PID,D2_resample_Ti_Td,9.0,43.33830756987371,0.0028993014583148457,0.12565081833823216
IMC_PID,E_original5_retuned,5.0,43.51199062255985,0.08242652127819507,3.5865420209070535
IMC_PID,E_original5_retuned,5.0201005025125625,45.56863215898163,0.08082998023062703,3.6833116365472
IMC_PID,E_original5_retuned,5.040201005025126,47.72263306346019,0.07923343918305892,3.7812283444891093
IMC_PID,E_original5_retuned,5.060301507537688,49.97859553893587,0.07763689813549089,3.8801831308112638
IMC_PID,E_original5_retuned,5.080402010050252,52.34133834220194,0.07604035708792278,3.9800540580008197
IMC_PID,E_original5_retuned,5.100502512562814,54.81590682538412,0.07444381604035474,4.080705283794122
IMC_PID,E_original5_retuned,5.1206030150753765,57.4075834209168,0.07284727499278672,4.18198601613487
IMC_PID,E_original5_retuned,5.14070351758794,60.12189858617022,0.07125073394521861,4.283729400444629
IMC_PID,E_original5_retuned,5.160804020100502,62.96464222398279,0.06965419289765057,4.385751335200851
IMC_PID,E_original5_retuned,5.180904522613066,65.94187559535318,0.06805765185008246,4.487849211609996
IMC_PID,E_original5_retuned,5.201005025125628,69.059943740339,0.06646111080251443,4.5898005729420825
IMC_PID,E_original5_retuned,5.221105527638191,72.32548842296983,0.0648645697549464,4.691361688872294
IMC_PID,E_original5_retuned,5.241206030150754,75.74546161534393,0.06326802870737828,4.7922660399331996
IMC_PID,E_original5_retuned,5.261306532663316,79.3271395355618,0.061671487659810245,4.892222706955445
IMC_PID,E_original5_retuned,5.28140703517588,83.07813725307062,0.060074946612242136,4.990914660122742
IMC_PID,E_original5_retuned,5.301507537688442,87.0064238739693,0.05847840556467411,5.087996942033921
IMC_PID,E_original5_retuned,5.321608040201005,91.12033831699802,0.05688186451710607,5.18309473890035
IMC_PID,E_original5_retuned,5.341708542713568,95.42860568941595,0.05528532346953796,5.275801333786351
IMC_PID,E_original5_retuned,5.36180904522613,99.94035426887815,0.053688782421969936,5.365675935516394
IMC_PID,E_original5_retuned,5.381909547738694,104.66513309578431,0.052092241374401826,5.452241376709489
IMC_PID,E_original5_retuned,5.402010050251256,109.61293017529923,0.05049570032683379,5.534981674078066
IMC_PID,E_original5_retuned,5.422110552763819,114.79419128596818,0.04889915927926575,5.6133394440270585
IMC_PID,E_original5_retuned,5.442211055276382,120.21983938521302,0.04730261823169765,5.686713166314741
IMC_PID,E_original5_retuned,5.4623115577889445,125.90129459700343,0.04570607718412961,5.754454288432479
IMC_PID,E_original5_retuned,5.482412060301508,131.85049475968464,0.0441095361365615,5.815864163225823
IMC_PID,E_original5_retuned,5.50251256281407,138.07991650358838,0.04251299508899346,5.8701908122056805
IMC_PID,E_original5_retuned,5.522613065326633,144.6025968188979,0.04091645404142544,5.916625507011208
IMC_PID,E_original5_retuned,5.542713567839196,151.43215506116582,0.03931991299385733,5.954299161477351
IMC_PID,E_original5_retuned,5.562814070351759,158.58281533215805,0.03772337194628929,5.982278527064706
IMC_PID,E_original5_retuned,5.582914572864322,166.06942915368802,0.03612683089872118,5.9995621844824445
IMC_PID,E_original5_retuned,5.603015075376884,173.90749833886613,0.03453028985115314,6.005076324929981
IMC_PID,E_original5_retuned,5.623115577889447,182.11319794114277,0.0329337488035851,5.997670314811168
IMC_PID,E_original5_retuned,5.64321608040201,190.70339913961655,0.031337207756017005,5.976112038616798
IMC_PID,E_original5_retuned,5.663316582914573,199.69569189107102,0.029740666708448965,5.9390830156454575
IMC_PID,E_original5_retuned,5.683417085427136,209.10840714743924,0.02814412566088087,5.885173287504169
IMC_PID,E_original5_retuned,5.703517587939698,218.96063840164328,0.02654758461331283,5.812876074952619
IMC_PID,E_original5_retuned,5.723618090452261,229.27226228279406,0.02495104356574479,5.7205822046348604
IMC_PID,E_original5_retuned,5.743718592964824,240.06395787437083,0.023354502518176695,5.606574308700457
IMC_PID,E_original5_retuned,5.763819095477387,251.35722437570556,0.021757961470608655,5.469020803325736
IMC_PID,E_original5_retuned,5.78391959798995,263.1743966623053,0.020161420423040533,5.305969655688772
IMC_PID,E_original5_retuned,5.8040201005025125,275.5386582355131,0.01856487937547252,5.115341953421848
IMC_PID,E_original5_retuned,5.824120603015075,288.4740509673266,0.01696833832790448,4.894925295634759
IMC_PID,E_original5_retuned,5.844221105527638,302.00548095940434,0.015371797280336358,4.642367030858446
IMC_PID,E_original5_retuned,5.864321608040201,316.158719731067,0.013775256232768318,4.355167374519432
IMC_PID,E_original5_retuned,5.884422110552764,330.96039984114964,0.012178715185200223,4.030672447245347
IMC_PID,E_original5_retuned,5.9045226130653266,346.4380039145965,0.010582174137632183,3.66606728531796
IMC_PID,E_original5_retuned,5.924623115577889,362.61984590754116,0.008985633090064143,3.2583688865007625
IMC_PID,E_original5_retuned,5.944723618090452,379.53504327808736,0.007389092042496048,2.8044193681345084
IMC_PID,E_original5_retuned,5.964824120603015,397.21347856097714,0.0057925509949280085,2.3008793304372035
IMC_PID,E_original5_retuned,5.984924623115578,415.6857486442847,0.004196009947359913,1.7442215362871711
IMC_PID,E_original5_retuned,6.005025125628141,434.98309983335855,0.0029865202240732577,1.2990858247824022
IMC_PID,E_original5_retuned,6.025125628140703,455.1373465566649,0.0029381844736307335,1.3372774850222833
IMC_PID,E_original5_retuned,6.045226130653266,476.1807713111005,0.002889848723188207,1.3760903939801592
IMC_PID,E_original5_retuned,6.065326633165829,498.14600318541625,0.0028415129727456826,1.4154883303727723
IMC_PID,E_original5_retuned,6.085427135678392,521.0658719995507,0.002793177222303156,1.455429324988677
IMC_PID,E_original5_retuned,6.105527638190955,544.9732348195023,0.0027448414718606318,1.4958651359866124
IMC_PID,E_original5_retuned,6.125628140703517,569.9007712722189,0.0026965057214181076,1.5367406903761305
IMC_PID,E_original5_retuned,6.1457286432160805,595.8807438194428,0.002648169970975581,1.5779934920652414
IMC_PID,E_original5_retuned,6.165829145728643,622.9447188017072,0.0025998342205330567,1.6195529974410205
IMC_PID,E_original5_retuned,6.185929648241206,651.1232438233943,0.0025514984700905304,1.661339960455774
IMC_PID,E_original5_retuned,6.206030150753769,680.4454790408423,0.002503162719648006,1.703265755888065
IMC_PID,E_original5_retuned,6.226130653266331,710.9387638079295,0.0024548269692054817,1.7452316508493113
IMC_PID,E_original5_retuned,6.2462311557788945,742.6281482319112,0.002406491218762955,1.7871281175262883
IMC_PID,E_original5_retuned,6.266331658291457,775.5358381457442,0.002358155468320431,1.8288340776018552
IMC_PID,E_original5_retuned,6.28643216080402,809.6805839328051,0.0023098197178779045,1.870216177950889
IMC_PID,E_original5_retuned,6.306532663316583,845.076994495401,0.00226148396743538,1.9111280742998262
IMC_PID,E_original5_retuned,6.326633165829145,881.7347749078431,0.002213148216992856,1.95140974494789
IMC_PID,E_original5_retuned,6.346733668341709,919.6578847825409,0.0021648124665503295,1.9908868539385511
IMC_PID,E_original5_retuned,6.366834170854271,958.8436156860879,0.002116476716107805,2.0293701869882255
IMC_PID,E_original5_retuned,6.386934673366834,999.2815876494559,0.0020681409656652786,2.0666551876528785
IMC_PID,E_original5_retuned,6.407035175879397,1040.9526670465682,0.002019805215222754,2.1025216257006933
IMC_PID,E_original5_retuned,6.427135678391959,1083.8278109916182,0.00197146946478023,2.1367334344495736
IMC_PID,E_original5_retuned,6.447236180904523,1127.8668468876604,0.0019231337143377036,2.1690387585334205
IMC_PID,E_original5_retuned,6.467336683417085,1173.0171999448216,0.0018747979638951793,2.199170258070576
IMC_PID,E_original5_retuned,6.4874371859296485,1219.2125865367377,0.0018264622134526527,2.226845719475224
IMC_PID,E_original5_retuned,6.507537688442211,1266.3716969250513,0.0017781264630101286,2.251769026309476
IMC_PID,E_original5_retuned,6.527638190954773,1314.3968973163492,0.0017297907125676042,2.273631545605496
IMC_PID,E_original5_retuned,6.547738693467337,1363.1729882444247,0.0016814549621250777,2.292113985318458
IMC_PID,E_original5_retuned,6.5678391959799,1412.566063576177,0.0016331192116825514,2.306888776197051
IMC_PID,E_original5_retuned,6.5879396984924625,1462.4225220559304,0.001584783461240027,2.317623026299167
IMC_PID,E_original5_retuned,6.608040201005025,1512.568290248035,0.0015364477107975027,2.323982086976486
IMC_PID,E_original5_retuned,6.628140703517587,1562.8083221722397,0.0014881119603549783,2.3256337559668063
IMC_PID,E_original5_retuned,6.648241206030151,1612.9264455872235,0.001439776209912452,2.3222531246951355
IMC_PID,E_original5_retuned,6.668341708542714,1662.6856274249926,0.0013914404594699255,2.313528053378273
IMC_PID,E_original5_retuned,6.688442211055277,1711.8287302076274,0.0013431047090274012,2.299165228590261
IMC_PID,E_original5_retuned,6.708542713567839,1760.0798267471364,0.0012947689585848768,2.27889672430364
IMC_PID,E_original5_retuned,6.7286432160804015,1807.1461310586985,0.0012464332081423527,2.252486949717534
IMC_PID,E_original5_retuned,6.748743718592965,1852.7205888445928,0.0011980974576998261,2.2197398273228317
IMC_PID,E_original5_retuned,6.768844221105528,1896.4851503803225,0.0011497617072572996,2.1805060042893962
IMC_PID,E_original5_retuned,6.788944723618091,1938.1147226499895,0.0011014259568147755,2.134689862811568
IMC_PID,E_original5_retuned,6.809045226130653,1977.2817663797837,0.0010530902063722511,2.0822560634129754
IMC_PID,E_original5_retuned,6.829145728643216,2013.6614685707084,0.0010047544559297268,2.0232353332804167
IMC_PID,E_original5_retuned,6.849246231155779,2046.9373837355647,0.0009564187054872005,1.9577292027657256
IMC_PID,E_original5_retuned,6.869346733668342,2076.8074002958347,0.0009080829550446737,1.8859134011192882
IMC_PID,E_original5_retuned,6.889447236180905,2102.989854548268,0.0008597472046021496,1.8080396487545545
IMC_PID,E_original5_retuned,6.909547738693467,2125.2295870095263,0.0008114114541596254,1.72443562961846
IMC_PID,E_original5_retuned,6.92964824120603,2143.30371771063,0.0007630757037171009,1.6355029926715174
IMC_PID,E_original5_retuned,6.949748743718593,2157.0269103715023,0.0007147399532745746,1.5417133131309275
IMC_PID,E_original5_retuned,6.969849246231156,2166.2559028249116,0.0006664042028320482,1.443602038052254
IMC_PID,E_original5_retuned,6.989949748743719,2170.8931027237077,0.0006180684523895237,1.3417605403035333
IMC_PID,E_original5_retuned,7.010050251256281,2170.8890833407468,0.0006180803888960633,1.341783968881467
IMC_PID,E_original5_retuned,7.030150753768844,2166.2438618619776,0.0006664400123516663,1.4436715860560176
IMC_PID,E_original5_retuned,7.050251256281407,2157.006899095511,0.0007147996358072714,1.5418277459072431
IMC_PID,E_original5_retuned,7.07035175879397,2143.2758205970963,0.0007631592592628766,1.635660787642914
IMC_PID,E_original5_retuned,7.090452261306533,2125.1939203360216,0.0008115188827184795,1.7246349957911935
IMC_PID,E_original5_retuned,7.110552763819095,2102.946564484834,0.0008598785061740826,1.8082785504331382
IMC_PID,E_original5_retuned,7.130653266331658,2076.7566605641214,0.0009082381296296855,1.8861895850867492
IMC_PID,E_original5_retuned,7.150753768844221,2046.879392922126,0.0009565977530852906,1.9580402281058895
IMC_PID,E_original5_retuned,7.170854271356784,2013.5964471799223,0.0010049573765408958,2.0235786029700034
IMC_PID,E_original5_retuned,7.190954773869347,1977.209953682588,0.0010533169999964987,2.08262885677616
IMC_PID,E_original5_retuned,7.211055276381909,1938.0363734558557,0.0011016766234521018,2.1350893680362035
IMC_PID,E_original5_retuned,7.231155778894472,1896.4005318193745,0.001150036246907705,2.180929350247329
IMC_PID,E_original5_retuned,7.251256281407035,1852.6299771713293,0.0011983958703633097,2.220184113953394
IMC_PID,E_original5_retuned,7.2713567839195985,1807.0498086210737,0.001246755493818915,2.2529492765027426
IMC_PID,E_original5_retuned,7.291457286432161,1759.9780791234002,0.0012951151172745181,2.2793742163444835
IMC_PID,E_original5_retuned,7.311557788944723,1711.721843569662,0.001343474740730121,2.2996550599918364
IMC_PID,E_original5_retuned,7.331658291457286,1662.5738861605769,0.001391834364185724,2.3140274677560946
IMC_PID,E_original5_retuned,7.351758793969849,1612.810130197685,0.0014401939876413292,2.3227594527177353
IMC_PID,E_original5_retuned,7.371859296482413,1562.6877074504725,0.0014885536110969342,2.3261444299421905
IMC_PID,E_original5_retuned,7.391959798994975,1512.4436437220982,0.0015369132345525371,2.324494652551355
IMC_PID,E_original5_retuned,7.4120603015075375,1462.2941027272145,0.0015852728580081402,2.3181351514788204
IMC_PID,E_original5_retuned,7.4321608040201,1412.4341209006727,0.001633632481463743,2.3073982578310264
IMC_PID,E_original5_retuned,7.452261306532663,1363.0377613543064,0.0016819921049193484,2.2926187533048865
IMC_PID,E_original5_retuned,7.472361809045227,1314.2586144771224,0.0017303517283749534,2.2741296650921603
IMC_PID,E_original5_retuned,7.492462311557789,1266.2305751598576,0.0017787113518305563,2.252258698071773
IMC_PID,E_original5_retuned,7.5125628140703515,1219.0688314455313,0.0018270709752861594,2.2273252788101456
IMC_PID,E_original5_retuned,7.532663316582914,1172.8710056739951,0.0018754305987417623,2.1996381724180334
IMC_PID,E_original5_retuned,7.552763819095477,1127.71839619813,0.0019237902221973676,2.1694936239980596
IMC_PID,E_original5_retuned,7.572864321608041,1083.6772754601718,0.0019721498456529724,2.1371739715364115
IMC_PID,E_original5_retuned,7.592964824120603,1040.8002073460812,0.0020205094691085755,2.1029466743929257
IMC_PID,E_original5_retuned,7.613065326633166,999.1273538954149,0.0020688690925641786,2.067063702009656
IMC_PID,E_original5_retuned,7.633165829145728,958.6877478267728,0.0021172287160197813,2.029761229395174
IMC_PID,E_original5_retuned,7.653266331658291,919.5005130370766,0.0021655883394753866,1.991259589174729
IMC_PID,E_original5_retuned,7.673366834170855,881.5760202293397,0.002213947962930992,1.9517634341555576
IMC_PID,E_original5_retuned,7.693467336683417,844.9169690456032,0.002262307586386595,1.911462068938636
IMC_PID,E_original5_retuned,7.71356783919598,809.5193915690897,0.002310667209842198,1.8705299138301024
IMC_PID,E_original5_retuned,7.733668341708542,775.3735749044453,0.0023590268332978007,1.8291270690296286
IMC_PID,E_original5_retuned,7.7537688442211055,742.4649028048075,0.002407386456753406,1.7873999516270274
IMC_PID,E_original5_retuned,7.773869346733669,710.7746180137319,0.0024557460802090113,1.7454819820992795
IMC_PID,E_original5_retuned,7.793969849246231,680.2805082804279,0.002504105703664614,1.703494300876882
IMC_PID,E_original5_retuned,7.814070351758794,650.9575175171174,0.0025524653271202175,1.6615464928906938
IMC_PID,E_original5_retuned,7.834170854271356,622.7783008032746,0.00260082495057582,1.61973734340637
IMC_PID,E_original5_retuned,7.8542713567839195,595.7136928216971,0.0026491845740314254,1.578155525562535
IMC_PID,E_original5_retuned,7.874371859296483,569.7331411826115,0.0026975441974870307,1.5368803291132127
IMC_PID,E_original5_retuned,7.894472361809045,544.8050751192078,0.0027459038209426334,1.495982337438771
IMC_PID,E_original5_retuned,7.914572864321608,520.8972280787464,0.002794263444398236,1.4555240827088114
IMC_PID,E_original5_retuned,7.93467336683417,497.97691665648927,0.0028426230678538396,1.4155606705464654
IMC_PID,E_original5_retuned,7.954773869346734,476.01128030832444,0.002890982691309444,1.3761403722394139
IMC_PID,E_original5_retuned,7.974874371859297,454.9674860072796,0.0029393423147650493,1.3373051834634724
IMC_PID,E_original5_retuned,7.994974874371859,434.81290171532135,0.002987701938220653,1.299091349218212
IMC_PID,E_original5_retuned,8.015075376884422,415.5152422235053,0.003368509910983086,1.3996672115944153
IMC_PID,E_original5_retuned,8.035175879396984,397.04269061338977,0.0038601340001811293,1.5326379895601427
IMC_PID,E_original5_retuned,8.055276381909547,379.36399829230106,0.004351758089379173,1.650900348387748
IMC_PID,E_original5_retuned,8.075376884422111,362.4485662742883,0.00484338217857726,1.7554769265437669
IMC_PID,E_original5_retuned,8.095477386934673,346.26651010044344,0.0053350062677753034,1.8473340017065463
IMC_PID,E_original5_retuned,8.115577889447236,330.7887105504501,0.005826630356973348,1.9273835426373225
IMC_PID,E_original5_retuned,8.1356783919598,315.986852053195,0.006318254446171435,1.9964853329168144
IMC_PID,E_original5_retuned,8.155778894472363,301.83345050511946,0.006809878535369478,2.055449135851319
IMC_PID,E_original5_retuned,8.175879396984925,288.30187199448136,0.007301502624567522,2.1050368750354354
IMC_PID,E_original5_retuned,8.195979899497488,275.36634376298093,0.007793126713765566,2.1459648096512387
IMC_PID,E_original5_retuned,8.21608040201005,263.00195857754835,0.00828475080296361,2.1789056875063455
IMC_PID,E_original5_retuned,8.236180904522612,251.18467353046285,0.008776374892161654,2.204490862068576
IMC_PID,E_original5_retuned,8.256281407035175,239.89130417406133,0.009267998981359696,2.2233123627222495
IMC_PID,E_original5_retuned,8.27638190954774,229.0995147673574,0.009759623070557784,2.235924909777095
IMC_PID,E_original5_retuned,8.296482412060302,218.78780532137228,0.010251247159755828,2.2428478678899286
IMC_PID,E_original5_retuned,8.316582914572864,208.93549603034842,0.01074287124895387,2.2445671331903454
IMC_PID,E_original5_retuned,8.336683417085428,199.5227096058443,0.011234495338151958,2.241536950922305
IMC_PID,E_original5_retuned,8.35678391959799,190.53035195282845,0.011726119427350003,2.234181661533895
IMC_PID,E_original5_retuned,8.376884422110553,181.9400915696068,0.012217743516548047,2.2228973741747216
IMC_PID,E_original5_retuned,8.396984924623116,173.73433799759928,0.012709367605746088,2.20805356735243
IMC_PID,E_original5_retuned,8.417085427135678,165.89621959961036,0.013200991694944132,2.1899946171570845
IMC_PID,E_original5_retuned,8.43718592964824,158.40956090402906,0.013692615784142177,2.16904125399354
IMC_PID,E_original5_retuned,8.457286432160803,151.25885971624783,0.01418423987334022,2.145491949183177
IMC_PID,E_original5_retuned,8.477386934673367,144.42926416621185,0.014675863962538307,2.119624233112834
IMC_PID,E_original5_retuned,8.49748743718593,137.906549834681,0.015167488051736351,2.0916959468737075
IMC_PID,E_original5_retuned,8.517587939698492,131.67709707604263,0.015659112140934395,2.061946429506456
IMC_PID,E_original5_retuned,8.537688442211056,125.72786863594322,0.01615073623013248,2.0305976431158657
IMC_PID,E_original5_retuned,8.557788944723619,120.04638764275522,0.016642360319330526,1.9978552381847599
IMC_PID,E_original5_retuned,8.577889447236181,114.62071603809473,0.01713398440852857,1.9639095614910957
IMC_PID,E_original5_retuned,8.597989949748744,109.43943349739317,0.01762560849772661,1.9289366090380393
IMC_PID,E_original5_retuned,8.618090452261306,104.49161688019164,0.018117232586924655,1.8930989264022544
IMC_PID,E_original5_retuned,8.638190954773869,99.7668202410513,0.0186088566761227,1.8565464588982208
IMC_PID,E_original5_retuned,8.658291457286431,95.25505542253532,0.019100480765320744,1.8194173538976972
IMC_PID,E_original5_retuned,8.678391959798995,90.94677324546113,0.01959210485451883,1.7818387176052222
IMC_PID,E_original5_retuned,8.698492462311558,86.83284530558228,0.020083728943716874,1.7439273285290127
IMC_PID,E_original5_retuned,8.71859296482412,82.9045463801829,0.02057535303291492,1.7057903098059317
IMC_PID,E_original5_retuned,8.738693467336685,79.15353744528191,0.021066977122113004,1.6675257624940691
IMC_PID,E_original5_retuned,8.758793969849247,75.57184929880272,0.02155860121131105,1.6292233618341843
IMC_PID,E_original5_retuned,8.77889447236181,72.15186678372785,0.022050225300509093,1.5909649184335175
IMC_PID,E_original5_retuned,8.798994974874372,68.88631360219846,0.022541849389707137,1.5528249062328918
IMC_PID,E_original5_retuned,8.819095477386934,65.76823770933912,0.02303347347890518,1.5148709590323943
IMC_PID,E_original5_retuned,8.839195979899497,62.790997274800525,0.023525097568103222,1.477164337288186
IMC_PID,E_original5_retuned,8.85929648241206,59.948247198028014,0.024016721657301267,1.4397603667981294
IMC_PID,E_original5_retuned,8.879396984924623,57.233926162888146,0.024508345746499356,1.402708850829678
IMC_PID,E_original5_retuned,8.899497487437186,54.64224421625475,0.024999969835697397,1.3660544571611795
IMC_PID,E_original5_retuned,8.919597989949748,52.167670854948334,0.02549159392489544,1.329837081441946
IMC_PID,E_original5_retuned,8.939698492462313,49.80492360468561,0.02598321801409353,1.2940921881958194
IMC_PID,E_original5_retuned,8.959798994974875,47.54895707529272,0.02647484210329157,1.2588511307445633
IMC_PID,E_original5_retuned,8.979899497487438,45.394952475238306,0.026966466192489616,1.2241414512331865
IMC_PID,E_original5_retuned,9.0,43.33830756987371,0.02745809028168766,1.1899871619091402
IMC_PID,P_move_interior_Kc,5.0,43.51199062255985,0.006196647380884499,0.2696284627283564
IMC_PID,P_move_interior_Kc,5.0201005025125625,45.56863215898163,0.005977681092999412,0.27239475089058945
IMC_PID,P_move_interior_Kc,5.040201005025126,47.72263306346019,0.005758714805114315,0.2748210335615861
IMC_PID,P_move_interior_Kc,5.060301507537688,49.97859553893587,0.0055397485172292305,0.2768688505300194
IMC_PID,P_move_interior_Kc,5.080402010050252,52.34133834220194,0.005320782229344135,0.2784968629112769
IMC_PID,P_move_interior_Kc,5.100502512562814,54.81590682538412,0.005101815941459047,0.27966066728727845
IMC_PID,P_move_interior_Kc,5.1206030150753765,57.4075834209168,0.0048828496535739604,0.28031259881934184
IMC_PID,P_move_interior_Kc,5.14070351758794,60.12189858617022,0.004663883365688867,0.2804015227296723
IMC_PID,P_move_interior_Kc,5.160804020100502,62.96464222398279,0.004444917077803779,0.279872613519186
IMC_PID,P_move_interior_Kc,5.180904522613066,65.94187559535318,0.0042259507899186834,0.2786671212609023
IMC_PID,P_move_interior_Kc,5.201005025125628,69.059943740339,0.004006984502033595,0.27672212427885035
IMC_PID,P_move_interior_Kc,5.221105527638191,72.32548842296983,0.0037880182141485103,0.2739702674933969
IMC_PID,P_move_interior_Kc,5.241206030150754,75.74546161534393,0.003569051926263415,0.2703394856839548
IMC_PID,P_move_interior_Kc,5.261306532663316,79.3271395355618,0.003350085638378327,0.26575271089171915
IMC_PID,P_move_interior_Kc,5.28140703517588,83.07813725307062,0.0031311193504932316,0.26012756315602203
IMC_PID,P_move_interior_Kc,5.301507537688442,87.0064238739693,0.0029121530626081433,0.25337602375116197
IMC_PID,P_move_interior_Kc,5.321608040201005,91.12033831699802,0.0026931867747230585,0.24540409006362982
IMC_PID,P_move_interior_Kc,5.341708542713568,95.42860568941595,0.0024742204868379632,0.23611141122713475
IMC_PID,P_move_interior_Kc,5.36180904522613,99.94035426887815,0.002255254198952875,0.22539090360972533
IMC_PID,P_move_interior_Kc,5.381909547738694,104.66513309578431,0.0020362879110677797,0.21312834523324578
IMC_PID,P_move_interior_Kc,5.402010050251256,109.61293017529923,0.001817321623182695,0.1992019481879862
IMC_PID,P_move_interior_Kc,5.422110552763819,114.79419128596818,0.0015983553352976066,0.18348190810310128
IMC_PID,P_move_interior_Kc,5.442211055276382,120.21983938521302,0.0013793890474125096,0.1658299297296539
IMC_PID,P_move_interior_Kc,5.4623115577889445,125.90129459700343,0.0011604227595274248,0.14609872770432997
IMC_PID,P_move_interior_Kc,5.482412060301508,131.85049475968464,0.0009414564716423261,0.1241315015807477
IMC_PID,P_move_interior_Kc,5.50251256281407,138.07991650358838,0.0007487099630914357,0.10338180918907017
IMC_PID,P_move_interior_Kc,5.522613065326633,144.6025968188979,0.0007395019098798922,0.10693389652116701
IMC_PID,P_move_interior_Kc,5.542713567839196,151.43215506116582,0.0007302938566683483,0.11058997254321812
IMC_PID,P_move_interior_Kc,5.562814070351759,158.58281533215805,0.0007210858034568048,0.11435181680823128
IMC_PID,P_move_interior_Kc,5.582914572864322,166.06942915368802,0.0007118777502452609,0.11822113161044216
IMC_PID,P_move_interior_Kc,5.603015075376884,173.90749833886613,0.0007026696970337173,0.12219952916966276
IMC_PID,P_move_interior_Kc,5.623115577889447,182.11319794114277,0.0006934616438221738,0.12628851760597778
IMC_PID,P_move_interior_Kc,5.64321608040201,190.70339913961655,0.0006842535906106299,0.13048948560293472
IMC_PID,P_move_interior_Kc,5.663316582914573,199.69569189107102,0.0006750455373990864,0.13480368564889042
IMC_PID,P_move_interior_Kc,5.683417085427136,209.10840714743924,0.0006658374841875425,0.13923221573751526
IMC_PID,P_move_interior_Kc,5.703517587939698,218.96063840164328,0.0006566294309759989,0.14377599939981248
IMC_PID,P_move_interior_Kc,5.723618090452261,229.27226228279406,0.0006474213777644554,0.1484357639303001
IMC_PID,P_move_interior_Kc,5.743718592964824,240.06395787437083,0.0006382133245529115,0.1532120166603323
IMC_PID,P_move_interior_Kc,5.763819095477387,251.35722437570556,0.000629005271341368,0.1581050191220538
IMC_PID,P_move_interior_Kc,5.78391959798995,263.1743966623053,0.000619797218129824,0.16311475893429167
IMC_PID,P_move_interior_Kc,5.8040201005025125,275.5386582355131,0.0006105891649182805,0.16824091923472542
IMC_PID,P_move_interior_Kc,5.824120603015075,288.4740509673266,0.000601381111706737,0.17348284546927678
IMC_PID,P_move_interior_Kc,5.844221105527638,302.00548095940434,0.000592173058495193,0.17883950934204226
IMC_PID,P_move_interior_Kc,5.864321608040201,316.158719731067,0.0005829650052836496,0.18430946971849335
IMC_PID,P_move_interior_Kc,5.884422110552764,330.96039984114964,0.0005737569520721056,0.1898908302694234
IMC_PID,P_move_interior_Kc,5.9045226130653266,346.4380039145965,0.000564548898860562,0.19558119363343654
IMC_PID,P_move_interior_Kc,5.924623115577889,362.61984590754116,0.0005553408456490186,0.2013776118754107
IMC_PID,P_move_interior_Kc,5.944723618090452,379.53504327808736,0.0005461327924374746,0.20727653301333965
IMC_PID,P_move_interior_Kc,5.964824120603015,397.21347856097714,0.0005369247392259312,0.21327374339337765
IMC_PID,P_move_interior_Kc,5.984924623115578,415.6857486442847,0.0005277166860143872,0.21936430569797147
IMC_PID,P_move_interior_Kc,6.005025125628141,434.98309983335855,0.0005185086328028436,0.22554249238693758
IMC_PID,P_move_interior_Kc,6.025125628140703,455.1373465566649,0.0005093005795913002,0.23180171439495587
IMC_PID,P_move_interior_Kc,6.045226130653266,476.1807713111005,0.0005000925263797562,0.2381344449384292
IMC_PID,P_move_interior_Kc,6.065326633165829,498.14600318541625,0.0004908844731682128,0.2445321383345239
IMC_PID,P_move_interior_Kc,6.085427135678392,521.0658719995507,0.0004816764199566688,0.2509851437863434
IMC_PID,P_move_interior_Kc,6.105527638190955,544.9732348195023,0.0004724683667451253,0.2574826141749779
IMC_PID,P_move_interior_Kc,6.125628140703517,569.9007712722189,0.00046326031353358175,0.2640124099825982
IMC_PID,P_move_interior_Kc,6.1457286432160805,595.8807438194428,0.00045405226032203783,0.27056099861359517
IMC_PID,P_move_interior_Kc,6.165829145728643,622.9447188017072,0.0004448442071104943,0.2771133495090152
IMC_PID,P_move_interior_Kc,6.185929648241206,651.1232438233943,0.0004356361538989504,0.283652825653432
IMC_PID,P_move_interior_Kc,6.206030150753769,680.4454790408423,0.0004264281006874069,0.29016107324871915
IMC_PID,P_move_interior_Kc,6.226130653266331,710.9387638079295,0.00041722004747586335,0.29661790478837596
IMC_PID,P_move_interior_Kc,6.2462311557788945,742.6281482319112,0.0004080119942643194,0.30300119175692064
IMC_PID,P_move_interior_Kc,6.266331658291457,775.5358381457442,0.00039880394105277594,0.3092867486801905
IMC_PID,P_move_interior_Kc,6.28643216080402,809.6805839328051,0.00038959588784123197,0.31544822596510835
IMC_PID,P_move_interior_Kc,6.306532663316583,845.076994495401,0.0003803878346296885,0.32145700803147076
IMC_PID,P_move_interior_Kc,6.326633165829145,881.7347749078431,0.00037117978141814494,0.32728212101907045
IMC_PID,P_move_interior_Kc,6.346733668341709,919.6578847825409,0.00036197172820660097,0.33289015391356347
IMC_PID,P_move_interior_Kc,6.366834170854271,958.8436156860879,0.00035276367499505754,0.33824519761497296
IMC_PID,P_move_interior_Kc,6.386934673366834,999.2815876494559,0.00034355562178351357,0.3433088071817254
IMC_PID,P_move_interior_Kc,6.407035175879397,1040.9526670465682,0.0003343475685719701,0.3480399932255276
IMC_PID,P_move_interior_Kc,6.427135678391959,1083.8278109916182,0.00032513951536042654,0.35239524919996673
IMC_PID,P_move_interior_Kc,6.447236180904523,1127.8668468876604,0.00031593146214888257,0.3563286220464684
IMC_PID,P_move_interior_Kc,6.467336683417085,1173.0171999448216,0.00030672340893733913,0.359791834309208
IMC_PID,P_move_interior_Kc,6.4874371859296485,1219.2125865367377,0.00029751535572579516,0.3627344663888443
IMC_PID,P_move_interior_Kc,6.507537688442211,1266.3716969250513,0.0002883073025142517,0.365104207920857
IMC_PID,P_move_interior_Kc,6.527638190954773,1314.3968973163492,0.00027909924930270814,0.3668471873268018
IMC_PID,P_move_interior_Kc,6.547738693467337,1363.1729882444247,0.00026989119609116416,0.3679083882764542
IMC_PID,P_move_interior_Kc,6.5678391959799,1412.566063576177,0.0002606831428796203,0.36823216097813133
IMC_PID,P_move_interior_Kc,6.5879396984924625,1462.4225220559304,0.0002514750896680768,0.36776283486663014
IMC_PID,P_move_interior_Kc,6.608040201005025,1512.568290248035,0.00024226703645653322,0.36644543711651684
IMC_PID,P_move_interior_Kc,6.628140703517587,1562.8083221722397,0.00023305898324498973,0.3642265185722705
IMC_PID,P_move_interior_Kc,6.648241206030151,1612.9264455872235,0.0002238509300334458,0.36105508492024
IMC_PID,P_move_interior_Kc,6.668341708542714,1662.6856274249926,0.0002146428768219019,0.35688362632092935
IMC_PID,P_move_interior_Kc,6.688442211055277,1711.8287302076274,0.0002054348236103584,0.35166923324134775
IMC_PID,P_move_interior_Kc,6.708542713567839,1760.0798267471364,0.0001962267703988148,0.3453747800466961
IMC_PID,P_move_interior_Kc,6.7286432160804015,1807.1461310586985,0.00018701871718727133,0.3379701512005383
IMC_PID,P_move_interior_Kc,6.748743718592965,1852.7205888445928,0.0001778106639757274,0.32943347806395773
IMC_PID,P_move_interior_Kc,6.768844221105528,1896.4851503803225,0.0001686026107641835,0.3197523476296275
IMC_PID,P_move_interior_Kc,6.788944723618091,1938.1147226499895,0.00015939455755264,0.30892493870305265
IMC_PID,P_move_interior_Kc,6.809045226130653,1977.2817663797837,0.0001501865043410964,0.29696103658996814
IMC_PID,P_move_interior_Kc,6.829145728643216,2013.6614685707084,0.00014097845112955292,0.2838828749383594
IMC_PID,P_move_interior_Kc,6.849246231155779,2046.9373837355647,0.000131770397918009,0.26972575356808365
IMC_PID,P_move_interior_Kc,6.869346733668342,2076.8074002958347,0.00012256234470646508,0.2545383844839957
IMC_PID,P_move_interior_Kc,6.889447236180905,2102.989854548268,0.0001133542914949216,0.23838292498332714
IMC_PID,P_move_interior_Kc,6.909547738693467,2125.2295870095263,0.000104146238283378,0.22133466697557916
IMC_PID,P_move_interior_Kc,6.92964824120603,2143.30371771063,9.493818507183463e-05,0.20348136501716296
IMC_PID,P_move_interior_Kc,6.949748743718593,2157.0269103715023,8.57301318602906e-05,0.18492220145234411
IMC_PID,P_move_interior_Kc,6.969849246231156,2166.2559028249116,7.652207864874668e-05,0.16576640456927963
IMC_PID,P_move_interior_Kc,6.989949748743719,2170.8931027237077,6.731402543720319e-05,0.14613155353819263
IMC_PID,P_move_interior_Kc,7.010050251256281,2170.8890833407468,6.87487416449042e-05,0.1492458927303359
IMC_PID,P_move_interior_Kc,7.030150753768844,2166.2438618619776,8.082622727184985e-05,0.1750893187051059
IMC_PID,P_move_interior_Kc,7.050251256281407,2157.006899095511,9.290371289879604e-05,0.20039394967429167
IMC_PID,P_move_interior_Kc,7.07035175879397,2143.2758205970963,0.00010498119852574221,0.2250036644175268
IMC_PID,P_move_interior_Kc,7.090452261306533,2125.1939203360216,0.00011705868415268789,0.2487724038838269
IMC_PID,P_move_interior_Kc,7.110552763819095,2102.946564484834,0.0001291361697796335,0.27156646458881056
IMC_PID,P_move_interior_Kc,7.130653266331658,2076.7566605641214,0.00014121365540657917,0.2932663994282199
IMC_PID,P_move_interior_Kc,7.150753768844221,2046.879392922126,0.00015329114103352536,0.31376847769904237
IMC_PID,P_move_interior_Kc,7.170854271356784,2013.5964471799223,0.00016536862666047155,0.3329856791185485
IMC_PID,P_move_interior_Kc,7.190954773869347,1977.209953682588,0.0001774461122874172,0.3508482194569595
IMC_PID,P_move_interior_Kc,7.211055276381909,1938.0363734558557,0.00018952359791436286,0.3673036263862576
IMC_PID,P_move_interior_Kc,7.231155778894472,1896.4005318193745,0.0002016010835413085,0.3823164020430996
IMC_PID,P_move_interior_Kc,7.251256281407035,1852.6299771713293,0.0002136785691682547,0.39586732272018604
IMC_PID,P_move_interior_Kc,7.2713567839195985,1807.0498086210737,0.0002257560547952009,0.40795243561271644
IMC_PID,P_move_interior_Kc,7.291457286432161,1759.9780791234002,0.00023783354042214655,0.41858181762328706
IMC_PID,P_move_interior_Kc,7.311557788944723,1711.721843569662,0.0002499110260490922,0.42777816223713794
IMC_PID,P_move_interior_Kc,7.331658291457286,1662.5738861605769,0.00026198851167603786,0.4355752579866559
IMC_PID,P_move_interior_Kc,7.351758793969849,1612.810130197685,0.00027406599730298405,0.44201641679298415
IMC_PID,P_move_interior_Kc,7.371859296482413,1562.6877074504725,0.00028614348292993025,0.44715290334166613
IMC_PID,P_move_interior_Kc,7.391959798994975,1512.4436437220982,0.0002982209685568759,0.4510424083184946
IMC_PID,P_move_interior_Kc,7.4120603015075375,1462.2941027272145,0.0003102984541838215,0.4537475996383729
IMC_PID,P_move_interior_Kc,7.4321608040201,1412.4341209006727,0.00032237593981076715,0.45533477714614906
IMC_PID,P_move_interior_Kc,7.452261306532663,1363.0377613543064,0.00033445342543771334,0.45587264828590024
IMC_PID,P_move_interior_Kc,7.472361809045227,1314.2586144771224,0.00034653091106465954,0.45543123504933436
IMC_PID,P_move_interior_Kc,7.492462311557789,1266.2305751598576,0.0003586083966916052,0.4540809163999656
IMC_PID,P_move_interior_Kc,7.5125628140703515,1219.0688314455313,0.00037068588231855084,0.4518916053914315
IMC_PID,P_move_interior_Kc,7.532663316582914,1172.8710056739951,0.0003827633679454965,0.4489320562973999
IMC_PID,P_move_interior_Kc,7.552763819095477,1127.71839619813,0.0003948408535724427,0.44526929414421573
IMC_PID,P_move_interior_Kc,7.572864321608041,1083.6772754601718,0.0004069183391993889,0.4409681571583718
IMC_PID,P_move_interior_Kc,7.592964824120603,1040.8002073460812,0.00041899582482633453,0.43609094135639126
IMC_PID,P_move_interior_Kc,7.613065326633166,999.1273538954149,0.0004310733104532802,0.43069713600812254
IMC_PID,P_move_interior_Kc,7.633165829145728,958.6877478267728,0.00044315079608022584,0.4248432386417932
IMC_PID,P_move_interior_Kc,7.653266331658291,919.5005130370766,0.00045522828170717203,0.4185826385787315
IMC_PID,P_move_interior_Kc,7.673366834170855,881.5760202293397,0.00046730576733411823,0.41196555859662976
IMC_PID,P_move_interior_Kc,7.693467336683417,844.9169690456032,0.0004793832529610639,0.40503904510308375
IMC_PID,P_move_interior_Kc,7.71356783919598,809.5193915690897,0.0004914607385880095,0.39784699808186097
IMC_PID,P_move_interior_Kc,7.733668341708542,775.3735749044453,0.0005035382242149552,0.3904302330105859
IMC_PID,P_move_interior_Kc,7.7537688442211055,742.4649028048075,0.0005156157098419014,0.3828265678923991
IMC_PID,P_move_interior_Kc,7.773869346733669,710.7746180137319,0.0005276931954688476,0.3750709294378157
IMC_PID,P_move_interior_Kc,7.793969849246231,680.2805082804279,0.0005397706810957932,0.36719547329071894
IMC_PID,P_move_interior_Kc,7.814070351758794,650.9575175171174,0.0005518481667227389,0.3592297126562064
IMC_PID,P_move_interior_Kc,7.834170854271356,622.7783008032746,0.0005639256523496845,0.35120065954971474
IMC_PID,P_move_interior_Kc,7.8542713567839195,595.7136928216971,0.0005760031379766307,0.3431329564009442
IMC_PID,P_move_interior_Kc,7.874371859296483,569.7331411826115,0.0005880806236035769,0.3350490209542949
IMC_PID,P_move_interior_Kc,7.894472361809045,544.8050751192078,0.0006001581092305226,0.3269691837827366
IMC_PID,P_move_interior_Kc,7.914572864321608,520.8972280787464,0.0006122355948574682,0.31891182429239756
IMC_PID,P_move_interior_Kc,7.93467336683417,497.97691665648927,0.0006243130804844139,0.31089350284794304
IMC_PID,P_move_interior_Kc,7.954773869346734,476.01128030832444,0.0006363905661113601,0.3029290881508079
IMC_PID,P_move_interior_Kc,7.974874371859297,454.9674860072796,0.0006484680517383063,0.29503187925541574
IMC_PID,P_move_interior_Kc,7.994974874371859,434.81290171532135,0.0006605455373652519,0.2872137218168914
IMC_PID,P_move_interior_Kc,8.015075376884422,415.5152422235053,0.0006726230229921976,0.27948511832370937
IMC_PID,P_move_interior_Kc,8.035175879396984,397.04269061338977,0.0006847005086191432,0.2718553322065011
IMC_PID,P_move_interior_Kc,8.055276381909547,379.36399829230106,0.0006967779942460889,0.2643324858192862
IMC_PID,P_move_interior_Kc,8.075376884422111,362.4485662742883,0.0007088554798730356,0.2569236523756544
IMC_PID,P_move_interior_Kc,8.095477386934673,346.26651010044344,0.0007209329654999813,0.2496349419800419
IMC_PID,P_move_interior_Kc,8.115577889447236,330.7887105504501,0.0007330104511269268,0.24247158194827984
IMC_PID,P_move_interior_Kc,8.1356783919598,315.986852053195,0.0007450879367538735,0.23543799163766654
IMC_PID,P_move_interior_Kc,8.155778894472363,301.83345050511946,0.0007571654223808193,0.2285378520403689
IMC_PID,P_move_interior_Kc,8.175879396984925,288.30187199448136,0.0007692429080077648,0.22177417039711722
IMC_PID,P_move_interior_Kc,8.195979899497488,275.36634376298093,0.0007813203936347106,0.2151493401026433
IMC_PID,P_move_interior_Kc,8.21608040201005,263.00195857754835,0.0007933978792616562,0.20866519617708879
IMC_PID,P_move_interior_Kc,8.236180904522612,251.18467353046285,0.0008054753648886019,0.20232306656637392
IMC_PID,P_move_interior_Kc,8.256281407035175,239.89130417406133,0.0008175528505155475,0.1961238195413961
IMC_PID,P_move_interior_Kc,8.27638190954774,229.0995147673574,0.0008296303361424942,0.19006790744652502
IMC_PID,P_move_interior_Kc,8.296482412060302,218.78780532137228,0.00084170782176944,0.18415540704676855
IMC_PID,P_move_interior_Kc,8.316582914572864,208.93549603034842,0.0008537853073963855,0.1783860567042873
IMC_PID,P_move_interior_Kc,8.336683417085428,199.5227096058443,0.0008658627930233322,0.1727592906108996
IMC_PID,P_move_interior_Kc,8.35678391959799,190.53035195282845,0.000877940278650278,0.16727427028480174
IMC_PID,P_move_interior_Kc,8.376884422110553,181.9400915696068,0.0008900177642772235,0.16192991353117478
IMC_PID,P_move_interior_Kc,8.396984924623116,173.73433799759928,0.0009020952499041693,0.15672492105287975
IMC_PID,P_move_interior_Kc,8.417085427135678,165.89621959961036,0.0009141727355311148,0.15165780088564634
IMC_PID,P_move_interior_Kc,8.43718592964824,158.40956090402906,0.0009262502211580606,0.1467268908209082
IMC_PID,P_move_interior_Kc,8.457286432160803,151.25885971624783,0.0009383277067850061,0.14193037896846178
IMC_PID,P_move_interior_Kc,8.477386934673367,144.42926416621185,0.0009504051924119529,0.13726632259980534
IMC_PID,P_move_interior_Kc,8.49748743718593,137.906549834681,0.0009624826780388985,0.13273266540398856
IMC_PID,P_move_interior_Kc,8.517587939698492,131.67709707604263,0.0010320685630488386,0.13589979236571373
IMC_PID,P_move_interior_Kc,8.537688442211056,125.72786863594322,0.0011098699336849279,0.13954158122532162
IMC_PID,P_move_interior_Kc,8.557788944723619,120.04638764275522,0.00118767130432101,0.14257564979069667
IMC_PID,P_move_interior_Kc,8.577889447236181,114.62071603809473,0.001265472674957092,0.145049384130225
IMC_PID,P_move_interior_Kc,8.597989949748744,109.43943349739317,0.0013432740455931744,0.1470071505814685
IMC_PID,P_move_interior_Kc,8.618090452261306,104.49161688019164,0.0014210754162292565,0.14849046795048634
IMC_PID,P_move_interior_Kc,8.638190954773869,99.7668202410513,0.0014988767868653386,0.1495381709586788
IMC_PID,P_move_interior_Kc,8.658291457286431,95.25505542253532,0.001576678157501421,0.15018656527629873
IMC_PID,P_move_interior_Kc,8.678391959798995,90.94677324546113,0.00165447952813751,0.15046957448477966
IMC_PID,P_move_interior_Kc,8.698492462311558,86.83284530558228,0.0017322808987735921,0.15041887930902237
IMC_PID,P_move_interior_Kc,8.71859296482412,82.9045463801829,0.0018100822694096744,0.15006404945622107
IMC_PID,P_move_interior_Kc,8.738693467336685,79.15353744528191,0.0018878836400457635,0.14943266839469746
IMC_PID,P_move_interior_Kc,8.758793969849247,75.57184929880272,0.0019656850106818456,0.14855045139616385
IMC_PID,P_move_interior_Kc,8.77889447236181,72.15186678372785,0.002043486381317928,0.14744135715921325
IMC_PID,P_move_interior_Kc,8.798994974874372,68.88631360219846,0.0021212877519540103,0.14612769332160652
IMC_PID,P_move_interior_Kc,8.819095477386934,65.76823770933912,0.002199089122590092,0.14463021615852717
IMC_PID,P_move_interior_Kc,8.839195979899497,62.790997274800525,0.0022768904932261745,0.14296822475518395
IMC_PID,P_move_interior_Kc,8.85929648241206,59.948247198028014,0.002354691863862257,0.1411596499299999
IMC_PID,P_move_interior_Kc,8.879396984924623,57.233926162888146,0.0024324932344983456,0.13922113817500328
IMC_PID,P_move_interior_Kc,8.899497487437186,54.64224421625475,0.002510294605134428,0.1371681308685022
IMC_PID,P_move_interior_Kc,8.919597989949748,52.167670854948334,0.0025880959757705103,0.13501493900501232
IMC_PID,P_move_interior_Kc,8.939698492462313,49.80492360468561,0.002665897346406599,0.13277481367571475
IMC_PID,P_move_interior_Kc,8.959798994974875,47.54895707529272,0.0027436987170426815,0.13046001252419817
IMC_PID,P_move_interior_Kc,8.979899497487438,45.394952475238306,0.0028215000876787638,0.1280818623890582
IMC_PID,P_move_interior_Kc,9.0,43.33830756987371,0.0028993014583148457,0.12565081833823216
