set,design,scenario,condition,dt,solver,rtol,atol,stable,dt_actual,requested_delay,implemented_delay,status,IAE,ISE,max_abs_error,actuator_TV,saturation_fraction,segments,unsettled_segments,worst_settling_s,worst_final_error,pH_min,pH_max,delay_mode
development,reference_PI/A_original3,standardised,legacy_RK45,legacy,rk,0.001,1e-06,False,20.00235321802565,109.59723737472511,100.01176609012825,ok,195052.59381197946,357272.7587796,3.6188832857548414,49.00152926863102,0.0,7,5,inf,1.8320526993769572,3.468407354305284,10.234944990336105,
development,reference_PI/A_original3,standardised,tight_RK45,legacy,rk,1e-09,1e-12,False,20.00235321802565,109.59723737472511,100.01176609012825,ok,194946.09916784117,357434.6913231864,3.620689131544351,49.02518251934059,0.0,7,5,inf,1.852177945612464,3.468407354346252,10.234121427215797,
development,reference_PI/A_original3,standardised,exact_legacy,legacy,,,,False,20.00235321802565,109.59723737472511,100.01176609012825,ok,194759.94359395164,356804.58386217075,3.62392404395574,48.96299781881238,0.0,7,5,inf,1.8339804242192237,3.4684073543747567,10.231701904119443,
development,reference_PI/A_original3,standardised,stable_legacy,legacy,,,,,20.00235321802565,109.59723737472511,100.01176609012825,ok,194931.74663347928,357395.7586628389,3.6205489524601635,49.02256037977462,0.0,7,5,inf,1.845345239179899,3.4684073543506395,10.234189412884884,
development,reference_PI/A_original3,standardised,sample_20.0,20.0,,,,,20.0,109.59723737472511,100.0,ok,192942.55602507625,355270.4821097423,3.644590495666294,48.85389646452268,0.0,7,5,inf,2.457093828191611,3.468407501112045,10.250502041031579,
development,reference_PI/A_original3,standardised,sample_10.0,10.0,,,,,10.0,109.59723737472511,100.0,ok,232518.3383117945,445843.3415691538,3.5096502358779187,63.67167032447994,0.0,7,6,inf,1.9440267089014922,3.5015518038297375,10.225820174903516,
development,reference_PI/A_original3,standardised,sample_5.0,5.0,,,,,5.0,109.59723737472511,105.0,ok,238588.35821765143,465082.73059810017,3.566399110906498,67.06505112018849,0.0,7,6,inf,2.5070586595607054,3.5852987150222853,10.299060959582274,
development,reference_PI/A_original3,standardised,sample_2.5,2.5,,,,,2.5,109.59723737472511,107.5,ok,238993.84403788665,466525.69035737053,3.5428259455460136,66.82051374957982,0.0,7,6,inf,2.9291532301203436,3.5078593671945675,10.265644786453574,
development,reference_PI/A_original3,standardised,fractional_5,5.0,,,,,5.0,109.59723737472511,109.59723737472511,ok,235820.40652522806,453154.99661038583,3.4370492031146407,65.2235926398866,0.0,7,6,inf,2.2286041809729564,3.5547119469826542,10.064650179843186,fractional
development,reference_PI/A_original3,wide,legacy_RK45,legacy,rk,0.001,1e-06,False,20.002667022269637,109.59723737472511,100.01333511134818,ok,93807.6514288721,153179.38087025017,2.8080500969396667,28.531048107499412,0.0,7,3,inf,2.29471454269361,3.9999999999999996,10.088444878217224,
development,reference_PI/A_original3,wide,tight_RK45,legacy,rk,1e-09,1e-12,False,20.002667022269637,109.59723737472511,100.01333511134818,ok,93807.65142890504,153179.38087034048,2.808050096917671,28.531048107341142,0.0,7,3,inf,2.294714542693484,3.9999999999999996,10.088444878145072,
development,reference_PI/A_original3,wide,exact_legacy,legacy,,,,False,20.002667022269637,109.59723737472511,100.01333511134818,ok,93807.65142887265,153179.38087026487,2.808050096938082,28.531048107496886,0.0,7,3,inf,2.294714542693665,3.9999999999999982,10.088444878217224,
development,reference_PI/A_original3,wide,stable_legacy,legacy,,,,,20.002667022269637,109.59723737472511,100.01333511134818,ok,93807.65142879248,153179.38087010483,2.808050096970465,28.531048107728022,0.0,7,3,inf,2.2947145426936455,3.9999999999999982,10.088444878186955,
development,reference_PI/A_original3,wide,sample_20.0,20.0,,,,,20.0,109.59723737472511,100.0,ok,93813.45840005434,153484.044004814,2.808481395755826,28.48515178560703,0.0,7,3,inf,2.2949756446654845,3.9999999999999982,10.088440442254434,
development,reference_PI/A_original3,wide,sample_10.0,10.0,,,,,10.0,109.59723737472511,100.0,ok,104079.97661030167,183292.03689738153,3.860906962831203,32.62863047446351,0.0,7,3,inf,2.552232363170938,3.9999999999999996,10.088139522338023,
development,reference_PI/A_original3,wide,sample_5.0,5.0,,,,,5.0,109.59723737472511,105.0,ok,107277.87434574155,193551.1660638807,3.908132297354535,33.685466257483256,0.0,7,3,inf,2.8942537162323205,4.0,10.089525997193212,
development,reference_PI/A_original3,wide,sample_2.5,2.5,,,,,2.5,109.59723737472511,107.5,ok,108458.6231189697,197334.07236179418,3.0056392174219635,34.402154818055685,0.0,7,3,inf,1.3358694573632057,4.0,10.090226828845728,
development,reference_PI/A_original3,wide,fractional_5,5.0,,,,,5.0,109.59723737472511,109.59723737472511,ok,106687.1397099107,191334.7342785393,3.0485721523256384,32.986579504061865,0.0,7,3,inf,1.8120952710041207,4.0,10.090957971327699,fractional
development,reference_PI/A_original3,regulatory,legacy_RK45,legacy,rk,0.001,1e-06,False,20.006668889629875,109.59723737472511,100.03334444814938,ok,65735.68372110346,119168.2731986344,3.0560077665150023,16.920731045550262,0.0,2,1,inf,1.8331169567586585,3.9439922334849977,8.885652158616873,
development,reference_PI/A_original3,regulatory,tight_RK45,legacy,rk,1e-09,1e-12,False,20.006668889629875,109.59723737472511,100.03334444814938,ok,65735.69611382356,119168.26199906284,3.056007766514982,16.92073045327991,0.0,2,1,inf,1.8331071283155982,3.943992233485018,8.885652158616873,
development,reference_PI/A_original3,regulatory,exact_legacy,legacy,,,,False,20.006668889629875,109.59723737472511,100.03334444814938,ok,65735.6664801206,119168.28864820547,3.056007766515015,16.92073182495603,0.0,2,1,inf,1.8331305875734447,3.943992233484985,8.885652158616873,
development,reference_PI/A_original3,regulatory,stable_legacy,legacy,,,,,20.006668889629875,109.59723737472511,100.03334444814938,ok,65735.66387379242,119168.29097059663,3.056007766515015,16.920731938340623,0.0,2,1,inf,1.833132643906028,3.943992233484985,8.885652158616896,
development,reference_PI/A_original3,regulatory,sample_20.0,20.0,,,,,20.0,109.59723737472511,100.0,ok,65764.54127845188,119192.95499245389,3.05598670356094,16.93063985190651,0.0,2,1,inf,1.7712003832369305,3.94401329643906,8.885741671079767,
development,reference_PI/A_original3,regulatory,sample_10.0,10.0,,,,,10.0,109.59723737472511,100.0,ok,68949.33685372774,128598.04054521275,3.0358373212007046,18.986458816289822,0.0,2,1,inf,1.9294958902264252,3.9641626787992954,9.007929151155857,
development,reference_PI/A_original3,regulatory,sample_5.0,5.0,,,,,5.0,109.59723737472511,105.0,ok,70308.0818267468,133187.19999257883,3.0264992074876633,19.7044890716574,0.0,2,1,inf,1.8403474481948043,3.9735007925123367,9.065829403387536,
development,reference_PI/A_original3,regulatory,sample_2.5,2.5,,,,,2.5,109.59723737472511,107.5,ok,70839.2082090182,134939.7857352087,3.022189863547025,20.047123423196474,0.0,2,1,inf,1.9391212695459963,3.977810136452975,9.086016906552624,
development,reference_PI/A_original3,regulatory,fractional_5,5.0,,,,,5.0,109.59723737472511,109.59723737472511,ok,70444.3765935081,133645.2776121521,3.0277431156598933,19.21296413529097,0.0,2,1,inf,0.9394447437111815,3.9722568843401067,9.065792297130244,fractional
development,reference_PI/B_analytic3,standardised,legacy_RK45,legacy,rk,0.001,1e-06,False,20.00235321802565,109.59723737472511,100.01176609012825,ok,47610.631088155715,103131.38814350832,3.1354483859080027,1.8271306971514285,0.0,7,0,10461.23073302742,5.621477834338862e-06,3.526120529350466,10.506679322073794,
development,reference_PI/B_analytic3,standardised,tight_RK45,legacy,rk,1e-09,1e-12,False,20.00235321802565,109.59723737472511,100.01176609012825,ok,47610.63108807986,103131.3881434768,3.1354483859033193,1.8271306971507233,0.0,7,0,10461.23073302742,5.621477759731874e-06,3.5261205293504823,10.506679322073794,
development,reference_PI/B_analytic3,standardised,exact_legacy,legacy,,,,False,20.00235321802565,109.59723737472511,100.01176609012825,ok,47610.631088122616,103131.38814348614,3.135448385905918,1.8271306971508583,0.0,7,0,10461.23073302742,5.621477686901244e-06,3.526120529350453,10.506679322073794,
development,reference_PI/B_analytic3,standardised,stable_legacy,legacy,,,,,20.00235321802565,109.59723737472511,100.01176609012825,ok,47610.63108814992,103131.38814348288,3.135448385907252,1.827130697150956,0.0,7,0,10461.23073302742,5.6214778467733595e-06,3.526120529350453,10.506679322013776,
development,reference_PI/B_analytic3,standardised,sample_20.0,20.0,,,,,20.0,109.59723737472511,100.0,ok,47613.28559969563,103140.60775980497,3.135638898147609,1.82719247470797,0.0,7,0,10460.0,5.684692316876294e-06,3.526120827406208,10.506677956952558,
development,reference_PI/B_analytic3,standardised,sample_10.0,10.0,,,,,10.0,109.59723737472511,100.0,ok,46905.50212642208,101881.9809659704,3.1169755049612853,1.8066122923902883,0.0,7,0,10540.0,1.463234000276259e-05,3.5212825761246402,10.50704214041141,
development,reference_PI/B_analytic3,standardised,sample_5.0,5.0,,,,,5.0,109.59723737472511,105.0,ok,46816.54945701703,101679.59498014598,3.11721359612838,1.805986113713339,0.0,7,0,10540.0,1.4132868850325053e-05,3.5182975491282455,10.507758206334893,
development,reference_PI/B_analytic3,standardised,sample_2.5,2.5,,,,,2.5,109.59723737472511,107.5,ok,46741.985502402465,101519.4132637643,3.117575320136405,1.8049829227187804,0.0,7,0,10537.5,1.3484396609086957e-05,3.5168625938003033,10.508117273596342,
development,reference_PI/B_analytic3,standardised,fractional_5,5.0,,,,,5.0,109.59723737472511,109.59723737472511,ok,47198.787320422256,102327.62482517115,3.126417029819468,1.8180640580578826,0.0,7,0,10500.0,6.453118057692109e-06,3.5177155278745977,10.508239719558617,fractional
development,reference_PI/B_analytic3,wide,legacy_RK45,legacy,rk,0.001,1e-06,False,20.002667022269637,109.59723737472511,100.01333511134818,ok,7489.5559465603155,5462.361583738339,2.1796482387560445,0.29990069936392594,0.0,7,0,7460.994799306587,0.0003284783363444177,3.9999999999999996,9.999671521663656,
development,reference_PI/B_analytic3,wide,tight_RK45,legacy,rk,1e-09,1e-12,False,20.002667022269637,109.59723737472511,100.01333511134818,ok,7489.555946557462,5462.361583737894,2.1796482387560996,0.2999006993638167,0.0,7,0,7460.994799306587,0.0003284783363444177,3.9999999999999996,9.999671521663656,
development,reference_PI/B_analytic3,wide,exact_legacy,legacy,,,,False,20.002667022269637,109.59723737472511,100.01333511134818,ok,7489.555946556329,5462.361583738924,2.1796482387559397,0.29990069936370567,0.0,7,0,7460.994799306587,0.0003284783363444177,3.9999999999999982,9.999671521663656,
development,reference_PI/B_analytic3,wide,stable_legacy,legacy,,,,,20.002667022269637,109.59723737472511,100.01333511134818,ok,7489.555946588763,5462.36158373818,2.179648238755938,0.29990069936508057,0.0,7,0,7460.994799306587,0.00032847832139459854,3.9999999999999982,9.999671521678605,
development,reference_PI/B_analytic3,wide,sample_20.0,20.0,,,,,20.0,109.59723737472511,100.0,ok,7489.439281715895,5462.306288432211,2.1796295819585776,0.2998956773045496,0.0,7,0,7460.0,0.0003273614166765526,3.9999999999999982,9.999672638583323,
development,reference_PI/B_analytic3,wide,sample_10.0,10.0,,,,,10.0,109.59723737472511,100.0,ok,7416.094403094665,5353.406112120516,2.1324335883175696,0.2959529568425827,0.0,7,0,7470.0,0.000328327793335248,3.9999999999999996,9.999671672206665,
development,reference_PI/B_analytic3,wide,sample_5.0,5.0,,,,,5.0,109.59723737472511,105.0,ok,7481.405250589337,5404.548863167642,2.129597585803536,0.29679125910708226,0.0,7,0,7455.0,0.00032509511713740835,4.0,9.999674904882863,
development,reference_PI/B_analytic3,wide,sample_2.5,2.5,,,,,2.5,109.59723737472511,107.5,ok,7511.6381014702565,5425.894566649818,2.1268996955011037,0.2971613133348221,0.0,7,0,7450.0,0.00032348044047658675,4.0,9.999676519559523,
development,reference_PI/B_analytic3,wide,fractional_5,5.0,,,,,5.0,109.59723737472511,109.59723737472511,ok,7575.667198411452,5499.559049661966,2.1487505649999328,0.29938089338453633,0.0,7,0,7440.0,0.0003216971152468773,4.0,9.999678302884753,fractional
development,reference_PI/B_analytic3,regulatory,legacy_RK45,legacy,rk,0.001,1e-06,False,20.006668889629875,109.59723737472511,100.03334444814938,ok,12362.938695477254,29137.080122647247,3.049993805813147,0.46024846825081234,0.0,2,0,6702.234078026006,3.197442310920451e-14,3.950006194186853,9.039783621696401,
development,reference_PI/B_analytic3,regulatory,tight_RK45,legacy,rk,1e-09,1e-12,False,20.006668889629875,109.59723737472511,100.03334444814938,ok,12362.938695479303,29137.080122652816,3.049993805813124,0.4602484682508656,0.0,2,0,6702.234078026006,3.197442310920451e-14,3.950006194186876,9.039783621697207,
development,reference_PI/B_analytic3,regulatory,exact_legacy,legacy,,,,False,20.006668889629875,109.59723737472511,100.03334444814938,ok,12362.938695479397,29137.080122644682,3.04999380581316,0.4602484682507413,0.0,2,0,6702.234078026006,1.0302869668521453e-13,3.95000619418684,9.039783621696401,
development,reference_PI/B_analytic3,regulatory,stable_legacy,legacy,,,,,20.006668889629875,109.59723737472511,100.03334444814938,ok,12362.938695478926,29137.0801226449,3.04999380581316,0.4602484682507022,0.0,2,0,6702.234078026006,1.0302869668521453e-13,3.95000619418684,9.039783621696431,
development,reference_PI/B_analytic3,regulatory,sample_20.0,20.0,,,,,20.0,109.59723737472511,100.0,ok,12379.635975904366,29178.229095025185,3.049983227515669,0.46069205896946563,0.0,2,0,6720.0,5.231370892033738e-13,3.950016772484331,9.043219699800574,
development,reference_PI/B_analytic3,regulatory,sample_10.0,10.0,,,,,10.0,109.59723737472511,100.0,ok,11921.615548691154,28259.164879595693,3.0487498782017255,0.4482564873951205,0.0,2,0,6450.0,1.0036416142611415e-13,3.9512501217982745,8.976507522560256,
development,reference_PI/B_analytic3,regulatory,sample_5.0,5.0,,,,,5.0,109.59723737472511,105.0,ok,11777.344619093537,27914.018880009775,3.049443405524204,0.44558996298637155,0.0,2,0,6435.0,6.625811010962934e-13,3.950556594475796,8.937874726915924,
development,reference_PI/B_analytic3,regulatory,sample_2.5,2.5,,,,,2.5,109.59723737472511,107.5,ok,11680.570114612328,27697.166012133588,3.0498929934867984,0.44367377011692,0.0,2,0,6675.0,9.414691248821327e-14,3.9501070065132016,8.91339020582913,
development,reference_PI/B_analytic3,regulatory,fractional_5,5.0,,,,,5.0,109.59723737472511,109.59723737472511,ok,11924.86032590878,28155.808612315217,3.050856598231507,0.4508408065568599,0.0,2,0,6825.0,1.1892709039784677e-12,3.949143401768493,8.94760780650401,fractional
development,reference_PI/C_add7,standardised,legacy_RK45,legacy,rk,0.001,1e-06,False,20.00235321802565,109.59723737472511,100.01176609012825,ok,58166.31414598744,115833.31883374898,3.198668633992086,1.8705152977568842,0.0,7,0,12861.513119190495,0.0011118311277567017,3.5261205217728806,10.50865548410867,
development,reference_PI/C_add7,standardised,tight_RK45,legacy,rk,1e-09,1e-12,False,20.00235321802565,109.59723737472511,100.01176609012825,ok,58166.314145990655,115833.31883370454,3.1986686339907244,1.8705152977575272,0.0,7,0,12861.513119190495,0.0011118311279236792,3.526120521772896,10.508655484488415,
development,reference_PI/C_add7,standardised,exact_legacy,legacy,,,,False,20.00235321802565,109.59723737472511,100.01176609012825,ok,58166.31414594221,115833.31883381597,3.1986686339945125,1.8705152977551167,0.0,7,0,12861.513119190495,0.0011118311277300563,3.526120521772868,10.50865548410867,
development,reference_PI/C_add7,standardised,stable_legacy,legacy,,,,,20.00235321802565,109.59723737472511,100.01176609012825,ok,58166.31414595429,115833.31883376514,3.198668633992545,1.8705152977556319,0.0,7,0,12861.513119190495,0.0011118311274760373,3.526120521772868,10.508655484323754,
development,reference_PI/C_add7,standardised,sample_20.0,20.0,,,,,20.0,109.59723737472511,100.0,ok,58155.052124514805,115800.23581170567,3.1985249566090603,1.8702595528511443,0.0,7,0,12860.0,0.0011158205326768922,3.5261208198905507,10.508654691030735,
development,reference_PI/C_add7,standardised,sample_10.0,10.0,,,,,10.0,109.59723737472511,100.0,ok,56565.17897045778,113513.08698029032,3.1750306757344458,1.8252624222389304,0.0,7,0,12800.0,0.00028570614775524916,3.5212825673332913,10.509335274418852,
development,reference_PI/C_add7,standardised,sample_5.0,5.0,,,,,5.0,109.59723737472511,105.0,ok,56552.61725677323,113376.60816673285,3.1710673911748195,1.8177838897286298,0.0,7,0,12750.0,0.00028489388124341986,3.5182975352564667,10.51019855438279,
development,reference_PI/C_add7,standardised,sample_2.5,2.5,,,,,2.5,109.59723737472511,107.5,ok,56513.32615659581,113171.90803338459,3.169342566933606,1.8132190230782683,0.0,7,0,12722.5,0.00039385929246282814,3.5168625770427053,10.510626515622564,
development,reference_PI/C_add7,standardised,fractional_5,5.0,,,,,5.0,109.59723737472511,109.59723737472511,ok,56948.51285007228,113927.56582393256,3.1791845603286015,1.833864783185934,0.0,7,0,12735.0,0.0002490020726018116,3.5177155093446633,10.510676103812262,fractional
development,reference_PI/C_add7,wide,legacy_RK45,legacy,rk,0.001,1e-06,False,20.002667022269637,109.59723737472511,100.01333511134818,ok,9889.354117426332,7415.8730732133645,2.336335534058957,0.29556664919254505,0.0,7,0,7460.994799306587,0.0003284783363444177,3.9999999999999996,9.999671521663656,
development,reference_PI/C_add7,wide,tight_RK45,legacy,rk,1e-09,1e-12,False,20.002667022269637,109.59723737472511,100.01333511134818,ok,9889.354117426907,7415.873073213949,2.3363355340590175,0.29556664919258147,0.0,7,0,7460.994799306587,0.0003284783363444177,3.9999999999999996,9.999671521663656,
development,reference_PI/C_add7,wide,exact_legacy,legacy,,,,False,20.002667022269637,109.59723737472511,100.01333511134818,ok,9889.354117426248,7415.873073213262,2.3363355340588967,0.2955666491921649,0.0,7,0,7460.994799306587,0.0003284783363444177,3.9999999999999982,9.999671521663656,
development,reference_PI/C_add7,wide,stable_legacy,legacy,,,,,20.002667022269637,109.59723737472511,100.01333511134818,ok,9889.354117456545,7415.873073213772,2.3363355340589003,0.2955666491936153,0.0,7,0,7460.994799306587,0.000328478338611049,3.9999999999999982,9.999671521661389,
development,reference_PI/C_add7,wide,sample_20.0,20.0,,,,,20.0,109.59723737472511,100.0,ok,9889.214910144301,7415.784931989918,2.336355482974101,0.2955632706229574,0.0,7,0,7460.0,0.0003273614338556996,3.9999999999999982,9.999672638566144,
development,reference_PI/C_add7,wide,sample_10.0,10.0,,,,,10.0,109.59723737472511,100.0,ok,9720.923554072435,7170.015518486429,2.2832525558678096,0.29132701338731426,0.0,7,0,7470.0,0.00032832781106328923,3.9999999999999996,9.999671672188937,
development,reference_PI/C_add7,wide,sample_5.0,5.0,,,,,5.0,109.59723737472511,105.0,ok,9757.936210820102,7170.892423922942,2.2682689624883103,0.2913283564458311,0.0,7,0,7455.0,0.00032509513701306503,4.0,9.999674904862987,
development,reference_PI/C_add7,wide,sample_2.5,2.5,,,,,2.5,109.59723737472511,107.5,ok,9772.788650208897,7165.282045205811,2.259366652214778,0.2912547692884484,0.0,7,0,7450.0,0.00032348046132746333,4.0,9.999676519538673,
development,reference_PI/C_add7,wide,fractional_5,5.0,,,,,5.0,109.59723737472511,109.59723737472511,ok,9866.34796200385,7278.760449489573,2.27952986607524,0.29323343604415264,0.0,7,0,7440.0,0.0003216971370090249,4.0,9.999678302862991,fractional
development,reference_PI/C_add7,regulatory,legacy_RK45,legacy,rk,0.001,1e-06,False,20.006668889629875,109.59723737472511,100.03334444814938,ok,16489.72835103906,34001.90277554305,3.058350355493567,0.49233055927025227,0.0,2,0,12864.288096032007,4.766063099737039e-10,3.941649644506433,9.099192598475916,
development,reference_PI/C_add7,regulatory,tight_RK45,legacy,rk,1e-09,1e-12,False,20.006668889629875,109.59723737472511,100.03334444814938,ok,16489.728351035767,34001.902775535054,3.058350355493542,0.4923305592701901,0.0,2,0,12864.288096032007,4.766063099737039e-10,3.941649644506458,9.099192598475454,
development,reference_PI/C_add7,regulatory,exact_legacy,legacy,,,,False,20.006668889629875,109.59723737472511,100.03334444814938,ok,16489.728351043406,34001.90277554929,3.058350355493579,0.4923305592703091,0.0,2,0,12864.288096032007,4.766960159940936e-10,3.941649644506421,9.099192598476378,
development,reference_PI/C_add7,regulatory,stable_legacy,legacy,,,,,20.006668889629875,109.59723737472511,100.03334444814938,ok,16489.728351046182,34001.90277555101,3.058350355493579,0.49233055927032865,0.0,2,0,12864.288096032007,4.766960159940936e-10,3.941649644506421,9.099192598476574,
development,reference_PI/C_add7,regulatory,sample_20.0,20.0,,,,,20.0,109.59723737472511,100.0,ok,16448.598379706484,33906.99421423546,3.0583403212474627,0.49126757691172784,0.0,2,0,12860.0,4.698001987435418e-10,3.9416596787525373,9.091817767861563,
development,reference_PI/C_add7,regulatory,sample_10.0,10.0,,,,,10.0,109.59723737472511,100.0,ok,15523.099404186269,32348.740491774515,3.059928780100508,0.47277741161590203,0.0,2,0,12800.0,1.779962843784233e-10,3.940071219899492,9.023222428971723,
development,reference_PI/C_add7,regulatory,sample_5.0,5.0,,,,,5.0,109.59723737472511,105.0,ok,15330.675191278373,31942.413711306035,3.0620082443703924,0.46843611628546356,0.0,2,0,12750.0,2.2720314518664964e-10,3.9379917556296076,8.983546314725023,
development,reference_PI/C_add7,regulatory,sample_2.5,2.5,,,,,2.5,109.59723737472511,107.5,ok,15204.375924976774,31687.25452149236,3.063099167267428,0.46551808263223116,0.0,2,0,12722.5,2.693596456992964e-10,3.936900832732572,8.958953713263805,
development,reference_PI/C_add7,regulatory,fractional_5,5.0,,,,,5.0,109.59723737472511,109.59723737472511,ok,15669.54332807124,32433.498689986547,3.063368175830739,0.47555598576033997,0.0,2,0,12735.0,4.4222492334711205e-10,3.936631824169261,8.99298056501246,fractional
development,reference_PI/D_add8,standardised,legacy_RK45,legacy,rk,0.001,1e-06,False,20.00235321802565,109.59723737472511,100.01176609012825,ok,65718.64546386809,128196.45212203037,3.2634431759009273,1.9072490880824935,0.0,7,1,inf,0.09368451866287764,3.526120521773148,10.512691483099399,
development,reference_PI/D_add8,standardised,tight_RK45,legacy,rk,1e-09,1e-12,False,20.00235321802565,109.59723737472511,100.01176609012825,ok,65718.64546389773,128196.45212207556,3.263443175904607,1.9072490880821595,0.0,7,1,inf,0.09368451866546046,3.526120521773166,10.512691483099399,
development,reference_PI/D_add8,standardised,exact_legacy,legacy,,,,False,20.00235321802565,109.59723737472511,100.01176609012825,ok,65718.64546399098,128196.45212223387,3.2634431759132756,1.9072490880814152,0.0,7,1,inf,0.09368451867342564,3.5261205217731355,10.512691483099399,
development,reference_PI/D_add8,standardised,stable_legacy,legacy,,,,,20.00235321802565,109.59723737472511,100.01176609012825,ok,65718.6454639105,128196.45212210494,3.2634431759054996,1.907249088081941,0.0,7,1,inf,0.09368451866704319,3.5261205217731355,10.512691483069467,
development,reference_PI/D_add8,standardised,sample_20.0,20.0,,,,,20.0,109.59723737472511,100.0,ok,65694.67058467877,128159.12818417608,3.2640826566237893,1.9071210618973522,0.0,7,1,inf,0.09282048853790137,3.52612081989085,10.512690626341486,
development,reference_PI/D_add8,standardised,sample_10.0,10.0,,,,,10.0,109.59723737472511,100.0,ok,63871.37185518326,124708.27701428765,3.2386337740295055,1.8673992781209936,0.0,7,1,inf,0.08411970323422757,3.5212825673337615,10.514012090205595,
development,reference_PI/D_add8,standardised,sample_5.0,5.0,,,,,5.0,109.59723737472511,105.0,ok,63676.15420064376,124130.91794083615,3.2330982084840505,1.8605497219292246,0.0,7,1,inf,0.08271635663416355,3.5182975352570205,10.515173773199589,
development,reference_PI/D_add8,standardised,sample_2.5,2.5,,,,,2.5,109.59723737472511,107.5,ok,63475.939650482236,123642.9752066489,3.229509622927755,1.854772365059672,0.0,7,1,inf,0.08072462684217463,3.516862577043337,10.51574203815042,
development,reference_PI/D_add8,standardised,fractional_5,5.0,,,,,5.0,109.59723737472511,109.59723737472511,ok,64676.848731921826,125833.4487814374,3.2398971564798247,1.8780750052421435,0.0,7,1,inf,0.09220131212918936,3.517715509345058,10.5156436144898,fractional
development,reference_PI/D_add8,wide,legacy_RK45,legacy,rk,0.001,1e-06,False,20.002667022269637,109.59723737472511,100.01333511134818,ok,11586.634152460409,9481.584332872999,2.4454036143489795,0.28938633545593895,0.0,7,0,7460.994799306587,0.0003284783951578163,3.9999999999999996,9.999671521604842,
development,reference_PI/D_add8,wide,tight_RK45,legacy,rk,1e-09,1e-12,False,20.002667022269637,109.59723737472511,100.01333511134818,ok,11586.63415245908,9481.58433287317,2.445403614349056,0.2893863354559274,0.0,7,0,7460.994799306587,0.0003284783657502288,3.9999999999999996,9.99967152163425,
development,reference_PI/D_add8,wide,exact_legacy,legacy,,,,False,20.002667022269637,109.59723737472511,100.01333511134818,ok,11586.63415246639,9481.584332873179,2.445403614348928,0.28938633545611836,0.0,7,0,7460.994799306587,0.0003284783657502288,3.9999999999999982,9.99967152163425,
development,reference_PI/D_add8,wide,stable_legacy,legacy,,,,,20.002667022269637,109.59723737472511,100.01333511134818,ok,11586.634152490713,9481.58433287357,2.445403614348942,0.28938633545717973,0.0,7,0,7460.994799306587,0.00032847837870875196,3.9999999999999982,9.999671521621291,
development,reference_PI/D_add8,wide,sample_20.0,20.0,,,,,20.0,109.59723737472511,100.0,ok,11586.500474640734,9481.559160087465,2.4454280148363985,0.2893850873758712,0.0,7,0,7460.0,0.0003273614734702335,3.9999999999999982,9.99967263852653,
development,reference_PI/D_add8,wide,sample_10.0,10.0,,,,,10.0,109.59723737472511,100.0,ok,11435.353682733454,9255.720427854829,2.3941479500798675,0.28469224262257864,0.0,7,0,7470.0,0.0003283278492958175,3.9999999999999996,9.999671672150704,
development,reference_PI/D_add8,wide,sample_5.0,5.0,,,,,5.0,109.59723737472511,105.0,ok,11460.236183980713,9243.685100070496,2.3751371369479415,0.2840696216644405,0.0,7,0,7455.0,0.00032509518584156183,4.0,9.999674904814158,
development,reference_PI/D_add8,wide,sample_2.5,2.5,,,,,2.5,109.59723737472511,107.5,ok,11466.785913288322,9230.085138322122,2.3639331695298953,0.283640083677434,0.0,7,0,7450.0,0.00032348051604813577,4.0,9.999676519483952,
development,reference_PI/D_add8,wide,fractional_5,5.0,,,,,5.0,109.59723737472511,109.59723737472511,ok,11545.230533282558,9322.846245430123,2.381319363837994,0.28557492056753464,0.0,7,0,7440.0,0.0003216971973820648,4.0,9.999678302802618,fractional
development,reference_PI/D_add8,regulatory,legacy_RK45,legacy,rk,0.001,1e-06,False,20.006668889629875,109.59723737472511,100.03334444814938,ok,19691.963063724033,38330.76424542937,3.058350355493567,0.515325401268429,0.0,2,0,15325.108369456484,4.090876082329942e-09,3.941649644506433,9.133474603916612,
development,reference_PI/D_add8,regulatory,tight_RK45,legacy,rk,1e-09,1e-12,False,20.006668889629875,109.59723737472511,100.03334444814938,ok,19691.96306372779,38330.76424542282,3.058350355493542,0.515325401268365,0.0,2,0,15325.108369456484,4.090876082329942e-09,3.941649644506458,9.133474603916111,
development,reference_PI/D_add8,regulatory,exact_legacy,legacy,,,,False,20.006668889629875,109.59723737472511,100.03334444814938,ok,19691.963063729403,38330.76424543999,3.058350355493579,0.5153254012685622,0.0,2,0,15325.108369456484,4.090979111026627e-09,3.941649644506421,9.133474603917112,
development,reference_PI/D_add8,regulatory,stable_legacy,legacy,,,,,20.006668889629875,109.59723737472511,100.03334444814938,ok,19691.963063737447,38330.764245442224,3.058350355493579,0.5153254012685782,0.0,2,0,15325.108369456484,4.090979111026627e-09,3.941649644506421,9.13347460391724,
development,reference_PI/D_add8,regulatory,sample_20.0,20.0,,,,,20.0,109.59723737472511,100.0,ok,19648.688974936525,38227.428882264285,3.0583403212474627,0.5142399889157767,0.0,2,0,15320.0,4.0244607646400254e-09,3.9416596787525373,9.126462086306537,
development,reference_PI/D_add8,regulatory,sample_10.0,10.0,,,,,10.0,109.59723737472511,100.0,ok,18629.015226860283,36467.553198135574,3.059928780100508,0.49360627018718706,0.0,2,0,15500.0,2.038542668003629e-09,3.940071219899492,9.05882096881398,
development,reference_PI/D_add8,regulatory,sample_5.0,5.0,,,,,5.0,109.59723737472511,105.0,ok,18534.41699424939,36129.78581332145,3.0620082443703924,0.4896999714245398,0.0,2,0,15455.0,2.721635361524477e-09,3.9379917556296076,9.018206600550851,
development,reference_PI/D_add8,regulatory,sample_2.5,2.5,,,,,2.5,109.59723737472511,107.5,ok,18442.99506768829,35885.37397403062,3.063099167267428,0.4863996013691514,0.0,2,0,15435.0,2.933453480125081e-09,3.936900832732572,8.992886694449917,
development,reference_PI/D_add8,regulatory,fractional_5,5.0,,,,,5.0,109.59723737472511,109.59723737472511,ok,19061.951845151438,36882.34282970536,3.063368175830739,0.4986659393667452,0.0,2,0,15295.0,4.396642161452746e-09,3.936631824169261,9.026510819913739,fractional
development,reference_PI/D2_resample_Ti_Td,standardised,legacy_RK45,legacy,rk,0.001,1e-06,False,20.00235321802565,109.59723737472511,100.01176609012825,ok,64682.12298984184,127040.062148065,3.2648976525619284,1.8829741244626206,0.0,7,1,inf,0.08475837752009951,3.5261205251747176,10.512896702598606,
development,reference_PI/D2_resample_Ti_Td,standardised,tight_RK45,legacy,rk,1e-09,1e-12,False,20.00235321802565,109.59723737472511,100.01176609012825,ok,64682.12298985938,127040.06214810733,3.264897652562335,1.8829741244629137,0.0,7,1,inf,0.08475837752087578,3.5261205251747327,10.512896702215137,
development,reference_PI/D2_resample_Ti_Td,standardised,exact_legacy,legacy,,,,False,20.00235321802565,109.59723737472511,100.01176609012825,ok,64682.122990373755,127040.06214911821,3.264897652572392,1.8829741244697349,0.0,7,1,inf,0.08475837754975579,3.526120525174708,10.512896702215137,
development,reference_PI/D2_resample_Ti_Td,standardised,stable_legacy,legacy,,,,,20.00235321802565,109.59723737472511,100.01176609012825,ok,64682.122990805285,127040.06214997733,3.264897652580313,1.8829741244752274,0.0,7,1,inf,0.08475837757375437,3.526120525174708,10.512896702368241,
development,reference_PI/D2_resample_Ti_Td,standardised,sample_20.0,20.0,,,,,20.0,109.59723737472511,100.0,ok,64635.7862384119,126947.6209914127,3.2636443248400804,1.8821699127529516,0.0,7,1,inf,0.08373186663857624,3.526120823295859,10.512895937813084,
development,reference_PI/D2_resample_Ti_Td,standardised,sample_10.0,10.0,,,,,10.0,109.59723737472511,100.0,ok,62809.306531406146,123494.95924601142,3.2384265146581095,1.8438154059079688,0.0,7,0,14980.0,0.02439945514934294,3.5212825717807195,10.514200789654037,
development,reference_PI/D2_resample_Ti_Td,standardised,sample_5.0,5.0,,,,,5.0,109.59723737472511,105.0,ok,62518.95607486007,122798.63161359736,3.233084482406462,1.835784575519483,0.0,7,0,14950.0,0.01620977042460936,3.5182975404967545,10.515350498487116,
development,reference_PI/D2_resample_Ti_Td,standardised,sample_2.5,2.5,,,,,2.5,109.59723737472511,107.5,ok,62264.7018430373,122210.93552158552,3.229664761277233,1.8289443396236038,0.0,7,0,14930.0,0.01617045737971523,3.5168625826910236,10.515912484401316,
development,reference_PI/D2_resample_Ti_Td,standardised,fractional_5,5.0,,,,,5.0,109.59723737472511,109.59723737472511,ok,63293.8081318332,124214.10379411624,3.2400553663898854,1.8508588291848982,0.0,7,1,inf,0.05240033438043845,3.517715514830879,10.515818201394962,fractional
development,reference_PI/D2_resample_Ti_Td,wide,legacy_RK45,legacy,rk,0.001,1e-06,False,20.002667022269637,109.59723737472511,100.01333511134818,ok,11844.180870013779,9951.34746263442,2.4619115476535622,0.28397302570390615,0.0,7,0,7460.994799306587,0.0003284783363444177,3.9999999999999996,9.999671521663656,
development,reference_PI/D2_resample_Ti_Td,wide,tight_RK45,legacy,rk,1e-09,1e-12,False,20.002667022269637,109.59723737472511,100.01333511134818,ok,11844.180870016928,9951.347462633543,2.461911547653642,0.28397302570406424,0.0,7,0,7460.994799306587,0.0003284783363444177,3.9999999999999996,9.999671521663656,
development,reference_PI/D2_resample_Ti_Td,wide,exact_legacy,legacy,,,,False,20.002667022269637,109.59723737472511,100.01333511134818,ok,11844.180870023038,9951.347462635687,2.4619115476535622,0.28397302570398697,0.0,7,0,7460.994799306587,0.0003284783657502288,3.9999999999999982,9.99967152163425,
development,reference_PI/D2_resample_Ti_Td,wide,stable_legacy,legacy,,,,,20.002667022269637,109.59723737472511,100.01333511134818,ok,11844.18087005376,9951.347462634869,2.461911547653564,0.2839730257052917,0.0,7,0,7460.994799306587,0.0003284783475709929,3.9999999999999982,9.999671521652429,
development,reference_PI/D2_resample_Ti_Td,wide,sample_20.0,20.0,,,,,20.0,109.59723737472511,100.0,ok,11844.169985047738,9951.391867735958,2.461946438547855,0.2839721717630779,0.0,7,0,7460.0,0.0003273614422347748,3.9999999999999982,9.999672638557765,
development,reference_PI/D2_resample_Ti_Td,wide,sample_10.0,10.0,,,,,10.0,109.59723737472511,100.0,ok,11711.09688472565,9750.72880394637,2.4111542745224206,0.27959411384204813,0.0,7,0,7470.0,0.00032832781627334384,3.9999999999999996,9.999671672183727,
development,reference_PI/D2_resample_Ti_Td,wide,sample_5.0,5.0,,,,,5.0,109.59723737472511,105.0,ok,11732.288983207292,9737.30394798102,2.3917835369307525,0.2789523517410384,0.0,7,0,7455.0,0.00032509515243361875,4.0,9.999674904847566,
development,reference_PI/D2_resample_Ti_Td,wide,sample_2.5,2.5,,,,,2.5,109.59723737472511,107.5,ok,11737.510360391561,9723.601273173934,2.380393274027849,0.27852568455973614,0.0,7,0,7450.0,0.00032348048256736206,4.0,9.999676519517433,
development,reference_PI/D2_resample_Ti_Td,wide,fractional_5,5.0,,,,,5.0,109.59723737472511,109.59723737472511,ok,11805.025232946013,9803.581271741246,2.397404987565544,0.28027659747867606,0.0,7,0,7440.0,0.0003216971648232203,4.0,9.999678302835177,fractional
development,reference_PI/D2_resample_Ti_Td,regulatory,legacy_RK45,legacy,rk,0.001,1e-06,False,20.006668889629875,109.59723737472511,100.03334444814938,ok,18989.76023917845,37595.777759850236,3.0583634065672882,0.5015117692101727,0.0,2,0,14544.848282760915,7.288436520980213e-10,3.9416365934327118,9.140446077076211,
development,reference_PI/D2_resample_Ti_Td,regulatory,tight_RK45,legacy,rk,1e-09,1e-12,False,20.006668889629875,109.59723737472511,100.03334444814938,ok,18989.760239164167,37595.77775982987,3.0583634065672674,0.501511769209956,0.0,2,0,14544.848282760915,7.288436520980213e-10,3.9416365934327326,9.140446077075193,
development,reference_PI/D2_resample_Ti_Td,regulatory,exact_legacy,legacy,,,,False,20.006668889629875,109.59723737472511,100.03334444814938,ok,18989.760239181356,37595.77775985736,3.058363406567305,0.5015117692102047,0.0,2,0,14544.848282760915,7.28731741617139e-10,3.941636593432695,9.140446077076211,
development,reference_PI/D2_resample_Ti_Td,regulatory,stable_legacy,legacy,,,,,20.006668889629875,109.59723737472511,100.03334444814938,ok,18989.76023918117,37595.77775985658,3.058363406567305,0.5015117692102029,0.0,2,0,14544.848282760915,7.28731741617139e-10,3.941636593432695,9.140446077076255,
development,reference_PI/D2_resample_Ti_Td,regulatory,sample_20.0,20.0,,,,,20.0,109.59723737472511,100.0,ok,18912.72655389402,37469.739755870614,3.05835337062729,0.5000455883212274,0.0,2,0,14580.0,8.292886377603281e-10,3.94164662937271,9.133501872239098,
development,reference_PI/D2_resample_Ti_Td,regulatory,sample_10.0,10.0,,,,,10.0,109.59723737472511,100.0,ok,18100.625018653067,35975.00602181631,3.0599424792058514,0.4810926027450444,0.0,2,0,14980.0,1.3080683203270382e-09,3.9400575207941486,9.066863850979802,
development,reference_PI/D2_resample_Ti_Td,regulatory,sample_5.0,5.0,,,,,5.0,109.59723737472511,105.0,ok,17939.93892101817,35565.547022307685,3.0620225266676493,0.4764875516280318,0.0,2,0,14950.0,1.3681402677434562e-09,3.9379774733323507,9.026334790818325,
development,reference_PI/D2_resample_Ti_Td,regulatory,sample_2.5,2.5,,,,,2.5,109.59723737472511,107.5,ok,17813.8136652041,35277.01412639953,3.063113696091885,0.47274823213363604,0.0,2,0,14930.0,1.4181029683868474e-09,3.936886303908115,9.000960796012974,
development,reference_PI/D2_resample_Ti_Td,regulatory,fractional_5,5.0,,,,,5.0,109.59723737472511,109.59723737472511,ok,18271.975432800064,36109.712029142785,3.0633823925903294,0.4832984194087935,0.0,2,0,14905.0,1.493313916967054e-09,3.9366176074096706,9.034361452509197,fractional
development,reference_PI/E_original5_retuned,standardised,legacy_RK45,legacy,rk,0.001,1e-06,False,20.00235321802565,109.59723737472511,100.01176609012825,ok,22291.45862319742,40645.27349011816,3.6811026083670164,3.4469077309143046,0.0,7,0,6720.790681256614,9.290937504324859e-05,3.8839464094870086,10.251356806076322,
development,reference_PI/E_original5_retuned,standardised,tight_RK45,legacy,rk,1e-09,1e-12,False,20.00235321802565,109.59723737472511,100.01176609012825,ok,22291.458640729124,40645.273503485005,3.681102608361085,3.4469077325193744,0.0,7,0,6720.790681256614,9.290937498285246e-05,3.8839464094869984,10.251356806076322,
development,reference_PI/E_original5_retuned,standardised,exact_legacy,legacy,,,,False,20.00235321802565,109.59723737472511,100.01176609012825,ok,22291.45865106342,40645.27351139104,3.6811026083578327,3.4469077334736715,0.0,7,0,6720.790681256614,9.290937506101216e-05,3.8839464094870557,10.251356805971328,
development,reference_PI/E_original5_retuned,standardised,stable_legacy,legacy,,,,,20.00235321802565,109.59723737472511,100.01176609012825,ok,22291.458653433645,40645.27351320207,3.6811026083574525,3.446907733690785,0.0,7,0,6720.790681256614,9.290937501837959e-05,3.8839464094870557,10.251356806010541,
development,reference_PI/E_original5_retuned,standardised,sample_20.0,20.0,,,,,20.0,109.59723737472511,100.0,ok,22163.357212946816,40507.606970633286,3.680589057424596,3.4241616766014307,0.0,7,0,6120.0,9.300888995333878e-05,3.883950821274585,10.251352285163305,
development,reference_PI/E_original5_retuned,standardised,sample_10.0,10.0,,,,,10.0,109.59723737472511,100.0,ok,28579.091872172416,54000.820064151776,3.5947085608902034,5.224433615010436,0.0,7,0,9510.0,0.00010581006541166005,3.862704545836909,10.258109048291875,
development,reference_PI/E_original5_retuned,standardised,sample_5.0,5.0,,,,,5.0,109.59723737472511,105.0,ok,113145.89037981207,243623.654795997,3.362277069915347,25.738406820972383,0.0,7,2,inf,2.9853228865133614,3.8487958039753316,9.973745318615105,
development,reference_PI/E_original5_retuned,standardised,sample_2.5,2.5,,,,,2.5,109.59723737472511,107.5,ok,179300.94434476105,420761.999305194,3.4689030788601167,45.64331380133592,0.0,7,4,inf,3.239974564705502,3.8421658162258163,10.116379269143419,
development,reference_PI/E_original5_retuned,standardised,fractional_5,5.0,,,,,5.0,109.59723737472511,109.59723737472511,ok,109107.57417538704,230909.86089007894,3.57605482718858,24.783022487450488,0.0,7,1,inf,2.0480341908929782,3.8455351860885068,10.266131496512598,fractional
development,reference_PI/E_original5_retuned,wide,legacy_RK45,legacy,rk,0.001,1e-06,False,20.002667022269637,109.59723737472511,100.01333511134818,ok,6687.652638472594,8602.774713905548,3.2266380832692008,1.6986171525649176,0.0,7,0,3920.522736364852,1.2212057143301536e-08,3.9999999999999996,10.061145968921327,
development,reference_PI/E_original5_retuned,wide,tight_RK45,legacy,rk,1e-09,1e-12,False,20.002667022269637,109.59723737472511,100.01333511134818,ok,6687.652638489023,8602.774713907756,3.226638083267961,1.6986171525729619,0.0,7,0,3920.522736364852,1.2212057143301536e-08,3.9999999999999996,10.061145968921327,
development,reference_PI/E_original5_retuned,wide,exact_legacy,legacy,,,,False,20.002667022269637,109.59723737472511,100.01333511134818,ok,6687.652638474827,8602.774713904102,3.226638083267961,1.6986171525653013,0.0,7,0,3920.522736364852,1.2212057143301536e-08,3.9999999999999982,10.061145968921327,
development,reference_PI/E_original5_retuned,wide,stable_legacy,legacy,,,,,20.002667022269637,109.59723737472511,100.01333511134818,ok,6687.652638465551,8602.774713901383,3.226638083268094,1.6986171525647906,0.0,7,0,3920.522736364852,1.2215046751862246e-08,3.9999999999999982,10.061145968912648,
development,reference_PI/E_original5_retuned,wide,sample_20.0,20.0,,,,,20.0,109.59723737472511,100.0,ok,6687.401601347297,8603.5350660833,3.2266760309434606,1.698453819127696,0.0,7,0,3920.0,1.1966850621547565e-08,3.9999999999999982,10.061143264293905,
development,reference_PI/E_original5_retuned,wide,sample_10.0,10.0,,,,,10.0,109.59723737472511,100.0,ok,5054.455576896924,4815.535384828218,3.0605420121514353,1.4088126227661206,0.0,7,0,3840.0,1.253112102972409e-08,3.9999999999999996,10.061033794850035,
development,reference_PI/E_original5_retuned,wide,sample_5.0,5.0,,,,,5.0,109.59723737472511,105.0,ok,5236.368336563362,4754.322816049696,3.0704203166351185,1.5257945555728165,0.0,7,0,3875.0,1.2928950354762492e-08,4.0,10.061991829363446,
development,reference_PI/E_original5_retuned,wide,sample_2.5,2.5,,,,,2.5,109.59723737472511,107.5,ok,5431.59971533244,4917.429766344578,3.074978593748691,1.6066687080568363,0.0,7,0,3890.0,1.3116364883103415e-08,4.0,10.06247594280017,
development,reference_PI/E_original5_retuned,wide,fractional_5,5.0,,,,,5.0,109.59723737472511,109.59723737472511,ok,5545.706039774578,4999.628096591245,3.0934101524348723,1.6033862568811328,0.0,7,0,3895.0,1.2970682305990522e-08,4.0,10.062934410931291,fractional
development,reference_PI/E_original5_retuned,regulatory,legacy_RK45,legacy,rk,0.001,1e-06,False,20.006668889629875,109.59723737472511,100.03334444814938,ok,6920.541099904873,11382.354660283736,2.776158397851237,0.8288572657757163,0.0,2,0,6002.000666888962,1.794120407794253e-12,4.223841602148763,8.83232098095179,
development,reference_PI/E_original5_retuned,regulatory,tight_RK45,legacy,rk,1e-09,1e-12,False,20.006668889629875,109.59723737472511,100.03334444814938,ok,6920.541100499815,11382.35466100088,2.776158397851199,0.8288572657959667,0.0,2,0,6002.000666888962,1.794120407794253e-12,4.223841602148801,8.832320980951915,
development,reference_PI/E_original5_retuned,regulatory,exact_legacy,legacy,,,,False,20.006668889629875,109.59723737472511,100.03334444814938,ok,6920.541099454191,11382.354659743109,2.776158397851259,0.8288572657605284,0.0,2,0,6002.000666888962,1.4699352846037073e-12,4.223841602148741,8.832320980951915,
development,reference_PI/E_original5_retuned,regulatory,stable_legacy,legacy,,,,,20.006668889629875,109.59723737472511,100.03334444814938,ok,6920.5410994502045,11382.354659738701,2.776158397851259,0.8288572657603934,0.0,2,0,6002.000666888962,1.4699352846037073e-12,4.223841602148741,8.832320980951843,
development,reference_PI/E_original5_retuned,regulatory,sample_20.0,20.0,,,,,20.0,109.59723737472511,100.0,ok,6713.738589694392,11086.509678494229,2.7761276626888334,0.8058422751453884,0.0,2,0,6120.0,4.409805853811122e-12,4.223872337311167,8.831957354724041,
development,reference_PI/E_original5_retuned,regulatory,sample_10.0,10.0,,,,,10.0,109.59723737472511,100.0,ok,13100.878770407224,23356.133263652693,2.780391647302338,2.320429687117974,0.0,2,0,9510.0,1.4699352846037073e-12,4.219608352697662,8.773796029522998,
development,reference_PI/E_original5_retuned,regulatory,sample_5.0,5.0,,,,,5.0,109.59723737472511,105.0,ok,75940.7742221296,154040.61147012113,2.787429240598625,17.478857335093913,0.0,2,1,inf,2.2135720860795978,4.212570759401375,8.803287436925737,
development,reference_PI/E_original5_retuned,regulatory,sample_2.5,2.5,,,,,2.5,109.59723737472511,107.5,ok,81411.70902589892,175735.93933948572,2.7910761132262722,20.14790551393847,0.0,2,1,inf,2.349238029237645,4.208923886773728,8.817317813034913,
development,reference_PI/E_original5_retuned,regulatory,fractional_5,5.0,,,,,5.0,109.59723737472511,109.59723737472511,ok,77891.6738886806,161272.95487219424,2.7925158030666966,18.280112072672015,0.0,2,1,inf,2.030864989188263,4.2074841969333034,8.852105459167365,fractional
development,reference_PI/P_move_interior_Kc,standardised,legacy_RK45,legacy,rk,0.001,1e-06,False,20.00235321802565,109.59723737472511,100.01176609012825,ok,66136.52855697561,135757.64456457333,3.3166296281528833,1.8657511714147326,0.0,7,0,14501.706083068588,0.01420467982388729,3.5084381604119566,10.514493093945282,
development,reference_PI/P_move_interior_Kc,standardised,tight_RK45,legacy,rk,1e-09,1e-12,False,20.00235321802565,109.59723737472511,100.01176609012825,ok,66136.52855695652,135757.64456450485,3.3166296281524614,1.8657511714141837,0.0,7,0,14501.706083068588,0.014204679822400479,3.5084381604119703,10.514493093945282,
development,reference_PI/P_move_interior_Kc,standardised,exact_legacy,legacy,,,,False,20.00235321802565,109.59723737472511,100.01176609012825,ok,66136.52855698166,135757.64456461984,3.3166296281529943,1.8657511714150958,0.0,7,0,14501.706083068588,0.014204679824411315,3.508438160411944,10.514493093945282,
development,reference_PI/P_move_interior_Kc,standardised,stable_legacy,legacy,,,,,20.00235321802565,109.59723737472511,100.01176609012825,ok,66136.52855696666,135757.64456455922,3.3166296281524152,1.8657511714144777,0.0,7,0,14501.706083068588,0.01420467982424789,3.508438160411944,10.514493093811108,
development,reference_PI/P_move_interior_Kc,standardised,sample_20.0,20.0,,,,,20.0,109.59723737472511,100.0,ok,66132.41218799257,135751.41336096756,3.316621789880542,1.865647528166856,0.0,7,0,14500.0,0.014031816479038284,3.508439131796082,10.514492207517966,
development,reference_PI/P_move_interior_Kc,standardised,sample_10.0,10.0,,,,,10.0,109.59723737472511,100.0,ok,65536.43646007584,134510.61072596713,3.3034327279902502,1.8488485375627715,0.0,7,0,14500.0,0.007545834894274961,3.5072767233250404,10.514987508773256,
development,reference_PI/P_move_interior_Kc,standardised,sample_5.0,5.0,,,,,5.0,109.59723737472511,105.0,ok,65724.86665412002,134839.90999146586,3.3028786413487756,1.85420011344333,0.0,7,0,14500.0,0.009816779019264033,3.506059431492879,10.515758552238475,
development,reference_PI/P_move_interior_Kc,standardised,sample_2.5,2.5,,,,,2.5,109.59723737472511,107.5,ok,65819.8870422341,134999.933662071,3.3023659641148893,1.8567972537465183,0.0,7,0,14502.5,0.010938604366923954,3.5054450131841164,10.516145403107318,
development,reference_PI/P_move_interior_Kc,standardised,fractional_5,5.0,,,,,5.0,109.59723737472511,109.59723737472511,ok,66221.62197096003,135773.93615230697,3.3085449992832796,1.8675134504725044,0.0,7,0,14505.0,0.015214560340814032,3.5054997555659257,10.516229172912913,fractional
development,reference_PI/P_move_interior_Kc,wide,legacy_RK45,legacy,rk,0.001,1e-06,False,20.002667022269637,109.59723737472511,100.01333511134818,ok,11531.302349059404,9578.441239322545,2.4006076635071754,0.26195275170587173,0.0,7,0,7460.994799306587,0.0003284783657502288,3.9999999999999996,9.99967152163425,
development,reference_PI/P_move_interior_Kc,wide,tight_RK45,legacy,rk,1e-09,1e-12,False,20.002667022269637,109.59723737472511,100.01333511134818,ok,11531.302349057923,9578.441239322949,2.4006076635071754,0.2619527517061062,0.0,7,0,7460.994799306587,0.0003284783657502288,3.9999999999999996,9.99967152163425,
development,reference_PI/P_move_interior_Kc,wide,exact_legacy,legacy,,,,False,20.002667022269637,109.59723737472511,100.01333511134818,ok,11531.302349056996,9578.4412393222,2.4006076635071523,0.2619527517061728,0.0,7,0,7460.994799306587,0.0003284783657502288,3.9999999999999982,9.99967152163425,
development,reference_PI/P_move_interior_Kc,wide,stable_legacy,legacy,,,,,20.002667022269637,109.59723737472511,100.01333511134818,ok,11531.302349081789,9578.44123932189,2.400607663507145,0.26195275170706456,0.0,7,0,7460.994799306587,0.00032847835939442405,3.9999999999999982,9.999671521640606,
development,reference_PI/P_move_interior_Kc,wide,sample_20.0,20.0,,,,,20.0,109.59723737472511,100.0,ok,11531.162582531108,9578.271212693591,2.4005921027660815,0.26194988123620266,0.0,7,0,7460.0,0.0003273614542447234,3.9999999999999982,9.999672638545755,
development,reference_PI/P_move_interior_Kc,wide,sample_10.0,10.0,,,,,10.0,109.59723737472511,100.0,ok,11535.572446405387,9476.623792448136,2.378993480913582,0.26047764500045023,0.0,7,0,7470.0,0.0003283278296724035,3.9999999999999996,9.999671672170328,
development,reference_PI/P_move_interior_Kc,wide,sample_5.0,5.0,,,,,5.0,109.59723737472511,105.0,ok,11603.797797934012,9535.286014378342,2.3782695181264604,0.26095872813377596,0.0,7,0,7455.0,0.00032509516368683933,4.0,9.999674904836313,
development,reference_PI/P_move_interior_Kc,wide,sample_2.5,2.5,,,,,2.5,109.59723737472511,107.5,ok,11638.327783322879,9564.410906584344,2.377812480180509,0.26120058407400926,0.0,7,0,7450.0,0.0003234804926979251,4.0,9.999676519507302,
development,reference_PI/P_move_interior_Kc,wide,fractional_5,5.0,,,,,5.0,109.59723737472511,109.59723737472511,ok,11667.43101221147,9637.265720644466,2.3875438314219046,0.2620980197049336,0.0,7,0,7440.0,0.0003216971730672924,4.0,9.999678302826933,fractional
development,reference_PI/P_move_interior_Kc,regulatory,legacy_RK45,legacy,rk,0.001,1e-06,False,20.006668889629875,109.59723737472511,100.03334444814938,ok,19270.86209980269,40270.25218730636,3.077876184012383,0.4873723510433514,0.0,2,0,13704.568189396461,1.8906476384472626e-10,3.922123815987617,9.21697030289296,
development,reference_PI/P_move_interior_Kc,regulatory,tight_RK45,legacy,rk,1e-09,1e-12,False,20.006668889629875,109.59723737472511,100.03334444814938,ok,19270.862099803424,40270.25218730796,3.0778761840123634,0.48737235104338517,0.0,2,0,13704.568189396461,1.8906476384472626e-10,3.9221238159876366,9.21697030289296,
development,reference_PI/P_move_interior_Kc,regulatory,exact_legacy,legacy,,,,False,20.006668889629875,109.59723737472511,100.03334444814938,ok,19270.86209979818,40270.25218730488,3.0778761840123963,0.4873723510433372,0.0,2,0,13704.568189396461,1.893560863663879e-10,3.9221238159876037,9.21697030289296,
development,reference_PI/P_move_interior_Kc,regulatory,stable_legacy,legacy,,,,,20.006668889629875,109.59723737472511,100.03334444814938,ok,19270.862099797116,40270.25218730343,3.0778761840123963,0.4873723510433212,0.0,2,0,13704.568189396461,1.893560863663879e-10,3.9221238159876037,9.216970302892552,
development,reference_PI/P_move_interior_Kc,regulatory,sample_20.0,20.0,,,,,20.0,109.59723737472511,100.0,ok,19266.61620770207,40260.48105329548,3.0778673384362416,0.4873166954590822,0.0,2,0,13700.0,1.8452528394163892e-10,3.9221326615637584,9.216945336371172,
development,reference_PI/P_move_interior_Kc,regulatory,sample_10.0,10.0,,,,,10.0,109.59723737472511,100.0,ok,18794.672726954384,39379.97406226996,3.0786879377315897,0.48089925444812653,0.0,2,0,13640.0,5.398259617095391e-11,3.9213120622684103,9.199857818347034,
development,reference_PI/P_move_interior_Kc,regulatory,sample_5.0,5.0,,,,,5.0,109.59723737472511,105.0,ok,18896.512918276123,39553.0471950988,3.0805591584928593,0.4829502035909412,0.0,2,0,13630.0,2.8552094022415986e-10,3.9194408415071407,9.197122351296425,
development,reference_PI/P_move_interior_Kc,regulatory,sample_2.5,2.5,,,,,2.5,109.59723737472511,107.5,ok,18946.490596740303,39636.558702246686,3.0815058975753584,0.4839542356119644,0.0,2,0,13622.5,4.313722712367962e-10,3.9184941024246416,9.19559246812088,
development,reference_PI/P_move_interior_Kc,regulatory,fractional_5,5.0,,,,,5.0,109.59723737472511,109.59723737472511,ok,19230.496209580975,40161.9228188985,3.0818357931222713,0.4881410439083229,0.0,2,0,13650.0,6.768070548446303e-10,3.9181642068777287,9.20385993811284,fractional
development,IMC_PID/A_original3,standardised,legacy_RK45,legacy,rk,0.001,1e-06,False,20.00235321802565,109.59723737472511,100.01176609012825,ok,137002.84568236713,296226.9582367539,3.2469689680313922,4.231695524563028,0.0,7,1,inf,0.1419647335701475,3.353562951978993,10.442183266790583,
development,IMC_PID/A_original3,standardised,tight_RK45,legacy,rk,1e-09,1e-12,False,20.00235321802565,109.59723737472511,100.01176609012825,ok,137002.8456823426,296226.95823674666,3.246968968031382,4.231695524527407,0.0,7,1,inf,0.14196473356678752,3.3535629519789985,10.442183266790583,
development,IMC_PID/A_original3,standardised,exact_legacy,legacy,,,,False,20.00235321802565,109.59723737472511,100.01176609012825,ok,137002.84568236338,296226.9582367468,3.2469689680313976,4.231695524560825,0.0,7,1,inf,0.14196473357020434,3.353562951978987,10.442183266790583,
development,IMC_PID/A_original3,standardised,stable_legacy,legacy,,,,,20.00235321802565,109.59723737472511,100.01176609012825,ok,137002.845682354,296226.95823671494,3.2469689680313976,4.23169552456203,0.0,7,1,inf,0.1419647335692007,3.353562951978987,10.442183266749863,
development,IMC_PID/A_original3,standardised,sample_20.0,20.0,,,,,20.0,109.59723737472511,100.0,ok,136987.7322786751,296217.9138852474,3.2469662747114505,4.231743492054757,0.0,7,1,inf,0.13273571068277779,3.353563096710008,10.44218138577912,
development,IMC_PID/A_original3,standardised,sample_10.0,10.0,,,,,10.0,109.59723737472511,100.0,ok,130799.96280866551,287895.25816128746,3.2394377068480753,3.7122371077765175,0.0,7,2,inf,0.5861143982246348,3.3534980808066694,10.443531355193386,
development,IMC_PID/A_original3,standardised,sample_5.0,5.0,,,,,5.0,109.59723737472511,105.0,ok,130034.8027225598,286597.12418064836,3.2371412608062045,3.630297052108692,0.0,7,2,inf,0.086979249965486,3.3536635008978406,10.444892220713827,
development,IMC_PID/A_original3,standardised,sample_2.5,2.5,,,,,2.5,109.59723737472511,107.5,ok,130522.2942663841,286728.18063150824,3.2369092019660326,3.6536259038628813,0.0,7,2,inf,0.158508712612079,3.353892557618835,10.445468535895811,
development,IMC_PID/A_original3,standardised,fractional_5,5.0,,,,,5.0,109.59723737472511,109.59723737472511,ok,133182.90058990946,289563.8934212324,3.2374358217226877,3.8225807578161257,0.0,7,2,inf,0.6064951672421701,3.3535687674968377,10.445629085890653,fractional
development,IMC_PID/A_original3,wide,legacy_RK45,legacy,rk,0.001,1e-06,False,20.002667022269637,109.59723737472511,100.01333511134818,ok,22863.758491811375,14012.053487957477,1.1893869441335827,1.0963354557753302,0.0,7,1,inf,0.2976722604532078,3.9999999999999996,9.999990566302028,
development,IMC_PID/A_original3,wide,tight_RK45,legacy,rk,1e-09,1e-12,False,20.002667022269637,109.59723737472511,100.01333511134818,ok,22863.758491813074,14012.053487962861,1.1893869441303417,1.0963354557783918,0.0,7,1,inf,0.29767226046672235,3.9999999999999996,9.999990566302028,
development,IMC_PID/A_original3,wide,exact_legacy,legacy,,,,False,20.002667022269637,109.59723737472511,100.01333511134818,ok,22863.758491819004,14012.053487963907,1.1893869441316385,1.096335455778057,0.0,7,1,inf,0.2976722604627744,3.9999999999999982,9.999990566302028,
development,IMC_PID/A_original3,wide,stable_legacy,legacy,,,,,20.002667022269637,109.59723737472511,100.01333511134818,ok,22863.75849183966,14012.053487964065,1.189386944131468,1.0963354557789957,0.0,7,1,inf,0.2976722604623534,3.9999999999999982,9.999990566304373,
development,IMC_PID/A_original3,wide,sample_20.0,20.0,,,,,20.0,109.59723737472511,100.0,ok,22858.536071699702,14008.746251041213,1.190935906548269,1.0956082290361193,0.0,7,1,inf,0.28813912592415303,3.9999999999999982,9.999990615367793,
development,IMC_PID/A_original3,wide,sample_10.0,10.0,,,,,10.0,109.59723737472511,100.0,ok,18904.921263609434,11471.970528422833,1.123702322171285,0.5618466876416184,0.0,7,1,inf,0.1117881097427933,3.9999999999999996,9.999990601108136,
development,IMC_PID/A_original3,wide,sample_5.0,5.0,,,,,5.0,109.59723737472511,105.0,ok,18650.18371857902,11377.362649648558,1.1196173969503045,0.49979702570264006,0.0,7,1,inf,0.21994484118238766,4.0,9.999990891528832,
development,IMC_PID/A_original3,wide,sample_2.5,2.5,,,,,2.5,109.59723737472511,107.5,ok,18243.083689331223,11157.458123823944,1.047717509303025,0.4546581585845253,0.0,7,1,inf,0.12046322991216307,4.0,9.99999103512854,
development,IMC_PID/A_original3,wide,fractional_5,5.0,,,,,5.0,109.59723737472511,109.59723737472511,ok,21150.025548246176,12780.473748495591,1.1411749885688112,0.7973524309327606,0.0,7,1,inf,0.05270313988449615,4.0,9.99999116007187,fractional
development,IMC_PID/A_original3,regulatory,legacy_RK45,legacy,rk,0.001,1e-06,False,20.006668889629875,109.59723737472511,100.03334444814938,ok,44692.055137497206,103151.62319601112,3.24697389545874,1.8106345260588332,0.0,2,0,39993.33111037013,0.018713809564884443,3.75302610454126,7.774938915862872,
development,IMC_PID/A_original3,regulatory,tight_RK45,legacy,rk,1e-09,1e-12,False,20.006668889629875,109.59723737472511,100.03334444814938,ok,44692.05513749916,103151.62319601302,3.246973895458732,1.810634526058771,0.0,2,0,39993.33111037013,0.018713809560459538,3.753026104541268,7.774938915862869,
development,IMC_PID/A_original3,regulatory,exact_legacy,legacy,,,,False,20.006668889629875,109.59723737472511,100.03334444814938,ok,44692.05513749803,103151.62319601135,3.2469738954587437,1.8106345260589487,0.0,2,0,39993.33111037013,0.01871380956447144,3.7530261045412563,7.774938915862908,
development,IMC_PID/A_original3,regulatory,stable_legacy,legacy,,,,,20.006668889629875,109.59723737472511,100.03334444814938,ok,44692.05513749829,103151.62319601164,3.2469738954587437,1.8106345260589851,0.0,2,0,39993.33111037013,0.018713809563659645,3.7530261045412563,7.774938915862909,
development,IMC_PID/A_original3,regulatory,sample_20.0,20.0,,,,,20.0,109.59723737472511,100.0,ok,44679.90868262212,103137.90755846581,3.2469662747114505,1.8102953744499972,0.0,2,1,inf,0.13441910722155193,3.7530337252885495,7.775634555068097,
development,IMC_PID/A_original3,regulatory,sample_10.0,10.0,,,,,10.0,109.59723737472511,100.0,ok,41457.058872921785,99022.00091523571,3.2394377068480753,1.4896016888986292,0.0,2,1,inf,0.12263816167042485,3.7605622931519247,7.773571580958867,
development,IMC_PID/A_original3,regulatory,sample_5.0,5.0,,,,,5.0,109.59723737472511,105.0,ok,41243.40842831324,98484.29944139709,3.2371412608062045,1.4476158206340077,0.0,2,1,inf,0.06964140030433086,3.7628587391937955,7.797580032668185,
development,IMC_PID/A_original3,regulatory,sample_2.5,2.5,,,,,2.5,109.59723737472511,107.5,ok,41209.60969557878,98413.52741025506,3.2369092019660326,1.4561536362201108,0.0,2,1,inf,0.08338434606074951,3.7630907980339674,7.809467648912369,
development,IMC_PID/A_original3,regulatory,fractional_5,5.0,,,,,5.0,109.59723737472511,109.59723737472511,ok,42686.22399014197,99781.84404904055,3.2374358217226877,1.5480298298693569,0.0,2,1,inf,0.14003563092053906,3.7625641782773123,7.817500657763886,fractional
development,IMC_PID/B_analytic3,standardised,legacy_RK45,legacy,rk,0.001,1e-06,False,20.00235321802565,109.59723737472511,100.01176609012825,ok,147719.50297322992,365191.9308579587,3.3668282691645057,1.3452450674088894,0.0,7,1,inf,2.3674812021281912,3.3756923365858333,10.63173836358875,
development,IMC_PID/B_analytic3,standardised,tight_RK45,legacy,rk,1e-09,1e-12,False,20.00235321802565,109.59723737472511,100.01176609012825,ok,147719.50297323678,365191.93085770064,3.3668282691645057,1.3452450674088912,0.0,7,1,inf,2.3674812021281912,3.3756923365858387,10.631738363084587,
development,IMC_PID/B_analytic3,standardised,exact_legacy,legacy,,,,False,20.00235321802565,109.59723737472511,100.01176609012825,ok,147719.50297322156,365191.9308576639,3.3668282691645057,1.3452450674088539,0.0,7,1,inf,2.3674812021281912,3.3756923365858214,10.631738363084587,
development,IMC_PID/B_analytic3,standardised,stable_legacy,legacy,,,,,20.00235321802565,109.59723737472511,100.01176609012825,ok,147719.50297316635,365191.9308595208,3.3668282691619797,1.3452450674089,0.0,7,1,inf,2.3674812021371565,3.3756923365858214,10.631738363531083,
development,IMC_PID/B_analytic3,standardised,sample_20.0,20.0,,,,,20.0,109.59723737472511,100.0,ok,147715.40337117662,365190.5123528945,3.3668857232942067,1.3452384129248438,0.0,7,1,inf,2.367538503957096,3.3756926452459903,10.631738202079347,
development,IMC_PID/B_analytic3,standardised,sample_10.0,10.0,,,,,10.0,109.59723737472511,100.0,ok,147568.32539371258,364910.9880915293,3.3674644644213583,1.3438545749836592,0.0,7,1,inf,2.367790581350656,3.375616356686065,10.631876824636063,
development,IMC_PID/B_analytic3,standardised,sample_5.0,5.0,,,,,5.0,109.59723737472511,105.0,ok,147625.66380565322,364991.06515546824,3.367877404070038,1.3475801824421803,0.0,7,1,inf,2.368040364385127,3.3758713021181177,10.632024756707526,
development,IMC_PID/B_analytic3,standardised,sample_2.5,2.5,,,,,2.5,109.59723737472511,107.5,ok,147635.56949936907,364990.00820232177,3.3680666452752774,1.3542282007075546,0.0,7,1,inf,2.368148103722321,3.376207862986171,10.632089116482701,
development,IMC_PID/B_analytic3,standardised,fractional_5,5.0,,,,,5.0,109.59723737472511,109.59723737472511,ok,147791.34616385488,365282.58937250625,3.368008397126591,1.3482661827880031,0.0,7,1,inf,2.368171324319807,3.37572363451033,10.632106545735677,fractional
development,IMC_PID/B_analytic3,wide,legacy_RK45,legacy,rk,0.001,1e-06,False,20.002667022269637,109.59723737472511,100.01333511134818,ok,23511.21958811745,12988.258184465663,1.0019058451729483,0.184650221481232,0.0,7,1,inf,0.11104252477297472,3.9999999999999996,9.888957475227025,
development,IMC_PID/B_analytic3,wide,tight_RK45,legacy,rk,1e-09,1e-12,False,20.002667022269637,109.59723737472511,100.01333511134818,ok,23511.21958811866,12988.258184466506,1.001905845172982,0.18465022148122667,0.0,7,1,inf,0.11104252477297472,3.9999999999999996,9.888957475227025,
development,IMC_PID/B_analytic3,wide,exact_legacy,legacy,,,,False,20.002667022269637,109.59723737472511,100.01333511134818,ok,23511.219588127304,12988.258184466555,1.0019058451729803,0.18465022148122934,0.0,7,1,inf,0.11104252477297472,3.9999999999999982,9.888957475227025,
development,IMC_PID/B_analytic3,wide,stable_legacy,legacy,,,,,20.002667022269637,109.59723737472511,100.01333511134818,ok,23511.219588089734,12988.258184455797,1.0019058451729803,0.18465022148099575,0.0,7,1,inf,0.11104252476332377,3.9999999999999982,9.888957475236676,
development,IMC_PID/B_analytic3,wide,sample_20.0,20.0,,,,,20.0,109.59723737472511,100.0,ok,23512.986197153943,12988.394568636326,1.001908285939762,0.18466312945848173,0.0,7,1,inf,0.11096669909673906,3.9999999999999982,9.889033300903261,
development,IMC_PID/B_analytic3,wide,sample_10.0,10.0,,,,,10.0,109.59723737472511,100.0,ok,23567.040322017194,13028.35425673024,1.001911755322758,0.18473436227388973,0.0,7,1,inf,0.11103923336956356,3.9999999999999996,9.888960766630436,
development,IMC_PID/B_analytic3,wide,sample_5.0,5.0,,,,,5.0,109.59723737472511,105.0,ok,23602.056284648526,13080.718461896477,1.001892505655415,0.18494562970522566,0.0,7,1,inf,0.11104432114440144,4.0,9.888955678855599,
development,IMC_PID/B_analytic3,wide,sample_2.5,2.5,,,,,2.5,109.59723737472511,107.5,ok,23619.54516333405,13106.97975372068,1.0018828880294537,0.1850551781319849,0.0,7,1,inf,0.11104684580214652,4.0,9.888953154197853,
development,IMC_PID/B_analytic3,wide,fractional_5,5.0,,,,,5.0,109.59723737472511,109.59723737472511,ok,23609.10043458136,13110.598428291964,1.0018733272501468,0.18494108792983077,0.0,7,1,inf,0.11101565850163908,4.0,9.888984341498361,fractional
development,IMC_PID/B_analytic3,regulatory,legacy_RK45,legacy,rk,0.001,1e-06,False,20.006668889629875,109.59723737472511,100.03334444814938,ok,28781.711356246695,74754.68037505039,3.239027139910702,0.28399111079449657,0.0,2,0,14284.761587195728,1.0766498803604918e-11,3.760972860089298,8.597994363154106,
development,IMC_PID/B_analytic3,regulatory,tight_RK45,legacy,rk,1e-09,1e-12,False,20.006668889629875,109.59723737472511,100.03334444814938,ok,28781.711356243854,74754.6803750472,3.2390271399106862,0.28399111079449124,0.0,2,0,14284.761587195728,1.0766498803604918e-11,3.7609728600893138,8.597994363154106,
development,IMC_PID/B_analytic3,regulatory,exact_legacy,legacy,,,,False,20.006668889629875,109.59723737472511,100.03334444814938,ok,28781.711356243446,74754.68037505164,3.2390271399107067,0.28399111079449124,0.0,2,0,14284.761587195728,1.0290435170645651e-11,3.7609728600892933,8.597994363154106,
development,IMC_PID/B_analytic3,regulatory,stable_legacy,legacy,,,,,20.006668889629875,109.59723737472511,100.03334444814938,ok,28781.71135624233,74754.68037504949,3.2390271399107067,0.2839911107944877,0.0,2,0,14284.761587195728,1.0290435170645651e-11,3.7609728600892933,8.59799436315404,
development,IMC_PID/B_analytic3,regulatory,sample_20.0,20.0,,,,,20.0,109.59723737472511,100.0,ok,28767.48880261845,74737.36842443746,3.2390225059297797,0.2839775144709167,0.0,2,0,14260.0,1.0290435170645651e-11,3.7609774940702203,8.59702351671081,
development,IMC_PID/B_analytic3,regulatory,sample_10.0,10.0,,,,,10.0,109.59723737472511,100.0,ok,28576.568938873952,74343.85629328547,3.2372286948085294,0.286740822343452,0.0,2,0,14160.0,1.617017630906048e-11,3.7627713051914706,8.588910155348179,
development,IMC_PID/B_analytic3,regulatory,sample_5.0,5.0,,,,,5.0,109.59723737472511,105.0,ok,28605.86239321065,74343.78046169961,3.2370235927671103,0.2915496221219147,0.0,2,0,14180.0,1.617017630906048e-11,3.7629764072328897,8.589465321506825,
development,IMC_PID/B_analytic3,regulatory,sample_2.5,2.5,,,,,2.5,109.59723737472511,107.5,ok,28620.23013891985,74354.2019333,3.2370499011932883,0.29762277708098406,0.0,2,0,14190.0,1.617017630906048e-11,3.7629500988067117,8.589312849147246,
development,IMC_PID/B_analytic3,regulatory,fractional_5,5.0,,,,,5.0,109.59723737472511,109.59723737472511,ok,28729.39206176024,74514.19545039543,3.2374107220243684,0.29185486254313453,0.0,2,0,14265.0,1.9110046878267894e-11,3.7625892779756316,8.59489255652672,fractional
development,IMC_PID/C_add7,standardised,legacy_RK45,legacy,rk,0.001,1e-06,False,20.00235321802565,109.59723737472511,100.01176609012825,ok,158364.7257527777,374542.0836586672,3.3682238167861414,1.343891807357708,0.0,7,2,inf,2.3688749193691834,3.3756206521589878,10.63251979439578,
development,IMC_PID/C_add7,standardised,tight_RK45,legacy,rk,1e-09,1e-12,False,20.00235321802565,109.59723737472511,100.01176609012825,ok,158364.72575279087,374542.0836588266,3.3682238167861414,1.3438918073576689,0.0,7,2,inf,2.3688749193691834,3.3756206521589958,10.63251979439578,
development,IMC_PID/C_add7,standardised,exact_legacy,legacy,,,,False,20.00235321802565,109.59723737472511,100.01176609012825,ok,158364.72575279232,374542.08365876356,3.3682238166487277,1.3438918073576902,0.0,7,2,inf,2.3688749193691834,3.375620652158982,10.632519794900853,
development,IMC_PID/C_add7,standardised,stable_legacy,legacy,,,,,20.00235321802565,109.59723737472511,100.01176609012825,ok,158364.72575295356,374542.08366020495,3.3682238167136695,1.3438918073572639,0.0,7,2,inf,2.3688749193629093,3.3756206521589824,10.632519794740233,
development,IMC_PID/C_add7,standardised,sample_20.0,20.0,,,,,20.0,109.59723737472511,100.0,ok,158361.5521844355,374545.76372222824,3.36828121950324,1.3438954830929672,0.0,7,2,inf,2.3689321703141832,3.3756209451938655,10.632519683818197,
development,IMC_PID/C_add7,standardised,sample_10.0,10.0,,,,,10.0,109.59723737472511,100.0,ok,158334.8663693141,374444.12398144015,3.369054303603141,1.3388392404590919,0.0,7,2,inf,2.3693793788255775,3.37555152654785,10.632768322781244,
development,IMC_PID/C_add7,standardised,sample_5.0,5.0,,,,,5.0,109.59723737472511,105.0,ok,158322.1424865862,374521.0933057417,3.3695344817408834,1.3372680430541282,0.0,7,2,inf,2.3696968993699397,3.375810829803449,10.632954421430878,
development,IMC_PID/C_add7,standardised,sample_2.5,2.5,,,,,2.5,109.59723737472511,107.5,ok,158295.8733174446,374500.2912037362,3.369734656537636,1.33731233663742,0.0,7,2,inf,2.369815841886396,3.376148720003645,10.633025122673471,
development,IMC_PID/C_add7,standardised,fractional_5,5.0,,,,,5.0,109.59723737472511,109.59723737472511,ok,158356.7549311791,374731.53830156085,3.3696659457347025,1.3379965993743541,0.0,7,2,inf,2.3698283301462464,3.375663404284214,10.633036364189698,fractional
development,IMC_PID/C_add7,wide,legacy_RK45,legacy,rk,0.001,1e-06,False,20.002667022269637,109.59723737472511,100.01333511134818,ok,28249.26973591971,16605.83798687708,1.3549587356854271,0.1835477752880541,0.0,7,1,inf,0.11104251536096932,3.9999999999999996,9.88895748463903,
development,IMC_PID/C_add7,wide,tight_RK45,legacy,rk,1e-09,1e-12,False,20.002667022269637,109.59723737472511,100.01333511134818,ok,28249.269735921946,16605.83798687769,1.3549587356857096,0.1835477752880923,0.0,7,1,inf,0.11104251536096932,3.9999999999999996,9.88895748463903,
development,IMC_PID/C_add7,wide,exact_legacy,legacy,,,,False,20.002667022269637,109.59723737472511,100.01333511134818,ok,28249.269735907255,16605.83798686362,1.354958735685634,0.18354777528808697,0.0,7,1,inf,0.11104251536096932,3.9999999999999982,9.88895748463903,
development,IMC_PID/C_add7,wide,stable_legacy,legacy,,,,,20.002667022269637,109.59723737472511,100.01333511134818,ok,28249.269735874816,16605.837986855837,1.354958735685634,0.18354777528786315,0.0,7,1,inf,0.11104251536481868,3.9999999999999982,9.888957484635181,
development,IMC_PID/C_add7,wide,sample_20.0,20.0,,,,,20.0,109.59723737472511,100.0,ok,28251.16322119409,16606.040039724285,1.3549332695485221,0.1835607351020503,0.0,7,1,inf,0.11096668971484114,3.9999999999999982,9.889033310285159,
development,IMC_PID/C_add7,wide,sample_10.0,10.0,,,,,10.0,109.59723737472511,100.0,ok,28377.442784542953,16677.44887337771,1.339394785032825,0.1836324040407069,0.0,7,1,inf,0.11103922340387307,3.9999999999999996,9.888960776596127,
development,IMC_PID/C_add7,wide,sample_5.0,5.0,,,,,5.0,109.59723737472511,105.0,ok,28385.328673875898,16715.895813160947,1.3440211014128698,0.18383991645780906,0.0,7,1,inf,0.1110443086951527,4.0,9.888955691304847,
development,IMC_PID/C_add7,wide,sample_2.5,2.5,,,,,2.5,109.59723737472511,107.5,ok,28389.202145817708,16735.28090615708,1.3463442307114848,0.18394454953017636,0.0,7,1,inf,0.11104683214307798,4.0,9.888953167856922,
development,IMC_PID/C_add7,wide,fractional_5,5.0,,,,,5.0,109.59723737472511,109.59723737472511,ok,28334.28699211421,16719.139363473972,1.3553901829889634,0.18383952133754278,0.0,7,1,inf,0.1110156441011938,4.0,9.888984355898806,fractional
development,IMC_PID/C_add7,regulatory,legacy_RK45,legacy,rk,0.001,1e-06,False,20.006668889629875,109.59723737472511,100.03334444814938,ok,30292.12144794267,77125.94853441087,3.243666959354213,0.28343379593262075,0.0,2,0,17625.875291763918,3.596950086581785e-05,3.756333040645787,8.662886699968114,
development,IMC_PID/C_add7,regulatory,tight_RK45,legacy,rk,1e-09,1e-12,False,20.006668889629875,109.59723737472511,100.03334444814938,ok,30292.121447940517,77125.94853440952,3.2436669593541985,0.28343379593262075,0.0,2,0,17625.875291763918,3.596950086581785e-05,3.7563330406458015,8.662886699968029,
development,IMC_PID/C_add7,regulatory,exact_legacy,legacy,,,,False,20.006668889629875,109.59723737472511,100.03334444814938,ok,30292.12144794234,77125.94853441046,3.2436669593542207,0.28343379593260565,0.0,2,0,17625.875291763918,3.596950132234156e-05,3.7563330406457793,8.662886699967943,
development,IMC_PID/C_add7,regulatory,stable_legacy,legacy,,,,,20.006668889629875,109.59723737472511,100.03334444814938,ok,30292.12144794198,77125.94853441032,3.2436669593542207,0.283433795932611,0.0,2,0,17625.875291763918,3.596950132234156e-05,3.7563330406457793,8.662886699967975,
development,IMC_PID/C_add7,regulatory,sample_20.0,20.0,,,,,20.0,109.59723737472511,100.0,ok,30292.992741196227,77128.45478434238,3.2436639503908036,0.2834390877281212,0.0,2,0,17620.0,3.6070728577364264e-05,3.7563360496091964,8.663224553182756,
development,IMC_PID/C_add7,regulatory,sample_10.0,10.0,,,,,10.0,109.59723737472511,100.0,ok,30258.56167754682,76948.76279851353,3.242895156514772,0.28309168944526863,0.0,2,0,17910.0,1.2220677256813417e-05,3.757104843485228,8.649433327508136,
development,IMC_PID/C_add7,regulatory,sample_5.0,5.0,,,,,5.0,109.59723737472511,105.0,ok,30241.330716874065,76921.36898604136,3.243032117160379,0.2833440055066383,0.0,2,0,17855.0,1.7661520185896507e-05,3.756967882839621,8.646974071473243,
development,IMC_PID/C_add7,regulatory,sample_2.5,2.5,,,,,2.5,109.59723737472511,107.5,ok,30232.178199871414,76904.4289532235,3.2430953268748284,0.28358072749600005,0.0,2,0,17832.5,2.0070624672463566e-05,3.7569046731251716,8.645423192709215,
development,IMC_PID/C_add7,regulatory,fractional_5,5.0,,,,,5.0,109.59723737472511,109.59723737472511,ok,30239.97157359375,76967.62559070071,3.2434088569002104,0.28368385667702345,0.0,2,0,17665.0,3.444122722751075e-05,3.7565911430997896,8.651374843264719,fractional
development,IMC_PID/D_add8,standardised,legacy_RK45,legacy,rk,0.001,1e-06,False,20.00235321802565,109.59723737472511,100.01176609012825,ok,163849.38653477383,381783.8537494697,3.3719688864597046,1.341253655597093,0.0,7,3,inf,2.372615100094899,3.3756290162028773,10.634602440887866,
development,IMC_PID/D_add8,standardised,tight_RK45,legacy,rk,1e-09,1e-12,False,20.00235321802565,109.59723737472511,100.01176609012825,ok,163849.3865347791,381783.8537497699,3.3719688864597046,1.341253655597047,0.0,7,3,inf,2.372615100094899,3.375629016202887,10.634602440887866,
development,IMC_PID/D_add8,standardised,exact_legacy,legacy,,,,False,20.00235321802565,109.59723737472511,100.01176609012825,ok,163849.38653478798,381783.85374954384,3.3719688864597046,1.3412536555970709,0.0,7,3,inf,2.372615100094899,3.3756290162028724,10.634602440887866,
development,IMC_PID/D_add8,standardised,stable_legacy,legacy,,,,,20.00235321802565,109.59723737472511,100.01176609012825,ok,163849.38653482063,381783.85375108593,3.3719688864346544,1.3412536555968861,0.0,7,3,inf,2.3726151001260387,3.375629016202871,10.634602441104759,
development,IMC_PID/D_add8,standardised,sample_20.0,20.0,,,,,20.0,109.59723737472511,100.0,ok,163849.42593608357,381789.61377631064,3.372026268384042,1.3412566411486582,0.0,7,3,inf,2.372672331350353,3.375629320224659,10.634602525904178,
development,IMC_PID/D_add8,standardised,sample_10.0,10.0,,,,,10.0,109.59723737472511,100.0,ok,163729.0027275917,381577.9163553745,3.372371573307335,1.3347211879987126,0.0,7,3,inf,2.3726944846338505,3.3755590149156474,10.63461392323837,
development,IMC_PID/D_add8,standardised,sample_5.0,5.0,,,,,5.0,109.59723737472511,105.0,ok,163748.3012456328,381568.43644353,3.3723829149045326,1.3318587754166895,0.0,7,3,inf,2.3725444034974164,3.375817889813952,10.634537344838375,
development,IMC_PID/D_add8,standardised,sample_2.5,2.5,,,,,2.5,109.59723737472511,107.5,ok,163747.610291276,381553.0484068853,3.3725240132061565,1.330922757436804,0.0,7,3,inf,2.3726047437099353,3.376155681481519,10.634575074149105,
development,IMC_PID/D_add8,standardised,fractional_5,5.0,,,,,5.0,109.59723737472511,109.59723737472511,ok,163879.1392786246,381831.138647893,3.372513954106422,1.3325800621664827,0.0,7,3,inf,2.372675409721321,3.3756705683086046,10.634618732432925,fractional
development,IMC_PID/D_add8,wide,legacy_RK45,legacy,rk,0.001,1e-06,False,20.002667022269637,109.59723737472511,100.01333511134818,ok,33657.25140985106,21060.766569846463,1.4525706438189703,0.18337784095096143,0.0,7,1,inf,0.11104265011442038,3.9999999999999996,9.88895734988558,
development,IMC_PID/D_add8,wide,tight_RK45,legacy,rk,1e-09,1e-12,False,20.002667022269637,109.59723737472511,100.01333511134818,ok,33657.25140985112,21060.766569846273,1.4525706438186292,0.18337784095097565,0.0,7,1,inf,0.11104265011442038,3.9999999999999996,9.88895734988558,
development,IMC_PID/D_add8,wide,exact_legacy,legacy,,,,False,20.002667022269637,109.59723737472511,100.01333511134818,ok,33657.25140984619,21060.766569840835,1.452570643819155,0.18337784095095966,0.0,7,1,inf,0.11104265011442038,3.9999999999999982,9.88895734988558,
development,IMC_PID/D_add8,wide,stable_legacy,legacy,,,,,20.002667022269637,109.59723737472511,100.01333511134818,ok,33657.251409813856,21060.766569833362,1.452570643819155,0.18337784095069143,0.0,7,1,inf,0.11104265011717018,3.9999999999999982,9.88895734988283,
development,IMC_PID/D_add8,wide,sample_20.0,20.0,,,,,20.0,109.59723737472511,100.0,ok,33658.993839223534,21060.81793281739,1.4525395942588455,0.18339080269554753,0.0,7,1,inf,0.11096682484760123,3.9999999999999982,9.889033175152399,
development,IMC_PID/D_add8,wide,sample_10.0,10.0,,,,,10.0,109.59723737472511,100.0,ok,33710.39544561472,21036.663719796106,1.4329727180222909,0.18346071283415988,0.0,7,1,inf,0.11103934920940972,3.9999999999999996,9.88896065079059,
development,IMC_PID/D_add8,wide,sample_5.0,5.0,,,,,5.0,109.59723737472511,105.0,ok,33748.488835438104,21098.689536268328,1.437274762855992,0.1836449672924969,0.0,7,1,inf,0.11104440344766431,4.0,9.888955596552336,
development,IMC_PID/D_add8,wide,sample_2.5,2.5,,,,,2.5,109.59723737472511,107.5,ok,33767.5269192137,21129.749817429765,1.4394265492175524,0.18373786648601254,0.0,7,1,inf,0.11104691174221237,4.0,9.888953088257788,
development,IMC_PID/D_add8,wide,fractional_5,5.0,,,,,5.0,109.59723737472511,109.59723737472511,ok,33759.57276454686,21166.3695679908,1.4501154434044201,0.18364610019764616,0.0,7,1,inf,0.1110157146661539,4.0,9.888984285333846,fractional
development,IMC_PID/D_add8,regulatory,legacy_RK45,legacy,rk,0.001,1e-06,False,20.006668889629875,109.59723737472511,100.03334444814938,ok,31441.55699456927,78232.68968062336,3.243666959354213,0.28235173005554337,0.0,2,0,20926.97565855285,0.0001892235174709711,3.756333040645787,8.72029713318602,
development,IMC_PID/D_add8,regulatory,tight_RK45,legacy,rk,1e-09,1e-12,False,20.006668889629875,109.59723737472511,100.03334444814938,ok,31441.556994569037,78232.68968062289,3.2436669593541985,0.2823517300555487,0.0,2,0,20926.97565855285,0.0001892235174709711,3.7563330406458015,8.72029713318602,
development,IMC_PID/D_add8,regulatory,exact_legacy,legacy,,,,False,20.006668889629875,109.59723737472511,100.03334444814938,ok,31441.556994565683,78232.68968061941,3.2436669593542207,0.28235173005553627,0.0,2,0,20926.97565855285,0.00018922351757755251,3.7563330406457793,8.720297133185827,
development,IMC_PID/D_add8,regulatory,stable_legacy,legacy,,,,,20.006668889629875,109.59723737472511,100.03334444814938,ok,31441.55699456488,78232.68968062146,3.2436669593542207,0.2823517300555416,0.0,2,0,20926.97565855285,0.00018922351757755251,3.7563330406457793,8.720297133185916,
development,IMC_PID/D_add8,regulatory,sample_20.0,20.0,,,,,20.0,109.59723737472511,100.0,ok,31443.77239588921,78236.15188477498,3.2436639503908036,0.28235866910783525,0.0,2,0,20920.0,0.0001886707616982619,3.7563360496091964,8.72069367175089,
development,IMC_PID/D_add8,regulatory,sample_10.0,10.0,,,,,10.0,109.59723737472511,100.0,ok,31333.72547118445,78036.36314872182,3.242895156514772,0.28202419512554844,0.0,2,0,20960.0,0.00019816077515777408,3.757104843485228,8.708253055492493,
development,IMC_PID/D_add8,regulatory,sample_5.0,5.0,,,,,5.0,109.59723737472511,105.0,ok,31340.846347022845,78015.7010246458,3.243032117160379,0.2822811220765242,0.0,2,0,20950.0,0.00019268208719491753,3.756967882839621,8.70567718695287,
development,IMC_PID/D_add8,regulatory,sample_2.5,2.5,,,,,2.5,109.59723737472511,107.5,ok,31342.062958841543,78001.90385064355,3.2430953268748284,0.2825190929706354,0.0,2,0,20942.5,0.00019000544671765596,3.7569046731251716,8.704069254609298,
development,IMC_PID/D_add8,regulatory,fractional_5,5.0,,,,,5.0,109.59723737472511,109.59723737472511,ok,31397.606132699395,78080.77367128896,3.2434088569002104,0.2826205838872591,0.0,2,0,20900.0,0.00018192254794335838,3.7565911430997896,8.709285650230077,fractional
development,IMC_PID/D2_resample_Ti_Td,standardised,legacy_RK45,legacy,rk,0.001,1e-06,False,20.00235321802565,109.59723737472511,100.01176609012825,ok,165607.56613419697,384530.9467921208,3.3727314135968243,1.338863038968821,0.0,7,3,inf,2.3733766358882775,3.375618737475796,10.635026530609126,
development,IMC_PID/D2_resample_Ti_Td,standardised,tight_RK45,legacy,rk,1e-09,1e-12,False,20.00235321802565,109.59723737472511,100.01176609012825,ok,165607.5661341879,384530.9467923147,3.372731413457979,1.3388630389688547,0.0,7,3,inf,2.3733766358882775,3.3756187374758015,10.635026530609126,
development,IMC_PID/D2_resample_Ti_Td,standardised,exact_legacy,legacy,,,,False,20.00235321802565,109.59723737472511,100.01176609012825,ok,165607.56613421912,384530.9467920635,3.3727314135968243,1.338863038968812,0.0,7,3,inf,2.3733766358882775,3.3756187374757913,10.635026530609126,
development,IMC_PID/D2_resample_Ti_Td,standardised,stable_legacy,legacy,,,,,20.00235321802565,109.59723737472511,100.01176609012825,ok,165607.56613416615,384530.9467939492,3.372731413531108,1.3388630389689915,0.0,7,3,inf,2.3733766358613853,3.3756187374757913,10.635026530858504,
development,IMC_PID/D2_resample_Ti_Td,standardised,sample_20.0,20.0,,,,,20.0,109.59723737472511,100.0,ok,165606.46654835023,384534.59517553804,3.372788901557625,1.3388606172197948,0.0,7,3,inf,2.3734339732452625,3.375619009008264,10.635026718060598,
development,IMC_PID/D2_resample_Ti_Td,standardised,sample_10.0,10.0,,,,,10.0,109.59723737472511,100.0,ok,165652.1847852185,384237.68318436714,3.3722768020097966,1.3320303938362912,0.0,7,3,inf,2.372599774975148,3.375549051781678,10.634556461261125,
development,IMC_PID/D2_resample_Ti_Td,standardised,sample_5.0,5.0,,,,,5.0,109.59723737472511,105.0,ok,165600.71869925945,384236.616230561,3.3725078277711287,1.32957080412198,0.0,7,3,inf,2.3726692757326866,3.3758092126928014,10.634603414249206,
development,IMC_PID/D2_resample_Ti_Td,standardised,sample_2.5,2.5,,,,,2.5,109.59723737472511,107.5,ok,165563.3130056706,384195.767308312,3.3726469434548214,1.328854741390062,0.0,7,3,inf,2.3727276539660025,3.37614746334027,10.634640040967257,
development,IMC_PID/D2_resample_Ti_Td,standardised,fractional_5,5.0,,,,,5.0,109.59723737472511,109.59723737472511,ok,165548.43997084588,384365.876010601,3.372638935661021,1.3302103675429908,0.0,7,3,inf,2.3728003506266777,3.3756626546348443,10.634684814600025,fractional
development,IMC_PID/D2_resample_Ti_Td,wide,legacy_RK45,legacy,rk,0.001,1e-06,False,20.002667022269637,109.59723737472511,100.01333511134818,ok,35941.56702896776,22750.04733656613,1.4755820869835699,0.18335409439207329,0.0,7,1,inf,0.11104350997856116,3.9999999999999996,9.888956490021439,
development,IMC_PID/D2_resample_Ti_Td,wide,tight_RK45,legacy,rk,1e-09,1e-12,False,20.002667022269637,109.59723737472511,100.01333511134818,ok,35941.56702897931,22750.047336571326,1.475582086984164,0.1833540943921248,0.0,7,1,inf,0.11104350997856116,3.9999999999999996,9.888956490021439,
development,IMC_PID/D2_resample_Ti_Td,wide,exact_legacy,legacy,,,,False,20.002667022269637,109.59723737472511,100.01333511134818,ok,35941.56702895849,22750.047336563184,1.4755820869837457,0.18335409439199957,0.0,7,1,inf,0.11104350997856116,3.9999999999999982,9.888956490021439,
development,IMC_PID/D2_resample_Ti_Td,wide,stable_legacy,legacy,,,,,20.002667022269637,109.59723737472511,100.01333511134818,ok,35941.567028924284,22750.04733655471,1.4755820869837457,0.18335409439179173,0.0,7,1,inf,0.11104350997914558,3.9999999999999982,9.888956490020854,
development,IMC_PID/D2_resample_Ti_Td,wide,sample_20.0,20.0,,,,,20.0,109.59723737472511,100.0,ok,35943.28554069838,22750.075609145635,1.4755551336776547,0.1833670553247524,0.0,7,1,inf,0.1109676856709374,3.9999999999999982,9.889032314329063,
development,IMC_PID/D2_resample_Ti_Td,wide,sample_10.0,10.0,,,,,10.0,109.59723737472511,100.0,ok,35973.225593142095,22693.35635633565,1.4559386171669235,0.18343703644957987,0.0,7,1,inf,0.11104018744043564,3.9999999999999996,9.888959812559564,
development,IMC_PID/D2_resample_Ti_Td,wide,sample_5.0,5.0,,,,,5.0,109.59723737472511,105.0,ok,36013.8101129064,22760.521905439,1.4600940902330173,0.18362099601087944,0.0,7,1,inf,0.11104520222579595,4.0,9.888954797774204,
development,IMC_PID/D2_resample_Ti_Td,wide,sample_2.5,2.5,,,,,2.5,109.59723737472511,107.5,ok,36034.172340373014,22794.19319053659,1.4621767716235992,0.18371433640669377,0.0,7,1,inf,0.11104769055578956,4.0,9.88895230944421,
development,IMC_PID/D2_resample_Ti_Td,wide,fractional_5,5.0,,,,,5.0,109.59723737472511,109.59723737472511,ok,36037.17584515229,22847.83911177391,1.4728286505369796,0.18362183677906518,0.0,7,1,inf,0.11101648125339025,4.0,9.88898351874661,fractional
development,IMC_PID/D2_resample_Ti_Td,regulatory,legacy_RK45,legacy,rk,0.001,1e-06,False,20.006668889629875,109.59723737472511,100.03334444814938,ok,31745.19217263911,79009.99488368895,3.243631322194687,0.2807926256382096,0.0,2,0,17105.701900633543,0.00033809263241568743,3.756368677805313,8.736612135708459,
development,IMC_PID/D2_resample_Ti_Td,regulatory,tight_RK45,legacy,rk,1e-09,1e-12,False,20.006668889629875,109.59723737472511,100.03334444814938,ok,31745.19217264354,79009.99488369327,3.243631322194672,0.28079262563820784,0.0,2,0,17105.701900633543,0.00033809263241568743,3.756368677805328,8.736612135708459,
development,IMC_PID/D2_resample_Ti_Td,regulatory,exact_legacy,legacy,,,,False,20.006668889629875,109.59723737472511,100.03334444814938,ok,31745.192172634655,79009.99488368766,3.2436313221946955,0.28079262563820695,0.0,2,0,17105.701900633543,0.00033809263064110695,3.7563686778053045,8.73661213570836,
development,IMC_PID/D2_resample_Ti_Td,regulatory,stable_legacy,legacy,,,,,20.006668889629875,109.59723737472511,100.03334444814938,ok,31745.19217262917,79009.99488369227,3.2436313221946955,0.2807926256382016,0.0,2,0,17105.701900633543,0.00033809263064110695,3.7563686778053045,8.73661213570833,
development,IMC_PID/D2_resample_Ti_Td,regulatory,sample_20.0,20.0,,,,,20.0,109.59723737472511,100.0,ok,31743.259709177357,79010.07831776552,3.2436283333102094,0.28079792449712926,0.0,2,0,17100.0,0.00034148262686262143,3.7563716666897906,8.73699003409732,
development,IMC_PID/D2_resample_Ti_Td,regulatory,sample_10.0,10.0,,,,,10.0,109.59723737472511,100.0,ok,31817.04209890402,78941.66730519541,3.2428929225206087,0.2806007130620394,0.0,2,0,17620.0,0.00019860974279417576,3.7571070774793913,8.724955329897963,
development,IMC_PID/D2_resample_Ti_Td,regulatory,sample_5.0,5.0,,,,,5.0,109.59723737472511,105.0,ok,31787.01857509439,78902.63791649332,3.243049567190442,0.28088590995591645,0.0,2,0,17515.0,0.00023103398328849778,3.756950432809558,8.72233291125278,
development,IMC_PID/D2_resample_Ti_Td,regulatory,sample_2.5,2.5,,,,,2.5,109.59723737472511,107.5,ok,31774.49888914646,78881.87313554053,3.24311900658618,0.2811587793567325,0.0,2,0,17477.5,0.00024396366516210577,3.75688099341382,8.720726667845431,
development,IMC_PID/D2_resample_Ti_Td,regulatory,fractional_5,5.0,,,,,5.0,109.59723737472511,109.59723737472511,ok,31722.422374438505,78883.50007687532,3.243426280942662,0.2811688812156685,0.0,2,0,17165.0,0.00033036249186402245,3.756573719057338,8.72579235942073,fractional
development,IMC_PID/E_original5_retuned,standardised,legacy_RK45,legacy,rk,0.001,1e-06,False,20.00235321802565,109.59723737472511,100.01176609012825,ok,32566.615285390224,66697.9582043542,3.246519910721134,2.495553646540654,0.0,7,0,8360.983645134715,0.0017041362757357348,3.6126913927365423,10.431686853320791,
development,IMC_PID/E_original5_retuned,standardised,tight_RK45,legacy,rk,1e-09,1e-12,False,20.00235321802565,109.59723737472511,100.01176609012825,ok,32566.615285290292,66697.95820794375,3.246519910751007,2.4955536467209027,0.0,7,0,8360.983645134715,0.001704136275701984,3.612691392736575,10.431686853320791,
development,IMC_PID/E_original5_retuned,standardised,exact_legacy,legacy,,,,False,20.00235321802565,109.59723737472511,100.01176609012825,ok,32566.61528543549,66697.95820169954,3.246519910699111,2.4955536464073047,0.0,7,0,8360.983645134715,0.0017041362760483736,3.6126913927364943,10.431686853320791,
development,IMC_PID/E_original5_retuned,standardised,stable_legacy,legacy,,,,,20.00235321802565,109.59723737472511,100.01176609012825,ok,32566.615285099564,66697.95821304644,3.246519910793401,2.495553646975993,0.0,7,0,8360.983645134715,0.0017041362758423162,3.6126913927364943,10.431686853425758,
development,IMC_PID/E_original5_retuned,standardised,sample_20.0,20.0,,,,,20.0,109.59723737472511,100.0,ok,32641.52914709422,66894.99132481171,3.2501611488029205,2.504030515278414,0.0,7,0,8340.0,0.0017044002061616936,3.6126932824132574,10.431685968448074,
development,IMC_PID/E_original5_retuned,standardised,sample_10.0,10.0,,,,,10.0,109.59723737472511,100.0,ok,32399.71454806231,66712.16937967004,3.048693660200054,2.529621613317101,0.0,7,0,6960.0,0.0018121112929794236,3.6108374587055945,10.438036798284378,
development,IMC_PID/E_original5_retuned,standardised,sample_5.0,5.0,,,,,5.0,109.59723737472511,105.0,ok,35360.00068710833,73549.35735052006,2.9995479956360755,2.8019884763386553,0.0,7,0,9055.0,0.0018729032661362055,3.612904568033002,10.44128156390247,
development,IMC_PID/E_original5_retuned,standardised,sample_2.5,2.5,,,,,2.5,109.59723737472511,107.5,ok,40346.82503855523,85003.70056124446,3.003087486665625,3.131709452441756,0.0,7,0,9740.0,0.0019031799939686067,3.6159680591087335,10.442187421021712,
development,IMC_PID/E_original5_retuned,standardised,fractional_5,5.0,,,,,5.0,109.59723737472511,109.59723737472511,ok,40951.62259877256,86531.47533998193,3.0204067140425224,3.2283270906336456,0.0,7,0,10720.0,0.001878915754323529,3.6116444958898257,10.442120840359514,fractional
development,IMC_PID/E_original5_retuned,wide,legacy_RK45,legacy,rk,0.001,1e-06,False,20.002667022269637,109.59723737472511,100.01333511134818,ok,7391.05389998351,5712.415040060882,2.4256074282783846,0.7803140475424986,0.0,7,0,4080.544072543009,2.495478845787602e-08,3.9999999999999996,10.000001211354716,
development,IMC_PID/E_original5_retuned,wide,tight_RK45,legacy,rk,1e-09,1e-12,False,20.002667022269637,109.59723737472511,100.01333511134818,ok,7391.053899982159,5712.415040062734,2.425607428278262,0.7803140475425874,0.0,7,0,4080.544072543009,2.495478845787602e-08,3.9999999999999996,10.000001211354716,
development,IMC_PID/E_original5_retuned,wide,exact_legacy,legacy,,,,False,20.002667022269637,109.59723737472511,100.01333511134818,ok,7391.053899977462,5712.4150400601,2.425607428278484,0.7803140475404327,0.0,7,0,4080.544072543009,2.495478845787602e-08,3.999999999999999,10.000001211354716,
development,IMC_PID/E_original5_retuned,wide,stable_legacy,legacy,,,,,20.002667022269637,109.59723737472511,100.01333511134818,ok,7391.053899996288,5712.415040059629,2.4256074282784734,0.7803140475425847,0.0,7,0,4080.544072543009,2.4964496248003343e-08,3.999999999999999,10.000001211357507,
development,IMC_PID/E_original5_retuned,wide,sample_20.0,20.0,,,,,20.0,109.59723737472511,100.0,ok,7391.668119709677,5713.484158542613,2.425404795013552,0.780447077376782,0.0,7,0,4080.0,2.4761630967873316e-08,3.999999999999999,10.000001208708461,
development,IMC_PID/E_original5_retuned,wide,sample_10.0,10.0,,,,,10.0,109.59723737472511,100.0,ok,8207.539690844167,7351.355008691164,2.2758690496229494,0.9484607175686763,0.0,7,0,4080.0,2.6183142765034972e-08,3.9999999999999964,10.000001438474799,
development,IMC_PID/E_original5_retuned,wide,sample_5.0,5.0,,,,,5.0,109.59723737472511,105.0,ok,8935.000660735828,9014.333962629593,2.2845658680656395,1.1188263744051277,0.0,7,0,4080.0,3.133857795489803e-08,4.0,10.000003153180716,
development,IMC_PID/E_original5_retuned,wide,sample_2.5,2.5,,,,,2.5,109.59723737472511,107.5,ok,9181.641864162444,9595.218214459388,2.289221542658554,1.2316474894819889,0.0,7,0,4075.0,3.365410350397724e-08,4.0,10.000004399919963,
development,IMC_PID/E_original5_retuned,wide,fractional_5,5.0,,,,,5.0,109.59723737472511,109.59723737472511,ok,9170.753872606805,9574.596046130497,2.362166023384564,1.1804688671166925,0.0,7,0,4065.0,3.4878155474871164e-08,4.0,10.000005398494997,fractional
development,IMC_PID/E_original5_retuned,regulatory,legacy_RK45,legacy,rk,0.001,1e-06,False,20.006668889629875,109.59723737472511,100.03334444814938,ok,8136.178832700617,17078.50450901556,2.941970829195353,0.6395882782378601,0.0,2,0,5641.880626875623,1.9738877199415583e-11,4.058029170804647,8.163985580029617,
development,IMC_PID/E_original5_retuned,regulatory,tight_RK45,legacy,rk,1e-09,1e-12,False,20.006668889629875,109.59723737472511,100.03334444814938,ok,8136.178832702768,17078.504509021684,2.94197082919532,0.6395882782382563,0.0,2,0,5641.880626875623,1.9738877199415583e-11,4.05802917080468,8.163985580029886,
development,IMC_PID/E_original5_retuned,regulatory,exact_legacy,legacy,,,,False,20.006668889629875,109.59723737472511,100.03334444814938,ok,8136.178832732522,17078.50450901256,2.9419708291953777,0.6395882782376834,0.0,2,0,5641.880626875623,2.204991744747531e-11,4.058029170804622,8.16398558002941,
development,IMC_PID/E_original5_retuned,regulatory,stable_legacy,legacy,,,,,20.006668889629875,109.59723737472511,100.03334444814938,ok,8136.178832732521,17078.50450901256,2.9419708291953777,0.6395882782376834,0.0,2,0,5641.880626875623,2.204991744747531e-11,4.058029170804622,8.16398558002941,
development,IMC_PID/E_original5_retuned,regulatory,sample_20.0,20.0,,,,,20.0,109.59723737472511,100.0,ok,8180.180561108207,17201.087707011717,2.941949721452966,0.6470673389435859,0.0,2,0,5640.0,2.4989788016682724e-11,4.058050278547034,8.163533100982441,
development,IMC_PID/E_original5_retuned,regulatory,sample_10.0,10.0,,,,,10.0,109.59723737472511,100.0,ok,8658.212719614168,18963.265832267316,2.937177244699023,0.7683360034385238,0.0,2,0,6020.0,2.4989788016682724e-11,4.062822755300977,7.9417453514239735,
development,IMC_PID/E_original5_retuned,regulatory,sample_5.0,5.0,,,,,5.0,109.59723737472511,105.0,ok,9883.822314051064,22086.459044606872,2.938469959677361,0.9451231854681392,0.0,2,0,6940.0,8.673062268371723e-11,4.061530040322639,7.962205677619464,
development,IMC_PID/E_original5_retuned,regulatory,sample_2.5,2.5,,,,,2.5,109.59723737472511,107.5,ok,10945.836074439992,24237.988895844577,2.9390090236320425,1.067999010456103,0.0,2,0,7487.5,1.2642065172485673e-10,4.0609909763679575,7.972196736974294,
development,IMC_PID/E_original5_retuned,regulatory,fractional_5,5.0,,,,,5.0,109.59723737472511,109.59723737472511,ok,11509.447049366234,25351.849938150597,2.9410684708768127,1.1208266077165252,0.0,2,0,7155.0,9.702105785436288e-11,4.058931529123187,8.086051353273234,fractional
development,IMC_PID/P_move_interior_Kc,standardised,legacy_RK45,legacy,rk,0.001,1e-06,False,20.00235321802565,109.59723737472511,100.01176609012825,ok,159205.4015610335,378492.7108067403,3.371024439120209,1.3147022755462823,0.0,7,3,inf,2.371671882500573,3.375790313177625,10.634081735734922,
development,IMC_PID/P_move_interior_Kc,standardised,tight_RK45,legacy,rk,1e-09,1e-12,False,20.00235321802565,109.59723737472511,100.01176609012825,ok,159205.4015610287,378492.71080686664,3.371024439120209,1.3147022755462947,0.0,7,3,inf,2.371671882500573,3.3757903131776335,10.63408173522803,
development,IMC_PID/P_move_interior_Kc,standardised,exact_legacy,legacy,,,,False,20.00235321802565,109.59723737472511,100.01176609012825,ok,159205.40156101974,378492.7108067799,3.371024439120209,1.3147022755462974,0.0,7,3,inf,2.371671882639083,3.3757903131776126,10.63408173522803,
development,IMC_PID/P_move_interior_Kc,standardised,stable_legacy,legacy,,,,,20.00235321802565,109.59723737472511,100.01176609012825,ok,159205.4015609963,378492.71080852125,3.3710244390818573,1.3147022755462565,0.0,7,3,inf,2.3716718825564236,3.3757903131776126,10.634081735549579,
development,IMC_PID/P_move_interior_Kc,standardised,sample_20.0,20.0,,,,,20.0,109.59723737472511,100.0,ok,159204.16220680389,378495.8943409786,3.3710813731841345,1.3146990052619527,0.0,7,3,inf,2.3717286662439765,3.3757918287537505,10.63408151766419,
development,IMC_PID/P_move_interior_Kc,standardised,sample_10.0,10.0,,,,,10.0,109.59723737472511,100.0,ok,159090.3011556529,378240.690791998,3.3715999295955683,1.3136862098223023,0.0,7,3,inf,2.3719233431109057,3.3769672388669307,10.634189142636501,
development,IMC_PID/P_move_interior_Kc,standardised,sample_5.0,5.0,,,,,5.0,109.59723737472511,105.0,ok,159233.0241125114,378438.92283829383,3.3720032080794287,1.315095157887665,0.0,7,3,inf,2.3721648202387886,3.3771346041670056,10.634332678457563,
development,IMC_PID/P_move_interior_Kc,standardised,sample_2.5,2.5,,,,,2.5,109.59723737472511,107.5,ok,159304.5049173453,378531.2358059784,3.3721899582690362,1.3167335089274976,0.0,7,3,inf,2.3722707431239076,3.3772156420919264,10.634396040139752,
development,IMC_PID/P_move_interior_Kc,standardised,fractional_5,5.0,,,,,5.0,109.59723737472511,109.59723737472511,ok,159407.3916670697,378696.78508168017,3.3721348135666105,1.3156617252804788,0.0,7,3,inf,2.3722963925502274,3.3769860049714517,10.634414457817776,fractional
development,IMC_PID/P_move_interior_Kc,wide,legacy_RK45,legacy,rk,0.001,1e-06,False,20.002667022269637,109.59723737472511,100.01333511134818,ok,27561.27593380387,14891.956109620842,1.0083488710870494,0.17969526395241875,0.0,7,1,inf,0.111043151844477,3.9999999999999996,9.888956848155523,
development,IMC_PID/P_move_interior_Kc,wide,tight_RK45,legacy,rk,1e-09,1e-12,False,20.002667022269637,109.59723737472511,100.01333511134818,ok,27561.27593380711,14891.95610961628,1.0083488710869855,0.17969526395239654,0.0,7,1,inf,0.111043151844477,3.9999999999999996,9.888956848155523,
development,IMC_PID/P_move_interior_Kc,wide,exact_legacy,legacy,,,,False,20.002667022269637,109.59723737472511,100.01333511134818,ok,27561.27593380424,14891.956109634932,1.0083488710869881,0.17969526395239654,0.0,7,1,inf,0.11104315186726588,3.9999999999999982,9.888956848132734,
development,IMC_PID/P_move_interior_Kc,wide,stable_legacy,legacy,,,,,20.002667022269637,109.59723737472511,100.01333511134818,ok,27561.2759337718,14891.95610962671,1.0083488710869881,0.17969526395217184,0.0,7,1,inf,0.11104315185285252,3.9999999999999982,9.888956848147147,
development,IMC_PID/P_move_interior_Kc,wide,sample_20.0,20.0,,,,,20.0,109.59723737472511,100.0,ok,27562.97837826096,14892.11776644278,1.0083563805600386,0.1797083167619915,0.0,7,1,inf,0.110967327150016,3.9999999999999982,9.889032672849984,
development,IMC_PID/P_move_interior_Kc,wide,sample_10.0,10.0,,,,,10.0,109.59723737472511,100.0,ok,27602.207631492438,14943.611648170254,1.008380208943735,0.1798031979131789,0.0,7,1,inf,0.11103984070595985,3.9999999999999996,9.88896015929404,
development,IMC_PID/P_move_interior_Kc,wide,sample_5.0,5.0,,,,,5.0,109.59723737472511,105.0,ok,27659.98915188871,14997.27709614404,1.0083394550107219,0.17998432677477894,0.0,7,1,inf,0.11104486861606055,4.0,9.88895513138394,
development,IMC_PID/P_move_interior_Kc,wide,sample_2.5,2.5,,,,,2.5,109.59723737472511,107.5,ok,27688.962618061676,15024.188483869606,1.0083190514457714,0.18008049125869618,0.0,7,1,inf,0.11104736386957903,4.0,9.888952636130421,
development,IMC_PID/P_move_interior_Kc,wide,fractional_5,5.0,,,,,5.0,109.59723737472511,109.59723737472511,ok,27695.303320624473,15023.180965229007,1.0082911533477592,0.17998782075171071,0.0,7,1,inf,0.11101615890527938,4.0,9.88898384109472,fractional
development,IMC_PID/P_move_interior_Kc,regulatory,legacy_RK45,legacy,rk,0.001,1e-06,False,20.006668889629875,109.59723737472511,100.03334444814938,ok,31886.61422137293,79514.81862708602,3.246876162078586,0.27641789682095386,0.0,2,0,20386.79559853284,0.00013432109646327461,3.753123837921414,8.705889864947999,
development,IMC_PID/P_move_interior_Kc,regulatory,tight_RK45,legacy,rk,1e-09,1e-12,False,20.006668889629875,109.59723737472511,100.03334444814938,ok,31886.614221375636,79514.81862709044,3.246876162078577,0.2764178968209592,0.0,2,0,20386.79559853284,0.00013432109646327461,3.753123837921423,8.705889864948091,
development,IMC_PID/P_move_interior_Kc,regulatory,exact_legacy,legacy,,,,False,20.006668889629875,109.59723737472511,100.03334444814938,ok,31886.614221385946,79514.81862708605,3.2468761620785966,0.2764178968209503,0.0,2,0,20386.79559853284,0.00013432109652278257,3.7531238379214034,8.705889864947904,
development,IMC_PID/P_move_interior_Kc,regulatory,stable_legacy,legacy,,,,,20.006668889629875,109.59723737472511,100.03334444814938,ok,31886.61422138864,79514.81862708954,3.2468761620785966,0.27641789682095386,0.0,2,0,20386.79559853284,0.00013432109652278257,3.7531238379214034,8.705889864947979,
development,IMC_PID/P_move_interior_Kc,regulatory,sample_20.0,20.0,,,,,20.0,109.59723737472511,100.0,ok,31885.359591596734,79513.87650618052,3.2468731720380237,0.2764156675147804,0.0,2,0,20380.0,0.00013409910962014493,3.7531268279619763,8.705812723493322,
development,IMC_PID/P_move_interior_Kc,regulatory,sample_10.0,10.0,,,,,10.0,109.59723737472511,100.0,ok,31841.7068907739,79430.43689962209,3.246694870740615,0.27625728769657165,0.0,2,0,20340.0,0.00013438560670842037,3.753305129259385,8.700943006963849,
development,IMC_PID/P_move_interior_Kc,regulatory,sample_5.0,5.0,,,,,5.0,109.59723737472511,105.0,ok,31885.73898009481,79502.87290981895,3.246993331258592,0.2764623927251515,0.0,2,0,20405.0,0.00013219535499420232,3.753006668741408,8.703355447494042,
development,IMC_PID/P_move_interior_Kc,regulatory,sample_2.5,2.5,,,,,2.5,109.59723737472511,107.5,ok,31905.982854203354,79532.50329242814,3.2470922104056585,0.27662753379567295,0.0,2,0,20437.5,0.00013099073926881033,3.7529077895943415,8.704595487888588,
development,IMC_PID/P_move_interior_Kc,regulatory,fractional_5,5.0,,,,,5.0,109.59723737472511,109.59723737472511,ok,31947.663443853813,79611.38388732947,3.247363945290912,0.2767290658053163,0.0,2,0,20475.0,0.00012976254371821483,3.752636054709088,8.70768063520032,fractional
development,fixed/C1,standardised,legacy_RK45,legacy,rk,0.001,1e-06,False,20.00235321802565,109.59723737472511,100.01176609012825,ok,92286.91951798539,145796.09363699667,3.0169788952486116,10.479445637925748,0.0,7,2,inf,0.931241480851293,3.494674769582136,10.498433920192564,
development,fixed/C1,standardised,tight_RK45,legacy,rk,1e-09,1e-12,False,20.00235321802565,109.59723737472511,100.01176609012825,ok,92286.9195179745,145796.09363691887,3.016978895248585,10.479445637925911,0.0,7,2,inf,0.9312414808535827,3.4946747695821547,10.498433919821654,
development,fixed/C1,standardised,exact_legacy,legacy,,,,False,20.00235321802565,109.59723737472511,100.01176609012825,ok,92286.91951799167,145796.09363704582,3.0169788952486267,10.47944563792549,0.0,7,2,inf,0.9312414808498541,3.4946747695821134,10.498433920192564,
development,fixed/C1,standardised,stable_legacy,legacy,,,,,20.00235321802565,109.59723737472511,100.01176609012825,ok,92286.91951797568,145796.09363686785,3.0169788952486267,10.47944563792673,0.0,7,2,inf,0.9312414808502778,3.4946747695821134,10.498433920053255,
development,fixed/C1,standardised,sample_20.0,20.0,,,,,20.0,109.59723737472511,100.0,ok,92276.723884798,145779.0061766377,3.0169741785328696,10.47868665750756,0.0,7,2,inf,0.9320451837820336,3.494676144783412,10.498432804719371,
development,fixed/C1,standardised,sample_10.0,10.0,,,,,10.0,109.59723737472511,100.0,ok,89258.93836255492,140528.58515573444,3.01601678188741,10.336106041036363,0.0,7,2,inf,1.0808542334965718,3.494857078848599,10.498261531216178,
development,fixed/C1,standardised,sample_5.0,5.0,,,,,5.0,109.59723737472511,105.0,ok,90142.65955418895,142144.8704216152,3.0172543603350146,10.191456517021175,0.0,7,2,inf,0.9701923947265412,3.4943793698547987,10.498716742074459,
development,fixed/C1,standardised,sample_2.5,2.5,,,,,2.5,109.59723737472511,107.5,ok,90544.15088259047,142926.07225226116,3.0179131436957305,10.094735154106257,0.0,7,2,inf,1.1130501005018711,3.4941313462751276,10.498951957319491,
development,fixed/C1,standardised,fractional_5,5.0,,,,,5.0,109.59723737472511,109.59723737472511,ok,92726.26604863658,146803.16118618567,3.0187595146277113,10.155289924057277,0.0,7,2,inf,0.5309629154819353,3.4938798536673388,10.499190719394495,fractional
development,fixed/C1,wide,legacy_RK45,legacy,rk,0.001,1e-06,False,20.002667022269637,109.59723737472511,100.01333511134818,ok,25137.87588684032,22775.46500153504,2.2043647872007623,3.442405254724356,0.0,7,1,inf,0.5278312074561295,3.9999999999999996,9.999232003370762,
development,fixed/C1,wide,tight_RK45,legacy,rk,1e-09,1e-12,False,20.002667022269637,109.59723737472511,100.01333511134818,ok,25137.875886843194,22775.465001533874,2.204364787200702,3.4424052547240125,0.0,7,1,inf,0.5278312074552378,3.9999999999999996,9.99923200340014,
development,fixed/C1,wide,exact_legacy,legacy,,,,False,20.002667022269637,109.59723737472511,100.01333511134818,ok,25137.87588683988,22775.465001535453,2.2043647872007472,3.442405254724486,0.0,7,1,inf,0.5278312074575684,3.9999999999999982,9.99923200340014,
development,fixed/C1,wide,stable_legacy,legacy,,,,,20.002667022269637,109.59723737472511,100.01333511134818,ok,25137.87588687048,22775.465001535536,2.204364787200804,3.442405254725542,0.0,7,1,inf,0.5278312074555567,3.9999999999999982,9.999232003379888,
development,fixed/C1,wide,sample_20.0,20.0,,,,,20.0,109.59723737472511,100.0,ok,25132.631531252846,22768.7186212141,2.204126664604095,3.4420606886444123,0.0,7,1,inf,0.5320514658512119,3.9999999999999982,9.999234301586428,
development,fixed/C1,wide,sample_10.0,10.0,,,,,10.0,109.59723737472511,100.0,ok,24239.8097054042,21114.480423545683,2.1540920467155953,3.4058351632211465,0.0,7,1,inf,0.8797591623442047,3.9999999999999996,9.99923233461123,
development,fixed/C1,wide,sample_5.0,5.0,,,,,5.0,109.59723737472511,105.0,ok,24606.705146785673,21676.871711540265,2.081447408253365,3.3630834491276804,0.0,7,1,inf,0.7031974581669473,4.0,9.999237255078594,
development,fixed/C1,wide,sample_2.5,2.5,,,,,2.5,109.59723737472511,107.5,ok,24520.98791775692,21571.80024604015,1.9567265633783162,3.300900628795029,0.0,7,1,inf,0.9730232781107411,4.0,9.99923971589955,
development,fixed/C1,wide,fractional_5,5.0,,,,,5.0,109.59723737472511,109.59723737472511,ok,25340.63753320121,23038.328197706578,2.2058870410280287,3.331665570884594,0.0,7,1,inf,0.42003244399577344,4.0,9.999242663581082,fractional
development,fixed/C1,regulatory,legacy_RK45,legacy,rk,0.001,1e-06,False,20.006668889629875,109.59723737472511,100.03334444814938,ok,41999.35551293547,57409.30381110833,3.016987526132853,5.883460554353724,0.0,2,1,inf,0.9289090327954082,3.983012473867147,8.971875689520125,
development,fixed/C1,regulatory,tight_RK45,legacy,rk,1e-09,1e-12,False,20.006668889629875,109.59723737472511,100.03334444814938,ok,41999.355512934184,57409.30381110655,3.016987526132829,5.883460554353519,0.0,2,1,inf,0.9289090328001555,3.983012473867171,8.971875689520125,
development,fixed/C1,regulatory,exact_legacy,legacy,,,,False,20.006668889629875,109.59723737472511,100.03334444814938,ok,41999.355512935756,57409.30381110904,3.016987526132868,5.883460554353804,0.0,2,1,inf,0.9289090327947447,3.983012473867132,8.971875689520125,
development,fixed/C1,regulatory,stable_legacy,legacy,,,,,20.006668889629875,109.59723737472511,100.03334444814938,ok,41999.35551293579,57409.30381110917,3.016987526132868,5.88346055435382,0.0,2,1,inf,0.9289090327950635,3.983012473867132,8.971875689520008,
development,fixed/C1,regulatory,sample_20.0,20.0,,,,,20.0,109.59723737472511,100.0,ok,41997.14343106465,57392.90460753173,3.0169741785328696,5.883076286380374,0.0,2,1,inf,0.7305983344106703,3.9830258214671304,8.972073430413541,
development,fixed/C1,regulatory,sample_10.0,10.0,,,,,10.0,109.59723737472511,100.0,ok,40434.762932986436,54445.49805859035,3.01601678188741,5.856155438488956,0.0,2,1,inf,1.1178432579400077,3.98398321811259,8.960617350840874,
development,fixed/C1,regulatory,sample_5.0,5.0,,,,,5.0,109.59723737472511,105.0,ok,40951.82460783232,55459.0406727694,3.0172543603350146,5.758468266717474,0.0,2,1,inf,0.5399491776927547,3.9827456396649854,8.97309955937032,
development,fixed/C1,regulatory,sample_2.5,2.5,,,,,2.5,109.59723737472511,107.5,ok,41223.007195789985,55984.968359302016,3.0179131436957305,5.706040375119864,0.0,2,0,40000.0,0.0014204180266910171,3.9820868563042695,8.97943064011758,
development,fixed/C1,regulatory,fractional_5,5.0,,,,,5.0,109.59723737472511,109.59723737472511,ok,42110.17727270042,57696.25078158337,3.0187595146277113,5.688447164385978,0.0,2,1,inf,0.45136682109046156,3.9812404853722887,8.98875748728101,fractional
