set,design,scenario,condition,dt,dt_actual,requested_delay,implemented_delay,status,IAE,ISE,max_abs_error,actuator_TV,saturation_fraction,segments,unsettled_segments,worst_settling_s,worst_final_error,pH_min,pH_max,delay_factor,Ca_factor,Cb_factor,Kw_factor,V_factor,noise_sd,seed,IAE_change_percent,IAE_ratio_to_C1
unseen,reference_PI/A_original3,reverse_off_anchor,nominal,5.0,5.0,109.59723737472513,105.0,ok,60945.49026900114,106160.84411714794,3.688719513720308,19.298142906617606,0.0,4,2,inf,1.535874161060292,4.591415516411581,9.159475915869034,,,,,,,,0.0,2.102891947098913
unseen,reference_PI/A_original3,reverse_off_anchor,delay_minus30,5.0,5.0,76.71806616230758,75.0,ok,87280.28187479786,179545.60749796423,3.313192623662328,30.252611964794585,0.0,4,3,inf,2.1844957183285327,5.133658523904212,9.115558740947522,0.7,,,,,,,43.21040242610281,4.953816779411019
unseen,reference_PI/A_original3,reverse_off_anchor,delay_plus50,5.0,5.0,164.39585606208766,160.0,ok,65689.26551952942,117757.09901752949,3.667090906248293,14.764135985751556,0.0,4,2,inf,1.8030111573112295,4.2140084434280505,9.122584978687671,1.5,,,,,,,7.783636212606071,1.6251320291148486
unseen,reference_PI/A_original3,reverse_off_anchor,acid_plus15,5.0,5.0,109.59723737472513,105.0,ok,85376.15672654912,219111.92082709185,5.159423639696475,20.375743476992728,0.0,4,3,inf,2.1092405000111043,3.5405763603035245,9.15671086570758,,1.15,,,,,,40.086093900821766,1.5685610600639477
unseen,reference_PI/A_original3,reverse_off_anchor,acid_minus15,5.0,5.0,109.59723737472513,105.0,ok,66280.44244004987,121178.1953075102,4.151556638110213,20.745631484532858,0.0,4,2,inf,1.2562354345470537,4.548443361889786,10.457382915840425,,0.85,,,,,,8.753645507651719,1.3455282964676367
unseen,reference_PI/A_original3,reverse_off_anchor,base_minus15,5.0,5.0,109.59723737472513,105.0,ok,84160.24329033183,231570.3169052805,5.21749055911148,18.514737042426315,0.0,4,3,inf,1.9755067501153671,3.4825094408885184,9.08542740577908,,,0.85,,,,,38.091010374788084,1.5865375623996318
unseen,reference_PI/A_original3,reverse_off_anchor,base_plus15,5.0,5.0,109.59723737472513,105.0,ok,70467.055691199,129915.99831958162,4.1745289005044866,22.374106365291716,0.0,4,2,inf,1.7758090865320764,4.290468452084087,10.425321756678107,,,1.15,,,,,15.62308446477596,1.3941218286401658
unseen,reference_PI/A_original3,reverse_off_anchor,Kw_half,5.0,5.0,109.59723737472513,105.0,ok,71394.77507591955,140397.2957998503,3.3311634667789,24.935032358149,0.0,4,2,inf,1.4663072145927138,4.369342548404779,9.534559790589975,,,,0.5,,,,17.145296166783417,1.929668910777111
unseen,reference_PI/A_original3,reverse_off_anchor,Kw_double,5.0,5.0,109.59723737472513,105.0,ok,49620.308147828386,73218.28353218493,3.2936702713068957,13.86341842789831,0.0,4,2,inf,1.503803538377328,4.817205062282192,8.7816459928494,,,,2.0,,,,-18.582477671745156,3.6367716491126516
unseen,reference_PI/A_original3,reverse_off_anchor,volume_plus20,5.0,5.0,109.59723737472513,105.0,ok,56022.37528839009,90619.0625206857,2.3254765928980854,17.065944236205322,0.0,4,2,inf,1.3615783026990682,4.7414281906418845,9.05699044109399,,,,,1.2,,,-8.07789872373068,2.331914202056127
unseen,reference_PI/A_original3,reverse_off_anchor,volume_minus20,5.0,5.0,109.59723737472513,105.0,ok,87542.78332684952,180928.5316965421,3.08305971566433,28.9643431046486,0.0,4,3,inf,2.0760949104347537,4.8305607328830344,9.277938564639603,,,,,0.8,,,43.641117563339435,2.5746476798410907
unseen,reference_PI/A_original3,reverse_off_anchor,noise_0.01_seed104729,5.0,5.0,109.59723737472513,105.0,ok,61014.53498060041,106191.94719674364,3.691343278200367,20.988715946310467,0.0,4,2,inf,1.5458297240267402,4.578435490210274,9.15825471575927,,,,,,0.01,104729.0,0.11328928735254706,2.104139892355508
unseen,reference_PI/A_original3,reverse_off_anchor,noise_0.01_seed130363,5.0,5.0,109.59723737472513,105.0,ok,60909.9431675192,106116.7243823318,3.687082179114755,21.00676936766608,0.0,4,2,inf,1.5300528468306993,4.600663274677348,9.16011121394319,,,,,,0.01,130363.0,-0.05832605714555239,2.100662228194074
unseen,reference_PI/A_original3,reverse_off_anchor,noise_0.01_seed155921,5.0,5.0,109.59723737472513,105.0,ok,60993.24383082798,106184.70481728656,3.690459105433538,20.971388397271173,0.0,4,2,inf,1.5427567145916647,4.583093351633329,9.159479986213194,,,,,,0.01,155921.0,0.07835454537501452,2.103923374903471
unseen,reference_PI/A_original3,reverse_off_anchor,noise_0.01_seed196613,5.0,5.0,109.59723737472513,105.0,ok,60995.30980002957,106175.45185020416,3.6903873692828153,20.954524303144293,0.0,4,2,inf,1.5410427533666675,4.584908458336879,9.158164145853643,,,,,,0.01,196613.0,0.08174440932140481,2.103137707058875
unseen,reference_PI/A_original3,reverse_off_anchor,noise_0.01_seed262147,5.0,5.0,109.59723737472513,105.0,ok,60955.404870100334,106149.05247902752,3.689117783872206,20.98829333318364,0.0,4,2,inf,1.5358640144277729,4.592697224397021,9.158930509317504,,,,,,0.01,262147.0,0.016267981528139686,2.102581449012855
unseen,reference_PI/A_original3,reverse_off_anchor,noise_0.05_seed104729,5.0,5.0,109.59723737472513,105.0,ok,61085.79285612529,106107.39805073378,3.690834907426874,34.37629392032656,0.0,4,2,inf,1.7111813220459116,4.578465406113064,9.153409476051184,,,,,,0.05,104729.0,0.23020995729936544,2.1016679362323485
unseen,reference_PI/A_original3,reverse_off_anchor,noise_0.05_seed130363,5.0,5.0,109.59723737472513,105.0,ok,60806.231407506915,105958.80057318638,3.679965869338776,33.95945200017543,0.0,4,2,inf,1.506481657278,4.634804543337454,9.162676350348326,,,,,,0.05,130363.0,-0.2284974013328278,2.0932851609459626
unseen,reference_PI/A_original3,reverse_off_anchor,noise_0.05_seed155921,5.0,5.0,109.59723737472513,105.0,ok,61133.17627085966,106224.10484501816,3.694658213556428,34.282811546936244,0.0,4,2,inf,1.5602097942780233,4.563443726014258,9.161725807336246,,,,,,0.05,155921.0,0.3079571614406751,2.105072312434165
unseen,reference_PI/A_original3,reverse_off_anchor,noise_0.05_seed196613,5.0,5.0,109.59723737472513,105.0,ok,61191.05619566105,106200.91131999229,3.695394438610565,33.71433168293005,0.0,4,2,inf,1.8103501168496423,4.561371285605798,9.153792982282123,,,,,,0.05,196613.0,0.4029271494511377,2.1040484308968117
unseen,reference_PI/A_original3,reverse_off_anchor,noise_0.05_seed262147,5.0,5.0,109.59723737472513,105.0,ok,61020.20917308055,106084.30310184736,3.690651967207893,34.41350799916555,0.0,4,2,inf,1.5964138105579604,4.596257162062575,9.1568766658434,,,,,,0.05,262147.0,0.12259956191937871,2.1022561320622506
unseen,reference_PI/A_original3,reverse_off_anchor,combined_seed104729,5.0,5.0,164.39585606208766,160.0,ok,97750.7451093629,337071.50804681994,5.658681334452126,20.73355867926746,0.0,4,3,inf,5.475660008667153,3.0413186655478737,8.7,1.5,1.15,0.85,2.0,1.2,0.05,104729.0,60.390448379216856,1.3654642623731175
unseen,reference_PI/A_original3,reverse_off_anchor,combined_seed130363,5.0,5.0,164.39585606208766,160.0,ok,97965.60466637871,337055.92477904685,5.657599554233151,20.676896805631117,0.0,4,3,inf,5.473817173591357,3.0424004457668485,8.7,1.5,1.15,0.85,2.0,1.2,0.05,130363.0,60.74299219512098,1.3679199155455686
unseen,reference_PI/A_original3,reverse_off_anchor,combined_seed155921,5.0,5.0,164.39585606208766,160.0,ok,97886.2956798237,336921.28855749744,5.6575338815855165,20.839251511791534,0.0,4,3,inf,5.473518150093431,3.0424661184144832,8.7,1.5,1.15,0.85,2.0,1.2,0.05,155921.0,60.61286117770697,1.366943027802211
unseen,reference_PI/A_original3,reverse_off_anchor,combined_seed196613,5.0,5.0,164.39585606208766,160.0,ok,96812.3175073223,337187.8471207517,5.663247483350579,20.27152423031765,0.0,4,3,inf,5.482670915463084,3.03675251664942,8.7,1.5,1.15,0.85,2.0,1.2,0.05,196613.0,58.8506665218578,1.351023023678619
unseen,reference_PI/A_original3,reverse_off_anchor,combined_seed262147,5.0,5.0,164.39585606208766,160.0,ok,98048.64397208224,336856.3364972756,5.6565976600845715,20.890213754490897,0.0,4,3,inf,5.4721137029551095,3.0434023399154277,8.7,1.5,1.15,0.85,2.0,1.2,0.05,262147.0,60.87924395934012,1.3682567121569866
unseen,reference_PI/A_original3,cross_equivalence,nominal,5.0,5.0,109.59723737472513,105.0,ok,66145.05021317692,128602.7694505594,3.5694802746968097,18.059424664836182,0.0,7,4,inf,2.098304185219834,4.122809356637635,9.766445730949624,,,,,,,,0.0,1.2704118183352437
unseen,reference_PI/A_original3,cross_equivalence,delay_minus30,5.0,5.0,76.71806616230758,75.0,ok,62096.72318634519,114553.10838958912,3.4319339010588203,21.134046903310907,0.0,7,4,inf,1.926562667787084,4.417569780539326,9.538376001126911,0.7,,,,,,,-6.120377887361938,1.427541427654884
unseen,reference_PI/A_original3,cross_equivalence,delay_plus50,5.0,5.0,164.39585606208766,160.0,ok,90940.84820963572,188912.94132942625,3.5704517052571605,20.660533529667426,0.0,7,6,inf,2.8249472065952466,4.092682961668361,9.93288448662815,1.5,,,,,,,37.48700457032712,1.4459866661960712
unseen,reference_PI/A_original3,cross_equivalence,acid_plus15,5.0,5.0,109.59723737472513,105.0,ok,106619.43573008847,239859.9550234861,4.993140913867142,23.905190231944225,0.0,7,7,inf,1.843412914151116,3.24038213239439,9.937499743183755,,1.15,,,,,,61.19034664947394,1.3535889012650577
unseen,reference_PI/A_original3,cross_equivalence,acid_minus15,5.0,5.0,109.59723737472513,105.0,ok,102276.65900924604,220352.05519476265,5.037359782908146,25.791318613059328,0.0,7,7,inf,2.0453692530263385,3.485288015920238,10.287359782908146,,0.85,,,,,,54.62481119845193,1.300260026196833
unseen,reference_PI/A_original3,cross_equivalence,base_minus15,5.0,5.0,109.59723737472513,105.0,ok,97002.75498059244,238063.68765133244,5.041781006296539,17.09544924196669,0.0,7,5,inf,2.0186659767398316,3.2278900533365187,9.756129432340783,,,0.85,,,,,46.65157055284581,1.2243869554414184
unseen,reference_PI/A_original3,cross_equivalence,base_plus15,5.0,5.0,109.59723737472513,105.0,ok,104319.558672275,222174.1135365737,5.009779015131501,27.93208751524388,0.0,7,7,inf,2.193235539456709,3.507520124335127,10.2597790151315,,,1.15,,,,,57.7133259950164,1.3314953637082758
unseen,reference_PI/A_original3,cross_equivalence,Kw_half,5.0,5.0,109.59723737472513,105.0,ok,96322.5171847215,200481.1735215889,3.699813063039623,32.452121874537895,0.0,7,6,inf,3.0614614564001306,4.329574053635611,10.044661952695948,,,,0.5,,,,45.623167378793305,1.6526269654915924
unseen,reference_PI/A_original3,cross_equivalence,Kw_double,5.0,5.0,109.59723737472513,105.0,ok,58649.75606063794,108916.63326872156,3.547702759051468,12.759767787119092,0.0,7,4,inf,1.8440814310833629,4.038387360193943,9.597257459635442,,,,2.0,,,,-11.331602483303914,1.3478488580851542
unseen,reference_PI/A_original3,cross_equivalence,volume_plus20,5.0,5.0,109.59723737472513,105.0,ok,62864.625851880555,117816.86122227865,3.4928811967211937,16.147492750447135,0.0,7,4,inf,2.0246849292999194,4.302700387058295,9.8544800163863,,,,,1.2,,,-4.9594404278536,1.240890889201907
unseen,reference_PI/A_original3,cross_equivalence,volume_minus20,5.0,5.0,109.59723737472513,105.0,ok,87580.63794919441,174360.13255821395,3.83726233946118,27.8427629316784,0.0,7,6,inf,2.182953359482503,4.0526241785781245,9.872172301402925,,,,,0.8,,,32.40694151252947,1.628031734011294
unseen,reference_PI/A_original3,cross_equivalence,noise_0.01_seed104729,5.0,5.0,109.59723737472513,105.0,ok,66108.79860049063,128324.27005120262,3.569894884240031,20.487693016252223,0.0,7,4,inf,2.0959585220622516,4.131863076428906,9.76775691082207,,,,,,0.01,104729.0,-0.05480623655051975,1.2691382088422445
unseen,reference_PI/A_original3,cross_equivalence,noise_0.01_seed130363,5.0,5.0,109.59723737472513,105.0,ok,66045.7137439461,127975.49119593157,3.5703063699989546,20.44686925243717,0.0,7,4,inf,2.0938905862263093,4.144235356683814,9.7696120838845,,,,,,0.01,130363.0,-0.15017974725346495,1.2681125940501197
unseen,reference_PI/A_original3,cross_equivalence,noise_0.01_seed155921,5.0,5.0,109.59723737472513,105.0,ok,66186.92804221582,128557.7177050968,3.5700167168472534,20.429743298837472,0.0,7,4,inf,2.0963083461492777,4.124865714671179,9.767905285109787,,,,,,0.01,155921.0,0.06331211315726559,1.2709679848753186
unseen,reference_PI/A_original3,cross_equivalence,noise_0.01_seed196613,5.0,5.0,109.59723737472513,105.0,ok,66355.6679544745,129408.72461963532,3.568847260655363,20.389432219537625,0.0,7,4,inf,2.0998437504246015,4.099554887455767,9.764806689106898,,,,,,0.01,196613.0,0.31841799290919237,1.2742136021561994
unseen,reference_PI/A_original3,cross_equivalence,noise_0.01_seed262147,5.0,5.0,109.59723737472513,105.0,ok,65968.1832633104,127550.49867081652,3.567563378629166,20.579533576394304,0.0,7,4,inf,2.093957128085054,4.16218276910615,9.771655969922865,,,,,,0.01,262147.0,-0.26739257026261454,1.2666481232439493
unseen,reference_PI/A_original3,cross_equivalence,noise_0.05_seed104729,5.0,5.0,109.59723737472513,105.0,ok,65741.71607007505,125850.16782122957,3.571736872084731,37.542112546261656,0.0,7,4,inf,2.072428620089739,4.224895889220588,9.784592712803292,,,,,,0.05,104729.0,-0.6097722230189118,1.25968657564603
unseen,reference_PI/A_original3,cross_equivalence,noise_0.05_seed130363,5.0,5.0,109.59723737472513,105.0,ok,65715.28476623601,125651.51763037566,3.573355719488986,37.49750201696337,0.0,7,4,inf,2.0735950762972495,4.228845316813979,9.780749893657994,,,,,,0.05,130363.0,-0.6497318326251555,1.2598043470694404
unseen,reference_PI/A_original3,cross_equivalence,noise_0.05_seed155921,5.0,5.0,109.59723737472513,105.0,ok,66223.53020426175,127403.65259119768,3.572116432864119,37.26681042388874,0.0,7,4,inf,2.083858772802496,4.168555999263504,9.777948493233882,,,,,,0.05,155921.0,0.11864832036849737,1.2705074386442883
unseen,reference_PI/A_original3,cross_equivalence,noise_0.05_seed196613,5.0,5.0,109.59723737472513,105.0,ok,66798.16821469515,130341.29675110504,3.566377580754196,36.977669178578125,0.0,7,4,inf,2.187791526671825,4.070100281160729,9.756115928862137,,,,,,0.05,196613.0,0.9874026845747563,1.2814905060165631
unseen,reference_PI/A_original3,cross_equivalence,noise_0.05_seed262147,5.0,5.0,109.59723737472513,105.0,ok,65317.40625712971,123742.97126180276,3.5582423794365177,37.86324337297009,0.0,7,6,inf,2.063446617114651,4.326343881795626,9.787141631358727,,,,,,0.05,262147.0,-1.2512560703783815,1.2526545715075152
unseen,reference_PI/A_original3,cross_equivalence,combined_seed104729,5.0,5.0,164.39585606208766,160.0,ok,132635.65690183942,436004.44604398974,5.447995766593525,27.004599100636696,0.0,7,6,inf,4.364072140826857,2.9028378460926936,9.67165213388936,1.5,1.15,0.85,2.0,1.2,0.05,104729.0,100.52242227403548,1.270600709664238
unseen,reference_PI/A_original3,cross_equivalence,combined_seed130363,5.0,5.0,164.39585606208766,160.0,ok,132666.51175866043,435974.4199351981,5.447896972651831,26.94690583560142,0.0,7,6,inf,4.363070307069767,2.902883948110502,9.670030193755332,1.5,1.15,0.85,2.0,1.2,0.05,130363.0,100.56906953898057,1.2708506670250552
unseen,reference_PI/A_original3,cross_equivalence,combined_seed155921,5.0,5.0,164.39585606208766,160.0,ok,132649.0130065186,436013.4006720268,5.447821492455368,26.953601640610717,0.0,7,6,inf,4.362897471524015,2.9029401131181074,9.668419541336986,1.5,1.15,0.85,2.0,1.2,0.05,155921.0,100.54261441938293,1.271190700178511
unseen,reference_PI/A_original3,cross_equivalence,combined_seed196613,5.0,5.0,164.39585606208766,160.0,ok,132592.8381510382,435691.00261810754,5.447976101009248,26.7006695927832,0.0,7,6,inf,4.362033056932134,2.9027520916653287,9.669630149255608,1.5,1.15,0.85,2.0,1.2,0.05,196613.0,100.457687648144,1.2716771605683985
unseen,reference_PI/A_original3,cross_equivalence,combined_seed262147,5.0,5.0,164.39585606208766,160.0,ok,132510.0489470049,435676.13742175,5.44788947552758,27.08471755693642,0.0,7,6,inf,4.364646916826984,2.9028398858145437,9.65581995921834,1.5,1.15,0.85,2.0,1.2,0.05,262147.0,100.33252453500631,1.2703066370375917
unseen,reference_PI/A_original3,regulatory_off_anchor,nominal,5.0,5.0,109.59723737472513,105.0,ok,102686.70761133784,222642.9531930262,3.526355692816561,25.933209694261706,0.0,4,3,inf,1.7374042923867847,3.8236443071834385,10.360965208959213,,,,,,,,0.0,1.371130413168715
unseen,reference_PI/A_original3,regulatory_off_anchor,delay_minus30,5.0,5.0,76.71806616230758,75.0,ok,99896.52603572428,213964.9209838425,3.518761557970496,27.702032318685713,0.0,4,3,inf,2.114434618366735,3.831238442029504,10.351735442602342,0.7,,,,,,,-2.717178922684138,1.6028356914766384
unseen,reference_PI/A_original3,regulatory_off_anchor,delay_plus50,5.0,5.0,164.39585606208766,160.0,ok,109643.93952476562,251139.04593788396,3.5397954551344646,21.25968547127685,0.0,4,3,inf,2.2161623744341785,3.810204544865535,10.208103350549797,1.5,,,,,,,6.775202044416906,1.235557524534432
unseen,reference_PI/A_original3,regulatory_off_anchor,acid_plus15,5.0,5.0,109.59723737472513,105.0,ok,130416.39856206048,337296.7000592101,4.001739995925589,25.675065359996452,0.0,4,4,inf,3.477000873983191,3.348260004074411,10.24233752556909,,1.15,,,,,,27.004167915946443,1.3265239627474523
unseen,reference_PI/A_original3,regulatory_off_anchor,acid_minus15,5.0,5.0,109.59723737472513,105.0,ok,113865.63741703152,243836.00600591948,3.315438627034645,29.118637919384796,0.0,4,4,inf,2.3398936202771896,4.034561372965355,10.332444818437764,,0.85,,,,,,10.886442915284778,1.2544838919632062
unseen,reference_PI/A_original3,regulatory_off_anchor,base_minus15,5.0,5.0,109.59723737472513,105.0,ok,130767.38266478053,347486.250825546,4.027310950139782,22.650402268277816,0.0,4,3,inf,3.674689210399789,3.322689049860218,10.216983099707049,,,0.85,,,,,27.345968827558597,1.3493549467392572
unseen,reference_PI/A_original3,regulatory_off_anchor,base_plus15,5.0,5.0,109.59723737472513,105.0,ok,115328.56975168844,245527.57342342933,3.2377993708554005,32.01588506860083,0.0,4,4,inf,1.815543102554651,4.112200629144599,10.296977327766898,,,1.15,,,,,12.311098908925167,1.2046711917273256
unseen,reference_PI/A_original3,regulatory_off_anchor,Kw_half,5.0,5.0,109.59723737472513,105.0,ok,127010.2950965922,292788.33936191694,3.453849120014272,36.413888716182925,0.0,4,4,inf,2.4659122923287713,3.896150879985728,10.65160221623852,,,,0.5,,,,23.687182159269792,1.369764994711614
unseen,reference_PI/A_original3,regulatory_off_anchor,Kw_double,5.0,5.0,109.59723737472513,105.0,ok,92692.12283273652,178284.0792147155,3.3306823145278415,21.53443868238777,0.0,4,4,inf,2.070052626429689,4.019317685472158,10.076581953370392,,,,2.0,,,,-9.733085236728146,1.8813641839335213
unseen,reference_PI/A_original3,regulatory_off_anchor,volume_plus20,5.0,5.0,109.59723737472513,105.0,ok,98215.32078462763,207455.4808505285,3.4992159507036216,23.28308980878178,0.0,4,3,inf,1.6457255229155336,3.850784049296378,10.1742354262892,,,,,1.2,,,-4.354396913409763,1.355110023454031
unseen,reference_PI/A_original3,regulatory_off_anchor,volume_minus20,5.0,5.0,109.59723737472513,105.0,ok,104996.81853296128,226701.55581023835,3.5569182007487568,29.95811035449276,0.0,4,3,inf,2.2613705376607545,3.793081799251243,10.37874678216036,,,,,0.8,,,2.249668896160384,1.3433186391004717
unseen,reference_PI/A_original3,regulatory_off_anchor,noise_0.01_seed104729,5.0,5.0,109.59723737472513,105.0,ok,109624.96871301424,228497.40002053336,3.476163726143423,29.65758386092148,0.0,4,4,inf,1.7551418161638015,3.873836273856577,10.243867494963832,,,,,,0.01,104729.0,6.756727587310762,1.3949087516610719
unseen,reference_PI/A_original3,regulatory_off_anchor,noise_0.01_seed130363,5.0,5.0,109.59723737472513,105.0,ok,105824.38868387058,209983.28721437347,3.272749742870695,30.29237314637121,0.0,4,4,inf,1.899857016354094,4.077250257129305,10.154054694388815,,,,,,0.01,130363.0,3.0555864001489352,1.348548285741162
unseen,reference_PI/A_original3,regulatory_off_anchor,noise_0.01_seed155921,5.0,5.0,109.59723737472513,105.0,ok,110971.80758644483,235553.01870543923,3.4573391963090097,29.189616015880095,0.0,4,4,inf,2.2780948440926982,3.89266080369099,10.200684806236728,,,,,,0.01,155921.0,8.068327603281933,1.4131417377435045
unseen,reference_PI/A_original3,regulatory_off_anchor,noise_0.01_seed196613,5.0,5.0,109.59723737472513,105.0,ok,109080.49543934713,225738.45515330436,3.492633948068875,29.88811676163646,0.0,4,4,inf,2.3398587651945446,3.8573660519311246,10.264963134923937,,,,,,0.01,196613.0,6.226499979149525,1.3858363850351638
unseen,reference_PI/A_original3,regulatory_off_anchor,noise_0.01_seed262147,5.0,5.0,109.59723737472513,105.0,ok,108027.72686595708,220947.9661784115,3.3851460168612495,29.991179508156485,0.0,4,4,inf,1.7350039384772522,3.96485398313875,10.215162646455326,,,,,,0.01,262147.0,5.201276171824132,1.3746025783590696
unseen,reference_PI/A_original3,regulatory_off_anchor,noise_0.05_seed104729,5.0,5.0,109.59723737472513,105.0,ok,109243.4629193356,226420.8518593561,3.5010603056911385,44.46774362596842,0.0,4,4,inf,2.0190249091271752,3.848939694308861,10.27464087731178,,,,,,0.05,104729.0,6.385203558005403,1.3861587935090824
unseen,reference_PI/A_original3,regulatory_off_anchor,noise_0.05_seed130363,5.0,5.0,109.59723737472513,105.0,ok,108947.17319419511,225140.38830046277,3.4904192157231964,43.945717339999405,0.0,4,4,inf,2.330278140444668,3.8595807842768033,10.26959489909582,,,,,,0.05,130363.0,6.096665993570172,1.384015614304024
unseen,reference_PI/A_original3,regulatory_off_anchor,noise_0.05_seed155921,5.0,5.0,109.59723737472513,105.0,ok,109203.6010468231,226375.6447749844,3.500338349678472,44.0449988388617,0.0,4,4,inf,2.2431578463466337,3.849661650321527,10.275346778521325,,,,,,0.05,155921.0,6.346384636413949,1.3870298605385212
unseen,reference_PI/A_original3,regulatory_off_anchor,noise_0.05_seed196613,5.0,5.0,109.59723737472513,105.0,ok,110490.6542849654,231194.77806591755,3.4031741503570165,44.104956302754694,0.0,4,4,inf,2.050905748453178,3.946825849642983,10.359139413597266,,,,,,0.05,196613.0,7.5997632557905925,1.3986929980194196
unseen,reference_PI/A_original3,regulatory_off_anchor,noise_0.05_seed262147,5.0,5.0,109.59723737472513,105.0,ok,109364.8936667387,226922.51497130276,3.480687533385834,44.493557481311456,0.0,4,4,inf,1.981489870336496,3.869312466614166,10.252275947027387,,,,,,0.05,262147.0,6.5034571764413185,1.3872445517553382
unseen,reference_PI/A_original3,regulatory_off_anchor,combined_seed104729,5.0,5.0,164.39585606208766,160.0,ok,153044.85722086,500013.55031236936,4.389298026820841,28.566586106196173,0.0,4,4,inf,4.294659151671976,2.9607019731791584,10.035894124815549,1.5,1.15,0.85,2.0,1.2,0.05,104729.0,49.04057280726566,1.2810606176686077
unseen,reference_PI/A_original3,regulatory_off_anchor,combined_seed130363,5.0,5.0,164.39585606208766,160.0,ok,151614.10823474708,493267.04710289533,4.388751370628188,28.48634238925954,0.0,4,4,inf,4.293895269541756,2.961248629371812,10.033547797739532,1.5,1.15,0.85,2.0,1.2,0.05,130363.0,47.64725811309103,1.2690780801366517
unseen,reference_PI/A_original3,regulatory_off_anchor,combined_seed155921,5.0,5.0,164.39585606208766,160.0,ok,152458.0267748098,497149.8358644693,4.388661782674921,28.633261090286403,0.0,4,4,inf,4.293607312749622,2.961338217325078,10.032697442482824,1.5,1.15,0.85,2.0,1.2,0.05,155921.0,48.46909626497424,1.276918856701676
unseen,reference_PI/A_original3,regulatory_off_anchor,combined_seed196613,5.0,5.0,164.39585606208766,160.0,ok,153189.80375470515,500894.08751886425,4.391658714007893,28.15558947991541,0.0,4,4,inf,4.297609191801193,2.9583412859921063,10.0471015006808,1.5,1.15,0.85,2.0,1.2,0.05,196613.0,49.1817269422232,1.28053936176937
unseen,reference_PI/A_original3,regulatory_off_anchor,combined_seed262147,5.0,5.0,164.39585606208766,160.0,ok,152005.40108048942,494992.9070849952,4.388534196392838,28.96275443197814,0.0,4,4,inf,4.293455037367558,2.9614658036071613,10.033828694520835,1.5,1.15,0.85,2.0,1.2,0.05,262147.0,48.0283131248296,1.271314584281291
unseen,reference_PI/B_analytic3,reverse_off_anchor,nominal,5.0,5.0,109.59723737472513,105.0,ok,4616.058028569811,5453.644935028135,1.9500000000002036,0.1603463078291254,0.0,4,0,3050.0,2.5837110229076647e-12,5.349286646598323,8.7,,,,,,,,0.0,0.1592746438296858
unseen,reference_PI/B_analytic3,reverse_off_anchor,delay_minus30,5.0,5.0,76.71806616230758,75.0,ok,4089.76134151545,4567.4601066763735,1.9500000000039837,0.1253645455100978,0.0,4,0,3130.0,3.693045869113121e-12,5.369914629338268,8.7,0.7,,,,,,,-11.401431346768021,0.23212491896449525
unseen,reference_PI/B_analytic3,reverse_off_anchor,delay_plus50,5.0,5.0,164.39585606208766,160.0,ok,11389.302812322578,10946.739119790578,2.1984704663769676,0.3895036716844817,0.0,4,1,inf,0.2514218931895708,5.237226379372228,8.7,1.5,,,,,,,146.732227840977,0.281767814622474
unseen,reference_PI/B_analytic3,reverse_off_anchor,acid_plus15,5.0,5.0,109.59723737472513,105.0,ok,31048.375776292934,123117.1045923439,5.304297478846426,1.272626794162452,0.0,4,1,inf,0.8780855801073741,3.3957025211535736,9.617265528963648,,1.15,,,,,,572.6166695506778,0.5704317819893312
unseen,reference_PI/B_analytic3,reverse_off_anchor,acid_minus15,5.0,5.0,109.59723737472513,105.0,ok,30277.99042448108,65741.27140561695,3.211268538635828,1.2023476458203417,0.0,4,1,inf,1.8617215761939183,4.534572380441074,10.759783695632208,,0.85,,,,,,555.9274219926149,0.6146593380568386
unseen,reference_PI/B_analytic3,reverse_off_anchor,base_minus15,5.0,5.0,109.59723737472513,105.0,ok,34615.84853790703,140790.2766379169,5.329734772641612,1.394289275332345,0.0,4,1,inf,0.8799191441629493,3.370265227358387,9.587195488325529,,,0.85,,,,,649.9006365098064,0.652556858352558
unseen,reference_PI/B_analytic3,reverse_off_anchor,base_plus15,5.0,5.0,109.59723737472513,105.0,ok,27394.542011721067,57594.44697828112,3.1366099485447485,1.101403012625,0.0,4,1,inf,1.787218850801734,4.4980658245152645,10.747682909526388,,,1.15,,,,,493.46182050074214,0.5419742407218291
unseen,reference_PI/B_analytic3,reverse_off_anchor,Kw_half,5.0,5.0,109.59723737472513,105.0,ok,7347.295313379126,5809.01601813374,2.0642608420034225,0.3571877016964224,0.0,4,1,inf,0.2710893298692216,5.379371813015958,8.805241041523397,,,,0.5,,,,59.168174834568376,0.19858382254793402
unseen,reference_PI/B_analytic3,reverse_off_anchor,Kw_double,5.0,5.0,109.59723737472513,105.0,ok,5440.921362131257,5990.276654617242,1.95000000000063,0.1709692790216737,0.0,4,0,3005.0,0.0013026370705802,5.341921531673606,8.715649434433535,,,,2.0,,,,17.869431633142053,0.39877601114245265
unseen,reference_PI/B_analytic3,reverse_off_anchor,volume_plus20,5.0,5.0,109.59723737472513,105.0,ok,5294.10229783871,6193.148032192539,1.9499999999997772,0.1711163296396449,0.0,4,0,3095.0,9.78594982825598e-12,5.34170437638787,8.7,,,,,1.2,,,14.688815978315972,0.2203653856502312
unseen,reference_PI/B_analytic3,reverse_off_anchor,volume_minus20,5.0,5.0,109.59723737472513,105.0,ok,3916.898779028087,4668.658507977069,1.9500000000002125,0.1511707434147009,0.0,4,0,2720.0,9.2148511043888e-12,5.356001881797701,8.7,,,,,0.8,,,-15.146240476494688,0.11519663837903234
unseen,reference_PI/B_analytic3,reverse_off_anchor,noise_0.01_seed104729,5.0,5.0,109.59723737472513,105.0,ok,4671.83066407727,5445.877480925446,1.950827128364958,1.2599114981053845,0.0,4,0,3045.0,0.0016239943620348,5.34817105395042,8.70046503591761,,,,,,0.01,104729.0,1.2082308143066989,0.16111218865701787
unseen,reference_PI/B_analytic3,reverse_off_anchor,noise_0.01_seed130363,5.0,5.0,109.59723737472513,105.0,ok,4670.263483565279,5439.155501440644,1.9548056148082529,1.253364545552075,0.0,4,0,3035.0,0.0042321617074652,5.348948812829837,8.701062426282999,,,,,,0.01,130363.0,1.174280190153132,0.16106805531992807
unseen,reference_PI/B_analytic3,reverse_off_anchor,noise_0.01_seed155921,5.0,5.0,109.59723737472513,105.0,ok,4676.184381343557,5445.7460749713955,1.954030449349652,1.2444383705400366,0.0,4,0,3065.0,0.0030802519615029,5.348595144909026,8.701224439428058,,,,,,0.01,155921.0,1.3025475936743192,0.16130202309873903
unseen,reference_PI/B_analytic3,reverse_off_anchor,noise_0.01_seed196613,5.0,5.0,109.59723737472513,105.0,ok,4677.723711908726,5433.008559277894,1.9483850745980729,1.2469088303283726,0.0,4,0,3030.0,0.0023093945878649,5.349585366100801,8.702779930418629,,,,,,0.01,196613.0,1.3358948903426482,0.16128940329956118
unseen,reference_PI/B_analytic3,reverse_off_anchor,noise_0.01_seed262147,5.0,5.0,109.59723737472513,105.0,ok,4670.307229091685,5434.590197012962,1.9571293966330856,1.249916623704756,0.0,4,0,3035.0,0.0054442104196752,5.348476940538906,8.7010866223363,,,,,,0.01,262147.0,1.1752278716193443,0.16109648294528084
unseen,reference_PI/B_analytic3,reverse_off_anchor,noise_0.05_seed104729,5.0,5.0,109.59723737472513,105.0,ok,4903.746621120981,5405.234346184616,1.954052512207289,5.788156786887048,0.0,4,0,3125.0,0.0059667031042751,5.346463058558723,8.702080926966893,,,,,,0.05,104729.0,6.2323435011129025,0.16871430424569273
unseen,reference_PI/B_analytic3,reverse_off_anchor,noise_0.05_seed130363,5.0,5.0,109.59723737472513,105.0,ok,4902.915176525522,5348.7143309915355,1.972982927834365,5.773287169387461,0.0,4,0,2480.0,0.0196720006491375,5.349127442111558,8.705186433207768,,,,,,0.05,130363.0,6.2143314962742835,0.168785325892283
unseen,reference_PI/B_analytic3,reverse_off_anchor,noise_0.05_seed155921,5.0,5.0,109.59723737472513,105.0,ok,4914.85231311616,5402.212525940702,1.9691828583393027,5.732548253619467,0.0,4,0,13945.0,0.0146470140867336,5.345866880860779,8.705768252633352,,,,,,0.05,155921.0,6.4729317243640505,0.16923903116376307
unseen,reference_PI/B_analytic3,reverse_off_anchor,noise_0.05_seed196613,5.0,5.0,109.59723737472513,105.0,ok,4917.715842022757,5315.220907119081,1.9400422148985177,5.731532142797762,0.0,4,0,2960.0,0.0102050127319843,5.349417166506772,8.713156297707165,,,,,,0.05,196613.0,6.534965799518089,0.16909517410385982
unseen,reference_PI/B_analytic3,reverse_off_anchor,noise_0.05_seed262147,5.0,5.0,109.59723737472513,105.0,ok,4905.839034258979,5348.9028763008355,1.9842732671120968,5.746035470183499,0.0,4,0,2975.0,0.0257135721555323,5.344871454582231,8.705362731540546,,,,,,0.05,262147.0,6.277672505320542,0.16901499244992887
unseen,reference_PI/B_analytic3,reverse_off_anchor,combined_seed104729,5.0,5.0,164.39585606208766,160.0,ok,59035.34103756101,249839.9094494921,5.693116281988929,11.707153681267398,0.0,4,1,inf,5.357586138732209,3.0068837180110703,9.03870252453075,1.5,1.15,0.85,2.0,1.2,0.05,104729.0,1178.9124545700713,0.8246550787271443
unseen,reference_PI/B_analytic3,reverse_off_anchor,combined_seed130363,5.0,5.0,164.39585606208766,160.0,ok,59062.86226925364,249759.7008021991,5.692996553737716,11.614657781243276,0.0,4,1,inf,5.357165087320538,3.0070034462622837,9.038737548501649,1.5,1.15,0.85,2.0,1.2,0.05,130363.0,1179.5086609332125,0.8247105281734133
unseen,reference_PI/B_analytic3,reverse_off_anchor,combined_seed155921,5.0,5.0,164.39585606208766,160.0,ok,58979.06285192261,249646.09294636303,5.692899807736661,11.71565712757923,0.0,4,1,inf,5.356637933272033,3.007100192263338,9.034455855570734,1.5,1.15,0.85,2.0,1.2,0.05,155921.0,1177.693271767557,0.8236190591525426
unseen,reference_PI/B_analytic3,reverse_off_anchor,combined_seed196613,5.0,5.0,164.39585606208766,160.0,ok,58984.10259861231,249820.14453693456,5.693585337573219,11.49893450264727,0.0,4,1,inf,5.358249458998299,3.0064146624267805,9.036197432800805,1.5,1.15,0.85,2.0,1.2,0.05,196613.0,1177.8024503493364,0.823127497549265
unseen,reference_PI/B_analytic3,reverse_off_anchor,combined_seed262147,5.0,5.0,164.39585606208766,160.0,ok,59054.694030582235,249791.06135497917,5.69299491613659,11.574099077455983,0.0,4,1,inf,5.356881761436714,3.007005083863409,9.039049402103537,1.5,1.15,0.85,2.0,1.2,0.05,262147.0,1179.3317082471578,0.8241009586499568
unseen,reference_PI/B_analytic3,cross_equivalence,nominal,5.0,5.0,109.59723737472513,105.0,ok,40439.88742968785,100615.99925596557,4.052821126265349,1.620205084272345,0.0,7,0,7830.0,0.0116821325112361,3.9579649892573143,10.170270421019673,,,,,,,,0.0,0.7767068096138161
unseen,reference_PI/B_analytic3,cross_equivalence,delay_minus30,5.0,5.0,76.71806616230758,75.0,ok,37893.6677449425,95264.71398601368,4.031491151619721,1.5021302614124885,0.0,7,0,7540.0,0.0038601168881609,3.9679234663157,10.162507873047035,0.7,,,,,,,-6.296307548265112,0.8711374413326572
unseen,reference_PI/B_analytic3,cross_equivalence,delay_plus50,5.0,5.0,164.39585606208766,160.0,ok,52301.64962964827,118821.75800314028,4.088885168019309,1.990386673398743,0.0,7,3,inf,1.039953575388524,3.942531927281389,10.184073703609249,1.5,,,,,,,29.331837831112328,0.8316118606040989
unseen,reference_PI/B_analytic3,cross_equivalence,acid_plus15,5.0,5.0,109.59723737472513,105.0,ok,61793.205624016075,157436.99718104006,4.761308810617651,2.613551801296823,0.0,7,2,inf,1.6119158159292462,3.2848516143768984,10.23280702326813,,1.15,,,,,,52.802615317500276,0.7844967170713829
unseen,reference_PI/B_analytic3,cross_equivalence,acid_minus15,5.0,5.0,109.59723737472513,105.0,ok,67633.82945511972,219968.92820967513,5.368151590933969,2.8935795216339555,0.0,7,1,inf,1.1228047534590937,4.004123127902862,10.61815159093397,,0.85,,,,,,67.2453455087221,0.859840023236934
unseen,reference_PI/B_analytic3,cross_equivalence,base_minus15,5.0,5.0,109.59723737472513,105.0,ok,65056.92946682751,169440.61843178183,4.866046237653935,2.7069023511732793,0.0,7,1,inf,1.716483983019211,3.2678799309796367,10.175756243761729,,,0.85,,,,,60.873171518938804,0.8211607579206669
unseen,reference_PI/B_analytic3,cross_equivalence,base_plus15,5.0,5.0,109.59723737472513,105.0,ok,64736.706778232656,206674.70696224945,5.341711362949328,2.815233741803838,0.0,7,1,inf,0.9981301840312806,3.971990165213868,10.591711362949328,,,1.15,,,,,60.081322903752586,0.8262748235711944
unseen,reference_PI/B_analytic3,cross_equivalence,Kw_half,5.0,5.0,109.59723737472513,105.0,ok,43971.61567633107,109133.67895074125,4.057747834494951,1.8408405307836917,0.0,7,1,inf,0.224980686223061,3.958834675766648,10.453449940177844,,,,0.5,,,,8.733279123943593,0.7544308424122468
unseen,reference_PI/B_analytic3,cross_equivalence,Kw_double,5.0,5.0,109.59723737472513,105.0,ok,39238.33999741394,93669.37399829848,4.042433730964616,1.528552557132823,0.0,7,1,inf,0.0723936177554476,3.958410740845762,9.888186523724142,,,,2.0,,,,-2.9711938104749147,0.9017488786141107
unseen,reference_PI/B_analytic3,cross_equivalence,volume_plus20,5.0,5.0,109.59723737472513,105.0,ok,45381.38285866502,109556.39736906235,4.008909085743879,1.75657689085003,0.0,7,1,inf,0.332790284596439,3.993358050591157,10.137076657994765,,,,,1.2,,,12.219360000862679,0.8957874761139049
unseen,reference_PI/B_analytic3,cross_equivalence,volume_minus20,5.0,5.0,109.59723737472513,105.0,ok,35417.214786147386,91773.9427972869,4.1043707930400775,1.4645503646065308,0.0,7,0,6480.0,0.0024837072857843,3.9172113741589913,10.20760655429154,,,,,0.8,,,-12.420095511574559,0.6583686868733564
unseen,reference_PI/B_analytic3,cross_equivalence,noise_0.01_seed104729,5.0,5.0,109.59723737472513,105.0,ok,40475.16455016611,100605.7152047372,4.052863566771979,2.5382407586220825,0.0,7,0,7830.0,0.0114664090846918,3.957818762854347,10.17035918900555,,,,,,0.01,104729.0,0.08723347843042628,0.7770308782984251
unseen,reference_PI/B_analytic3,cross_equivalence,noise_0.01_seed130363,5.0,5.0,109.59723737472513,105.0,ok,40470.14796987358,100599.72795689602,4.052743234156439,2.5194675151094454,0.0,7,0,7820.0,0.0152152054752665,3.9581057180854446,10.170292489403057,,,,,,0.01,130363.0,0.07482844812152223,0.7770482203074495
unseen,reference_PI/B_analytic3,cross_equivalence,noise_0.01_seed155921,5.0,5.0,109.59723737472513,105.0,ok,40479.23492295105,100582.24821937432,4.052733160126377,2.5105646616559225,0.0,7,0,7830.0,0.0115542972071462,3.9582687722622274,10.170215386646904,,,,,,0.01,155921.0,0.09729872105013193,0.7773107645440639
unseen,reference_PI/B_analytic3,cross_equivalence,noise_0.01_seed196613,5.0,5.0,109.59723737472513,105.0,ok,40499.57105740631,100613.65662060608,4.052918303941453,2.5187046925726904,0.0,7,0,7835.0,0.0132531030864599,3.957991109498781,10.170154076817482,,,,,,0.01,196613.0,0.14758603822089267,0.7777045415056939
unseen,reference_PI/B_analytic3,cross_equivalence,noise_0.01_seed262147,5.0,5.0,109.59723737472513,105.0,ok,40464.72940544545,100603.38257223328,4.053009636397064,2.5380749383177506,0.0,7,0,7825.0,0.0137325904678142,3.957964911339643,10.170194595757083,,,,,,0.01,262147.0,0.06142938899320605,0.7769589978611406
unseen,reference_PI/B_analytic3,cross_equivalence,noise_0.05_seed104729,5.0,5.0,109.59723737472513,105.0,ok,40626.44556591298,100525.74042460312,4.0531708056130435,8.201487263987687,0.0,7,0,7815.0,0.0152624712642515,3.9574317125394862,10.17072170763882,,,,,,0.05,104729.0,0.4613220957884634,0.7784492275961414
unseen,reference_PI/B_analytic3,cross_equivalence,noise_0.05_seed130363,5.0,5.0,109.59723737472513,105.0,ok,40582.87678736944,100490.54739215992,4.052239289586565,8.16558381955423,0.0,7,0,7775.0,0.0292966849532057,3.9587039330827287,10.170397530282456,,,,,,0.05,130363.0,0.3535849547805947,0.7779998941673898
unseen,reference_PI/B_analytic3,cross_equivalence,noise_0.05_seed155921,5.0,5.0,109.59723737472513,105.0,ok,40655.71832105955,100406.40563083893,4.052211706068823,8.12420814108544,0.0,7,0,7820.0,0.0166569525783852,3.959570205552815,10.16998956334036,,,,,,0.05,155921.0,0.5337079430474567,0.7799854884058858
unseen,reference_PI/B_analytic3,cross_equivalence,noise_0.05_seed196613,5.0,5.0,109.59723737472513,105.0,ok,40789.02428708623,100627.26606000196,4.053340899895661,8.113803676323833,0.0,7,0,7850.0,0.0221432432002188,3.9581183016182018,10.169697217697912,,,,,,0.05,196613.0,0.8633477479516038,0.7825176763167705
unseen,reference_PI/B_analytic3,cross_equivalence,noise_0.05_seed262147,5.0,5.0,109.59723737472513,105.0,ok,40568.06948215649,100507.87735093044,4.053916722935019,8.29798366508976,0.0,7,0,8530.0,0.0405755619322691,3.958094435167377,10.169895908153324,,,,,,0.05,262147.0,0.31696936024243616,0.7780127933128214
unseen,reference_PI/B_analytic3,cross_equivalence,combined_seed104729,5.0,5.0,164.39585606208766,160.0,ok,97183.2305994614,296481.21452538314,5.367100995655235,15.107943616183192,0.0,7,3,inf,2.2172830281394584,2.9335235638617094,9.930743160667555,1.5,1.15,0.85,2.0,1.2,0.05,104729.0,140.3152846763786,0.9309795318352774
unseen,reference_PI/B_analytic3,cross_equivalence,combined_seed130363,5.0,5.0,164.39585606208766,160.0,ok,97186.25469509732,296451.88706600096,5.3669540816946455,14.958876327025308,0.0,7,3,inf,2.217147388273797,2.933559351518733,9.930646150842469,1.5,1.15,0.85,2.0,1.2,0.05,130363.0,140.3227626784902,0.9309750815609931
unseen,reference_PI/B_analytic3,cross_equivalence,combined_seed155921,5.0,5.0,164.39585606208766,160.0,ok,97130.39569963345,296297.16524303914,5.366820679978139,14.930585772535014,0.0,7,3,inf,2.2170023440157354,2.9335618215731194,9.93020838055122,1.5,1.15,0.85,2.0,1.2,0.05,155921.0,140.18463421420847,0.9308117182294096
unseen,reference_PI/B_analytic3,cross_equivalence,combined_seed196613,5.0,5.0,164.39585606208766,160.0,ok,97306.0513254036,296561.0606499056,5.366950972652784,14.738496681489853,0.0,7,4,inf,2.217131483014978,2.9334366111899115,9.93003313781087,1.5,1.15,0.85,2.0,1.2,0.05,196613.0,140.61899651572475,0.933247110335297
unseen,reference_PI/B_analytic3,cross_equivalence,combined_seed262147,5.0,5.0,164.39585606208766,160.0,ok,97317.40771216464,296699.26944811473,5.3669683703537086,15.208095689730287,0.0,7,4,inf,2.2171590372751075,2.933416375466655,9.930033542225932,1.5,1.15,0.85,2.0,1.2,0.05,262147.0,140.64707865809166,0.9329326333997275
unseen,reference_PI/B_analytic3,regulatory_off_anchor,nominal,5.0,5.0,109.59723737472513,105.0,ok,53447.45563231284,147300.46407820843,3.573958741910591,2.097069861263539,0.0,4,0,10625.0,8.241407556397462e-12,3.7760412580894087,10.619017609055952,,,,,,,,0.0,0.7136603522368488
unseen,reference_PI/B_analytic3,regulatory_off_anchor,delay_minus30,5.0,5.0,76.71806616230758,75.0,ok,50987.555901318774,142396.3246723747,3.5660065979675033,1.9914789969150608,0.0,4,0,9630.0,5.3210769124234495e-12,3.783993402032496,10.61583876662612,0.7,,,,,,,-4.602463675570889,0.8180932577231789
unseen,reference_PI/B_analytic3,regulatory_off_anchor,delay_plus50,5.0,5.0,164.39585606208766,160.0,ok,67618.4021572957,164082.88802589063,3.5881430705463035,2.608211732204637,0.0,4,3,inf,0.2628104649638683,3.761856929453696,10.625644212487051,1.5,,,,,,,26.513790707775996,0.7619794212480944
unseen,reference_PI/B_analytic3,regulatory_off_anchor,acid_plus15,5.0,5.0,109.59723737472513,105.0,ok,76892.56595406652,234477.75058760948,4.003731191101705,3.076316703004058,0.0,4,1,inf,1.7066461372138146,3.346268808898294,10.670237851147885,,1.15,,,,,,43.865718291703715,0.7821089404387294
unseen,reference_PI/B_analytic3,regulatory_off_anchor,acid_minus15,5.0,5.0,109.59723737472513,105.0,ok,70342.73190108653,197617.0885166363,3.553766228710224,2.8167229682962978,0.0,4,1,inf,2.6792118990636276,3.796233771289776,10.706646342391442,,0.85,,,,,,31.611001999801978,0.7749820410121403
unseen,reference_PI/B_analytic3,regulatory_off_anchor,base_minus15,5.0,5.0,109.59723737472513,105.0,ok,79334.96566213324,242353.8591790805,4.024686964346824,3.108666410522062,0.0,4,1,inf,3.0851544533486335,3.3253130356531764,10.610075503678546,,,0.85,,,,,48.43543948642062,0.8186370804714482
unseen,reference_PI/B_analytic3,regulatory_off_anchor,base_plus15,5.0,5.0,109.59723737472513,105.0,ok,70711.55975687629,202492.7429952456,3.703666012219859,2.8709956174220626,0.0,4,1,inf,1.9107058752985076,3.64633398778014,10.689541478346914,,,1.15,,,,,32.30107761037375,0.7386216541540613
unseen,reference_PI/B_analytic3,regulatory_off_anchor,Kw_half,5.0,5.0,109.59723737472513,105.0,ok,61250.91401942469,158917.5072194511,3.5742688637186744,2.5919626450183975,0.0,4,2,inf,0.2594113243784752,3.7757311362813257,10.909058293725163,,,,0.5,,,,14.600242976569477,0.660571317105379
unseen,reference_PI/B_analytic3,regulatory_off_anchor,Kw_double,5.0,5.0,109.59723737472513,105.0,ok,52245.62885553139,137647.3836037481,3.5735251984110996,1.9917350862448808,0.0,4,0,10835.0,2.0023627200771443e-10,3.7764748015889,10.330566951390365,,,,2.0,,,,-2.2486136385038047,1.0604251137202978
unseen,reference_PI/B_analytic3,regulatory_off_anchor,volume_plus20,5.0,5.0,109.59723737472513,105.0,ok,59334.877462155506,159397.30559848077,3.540872556210755,2.304693526093975,0.0,4,0,11795.0,3.284483796051063e-12,3.8091274437892446,10.597007514341248,,,,,1.2,,,11.015345370871676,0.8186633872092224
unseen,reference_PI/B_analytic3,regulatory_off_anchor,volume_minus20,5.0,5.0,109.59723737472513,105.0,ok,47483.164181298285,135176.441522989,3.611663270890787,1.8840874809810744,0.0,4,0,9325.0,4.244397722175108e-09,3.738336729109213,10.64317627718047,,,,,0.8,,,-11.159168159557275,0.6074947829793726
unseen,reference_PI/B_analytic3,regulatory_off_anchor,noise_0.01_seed104729,5.0,5.0,109.59723737472513,105.0,ok,53476.292852558705,147238.88919220207,3.574086722487311,2.752185953745296,0.0,4,0,10610.0,0.0031392396468703,3.775913277512689,10.618965443760723,,,,,,0.01,104729.0,0.05395433684298734,0.6804521796645129
unseen,reference_PI/B_analytic3,regulatory_off_anchor,noise_0.01_seed130363,5.0,5.0,109.59723737472513,105.0,ok,53524.244810433505,147299.74355401882,3.5739800036770695,2.746415142098072,0.0,4,0,10625.0,0.0042077574781682,3.77601999632293,10.619011720385425,,,,,,0.01,130363.0,0.14367228002194476,0.6820736645153126
unseen,reference_PI/B_analytic3,regulatory_off_anchor,noise_0.01_seed155921,5.0,5.0,109.59723737472513,105.0,ok,53521.5673589448,147296.2742104698,3.5740255257277576,2.7696095749256733,0.0,4,0,10625.0,0.0044361428994079,3.775974474272242,10.619006099469862,,,,,,0.01,155921.0,0.13866277777898617,0.6815565353881277
unseen,reference_PI/B_analytic3,regulatory_off_anchor,noise_0.01_seed196613,5.0,5.0,109.59723737472513,105.0,ok,53514.232862108656,147272.7641017732,3.573770620455246,2.7533743535320543,0.0,4,0,10615.0,0.003261535000945,3.7762293795447537,10.619005403096669,,,,,,0.01,196613.0,0.12493996020166431,0.6798829682506483
unseen,reference_PI/B_analytic3,regulatory_off_anchor,noise_0.01_seed262147,5.0,5.0,109.59723737472513,105.0,ok,53522.48816685402,147307.13134495108,3.574041148940647,2.7824052053220436,0.0,4,0,10635.0,0.005655746127398,3.775958851059353,10.619010560277443,,,,,,0.01,262147.0,0.14038560611258077,0.6810487674672641
unseen,reference_PI/B_analytic3,regulatory_off_anchor,noise_0.05_seed104729,5.0,5.0,109.59723737472513,105.0,ok,53627.25695618759,147013.15418171516,3.5746321738427502,7.898418829166269,0.0,4,0,10320.0,0.0141249958627849,3.7753678261572494,10.618761288016538,,,,,,0.05,104729.0,0.3364076395173665,0.6804607966014361
unseen,reference_PI/B_analytic3,regulatory_off_anchor,noise_0.05_seed130363,5.0,5.0,109.59723737472513,105.0,ok,53857.00494719083,147329.27745749813,3.5740428697970716,7.9270616292224,0.0,4,0,12630.0,0.0195596275766263,3.775957130202928,10.618993469463003,,,,,,0.05,130363.0,0.7662653161554456,0.6841750327353397
unseen,reference_PI/B_analytic3,regulatory_off_anchor,noise_0.05_seed155921,5.0,5.0,109.59723737472513,105.0,ok,53831.49238901948,147278.34248872724,3.5742904943885594,8.098542507764073,0.0,4,0,13945.0,0.0211516502105011,3.77570950561144,10.618958442790094,,,,,,0.05,155921.0,0.7185314102668983,0.6837310003074692
unseen,reference_PI/B_analytic3,regulatory_off_anchor,noise_0.05_seed196613,5.0,5.0,109.59723737472513,105.0,ok,53773.13852221405,147132.93087811206,3.5731202441623817,7.933232246881228,0.0,4,0,10575.0,0.0162355349562295,3.776879755837618,10.618954976835328,,,,,,0.05,196613.0,0.6093515323567944,0.6807101724510587
unseen,reference_PI/B_analytic3,regulatory_off_anchor,noise_0.05_seed262147,5.0,5.0,109.59723737472513,105.0,ok,53852.5667749304,147352.05174827515,3.5743108422746417,8.077414737704984,0.0,4,0,17530.0,0.0288936520363272,3.775689157725358,10.618986735846349,,,,,,0.05,262147.0,0.75796151159091,0.6830956201010178
unseen,reference_PI/B_analytic3,regulatory_off_anchor,combined_seed104729,5.0,5.0,164.39585606208766,160.0,ok,113920.47748081264,368886.112949356,4.374133646122079,15.268021655317929,0.0,4,1,inf,4.180217456417989,2.975866353877921,10.352352585493042,1.5,1.15,0.85,2.0,1.2,0.05,104729.0,113.14480948264168,0.9535703446478245
unseen,reference_PI/B_analytic3,regulatory_off_anchor,combined_seed130363,5.0,5.0,164.39585606208766,160.0,ok,113981.62724604984,368982.1186262788,4.374150528164217,15.159782296314727,0.0,4,1,inf,4.18007524767653,2.975849471835783,10.35256057341822,1.5,1.15,0.85,2.0,1.2,0.05,130363.0,113.25922047660532,0.9540773372640331
unseen,reference_PI/B_analytic3,regulatory_off_anchor,combined_seed155921,5.0,5.0,164.39585606208766,160.0,ok,113888.17265847864,368680.6976383545,4.374021726879702,15.181821241778737,0.0,4,1,inf,4.179598450053909,2.975978273120298,10.352528160079352,1.5,1.15,0.85,2.0,1.2,0.05,155921.0,113.0843672745855,0.9538753603161281
unseen,reference_PI/B_analytic3,regulatory_off_anchor,combined_seed196613,5.0,5.0,164.39585606208766,160.0,ok,113884.20514008091,368770.2832516871,4.374347815853369,14.7827592100449,0.0,4,1,inf,4.180284200145803,2.97565218414663,10.35247117912475,1.5,1.15,0.85,2.0,1.2,0.05,196613.0,113.07694406172945,0.9519772451644781
unseen,reference_PI/B_analytic3,regulatory_off_anchor,combined_seed262147,5.0,5.0,164.39585606208766,160.0,ok,113961.79493211576,369007.2772170167,4.374315616333245,15.42894661386065,0.0,4,1,inf,4.180186353473324,2.9756843836667546,10.352552014287404,1.5,1.15,0.85,2.0,1.2,0.05,262147.0,113.22211428754643,0.9531325263327677
unseen,reference_PI/C_add7,reverse_off_anchor,nominal,5.0,5.0,109.59723737472513,105.0,ok,10243.363520317158,11222.411994027098,1.9499999999938489,0.1746812141304392,0.0,4,0,9025.0,2.7029251724819403e-05,5.398651507874404,8.7,,,,,,,,0.0,0.353441847181891
unseen,reference_PI/C_add7,reverse_off_anchor,delay_minus30,5.0,5.0,76.71806616230758,75.0,ok,8337.999178148664,8468.581383726696,1.9500000000000393,0.14018166061925,0.0,4,0,7335.0,4.4551228040035085e-06,5.398633641594007,8.7,0.7,,,,,,,-18.600963818078963,0.4732445788234206
unseen,reference_PI/C_add7,reverse_off_anchor,delay_plus50,5.0,5.0,164.39585606208766,160.0,ok,21893.655485448675,25273.375897045516,2.0359177658728367,0.3766849046763072,0.0,4,0,17190.0,0.0115839563792858,5.230358543094412,8.7,1.5,,,,,,,113.73502406727822,0.54164223762299
unseen,reference_PI/C_add7,reverse_off_anchor,acid_plus15,5.0,5.0,109.59723737472513,105.0,ok,37092.94348138509,130520.5128280365,5.309736073278347,1.2958162836222424,0.0,4,1,inf,0.8972547584704067,3.3902639267216523,9.62931820816247,,1.15,,,,,,262.1168321109882,0.6814847256993084
unseen,reference_PI/C_add7,reverse_off_anchor,acid_minus15,5.0,5.0,109.59723737472513,105.0,ok,36855.856385941945,73306.49443258593,3.2115960267392403,1.2349763728948808,0.0,4,1,inf,1.8620487616355368,4.505416421045567,10.75998323273058,,0.85,,,,,,259.80228869980397,0.7481935218324264
unseen,reference_PI/C_add7,reverse_off_anchor,base_minus15,5.0,5.0,109.59723737472513,105.0,ok,41065.19858209314,148240.36012872038,5.334334380940579,1.4175872523471735,0.0,4,1,inf,0.886882255345034,3.365665619059421,9.596080403348529,,,0.85,,,,,300.89564819839245,0.7741360707945499
unseen,reference_PI/C_add7,reverse_off_anchor,base_plus15,5.0,5.0,109.59723737472513,105.0,ok,33616.34435390948,64904.904950766686,3.1370468657497295,1.127810092568093,0.0,4,1,inf,1.787655238657882,4.4691480237072625,10.747916357652729,,,1.15,,,,,228.17681699212648,0.6650665194277877
unseen,reference_PI/C_add7,reverse_off_anchor,Kw_half,5.0,5.0,109.59723737472513,105.0,ok,9012.210338002658,10077.620161725725,2.163436855753961,0.182947427293322,0.0,4,0,8310.0,0.0005752577234225,5.3986977979451485,8.813436855753961,,,,0.5,,,,-12.019032419112863,0.24358340071994158
unseen,reference_PI/C_add7,reverse_off_anchor,Kw_double,5.0,5.0,109.59723737472513,105.0,ok,11127.662951658516,11692.857678608718,1.9499999875956464,0.1778756203299814,0.0,4,0,8730.0,7.149629066205421e-05,5.398572413925119,8.714956349776314,,,,2.0,,,,8.632900995726622,0.815568678511804
unseen,reference_PI/C_add7,reverse_off_anchor,volume_plus20,5.0,5.0,109.59723737472513,105.0,ok,12315.1340142354,13331.89248600334,1.9500000006369165,0.1980709302376544,0.0,4,0,10335.0,0.0001502998403024,5.393402984590128,8.7,,,,,1.2,,,20.225490287531024,0.5126136790913864
unseen,reference_PI/C_add7,reverse_off_anchor,volume_minus20,5.0,5.0,109.59723737472513,105.0,ok,8114.497346635843,8820.182679930047,1.9500000000112576,0.1521019172438462,0.0,4,0,6640.0,6.08240915411784e-08,5.399999999997209,8.7,,,,,0.8,,,-20.782882199375464,0.2386487037839595
unseen,reference_PI/C_add7,reverse_off_anchor,noise_0.01_seed104729,5.0,5.0,109.59723737472513,105.0,ok,10272.981398010408,11219.294223448567,1.9507826194526097,1.0531963101573405,0.0,4,0,9035.0,0.0007754869660123,5.397216628250597,8.70040951619211,,,,,,0.01,104729.0,0.28914211269086554,0.35427279712698795
unseen,reference_PI/C_add7,reverse_off_anchor,noise_0.01_seed130363,5.0,5.0,109.59723737472513,105.0,ok,10254.829323810292,11200.671588141848,1.9519543960827423,1.0564890398942983,0.0,4,0,8995.0,0.0011859542597472,5.397958050536994,8.70096290433706,,,,,,0.01,130363.0,0.11193397042281727,0.3536685719416776
unseen,reference_PI/C_add7,reverse_off_anchor,noise_0.01_seed155921,5.0,5.0,109.59723737472513,105.0,ok,10250.104644802796,11210.967386323411,1.9526503820732504,1.042315327996537,0.0,4,0,9010.0,0.00226807955445,5.396923776085856,8.701132295084658,,,,,,0.01,155921.0,0.0658096773805461,0.3535708777388778
unseen,reference_PI/C_add7,reverse_off_anchor,noise_0.01_seed196613,5.0,5.0,109.59723737472513,105.0,ok,10252.777768104714,11180.52869529785,1.9487880605812888,1.0499048437413585,0.0,4,0,9025.0,0.0011422485704235,5.397574012193008,8.702655741472721,,,,,,0.01,196613.0,0.09190582535592018,0.3535190426426115
unseen,reference_PI/C_add7,reverse_off_anchor,noise_0.01_seed262147,5.0,5.0,109.59723737472513,105.0,ok,10266.347897337737,11197.28524963982,1.9509990796422532,1.041501171327992,0.0,4,0,9030.0,0.0009193810458931,5.397434928304264,8.701049042721749,,,,,,0.01,262147.0,0.22438310399695016,0.3541249981696484
unseen,reference_PI/C_add7,reverse_off_anchor,noise_0.05_seed104729,5.0,5.0,109.59723737472513,105.0,ok,10456.106851363866,11239.592268259916,1.9496980373268256,4.757506187530274,0.0,4,0,9085.0,0.0059667031039563,5.39077574361749,8.701494829090782,,,,,,0.05,104729.0,2.07688939892392,0.3597442789862599
unseen,reference_PI/C_add7,reverse_off_anchor,noise_0.05_seed130363,5.0,5.0,109.59723737472513,105.0,ok,10394.359889556396,11120.366434817966,1.955233078385872,4.776160548644057,0.0,4,0,8925.0,0.0036180134347203,5.392439316698852,8.70464774708971,,,,,,0.05,130363.0,1.4740897258966212,0.3578310776821816
unseen,reference_PI/C_add7,reverse_off_anchor,noise_0.05_seed155921,5.0,5.0,109.59723737472513,105.0,ok,10333.321096281074,11171.57040745901,1.9616100555590616,4.723154527961206,0.0,4,0,9000.0,0.0098115428289524,5.39154042281009,8.705101806270129,,,,,,0.05,155921.0,0.8782034903426883,0.3558196950031835
unseen,reference_PI/C_add7,reverse_off_anchor,noise_0.05_seed196613,5.0,5.0,109.59723737472513,105.0,ok,10350.121793896697,11001.513928223634,1.938345756882665,4.737458351356096,0.0,4,0,9060.0,0.0112694638389951,5.392834207973729,8.712223262681647,,,,,,0.05,196613.0,1.0422189290440587,0.3558879168616707
unseen,reference_PI/C_add7,reverse_off_anchor,noise_0.05_seed262147,5.0,5.0,109.59723737472513,105.0,ok,10466.63100742894,11147.50301077604,1.9492926708521,4.697608926202319,0.0,4,0,9135.0,0.0055400513965615,5.388306589950017,8.705159604533003,,,,,,0.05,262147.0,2.1796306132154886,0.36059429352312644
unseen,reference_PI/C_add7,reverse_off_anchor,combined_seed104729,5.0,5.0,164.39585606208766,160.0,ok,67853.96277964367,259910.3100752161,5.6955726378168645,11.082627785287936,0.0,4,1,inf,5.362943519268381,3.0044273621831348,9.060960064684997,1.5,1.15,0.85,2.0,1.2,0.05,104729.0,562.418771383628,0.9478409717730588
unseen,reference_PI/C_add7,reverse_off_anchor,combined_seed130363,5.0,5.0,164.39585606208766,160.0,ok,67982.16124127203,259950.81380894937,5.695430677913569,10.969700004448068,0.0,4,1,inf,5.36247772393571,3.0045693220864305,9.062188511477332,1.5,1.15,0.85,2.0,1.2,0.05,130363.0,563.6702983979147,0.949253083063766
unseen,reference_PI/C_add7,reverse_off_anchor,combined_seed155921,5.0,5.0,164.39585606208766,160.0,ok,67804.00395938914,259793.9661078174,5.69531091895713,11.094325110334855,0.0,4,1,inf,5.361917887704818,3.0046890810428692,9.058049003708447,1.5,1.15,0.85,2.0,1.2,0.05,155921.0,561.9310524800136,0.9468558374353168
unseen,reference_PI/C_add7,reverse_off_anchor,combined_seed196613,5.0,5.0,164.39585606208766,160.0,ok,67907.83762924354,260054.0244943253,5.6961585713882705,10.883026560806403,0.0,4,1,inf,5.363853666080248,3.0038414286117283,9.06033641064436,1.5,1.15,0.85,2.0,1.2,0.05,196613.0,562.9447202039839,0.947658877377853
unseen,reference_PI/C_add7,reverse_off_anchor,combined_seed262147,5.0,5.0,164.39585606208766,160.0,ok,67917.54897387531,259902.3587047768,5.695439645902528,10.941550130670729,0.0,4,1,inf,5.362229638269129,3.0045603540974715,9.061794225966407,1.5,1.15,0.85,2.0,1.2,0.05,262147.0,563.0395264130236,0.947781004326951
unseen,reference_PI/C_add7,cross_equivalence,nominal,5.0,5.0,109.59723737472513,105.0,ok,53129.72451580784,118976.19750239872,4.079712971136643,1.664835520425159,0.0,7,2,inf,0.7283749139173024,3.942212904408357,10.186980293384906,,,,,,,,0.0,1.0204335730677523
unseen,reference_PI/C_add7,cross_equivalence,delay_minus30,5.0,5.0,76.71806616230758,75.0,ok,47867.641172610165,109072.19894081482,4.060041996654884,1.549424526913584,0.0,7,1,inf,0.5240157993214103,3.9516910491669814,10.179563292576626,0.7,,,,,,,-9.904217255318216,1.1004290937053145
unseen,reference_PI/C_add7,cross_equivalence,delay_plus50,5.0,5.0,164.39585606208766,160.0,ok,67874.51053485902,144257.91187746474,4.113787427623692,2.09128852994201,0.0,7,4,inf,1.3942823131563091,3.925850198811,10.201987070711564,1.5,,,,,,,27.75242324974623,1.0792250032872663
unseen,reference_PI/C_add7,cross_equivalence,acid_plus15,5.0,5.0,109.59723737472513,105.0,ok,71413.54716231985,171373.46245109773,4.761308810617651,2.665590876953127,0.0,7,3,inf,1.6119158159292462,3.2848516143768984,10.247322183357388,,1.15,,,,,,34.41354686691813,0.9066319304446079
unseen,reference_PI/C_add7,cross_equivalence,acid_minus15,5.0,5.0,109.59723737472513,105.0,ok,80800.11555213672,238590.08799400984,5.371182410317218,2.980200549385999,0.0,7,3,inf,1.1411530939323686,3.993229400035046,10.621182410317218,,0.85,,,,,,52.08081029687257,1.0272251888383512
unseen,reference_PI/C_add7,cross_equivalence,base_minus15,5.0,5.0,109.59723737472513,105.0,ok,74590.94002605532,183528.19518783185,4.866046237653935,2.753686509235938,0.0,7,3,inf,1.716483983019211,3.2678799309796367,10.18962588123932,,,0.85,,,,,40.39398981611897,0.941500826242384
unseen,reference_PI/C_add7,cross_equivalence,base_plus15,5.0,5.0,109.59723737472513,105.0,ok,77154.03634879502,224531.61047344457,5.3452710143486915,2.890701662849688,0.0,7,3,inf,1.023299196493764,3.9538681064435703,10.595271014348691,,,1.15,,,,,45.21821268965769,0.9847649184610955
unseen,reference_PI/C_add7,cross_equivalence,Kw_half,5.0,5.0,109.59723737472513,105.0,ok,52263.27095026768,125156.49939760868,4.084084780611407,1.7654280430270024,0.0,7,1,inf,0.9293743095304956,3.94197593729601,10.471633460362597,,,,0.5,,,,-1.6308263847337634,0.896692625999042
unseen,reference_PI/C_add7,cross_equivalence,Kw_double,5.0,5.0,109.59723737472513,105.0,ok,48019.975113863846,104519.65538637794,4.071528923075236,1.5735913957660532,0.0,7,1,inf,1.105263891535035,3.942674183923827,9.903555399620087,,,,2.0,,,,-9.61749651162538,1.103562452256087
unseen,reference_PI/C_add7,cross_equivalence,volume_plus20,5.0,5.0,109.59723737472513,105.0,ok,58669.180136244504,130332.90565378524,4.036313371776874,1.8454851448094187,0.0,7,2,inf,1.4502391386965607,3.977752673017528,10.153974562436472,,,,,1.2,,,10.42628334876552,1.158076583157354
unseen,reference_PI/C_add7,cross_equivalence,volume_minus20,5.0,5.0,109.59723737472513,105.0,ok,43496.87262844782,102750.95865496784,4.130897765931471,1.4715066173300952,0.0,7,1,inf,0.6618321993036842,3.901309625646478,10.224198608338668,,,,,0.8,,,-18.13081467135018,0.8085610087750184
unseen,reference_PI/C_add7,cross_equivalence,noise_0.01_seed104729,5.0,5.0,109.59723737472513,105.0,ok,53123.82880542545,118923.81507605904,4.079811430467129,2.401894083342792,0.0,7,2,inf,0.7256192183998351,3.9421253940310086,10.187072241674672,,,,,,0.01,104729.0,-0.011096820915434957,1.0198563937669156
unseen,reference_PI/C_add7,cross_equivalence,noise_0.01_seed130363,5.0,5.0,109.59723737472513,105.0,ok,53124.142670490335,118943.29394769236,4.079562998421505,2.3760078277552346,0.0,7,2,inf,0.7291074426453763,3.9423529765805654,10.187023996092718,,,,,,0.01,130363.0,-0.01050606862423864,1.0200116033228455
unseen,reference_PI/C_add7,cross_equivalence,noise_0.01_seed155921,5.0,5.0,109.59723737472513,105.0,ok,53098.538021202105,118930.02956920175,4.0796170570142785,2.3705320237017338,0.0,7,2,inf,0.7267986413457592,3.9424841847963146,10.186901617099997,,,,,,0.01,155921.0,-0.058698769643450444,1.019635506056241
unseen,reference_PI/C_add7,cross_equivalence,noise_0.01_seed196613,5.0,5.0,109.59723737472513,105.0,ok,53176.6170980897,119005.5131870335,4.079795528826918,2.378889905241075,0.0,7,2,inf,0.7298657943432785,3.942262569230647,10.186884822776042,,,,,,0.01,196613.0,0.08826054098569625,1.021139126645906
unseen,reference_PI/C_add7,cross_equivalence,noise_0.01_seed262147,5.0,5.0,109.59723737472513,105.0,ok,53110.278458730965,118917.65646237091,4.079825949339254,2.3894399235270445,0.0,7,2,inf,0.7317233501301006,3.94217984192938,10.186903989343548,,,,,,0.01,262147.0,-0.03660108772272075,1.0197648503703736
unseen,reference_PI/C_add7,cross_equivalence,noise_0.05_seed104729,5.0,5.0,109.59723737472513,105.0,ok,53188.05704057581,118807.517351306,4.0804394259207735,7.503083609238069,0.0,7,2,inf,0.720015868846664,3.941891102700552,10.187427250742267,,,,,,0.05,104729.0,0.10979263547774565,1.0191440905998268
unseen,reference_PI/C_add7,cross_equivalence,noise_0.05_seed130363,5.0,5.0,109.59723737472513,105.0,ok,53130.6503599874,118817.99860875412,4.078741028680219,7.441124086820804,0.0,7,2,inf,0.7407470764866524,3.9429219915732654,10.187184511820949,,,,,,0.05,130363.0,0.0017426105405116132,1.0185487976539807
unseen,reference_PI/C_add7,cross_equivalence,noise_0.05_seed155921,5.0,5.0,109.59723737472513,105.0,ok,53068.03809181393,118794.68141553192,4.0791841846193595,7.405918700125103,0.0,7,2,inf,0.7268461312519809,3.9436843567836073,10.186584175163226,,,,,,0.05,155921.0,-0.11610529615216914,1.0181175322720726
unseen,reference_PI/C_add7,cross_equivalence,noise_0.05_seed196613,5.0,5.0,109.59723737472513,105.0,ok,53397.466869570184,119161.13065442797,4.080099771005981,7.404325620965648,0.0,7,2,inf,0.7360117662642232,3.942476022118804,10.18648292827068,,,,,,0.05,196613.0,0.5039407905883087,1.0244045408364113
unseen,reference_PI/C_add7,cross_equivalence,noise_0.05_seed262147,5.0,5.0,109.59723737472513,105.0,ok,53083.01573345342,118737.7614173518,4.080420538816856,7.540221526858168,0.0,7,2,inf,0.7489908287768898,3.94214073559964,10.186583024924092,,,,,,0.05,262147.0,-0.0879145954173266,1.018023925600346
unseen,reference_PI/C_add7,cross_equivalence,combined_seed104729,5.0,5.0,164.39585606208766,160.0,ok,106798.38699954812,309404.7706410664,5.367100995655235,14.88976874033704,0.0,7,6,inf,2.2172830281394584,2.9335235638617094,9.94129467795076,1.5,1.15,0.85,2.0,1.2,0.05,104729.0,101.0143812580321,1.0230891864398786
unseen,reference_PI/C_add7,cross_equivalence,combined_seed130363,5.0,5.0,164.39585606208766,160.0,ok,106973.18252832728,309597.3665142397,5.3669540816946455,14.738709292096935,0.0,7,6,inf,2.217147388273797,2.933559351518733,9.94119071757,1.5,1.15,0.85,2.0,1.2,0.05,130363.0,101.34337887729727,1.024726877700869
unseen,reference_PI/C_add7,cross_equivalence,combined_seed155921,5.0,5.0,164.39585606208766,160.0,ok,106948.77765631072,309531.08244734514,5.366820679978139,14.74905757627199,0.0,7,6,inf,2.2170023440157354,2.9335618215731194,9.940845049227182,1.5,1.15,0.85,2.0,1.2,0.05,155921.0,101.29744437972748,1.024902398221995
unseen,reference_PI/C_add7,cross_equivalence,combined_seed196613,5.0,5.0,164.39585606208766,160.0,ok,106818.63350864463,309371.8770600787,5.366950972652784,14.49695048654502,0.0,7,6,inf,2.217131483014978,2.9334366111899115,9.940580130891805,1.5,1.15,0.85,2.0,1.2,0.05,196613.0,101.05248894498331,1.0244807973816343
unseen,reference_PI/C_add7,cross_equivalence,combined_seed262147,5.0,5.0,164.39585606208766,160.0,ok,107012.77296660098,309838.8742310831,5.3669683703537086,15.046146500361184,0.0,7,6,inf,2.2171590372751075,2.933416375466655,9.940833818150386,1.5,1.15,0.85,2.0,1.2,0.05,262147.0,101.41789542831373,1.0258771831081028
unseen,reference_PI/C_add7,regulatory_off_anchor,nominal,5.0,5.0,109.59723737472513,105.0,ok,62595.482080268375,160627.26139024796,3.586792341645475,2.161386239910488,0.0,4,0,13865.0,1.298713607944535e-05,3.7632076583545246,10.62391190246393,,,,,,,,0.0,0.8358099232479139
unseen,reference_PI/C_add7,regulatory_off_anchor,delay_minus30,5.0,5.0,76.71806616230758,75.0,ok,58823.607449893105,153722.28035284,3.579175833511378,2.049880640960109,0.0,4,0,12515.0,5.239811429191832e-07,3.7708241664886217,10.620786869241543,0.7,,,,,,,-6.025793723480655,0.9438223856591607
unseen,reference_PI/C_add7,regulatory_off_anchor,delay_plus50,5.0,5.0,164.39585606208766,160.0,ok,81157.93838561203,190040.45921091072,3.600420915007775,2.6075158544386996,0.0,4,1,inf,0.328420383728174,3.7495790849922246,10.62955753927144,1.5,,,,,,,29.654626321976973,0.9145539815759288
unseen,reference_PI/C_add7,regulatory_off_anchor,acid_plus15,5.0,5.0,109.59723737472513,105.0,ok,84977.52172095185,246928.7354354819,4.010421322992664,3.115917942950939,0.0,4,1,inf,1.6505616642725265,3.339578677007336,10.674466949774333,,1.15,,,,,,35.756637534929745,0.8643446690800397
unseen,reference_PI/C_add7,regulatory_off_anchor,acid_minus15,5.0,5.0,109.59723737472513,105.0,ok,79987.63417014849,211333.3149316168,3.5545852135780014,2.886450089463332,0.0,4,1,inf,2.700599190250509,3.7954147864219983,10.710908001942489,,0.85,,,,,,27.78499583656462,0.8812421455578496
unseen,reference_PI/C_add7,regulatory_off_anchor,base_minus15,5.0,5.0,109.59723737472513,105.0,ok,88010.36228913904,255419.38023559444,4.030357469382808,3.1669280700733173,0.0,4,1,inf,3.1247618147454315,3.319642530617192,10.614116041732688,,,0.85,,,,,40.60178045482623,0.9081562641931559
unseen,reference_PI/C_add7,regulatory_off_anchor,base_plus15,5.0,5.0,109.59723737472513,105.0,ok,79343.84399168185,215464.70918716135,3.705392515722995,2.926357376253087,0.0,4,1,inf,2.026808020815242,3.644607484277005,10.694531633805212,,,1.15,,,,,26.75650279350268,0.8287906743618226
unseen,reference_PI/C_add7,regulatory_off_anchor,Kw_half,5.0,5.0,109.59723737472513,105.0,ok,62280.70790409813,169695.41404715445,3.587020629742737,2.2490065353697384,0.0,4,0,12165.0,7.835510018594505e-12,3.7629793702572623,10.913371510188012,,,,0.5,,,,-0.5028704400208861,0.6716773114180528
unseen,reference_PI/C_add7,regulatory_off_anchor,Kw_double,5.0,5.0,109.59723737472513,105.0,ok,60953.75758874616,150035.4775300536,3.586345691155719,2.049811160940007,0.0,4,0,14970.0,0.0012249221384621,3.7636543088442806,10.33501958558428,,,,2.0,,,,-2.6227523727942126,1.2371732667140118
unseen,reference_PI/C_add7,regulatory_off_anchor,volume_plus20,5.0,5.0,109.59723737472513,105.0,ok,71681.50565661685,176932.88279313018,3.5536436172688797,2.4178256174723742,0.0,4,0,16330.0,0.0025410327220409,3.79635638273112,10.6019063821058,,,,,1.2,,,14.51546225763889,0.9890139953273135
unseen,reference_PI/C_add7,regulatory_off_anchor,volume_minus20,5.0,5.0,109.59723737472513,105.0,ok,53915.456624204315,144969.10358842986,3.624560460480563,1.9112949457861088,0.0,4,0,11385.0,7.569944671104166e-10,3.725439539519437,10.648066967007484,,,,,0.8,,,-13.866856149351737,0.6897888796141983
unseen,reference_PI/C_add7,regulatory_off_anchor,noise_0.01_seed104729,5.0,5.0,109.59723737472513,105.0,ok,62583.39020537034,160572.49377132734,3.5869294342948153,2.549255743117265,0.0,4,0,13865.0,0.000983740919759,3.763070565705184,10.623858944333586,,,,,,0.01,104729.0,-0.019317488253434156,0.7963342633613651
unseen,reference_PI/C_add7,regulatory_off_anchor,noise_0.01_seed130363,5.0,5.0,109.59723737472513,105.0,ok,62604.05037095588,160627.65003946604,3.586798980251029,2.5500430031825454,0.0,4,0,13860.0,0.0011843673536082,3.7632010197489705,10.623921413882837,,,,,,0.01,130363.0,0.013688353220953076,0.7977800378361518
unseen,reference_PI/C_add7,regulatory_off_anchor,noise_0.01_seed155921,5.0,5.0,109.59723737472513,105.0,ok,62626.38510272633,160621.57761559723,3.586863591143965,2.571762460505747,0.0,4,0,13855.0,0.0022662516407283,3.7631364088560346,10.62389821988993,,,,,,0.01,155921.0,0.049369413623701064,0.7974994784483519
unseen,reference_PI/C_add7,regulatory_off_anchor,noise_0.01_seed196613,5.0,5.0,109.59723737472513,105.0,ok,62613.629127099666,160590.9789905552,3.586603467040181,2.552330260905139,0.0,4,0,13860.0,0.0015852295196232,3.7633965329598182,10.623900710188355,,,,,,0.01,196613.0,0.028990985017141035,0.7954881859853753
unseen,reference_PI/C_add7,regulatory_off_anchor,noise_0.01_seed262147,5.0,5.0,109.59723737472513,105.0,ok,62660.53529903808,160661.9046732593,3.5869089746755045,2.5794791647748587,0.0,4,0,13890.0,0.0023917483183959,3.763091025324495,10.623922836150472,,,,,,0.01,262147.0,0.1039263803197299,0.7973261669228046
unseen,reference_PI/C_add7,regulatory_off_anchor,noise_0.05_seed104729,5.0,5.0,109.59723737472513,105.0,ok,62653.11611676823,160460.2699922701,3.5875310705146717,6.822309109061646,0.0,4,0,13875.0,0.010335093993766,3.762468929485328,10.623681329774287,,,,,,0.05,104729.0,0.09207379603841659,0.7949873202951382
unseen,reference_PI/C_add7,regulatory_off_anchor,noise_0.05_seed130363,5.0,5.0,109.59723737472513,105.0,ok,62706.21494576815,160685.13635365132,3.586796395462315,6.875474085255947,0.0,4,0,13895.0,0.0060690632974349,3.763203604537684,10.623993602399327,,,,,,0.05,130363.0,0.1769023287619742,0.7965913942911885
unseen,reference_PI/C_add7,regulatory_off_anchor,noise_0.05_seed155921,5.0,5.0,109.59723737472513,105.0,ok,62797.89919184789,160665.57410264257,3.587130964784827,7.033610715113952,0.0,4,0,13800.0,0.009752860225392,3.762869035215173,10.623850349408947,,,,,,0.05,155921.0,0.32337335675431955,0.797616200594283
unseen,reference_PI/C_add7,regulatory_off_anchor,noise_0.05_seed196613,5.0,5.0,109.59723737472513,105.0,ok,62720.55468520284,160469.36471868918,3.585915771534168,6.831181056812553,0.0,4,0,13870.0,0.0112089393350913,3.764084228465832,10.623883546158728,,,,,,0.05,196613.0,0.19981091410732343,0.7939748500704137
unseen,reference_PI/C_add7,regulatory_off_anchor,noise_0.05_seed262147,5.0,5.0,109.59723737472513,105.0,ok,62903.65072399413,160769.61564150883,3.5873088079096704,6.997627533261201,0.0,4,0,13995.0,0.0092346093227098,3.762691192090329,10.624002523655996,,,,,,0.05,262147.0,0.492317709656076,0.7979045544385779
unseen,reference_PI/C_add7,regulatory_off_anchor,combined_seed104729,5.0,5.0,164.39585606208766,160.0,ok,125619.6331547455,385719.0055506276,4.377181812750693,14.967042544851932,0.0,4,3,inf,4.185053497678921,2.972818187249307,10.356747271925643,1.5,1.15,0.85,2.0,1.2,0.05,104729.0,100.68482417574333,1.0514980232775044
unseen,reference_PI/C_add7,regulatory_off_anchor,combined_seed130363,5.0,5.0,164.39585606208766,160.0,ok,125796.3728962828,386098.9116195228,4.377214808042046,14.901796413751114,0.0,4,3,inf,4.184930324913907,2.9727851919579535,10.35692425671569,1.5,1.15,0.85,2.0,1.2,0.05,130363.0,100.96717640894548,1.0529720569024277
unseen,reference_PI/C_add7,regulatory_off_anchor,combined_seed155921,5.0,5.0,164.39585606208766,160.0,ok,125715.80742121355,385782.8744791861,4.377092242969333,14.895400327210089,0.0,4,3,inf,4.184468544681147,2.972907757030667,10.35680070781935,1.5,1.15,0.85,2.0,1.2,0.05,155921.0,100.83846827795617,1.0529382314434348
unseen,reference_PI/C_add7,regulatory_off_anchor,combined_seed196613,5.0,5.0,164.39585606208766,160.0,ok,125698.9343147533,385838.26180729794,4.377302313449585,14.51259918313361,0.0,4,3,inf,4.184975028209246,2.9726976865504144,10.356851608085384,1.5,1.15,0.85,2.0,1.2,0.05,196613.0,100.81151248833771,1.0507385555519408
unseen,reference_PI/C_add7,regulatory_off_anchor,combined_seed262147,5.0,5.0,164.39585606208766,160.0,ok,125746.77830385424,386043.19787937833,4.377377396907811,15.164244728229312,0.0,4,3,inf,4.185044319366121,2.9726226030921885,10.357010109059296,1.5,1.15,0.85,2.0,1.2,0.05,262147.0,100.88794610225182,1.0516975847419106
unseen,reference_PI/D_add8,reverse_off_anchor,nominal,5.0,5.0,109.59723737472513,105.0,ok,16467.337052434217,18873.002184645935,1.991801991071288,0.1938394265893643,0.0,4,0,10345.0,6.805903990425577e-05,5.360712207278375,8.7,,,,,,,,0.0,0.5681967660754207
unseen,reference_PI/D_add8,reverse_off_anchor,delay_minus30,5.0,5.0,76.71806616230758,75.0,ok,13103.816527465273,14293.119705617562,1.950012624564395,0.1470248208941962,0.0,4,0,8300.0,1.149526827770586e-05,5.398867296168693,8.7,0.7,,,,,,,-20.425406453144447,0.7437407945267506
unseen,reference_PI/D_add8,reverse_off_anchor,delay_plus50,5.0,5.0,164.39585606208766,160.0,ok,35744.60353339545,47283.85526197574,2.092128665254682,0.5741171989041431,0.0,4,1,inf,1.5444281793270855,5.154677567933449,8.742128665254683,1.5,,,,,,,117.06365406610564,0.8843103909094958
unseen,reference_PI/D_add8,reverse_off_anchor,acid_plus15,5.0,5.0,109.59723737472513,105.0,ok,43815.70669143909,140514.9098109005,5.3170551963332695,1.3268498885124238,0.0,4,1,inf,0.912243581120979,3.3829448036667293,9.637200945108612,,1.15,,,,,,166.07645517866052,0.8049977179870258
unseen,reference_PI/D_add8,reverse_off_anchor,acid_minus15,5.0,5.0,109.59723737472513,105.0,ok,45481.94789153477,84783.89886531861,3.2122792908453057,1.2893284427574327,0.0,4,2,inf,1.862731394840463,4.470060924037991,10.760399696556588,,0.85,,,,,,176.19491692381186,0.9233077754705549
unseen,reference_PI/D_add8,reverse_off_anchor,base_minus15,5.0,5.0,109.59723737472513,105.0,ok,46698.0777939269,157113.35020011585,5.340529244911085,1.4367337980475536,0.0,4,1,inf,0.8882436445297781,3.3594707550889136,9.599897204798998,,,0.85,,,,,183.58002052932991,0.8803236732139567
unseen,reference_PI/D_add8,reverse_off_anchor,base_plus15,5.0,5.0,109.59723737472513,105.0,ok,42428.61202031745,76661.06392931734,3.137958145062642,1.1869880414973908,0.0,4,1,inf,1.7885654152340995,4.434237435001623,10.74840354384138,,,1.15,,,,,157.65314625685406,0.8394086228838524
unseen,reference_PI/D_add8,reverse_off_anchor,Kw_half,5.0,5.0,109.59723737472513,105.0,ok,19961.94613449386,23723.50361876985,2.226283183702563,0.2606210432180109,0.0,4,0,11055.0,0.0003239764087403,5.27227530689698,8.876283183702563,,,,0.5,,,,21.221458399329162,0.5395345361530856
unseen,reference_PI/D_add8,reverse_off_anchor,Kw_double,5.0,5.0,109.59723737472513,105.0,ok,14790.692169264694,16124.179872240911,1.9581925501818471,0.1633518838823926,0.0,4,0,10205.0,0.0041559551520435,5.3918074498181525,8.713017222299635,,,,2.0,,,,-10.181639434663058,1.084039417725552
unseen,reference_PI/D_add8,reverse_off_anchor,volume_plus20,5.0,5.0,109.59723737472513,105.0,ok,19920.556994647715,22499.970748584463,1.989149350266384,0.2246369448013165,0.0,4,0,12820.0,0.0014792933616414,5.357578539608503,8.7,,,,,1.2,,,20.97011758014049,0.8291870797972809
unseen,reference_PI/D_add8,reverse_off_anchor,volume_minus20,5.0,5.0,109.59723737472513,105.0,ok,12926.442393135196,14561.468159403665,1.990473209832384,0.1606200765898293,0.0,4,0,7900.0,1.2927549999375287e-06,5.371051279779055,8.7,,,,,0.8,,,-21.50253345774327,0.3801688003433368
unseen,reference_PI/D_add8,reverse_off_anchor,noise_0.01_seed104729,5.0,5.0,109.59723737472513,105.0,ok,16502.126464094876,18897.01032177097,1.9907166802699583,0.972398929888242,0.0,4,0,10350.0,0.0007754869649021,5.361066963916247,8.700271933773193,,,,,,0.01,104729.0,0.2112631298544665,0.5690903423723166
unseen,reference_PI/D_add8,reverse_off_anchor,noise_0.01_seed130363,5.0,5.0,109.59723737472513,105.0,ok,16473.454648796207,18848.864238740076,1.9888053934008256,0.976869386903715,0.0,4,0,10340.0,0.0002860018664296,5.361935785729513,8.700763805803447,,,,,,0.01,130363.0,0.03714988247651707,0.5681365331998504
unseen,reference_PI/D_add8,reverse_off_anchor,noise_0.01_seed155921,5.0,5.0,109.59723737472513,105.0,ok,16489.87359743849,18880.399401116527,1.9894563739787736,0.96373607583224,0.0,4,0,10360.0,0.0019573834578032,5.363884282260238,8.700968114528997,,,,,,0.01,155921.0,0.13685603769761912,0.568807761841308
unseen,reference_PI/D_add8,reverse_off_anchor,noise_0.01_seed196613,5.0,5.0,109.59723737472513,105.0,ok,16490.092898684168,18869.49506501924,1.9895587508849424,0.9724816292405823,0.0,4,0,10350.0,0.0009518545830591,5.362688409458621,8.70219968595046,,,,,,0.01,196613.0,0.13818777242180502,0.5685836547404443
unseen,reference_PI/D_add8,reverse_off_anchor,noise_0.01_seed262147,5.0,5.0,109.59723737472513,105.0,ok,16439.830999226146,18801.366194438782,1.989240489715012,0.9592052738832608,0.0,4,0,10355.0,0.0009539400887428,5.363387253344318,8.700945040552131,,,,,,0.01,262147.0,-0.16703400871973528,0.5670716773605521
unseen,reference_PI/D_add8,reverse_off_anchor,noise_0.05_seed104729,5.0,5.0,109.59723737472513,105.0,ok,16695.876803443625,19001.188353966463,1.985393200965019,4.333769248459056,0.0,4,0,10385.0,0.0059667031030974,5.362241741899779,8.700300273784704,,,,,,0.05,104729.0,1.3878367235801825,0.574424711613846
unseen,reference_PI/D_add8,reverse_off_anchor,noise_0.05_seed130363,5.0,5.0,109.59723737472513,105.0,ok,16542.35144539162,18721.43106123632,1.9716070556082652,4.368937230263284,0.0,4,0,10320.0,0.003618013433801,5.371369891964536,8.703503234536678,,,,,,0.05,130363.0,0.455534448092898,0.5694787854179736
unseen,reference_PI/D_add8,reverse_off_anchor,noise_0.05_seed155921,5.0,5.0,109.59723737472513,105.0,ok,16589.39314437663,18882.120096991457,1.9777444563807975,4.307509295161235,0.0,4,0,10420.0,0.0098115428278449,5.377776372075924,8.703743505050369,,,,,,0.05,155921.0,0.7412011520367301,0.5712425612172649
unseen,reference_PI/D_add8,reverse_off_anchor,noise_0.05_seed196613,5.0,5.0,109.59723737472513,105.0,ok,16620.473346292485,18851.695381537713,1.976000443901796,4.341165541669615,0.0,4,0,10385.0,0.0090454702789042,5.374882926992413,8.70913570418482,,,,,,0.05,196613.0,0.9299396336557741,0.571493336431553
unseen,reference_PI/D_add8,reverse_off_anchor,noise_0.05_seed262147,5.0,5.0,109.59723737472513,105.0,ok,16392.63617279708,18525.175405066275,1.9765516115000992,4.269195065916796,0.0,4,0,10405.0,0.0031851009502137,5.376548232754876,8.704572622432305,,,,,,0.05,262147.0,-0.45363059855567656,0.5647558469880015
unseen,reference_PI/D_add8,reverse_off_anchor,combined_seed104729,5.0,5.0,164.39585606208766,160.0,ok,71152.13915213449,266131.61515266064,5.698970224173132,10.635375319804368,0.0,4,2,inf,5.370290972973795,3.0010297758268676,9.079541430380369,1.5,1.15,0.85,2.0,1.2,0.05,104729.0,332.0804203228276,0.9939126611765625
unseen,reference_PI/D_add8,reverse_off_anchor,combined_seed130363,5.0,5.0,164.39585606208766,160.0,ok,71283.04854632035,266272.4700382536,5.698762093519081,10.534190162569674,0.0,4,2,inf,5.369689576334175,3.0012379064809185,9.083523699088092,1.5,1.15,0.85,2.0,1.2,0.05,130363.0,332.8753842794711,0.9953442545409813
unseen,reference_PI/D_add8,reverse_off_anchor,combined_seed155921,5.0,5.0,164.39585606208766,160.0,ok,71100.05701843607,265961.3350269203,5.6986516547479855,10.657098069662748,0.0,4,2,inf,5.369171832762305,3.001348345252014,9.0781614186229,1.5,1.15,0.85,2.0,1.2,0.05,155921.0,331.76414493760535,0.9928839021101455
unseen,reference_PI/D_add8,reverse_off_anchor,combined_seed196613,5.0,5.0,164.39585606208766,160.0,ok,71196.41021507663,266291.2773770985,5.699737193602099,10.44477517544768,0.0,4,2,inf,5.37158151774954,3.000262806397901,9.079718658900072,1.5,1.15,0.85,2.0,1.2,0.05,196613.0,332.34926198679045,0.9935511501060913
unseen,reference_PI/D_add8,reverse_off_anchor,combined_seed262147,5.0,5.0,164.39585606208766,160.0,ok,71298.34955553935,266250.2993840389,5.698738768924413,10.501385078477975,0.0,4,2,inf,5.369356074719647,3.001261231075586,9.083411922265356,1.5,1.15,0.85,2.0,1.2,0.05,262147.0,332.96830160526747,0.9949596587267323
unseen,reference_PI/D_add8,cross_equivalence,nominal,5.0,5.0,109.59723737472513,105.0,ok,58044.30622121522,129442.4571129062,4.112122938815271,1.7125811025373423,0.0,7,3,inf,1.5522142932707057,3.9411336406076902,10.193459601074435,,,,,,,,0.0,1.1148252571106487
unseen,reference_PI/D_add8,cross_equivalence,delay_minus30,5.0,5.0,76.71806616230758,75.0,ok,53980.18290937555,122239.87472543171,4.094805208324511,1.5897548779508988,0.0,7,2,inf,1.4056005862323842,3.950556598660987,10.186265745412657,0.7,,,,,,,-7.001760510928856,1.2409503017458203
unseen,reference_PI/D_add8,cross_equivalence,delay_plus50,5.0,5.0,164.39585606208766,160.0,ok,67657.29593423569,151112.65855518664,4.143956271523076,2.059062405928227,0.0,7,5,inf,1.781389591392971,3.973218072258308,10.206270354175414,1.5,,,,,,,16.561468882725517,1.0757712262180181
unseen,reference_PI/D_add8,cross_equivalence,acid_plus15,5.0,5.0,109.59723737472513,105.0,ok,78353.54074449907,184290.1417811067,4.761308810617651,2.7058970825179616,0.0,7,5,inf,1.6119158159292462,3.2848516143768984,10.25285997617789,,1.15,,,,,,34.98919333428232,0.994738739708442
unseen,reference_PI/D_add8,cross_equivalence,acid_minus15,5.0,5.0,109.59723737472513,105.0,ok,89560.68632763687,255717.68387427324,5.373605315721699,3.03581677927591,0.0,7,5,inf,1.264232702427277,3.979160567558744,10.6236053157217,,0.85,,,,,,54.2971088091021,1.138599769279244
unseen,reference_PI/D_add8,cross_equivalence,base_minus15,5.0,5.0,109.59723737472513,105.0,ok,81897.42161761134,197542.26711164945,4.866046237653935,2.793713493607924,0.0,7,4,inf,1.716483983019211,3.2678799309796367,10.195125910461591,,,0.85,,,,,41.094668795744504,1.0337246064088739
unseen,reference_PI/D_add8,cross_equivalence,base_plus15,5.0,5.0,109.59723737472513,105.0,ok,88416.80366820832,244781.57585908804,5.348111875452856,2.9688044044875284,0.0,7,6,inf,1.05173244698761,3.950865772717535,10.598111875452856,,,1.15,,,,,52.32640275040781,1.128518617759571
unseen,reference_PI/D_add8,cross_equivalence,Kw_half,5.0,5.0,109.59723737472513,105.0,ok,67845.52489847183,149861.7698003098,4.11719083621453,1.9179162843218425,0.0,7,3,inf,1.3292870837223356,3.9393834324453167,10.477963127142209,,,,0.5,,,,16.885753858272956,1.1640408412512977
unseen,reference_PI/D_add8,cross_equivalence,Kw_double,5.0,5.0,109.59723737472513,105.0,ok,53880.4976149639,114054.33944678516,4.102571001429662,1.512828175661224,0.0,7,3,inf,0.6872236401668701,3.941781451292848,9.91046139016922,,,,2.0,,,,-7.1735005159376914,1.2382449998309342
unseen,reference_PI/D_add8,cross_equivalence,volume_plus20,5.0,5.0,109.59723737472513,105.0,ok,63908.5982403199,139842.27991605192,4.067630231416076,1.9002007637910516,0.0,7,4,inf,0.7236538175143945,3.985750875550724,10.16064065031274,,,,,1.2,,,10.1031305236986,1.261497960473516
unseen,reference_PI/D_add8,cross_equivalence,volume_minus20,5.0,5.0,109.59723737472513,105.0,ok,52560.16205323803,119057.52562100052,4.164143584828997,1.5021425486304434,0.0,7,2,inf,0.7501214473051174,3.9003046751996,10.230443583847164,,,,,0.8,,,-9.448203493166629,0.977038004873711
unseen,reference_PI/D_add8,cross_equivalence,noise_0.01_seed104729,5.0,5.0,109.59723737472513,105.0,ok,58057.52564807588,129439.64916896926,4.112202144672605,2.3979786204980496,0.0,7,3,inf,1.55298244051012,3.941044731515534,10.193536273914148,,,,,,0.01,104729.0,0.022774717661855348,1.1145721245986289
unseen,reference_PI/D_add8,cross_equivalence,noise_0.01_seed130363,5.0,5.0,109.59723737472513,105.0,ok,58103.87528533912,129508.35859598056,4.111912513754401,2.378719820041707,0.0,7,3,inf,1.553269103092295,3.941262090464392,10.193540868969889,,,,,,0.01,130363.0,0.10262688625628513,1.115625100186156
unseen,reference_PI/D_add8,cross_equivalence,noise_0.01_seed155921,5.0,5.0,109.59723737472513,105.0,ok,58087.69265530238,129484.5103720126,4.112082175582834,2.362735363072307,0.0,7,3,inf,1.553572763131533,3.9414070383244457,10.193407127102668,,,,,,0.01,155921.0,0.07474709736696727,1.115440765479813
unseen,reference_PI/D_add8,cross_equivalence,noise_0.01_seed196613,5.0,5.0,109.59723737472513,105.0,ok,58100.8996312361,129476.75172907008,4.112187573732327,2.3741401708246386,0.0,7,3,inf,1.5525757749643203,3.941196370611615,10.193373087312372,,,,,,0.01,196613.0,0.09750036429962972,1.1156990636945423
unseen,reference_PI/D_add8,cross_equivalence,noise_0.01_seed262147,5.0,5.0,109.59723737472513,105.0,ok,58033.64464430517,129433.50936217692,4.112318156979557,2.3831689432025467,0.0,7,3,inf,1.5516987245081948,3.941097645795718,10.19335293259899,,,,,,0.01,262147.0,-0.018367997835000427,1.1142978847895384
unseen,reference_PI/D_add8,cross_equivalence,noise_0.05_seed104729,5.0,5.0,109.59723737472513,105.0,ok,58167.17107877219,129519.31613833702,4.112668953609115,7.464741568354071,0.0,7,3,inf,1.557025256176115,3.940840386116036,10.193851009003032,,,,,,0.05,104729.0,0.21167426325798822,1.1145496182839707
unseen,reference_PI/D_add8,cross_equivalence,noise_0.05_seed130363,5.0,5.0,109.59723737472513,105.0,ok,58319.026931078275,129727.93581561366,4.1108694125155685,7.410879662628427,0.0,7,3,inf,1.5576051382782632,3.9418700806460225,10.19385325648111,,,,,,0.05,130363.0,0.47329484620945994,1.1180133192146002
unseen,reference_PI/D_add8,cross_equivalence,noise_0.05_seed155921,5.0,5.0,109.59723737472513,105.0,ok,58314.065868772486,129696.8314459992,4.111499950544863,7.3477582898407565,0.0,7,3,inf,1.5583086460047282,3.942668427695789,10.193196021802482,,,,,,0.05,155921.0,0.4647478195865862,1.1187632890507029
unseen,reference_PI/D_add8,cross_equivalence,noise_0.05_seed196613,5.0,5.0,109.59723737472513,105.0,ok,58325.97579233938,129631.91647770727,4.112511982333318,7.391102581761931,0.0,7,3,inf,1.5570217223459286,3.9414949609837207,10.193021364838858,,,,,,0.05,196613.0,0.4852664963393094,1.118955597581665
unseen,reference_PI/D_add8,cross_equivalence,noise_0.05_seed262147,5.0,5.0,109.59723737472513,105.0,ok,58010.66760333725,129437.83370803727,4.113068631657428,7.484407670608616,0.0,7,3,inf,1.548033831916892,3.941060791106702,10.192915413979255,,,,,,0.05,262147.0,-0.05795334644843608,1.1125262335656712
unseen,reference_PI/D_add8,cross_equivalence,combined_seed104729,5.0,5.0,164.39585606208766,160.0,ok,102590.643575465,307334.80031061603,5.367100995655235,14.319995288881335,0.0,7,5,inf,2.2172830281394584,2.9335235638617094,9.946387611371248,1.5,1.15,0.85,2.0,1.2,0.05,104729.0,76.74540407887255,0.9827805552195292
unseen,reference_PI/D_add8,cross_equivalence,combined_seed130363,5.0,5.0,164.39585606208766,160.0,ok,102619.3833637159,307861.791552816,5.3669540816946455,14.177495355472391,0.0,7,5,inf,2.217147388273797,2.933559351518733,9.946474055186906,1.5,1.15,0.85,2.0,1.2,0.05,130363.0,76.79491761451783,0.9830205834816851
unseen,reference_PI/D_add8,cross_equivalence,combined_seed155921,5.0,5.0,164.39585606208766,160.0,ok,102445.48055795237,307258.2853820387,5.366820679978139,14.151782235832322,0.0,7,6,inf,2.2170023440157354,2.9335618215731194,9.946004729582809,1.5,1.15,0.85,2.0,1.2,0.05,155921.0,76.49531405805396,0.9817467858142894
unseen,reference_PI/D_add8,cross_equivalence,combined_seed196613,5.0,5.0,164.39585606208766,160.0,ok,102529.48608489938,307429.43916142505,5.366950972652784,13.95800336672687,0.0,7,5,inf,2.217131483014978,2.9334366111899115,9.945891704915086,1.5,1.15,0.85,2.0,1.2,0.05,196613.0,76.64004061680869,0.9833442556713315
unseen,reference_PI/D_add8,cross_equivalence,combined_seed262147,5.0,5.0,164.39585606208766,160.0,ok,102604.65674095086,307674.3321102092,5.3669683703537086,14.467466859488743,0.0,7,5,inf,2.2171590372751075,2.933416375466655,9.945964728490114,1.5,1.15,0.85,2.0,1.2,0.05,262147.0,76.76954626679439,0.98361880842049
unseen,reference_PI/D_add8,regulatory_off_anchor,nominal,5.0,5.0,109.59723737472513,105.0,ok,75807.48158069953,177807.4587515986,3.5890738812212257,2.274776041232733,0.0,4,1,inf,0.3967547612309685,3.760926118778774,10.62863646233622,,,,,,,,0.0,1.0122239378288125
unseen,reference_PI/D_add8,regulatory_off_anchor,delay_minus30,5.0,5.0,76.71806616230758,75.0,ok,68112.5888912483,165791.24572436797,3.5815150076576248,2.119839590215438,0.0,4,0,17675.0,0.0325798542565509,3.768484992342375,10.625534362452328,0.7,,,,,,,-10.150571591353764,1.0928637145472526
unseen,reference_PI/D_add8,regulatory_off_anchor,delay_plus50,5.0,5.0,164.39585606208766,160.0,ok,98264.50441946436,221480.9450775577,3.6026057132848748,2.9616548591961616,0.0,4,3,inf,1.7409881106810472,3.747394286715125,10.628713765310549,1.5,,,,,,,29.623755294994993,1.10732474915034
unseen,reference_PI/D_add8,regulatory_off_anchor,acid_plus15,5.0,5.0,109.59723737472513,105.0,ok,96737.62688056094,262827.0893802969,4.011533719693151,3.201298795832221,0.0,4,1,inf,1.63843350489541,3.338466280306848,10.678520073449922,,1.15,,,,,,27.609603779780745,0.9839619984240019
unseen,reference_PI/D_add8,regulatory_off_anchor,acid_minus15,5.0,5.0,109.59723737472513,105.0,ok,95864.2767889263,233376.5010629304,3.555957443131307,3.02392146836209,0.0,4,2,inf,2.720398326472228,3.7940425568686926,10.714989664479592,,0.85,,,,,,26.457540588359564,1.0561587654926905
unseen,reference_PI/D_add8,regulatory_off_anchor,base_minus15,5.0,5.0,109.59723737472513,105.0,ok,97828.39179728762,268073.74282341637,4.031301676777559,3.2410917485363147,0.0,4,2,inf,3.1310980421141537,3.3186983232224407,10.617990915269075,,,0.85,,,,,29.04846560975134,1.009465982366634
unseen,reference_PI/D_add8,regulatory_off_anchor,base_plus15,5.0,5.0,109.59723737472513,105.0,ok,96478.12982211396,238755.7326267942,3.7062799108414746,3.0799370585273262,0.0,4,2,inf,2.116578430611211,3.643720089158525,10.699304067394785,,,1.15,,,,,27.26729316210017,1.007767839995502
unseen,reference_PI/D_add8,regulatory_off_anchor,Kw_half,5.0,5.0,109.59723737472513,105.0,ok,86598.35053973392,203262.4184100692,3.589303937186978,2.5222581353486273,0.0,4,1,inf,0.2964740490909499,3.7606960628130217,10.918373370821342,,,,0.5,,,,14.23456990527663,0.9339352300447948
unseen,reference_PI/D_add8,regulatory_off_anchor,Kw_double,5.0,5.0,109.59723737472513,105.0,ok,68095.30200146242,157840.73677687725,3.5886352428253834,2.07560872992846,0.0,4,0,17375.0,0.0389057288228098,3.761364757174616,10.339369778830156,,,,2.0,,,,-10.173375263795359,1.3821245901430803
unseen,reference_PI/D_add8,regulatory_off_anchor,volume_plus20,5.0,5.0,109.59723737472513,105.0,ok,86218.1587601875,197206.6111244996,3.5559344620344167,2.564462232147922,0.0,4,3,inf,1.3244815149774904,3.794065537965583,10.607120038466997,,,,,1.2,,,13.733047137841492,1.1895811183662879
unseen,reference_PI/D_add8,regulatory_off_anchor,volume_minus20,5.0,5.0,109.59723737472513,105.0,ok,63832.43712495412,157890.2173495127,3.6268189652007496,1.980273714989834,0.0,4,0,15955.0,0.0062241067900998,3.72318103479925,10.652731469391298,,,,,0.8,,,-15.796652528283218,0.8166657215641392
unseen,reference_PI/D_add8,regulatory_off_anchor,noise_0.01_seed104729,5.0,5.0,109.59723737472513,105.0,ok,75805.47821127038,177786.8837880271,3.5891789396385603,2.5905322155372987,0.0,4,1,inf,0.3966205315598969,3.7608210603614394,10.628598451821617,,,,,,0.01,104729.0,-0.002642706745270562,0.9645770139973643
unseen,reference_PI/D_add8,regulatory_off_anchor,noise_0.01_seed130363,5.0,5.0,109.59723737472513,105.0,ok,75738.22029797136,177743.197059803,3.5890864618355445,2.5923733219811096,0.0,4,1,inf,0.4165689658413969,3.760913538164455,10.628650618201933,,,,,,0.01,130363.0,-0.09136470607381542,0.9651522528802767
unseen,reference_PI/D_add8,regulatory_off_anchor,noise_0.01_seed155921,5.0,5.0,109.59723737472513,105.0,ok,75794.17056024389,177796.94292381866,3.5891210962659317,2.6138188708374424,0.0,4,1,inf,0.4170971498043796,3.760878903734068,10.62863216713944,,,,,,0.01,155921.0,-0.01755897990288746,0.9651812313942502
unseen,reference_PI/D_add8,regulatory_off_anchor,noise_0.01_seed196613,5.0,5.0,109.59723737472513,105.0,ok,75855.38175936494,177850.52644136592,3.5888574263063995,2.589979011867519,0.0,4,1,inf,0.3915486130983998,3.7611425736936,10.628628186077412,,,,,,0.01,196613.0,0.06318661122441949,0.9637208523801861
unseen,reference_PI/D_add8,regulatory_off_anchor,noise_0.01_seed262147,5.0,5.0,109.59723737472513,105.0,ok,75851.70970645474,177872.25030881134,3.5891607980514513,2.615690904852367,0.0,4,1,inf,0.395364417034906,3.760839201948549,10.628624586830773,,,,,,0.01,262147.0,0.05834269234774592,0.9651777257593468
unseen,reference_PI/D_add8,regulatory_off_anchor,noise_0.05_seed104729,5.0,5.0,109.59723737472513,105.0,ok,76003.59141371859,178000.3353841006,3.5896202892900435,6.831101288561285,0.0,4,1,inf,0.3370532081408361,3.760379710709956,10.628448738905568,,,,,,0.05,104729.0,0.2586945627659265,0.9643876508582411
unseen,reference_PI/D_add8,regulatory_off_anchor,noise_0.05_seed130363,5.0,5.0,109.59723737472513,105.0,ok,75556.3077736229,177624.06909494413,3.5890828054527626,6.864302799740578,0.0,4,1,inf,0.4101247545316084,3.760917194547237,10.628712296461684,,,,,,0.05,130363.0,-0.3313311586657153,0.9598331618155865
unseen,reference_PI/D_add8,regulatory_off_anchor,noise_0.05_seed155921,5.0,5.0,109.59723737472513,105.0,ok,75896.9438867727,177986.92864841913,3.5892744707820268,7.01273131383219,0.0,4,1,inf,0.4234584650991957,3.760725529217973,10.628629591276916,,,,,,0.05,155921.0,0.11801250247038819,0.9639913563787448
unseen,reference_PI/D_add8,regulatory_off_anchor,noise_0.05_seed196613,5.0,5.0,109.59723737472513,105.0,ok,76158.19883300806,178202.49528871715,3.588057586170013,6.8453701441832235,0.0,4,1,inf,0.3156270189317931,3.7619424138299866,10.628599229108778,,,,,,0.05,196613.0,0.46264200445067516,0.9640809907303959
unseen,reference_PI/D_add8,regulatory_off_anchor,noise_0.05_seed262147,5.0,5.0,109.59723737472513,105.0,ok,76148.24488372492,178286.8415478996,3.589474709545272,6.994417798420572,0.0,4,1,inf,0.3428147868551185,3.760525290454728,10.628581097682446,,,,,,0.05,262147.0,0.44951144124558695,0.9659062821619696
unseen,reference_PI/D_add8,regulatory_off_anchor,combined_seed104729,5.0,5.0,164.39585606208766,160.0,ok,128931.15920984106,391000.2892359226,4.377541817279939,14.77276332774834,0.0,4,4,inf,4.185623412593031,2.9724581827200605,10.358883932758433,1.5,1.15,0.85,2.0,1.2,0.05,104729.0,70.07709070586871,1.0792171227010439
unseen,reference_PI/D_add8,regulatory_off_anchor,combined_seed130363,5.0,5.0,164.39585606208766,160.0,ok,128859.67430072704,391048.5276462091,4.3776266702012165,14.728288847956788,0.0,4,4,inf,4.18558128296854,2.9723733297987835,10.359042710493023,1.5,1.15,0.85,2.0,1.2,0.05,130363.0,69.98279274526713,1.0786132634530265
unseen,reference_PI/D_add8,regulatory_off_anchor,combined_seed155921,5.0,5.0,164.39585606208766,160.0,ok,128871.1765753402,390880.06478303665,4.3775032220183085,14.733783632365494,0.0,4,4,inf,4.185118941356984,2.9724967779816907,10.359116976878031,1.5,1.15,0.85,2.0,1.2,0.05,155921.0,69.99796575243387,1.079366163497878
unseen,reference_PI/D_add8,regulatory_off_anchor,combined_seed196613,5.0,5.0,164.39585606208766,160.0,ok,128806.51258788706,390744.5652083512,4.377474858979987,14.35395527403757,0.0,4,4,inf,4.185248311562917,2.972525141020013,10.35898405970958,1.5,1.15,0.85,2.0,1.2,0.05,196613.0,69.91266548113504,1.0767153255522408
unseen,reference_PI/D_add8,regulatory_off_anchor,combined_seed262147,5.0,5.0,164.39585606208766,160.0,ok,128860.5388434638,391108.2901118355,4.377829868276848,14.98801997646119,0.0,4,4,inf,4.185759076983781,2.9721701317231517,10.35901897551993,1.5,1.15,0.85,2.0,1.2,0.05,262147.0,69.98393319040359,1.0777398776987843
unseen,reference_PI/D2_resample_Ti_Td,reverse_off_anchor,nominal,5.0,5.0,109.59723737472513,105.0,ok,15378.8832411518,17276.124153768866,2.006322758273903,0.1680062464822302,0.0,4,0,9440.0,1.689713951158467e-05,5.398934639021249,8.7,,,,,,,,0.0,0.5306402422960209
unseen,reference_PI/D2_resample_Ti_Td,reverse_off_anchor,delay_minus30,5.0,5.0,76.71806616230758,75.0,ok,12779.449436331057,14318.501192523228,1.959328323216921,0.1332521630325649,0.0,4,0,8330.0,1.2557855902706194e-05,5.398868267942603,8.7,0.7,,,,,,,-16.902617466169534,0.725330506381091
unseen,reference_PI/D2_resample_Ti_Td,reverse_off_anchor,delay_plus50,5.0,5.0,164.39585606208766,160.0,ok,30758.09722766601,38153.423130988456,2.1027841872594006,0.3762792426707522,0.0,4,1,inf,0.1002022428717266,5.19773133552716,8.752784187259401,1.5,,,,,,,100.00215064616347,0.760945773468084
unseen,reference_PI/D2_resample_Ti_Td,reverse_off_anchor,acid_plus15,5.0,5.0,109.59723737472513,105.0,ok,42904.07664314066,139540.98529577587,5.317164800586013,1.30353002037013,0.0,4,1,inf,0.9130886649615276,3.3828351994139867,9.637836790908697,,1.15,,,,,,178.98044331551452,0.788248927109438
unseen,reference_PI/D2_resample_Ti_Td,reverse_off_anchor,acid_minus15,5.0,5.0,109.59723737472513,105.0,ok,44045.23892941201,83258.12507659472,3.212316712225178,1.2588050467464091,0.0,4,1,inf,1.862768781683206,4.470116653387361,10.760422488688246,,0.85,,,,,,186.40076290814758,0.8941418180454316
unseen,reference_PI/D2_resample_Ti_Td,reverse_off_anchor,base_minus15,5.0,5.0,109.59723737472513,105.0,ok,46273.96860167174,157013.51048781228,5.340622107888816,1.4193844937601403,0.0,4,1,inf,0.888484128448118,3.359377892111184,9.600196819580749,,,0.85,,,,,200.8929053954249,0.872328625460226
unseen,reference_PI/D2_resample_Ti_Td,reverse_off_anchor,base_plus15,5.0,5.0,109.59723737472513,105.0,ok,41105.10977771922,74769.16422616529,3.1380080232039784,1.155757829820618,0.0,4,1,inf,1.788615233061842,4.434098116541465,10.74843018951874,,,1.15,,,,,167.28280027334844,0.8132244244869999
unseen,reference_PI/D2_resample_Ti_Td,reverse_off_anchor,Kw_half,5.0,5.0,109.59723737472513,105.0,ok,17328.214733381225,20336.951510181127,2.237493538899505,0.2161119666499589,0.0,4,0,9965.0,0.0004190196007094,5.297944996038778,8.887493538899506,,,,0.5,,,,12.675377409806178,0.46834964063853046
unseen,reference_PI/D2_resample_Ti_Td,reverse_off_anchor,Kw_double,5.0,5.0,109.59723737472513,105.0,ok,14714.340974300876,16063.063573573858,1.949871749372206,0.1468500995020099,0.0,4,0,9435.0,0.0063779495125846,5.398927351805022,8.710269489422934,,,,2.0,,,,-4.321134743208788,1.0784434859068084
unseen,reference_PI/D2_resample_Ti_Td,reverse_off_anchor,volume_plus20,5.0,5.0,109.59723737472513,105.0,ok,18437.979440558986,20958.123337298497,2.005404207732571,0.1938061922032012,0.0,4,0,11870.0,0.0002834106445073,5.3946965591019085,8.7,,,,,1.2,,,19.89153667037058,0.7674752434777378
unseen,reference_PI/D2_resample_Ti_Td,reverse_off_anchor,volume_minus20,5.0,5.0,109.59723737472513,105.0,ok,12050.571750133033,13876.67711282168,2.0025362830417563,0.1418920181665264,0.0,4,0,7505.0,2.033717487748277e-07,5.3999999999972195,8.7,,,,,0.8,,,-21.64208830269716,0.3544093004377082
unseen,reference_PI/D2_resample_Ti_Td,reverse_off_anchor,noise_0.01_seed104729,5.0,5.0,109.59723737472513,105.0,ok,15396.169480756142,17276.51636949015,2.0052657661639675,0.9414931772417976,0.0,4,0,9450.0,0.0007754869647378,5.397336825140614,8.700161833171885,,,,,,0.01,104729.0,0.11240243737651312,0.5309504432710273
unseen,reference_PI/D2_resample_Ti_Td,reverse_off_anchor,noise_0.01_seed130363,5.0,5.0,109.59723737472513,105.0,ok,15402.066195456691,17266.65107522189,2.003288480209225,0.9450936631268352,0.0,4,0,9450.0,0.0002980407827397,5.397958047122845,8.700612038593873,,,,,,0.01,130363.0,0.15074536909713832,0.5311864863172954
unseen,reference_PI/D2_resample_Ti_Td,reverse_off_anchor,noise_0.01_seed155921,5.0,5.0,109.59723737472513,105.0,ok,15389.40401053019,17267.182396185723,2.0040535801518473,0.9310361390865198,0.0,4,0,9420.0,0.0017920451501911,5.3975936324242,8.700913529177745,,,,,,0.01,155921.0,0.06841048997783261,0.5308477593582706
unseen,reference_PI/D2_resample_Ti_Td,reverse_off_anchor,noise_0.01_seed196613,5.0,5.0,109.59723737472513,105.0,ok,15403.021075464329,17269.59411074876,2.0041637232520166,0.940403335535601,0.0,4,0,9445.0,0.0009657841196126,5.397520035994168,8.701795651949272,,,,,,0.01,196613.0,0.15695440256635607,0.531101072076461
unseen,reference_PI/D2_resample_Ti_Td,reverse_off_anchor,noise_0.01_seed262147,5.0,5.0,109.59723737472513,105.0,ok,15374.165821885676,17234.559220465053,2.0037432796152324,0.9273327962053316,0.0,4,0,9435.0,0.0009173791144805,5.397434904594417,8.700867326943879,,,,,,0.01,262147.0,-0.03067465427853966,0.5303128725013272
unseen,reference_PI/D2_resample_Ti_Td,reverse_off_anchor,noise_0.05_seed104729,5.0,5.0,109.59723737472513,105.0,ok,15557.112533565924,17326.50504222965,2.0000947342056214,4.2529732795340385,0.0,4,0,9420.0,0.0059667031028922,5.392595325082554,8.700012576421004,,,,,,0.05,104729.0,1.1589222027331925,0.5352453175022572
unseen,reference_PI/D2_resample_Ti_Td,reverse_off_anchor,noise_0.05_seed130363,5.0,5.0,109.59723737472513,105.0,ok,15587.678491568377,17273.051133315224,1.9858548773374451,4.2837003854788005,0.0,4,0,9470.0,0.0036180134338179,5.3924427890881175,8.702596246308058,,,,,,0.05,130363.0,1.3576749829133927,0.53661368785253
unseen,reference_PI/D2_resample_Ti_Td,reverse_off_anchor,noise_0.05_seed155921,5.0,5.0,109.59723737472513,105.0,ok,15426.888176236294,17165.15948211332,1.9924671708095296,4.21423020404158,0.0,4,0,9335.0,0.0098115428278591,5.391464762918993,8.703362551959653,,,,,,0.05,155921.0,0.31214838120390276,0.531212627050964
unseen,reference_PI/D2_resample_Ti_Td,reverse_off_anchor,noise_0.05_seed196613,5.0,5.0,109.59723737472513,105.0,ok,15505.461759000762,17181.61764542094,1.9910692480879355,4.2534479115184824,0.0,4,0,9420.0,0.0090454702789335,5.392374983164207,8.707071992485705,,,,,,0.05,196613.0,0.8230670320082512,0.5331537729964759
unseen,reference_PI/D2_resample_Ti_Td,reverse_off_anchor,noise_0.05_seed262147,5.0,5.0,109.59723737472513,105.0,ok,15348.30294622223,16983.17995524263,1.9909959099399224,4.179646096419932,0.0,4,0,9425.0,0.0030091343073692,5.388306568351555,8.704070509801607,,,,,,0.05,262147.0,-0.19884600494098903,0.5287766859979754
unseen,reference_PI/D2_resample_Ti_Td,reverse_off_anchor,combined_seed104729,5.0,5.0,164.39585606208766,160.0,ok,71181.19109598009,265766.60678805516,5.699014033108881,10.519416975074945,0.0,4,1,inf,5.37038521138804,3.000985966891118,9.084834961709058,1.5,1.15,0.85,2.0,1.2,0.05,104729.0,362.8501951657251,0.9943184830557641
unseen,reference_PI/D2_resample_Ti_Td,reverse_off_anchor,combined_seed130363,5.0,5.0,164.39585606208766,160.0,ok,71280.52131254724,265831.8201257107,5.69880677742605,10.421235090548352,0.0,4,1,inf,5.369786011863626,3.001193222573949,9.089214965387804,1.5,1.15,0.85,2.0,1.2,0.05,130363.0,363.49608222403475,0.9953089661005
unseen,reference_PI/D2_resample_Ti_Td,reverse_off_anchor,combined_seed155921,5.0,5.0,164.39585606208766,160.0,ok,71007.77301994342,265475.3052938146,5.698696447480371,10.536578063411792,0.0,4,1,inf,5.369268421452272,3.001303552519628,9.083770787171822,1.5,1.15,0.85,2.0,1.2,0.05,155921.0,361.72255752573943,0.9915951929252577
unseen,reference_PI/D2_resample_Ti_Td,reverse_off_anchor,combined_seed196613,5.0,5.0,164.39585606208766,160.0,ok,71110.34969502364,265707.18007938616,5.699776836019597,10.305822403388298,0.0,4,1,inf,5.371666704452716,3.000223163980403,9.085146228708249,1.5,1.15,0.85,2.0,1.2,0.05,196613.0,362.38955442968717,0.9923501692080506
unseen,reference_PI/D2_resample_Ti_Td,reverse_off_anchor,combined_seed262147,5.0,5.0,164.39585606208766,160.0,ok,71184.05957461246,265651.33196474676,5.698784275272548,10.361246854462395,0.0,4,1,inf,5.369454024697307,3.001215724727451,9.088637252677794,1.5,1.15,0.85,2.0,1.2,0.05,262147.0,362.8688472263942,0.9933647561640815
unseen,reference_PI/D2_resample_Ti_Td,cross_equivalence,nominal,5.0,5.0,109.59723737472513,105.0,ok,57173.160601836054,128603.63918410812,4.111951048609149,1.6860083670699302,0.0,7,3,inf,1.572011449899784,3.941158300304548,10.19432508579663,,,,,,,,0.0,1.0980936394494107
unseen,reference_PI/D2_resample_Ti_Td,cross_equivalence,delay_minus30,5.0,5.0,76.71806616230758,75.0,ok,53973.35626663013,122341.01928128948,4.0948583983779425,1.574069111973461,0.0,7,2,inf,1.4418017602704165,3.950623592294548,10.187137398723298,0.7,,,,,,,-5.596689603168736,1.2407933640713211
unseen,reference_PI/D2_resample_Ti_Td,cross_equivalence,delay_plus50,5.0,5.0,164.39585606208766,160.0,ok,66971.14802629454,149957.28979782693,4.150992837337997,2.0058518890754016,0.0,7,5,inf,1.7481312037756842,3.940241291338909,10.20707715836401,1.5,,,,,,,17.137389854469287,1.064861269411434
unseen,reference_PI/D2_resample_Ti_Td,cross_equivalence,acid_plus15,5.0,5.0,109.59723737472513,105.0,ok,77792.80196783545,184103.33970959156,4.761308810617651,2.6832844829139075,0.0,7,5,inf,1.6119158159292462,3.2848516143768984,10.253575571137803,,1.15,,,,,,36.06524661037756,0.9876198708136348
unseen,reference_PI/D2_resample_Ti_Td,cross_equivalence,acid_minus15,5.0,5.0,109.59723737472513,105.0,ok,87366.12786689118,253144.37466663157,5.37404323133979,2.9918257950528826,0.0,7,5,inf,1.4428303751528473,3.9792579511332993,10.62404323133979,,0.85,,,,,,52.80968718053609,1.1106999857968591
unseen,reference_PI/D2_resample_Ti_Td,cross_equivalence,base_minus15,5.0,5.0,109.59723737472513,105.0,ok,81273.6162854803,197011.49794134588,4.866046237653935,2.7710062130546307,0.0,7,4,inf,1.716483983019211,3.2678799309796367,10.19584122547922,,,0.85,,,,,42.1534430315722,1.0258508185814161
unseen,reference_PI/D2_resample_Ti_Td,cross_equivalence,base_plus15,5.0,5.0,109.59723737472513,105.0,ok,86586.38855872989,242838.84153151824,5.348624803660945,2.9208880550073646,0.0,7,6,inf,1.0522797900789227,3.950990148344411,10.598624803660943,,,1.15,,,,,51.4458666396506,1.1051558920832798
unseen,reference_PI/D2_resample_Ti_Td,cross_equivalence,Kw_half,5.0,5.0,109.59723737472513,105.0,ok,64359.8712075205,145633.07094103197,4.117184713334942,1.851938494199901,0.0,7,4,inf,1.203182618644001,3.9425014313028175,10.478702138192054,,,,0.5,,,,12.570077515451628,1.1042367014676127
unseen,reference_PI/D2_resample_Ti_Td,cross_equivalence,Kw_double,5.0,5.0,109.59723737472513,105.0,ok,53879.478875369496,114239.83481338262,4.107479126549334,1.4885828144268487,0.0,7,4,inf,0.3971308652229677,3.941450850152642,9.911481620551184,,,,2.0,,,,-5.760887961755934,1.2382215878495173
unseen,reference_PI/D2_resample_Ti_Td,cross_equivalence,volume_plus20,5.0,5.0,109.59723737472513,105.0,ok,64251.00400176674,140748.42863024407,4.072488545864563,1.8808332563649808,0.0,7,5,inf,1.1110100114638533,3.9750564951721743,10.161553881628269,,,,,1.2,,,12.379660885327004,1.2682567406942198
unseen,reference_PI/D2_resample_Ti_Td,cross_equivalence,volume_minus20,5.0,5.0,109.59723737472513,105.0,ok,51651.12948941264,118001.83519864152,4.164127286094449,1.4773509763550967,0.0,7,2,inf,0.4606379282375163,3.900270186585404,10.231224819814908,,,,,0.8,,,-9.65843247827387,0.9601400477931072
unseen,reference_PI/D2_resample_Ti_Td,cross_equivalence,noise_0.01_seed104729,5.0,5.0,109.59723737472513,105.0,ok,57202.50556021702,128616.35337292186,4.112028807701128,2.373550311244709,0.0,7,3,inf,1.5723764228886692,3.941078525548421,10.194403089403991,,,,,,0.01,104729.0,0.05132645820531412,1.0981576883087325
unseen,reference_PI/D2_resample_Ti_Td,cross_equivalence,noise_0.01_seed130363,5.0,5.0,109.59723737472513,105.0,ok,57198.940973138175,128623.56516377404,4.111745721980302,2.352802810774052,0.0,7,3,inf,1.5723021493979852,3.941270628659569,10.194407104007627,,,,,,0.01,130363.0,0.04509173715558923,1.098249883339547
unseen,reference_PI/D2_resample_Ti_Td,cross_equivalence,noise_0.01_seed155921,5.0,5.0,109.59723737472513,105.0,ok,57215.54056085654,128619.78539253384,4.111900995651051,2.338426693698646,0.0,7,3,inf,1.573742444164199,3.941434297680362,10.194274351173949,,,,,,0.01,155921.0,0.0741256186895578,1.0986930870065712
unseen,reference_PI/D2_resample_Ti_Td,cross_equivalence,noise_0.01_seed196613,5.0,5.0,109.59723737472513,105.0,ok,57196.29776879254,128611.3595464529,4.11203882592525,2.3502471197186665,0.0,7,3,inf,1.5717365575568651,3.9412152019319873,10.194239302162629,,,,,,0.01,196613.0,0.04046858125899,1.0983281889344203
unseen,reference_PI/D2_resample_Ti_Td,cross_equivalence,noise_0.01_seed262147,5.0,5.0,109.59723737472513,105.0,ok,57178.37478420262,128605.35133040468,4.112127338763028,2.36003759965019,0.0,7,3,inf,1.5724825985186195,3.9411275302347777,10.194217474710966,,,,,,0.01,262147.0,0.009119982718597264,1.0978759384879109
unseen,reference_PI/D2_resample_Ti_Td,cross_equivalence,noise_0.05_seed104729,5.0,5.0,109.59723737472513,105.0,ok,57345.740029002685,128651.18003508962,4.112521892557206,7.418278821636739,0.0,7,3,inf,1.575023236228284,3.940897703547299,10.194726267809088,,,,,,0.05,104729.0,0.30185392122801247,1.0988100585634653
unseen,reference_PI/D2_resample_Ti_Td,cross_equivalence,noise_0.05_seed130363,5.0,5.0,109.59723737472513,105.0,ok,57308.33188825579,128667.4145262518,4.110761656070672,7.358509688408515,0.0,7,3,inf,1.572055328017698,3.9417846348850567,10.19472493593691,,,,,,0.05,130363.0,0.23642437289952412,1.0986376440875938
unseen,reference_PI/D2_resample_Ti_Td,cross_equivalence,noise_0.05_seed155921,5.0,5.0,109.59723737472513,105.0,ok,57419.70999853544,128676.01539125128,4.111304448472768,7.303785315644177,0.0,7,3,inf,1.5775478668174785,3.942676295359631,10.194070745484296,,,,,,0.05,155921.0,0.4312327569511165,1.1016049499765619
unseen,reference_PI/D2_resample_Ti_Td,cross_equivalence,noise_0.05_seed196613,5.0,5.0,109.59723737472513,105.0,ok,57342.27537378839,128637.24027640215,4.112496392057396,7.344898794820979,0.0,7,3,inf,1.571331839340222,3.941484142275235,10.193890772655353,,,,,,0.05,196613.0,0.29579398824928216,1.1000837814700926
unseen,reference_PI/D2_resample_Ti_Td,cross_equivalence,noise_0.05_seed262147,5.0,5.0,109.59723737472513,105.0,ok,57256.70979108418,128616.25621705272,4.112845441745055,7.445194657849164,0.0,7,3,inf,1.5719209355648769,3.94113164897875,10.193778632246351,,,,,,0.05,262147.0,0.14613358500499274,1.0980668611814604
unseen,reference_PI/D2_resample_Ti_Td,cross_equivalence,combined_seed104729,5.0,5.0,164.39585606208766,160.0,ok,101791.35461692169,306269.8960613146,5.367100995655235,14.252907138609707,0.0,7,6,inf,2.2172830281394584,2.9335235638617094,9.947140527756195,1.5,1.15,0.85,2.0,1.2,0.05,104729.0,78.04045385178998,0.9751236615781494
unseen,reference_PI/D2_resample_Ti_Td,cross_equivalence,combined_seed130363,5.0,5.0,164.39585606208766,160.0,ok,101797.67359435906,306687.86214861384,5.3669540816946455,14.091433862041573,0.0,7,6,inf,2.217147388273797,2.933559351518733,9.947203643769068,1.5,1.15,0.85,2.0,1.2,0.05,130363.0,78.05150620112813,0.9751491893020611
unseen,reference_PI/D2_resample_Ti_Td,cross_equivalence,combined_seed155921,5.0,5.0,164.39585606208766,160.0,ok,101655.811174752,306095.12510057614,5.366820679978139,14.08622846387148,0.0,7,5,inf,2.2170023440157354,2.9335618215731194,9.946741242547407,1.5,1.15,0.85,2.0,1.2,0.05,155921.0,77.80337855152166,0.9741792935775347
unseen,reference_PI/D2_resample_Ti_Td,cross_equivalence,combined_seed196613,5.0,5.0,164.39585606208766,160.0,ok,101723.97788588828,306284.6170790324,5.366950972652784,13.891661831432751,0.0,7,5,inf,2.217131483014978,2.9334366111899115,9.94662059557254,1.5,1.15,0.85,2.0,1.2,0.05,196613.0,77.92260706787219,0.9756187525927553
unseen,reference_PI/D2_resample_Ti_Td,cross_equivalence,combined_seed262147,5.0,5.0,164.39585606208766,160.0,ok,101808.61034607809,306511.70910717285,5.3669683703537086,14.399529498032765,0.0,7,5,inf,2.2171590372751075,2.933416375466655,9.946684989896958,1.5,1.15,0.85,2.0,1.2,0.05,262147.0,78.07063537223551,0.9759875153462482
unseen,reference_PI/D2_resample_Ti_Td,regulatory_off_anchor,nominal,5.0,5.0,109.59723737472513,105.0,ok,73533.58823524733,175675.06170481147,3.58909064926422,2.2298821391691153,0.0,4,0,17710.0,0.0140424520828172,3.76090935073578,10.628858137503384,,,,,,,,0.0,0.9818616407528157
unseen,reference_PI/D2_resample_Ti_Td,regulatory_off_anchor,delay_minus30,5.0,5.0,76.71806616230758,75.0,ok,67242.92126378922,164473.66872845133,3.5815322029636207,2.0961837606769196,0.0,4,0,17315.0,0.0007661691675018,3.768467797036379,10.625801877074403,0.7,,,,,,,-8.55482116734616,1.0789099328860692
unseen,reference_PI/D2_resample_Ti_Td,regulatory_off_anchor,delay_plus50,5.0,5.0,164.39585606208766,160.0,ok,96488.6384356901,217009.69516727663,3.602621754248692,2.824289050902652,0.0,4,3,inf,0.9618621001042325,3.747378245751307,10.631839969695584,1.5,,,,,,,31.21709514161799,1.0873128397978724
unseen,reference_PI/D2_resample_Ti_Td,regulatory_off_anchor,acid_plus15,5.0,5.0,109.59723737472513,105.0,ok,95128.5301334468,260277.46702014096,4.011541237299623,3.1670481903223235,0.0,4,2,inf,1.6383445875604945,3.3384587627003772,10.678730975542596,,1.15,,,,,,29.36745291024465,0.9675951502595039
unseen,reference_PI/D2_resample_Ti_Td,regulatory_off_anchor,acid_minus15,5.0,5.0,109.59723737472513,105.0,ok,93017.06586774228,228623.20689284423,3.5561979903549177,2.967554837279696,0.0,4,2,inf,2.721453266694981,3.793802009645082,10.715209452049946,,0.85,,,,,,26.49602460601237,1.024790388529538
unseen,reference_PI/D2_resample_Ti_Td,regulatory_off_anchor,base_minus15,5.0,5.0,109.59723737472513,105.0,ok,96343.9229713178,265561.7896669599,4.031308062871445,3.2082691016146327,0.0,4,2,inf,3.1311408266354492,3.3186919371285546,10.618222237968244,,,0.85,,,,,31.020293288416802,0.9941481308291644
unseen,reference_PI/D2_resample_Ti_Td,regulatory_off_anchor,base_plus15,5.0,5.0,109.59723737472513,105.0,ok,93512.30147177224,234432.1782520048,3.705978325221907,3.0231379693003397,0.0,4,2,inf,2.121000232485649,3.644021674778092,10.699560898139516,,,1.15,,,,,27.16950677370642,0.9767881098127947
unseen,reference_PI/D2_resample_Ti_Td,regulatory_off_anchor,Kw_half,5.0,5.0,109.59723737472513,105.0,ok,81700.30676619647,195848.5156863004,3.589321156122807,2.435200613270723,0.0,4,1,inf,0.4142871039973146,3.760678843877193,10.918700586362696,,,,0.5,,,,11.106106375255798,0.8811114105390264
unseen,reference_PI/D2_resample_Ti_Td,regulatory_off_anchor,Kw_double,5.0,5.0,109.59723737472513,105.0,ok,66687.90452793322,156575.49578646885,3.588658827177162,2.0432847938022913,0.0,4,1,inf,0.0675731308294462,3.7613411728228376,10.33968659424414,,,,2.0,,,,-9.309601056613094,1.3535587625588488
unseen,reference_PI/D2_resample_Ti_Td,regulatory_off_anchor,volume_plus20,5.0,5.0,109.59723737472513,105.0,ok,83915.21682110346,194342.00123586017,3.555951771297868,2.5167327689526457,0.0,4,2,inf,0.4809951503428369,3.794048228702131,10.60685559326299,,,,,1.2,,,14.118212962277067,1.1578066489642198
unseen,reference_PI/D2_resample_Ti_Td,regulatory_off_anchor,volume_minus20,5.0,5.0,109.59723737472513,105.0,ok,62193.061900529174,155470.50941525758,3.626835086433853,1.9484457321862427,0.0,4,0,15685.0,0.0041127227122892,3.7231649135661464,10.652977041362544,,,,,0.8,,,-15.422239832004047,0.7956917213399493
unseen,reference_PI/D2_resample_Ti_Td,regulatory_off_anchor,noise_0.01_seed104729,5.0,5.0,109.59723737472513,105.0,ok,73543.97725933688,175649.4222565523,3.5891947113081284,2.5472071578893036,0.0,4,0,17720.0,0.0111205168875443,3.7608052886918713,10.628820505405898,,,,,,0.01,104729.0,0.014128270276048127,0.9358008373035288
unseen,reference_PI/D2_resample_Ti_Td,regulatory_off_anchor,noise_0.01_seed130363,5.0,5.0,109.59723737472513,105.0,ok,73528.75289208646,175670.13342123132,3.5891026013075313,2.5507826678343646,0.0,4,0,17715.0,0.0131492512449504,3.760897398692468,10.628871915987268,,,,,,0.01,130363.0,-0.006575693199417643,0.9369964230223038
unseen,reference_PI/D2_resample_Ti_Td,regulatory_off_anchor,noise_0.01_seed155921,5.0,5.0,109.59723737472513,105.0,ok,73561.013670219,175680.12071474965,3.5891378302913903,2.573027258650881,0.0,4,0,17715.0,0.0122590564944999,3.7608621697086098,10.628855860692903,,,,,,0.01,155921.0,0.03729647312182838,0.9367436734517488
unseen,reference_PI/D2_resample_Ti_Td,regulatory_off_anchor,noise_0.01_seed196613,5.0,5.0,109.59723737472513,105.0,ok,73586.91799499572,175705.61250862782,3.5888743030053605,2.5475382075263164,0.0,4,0,17710.0,0.0145570166581672,3.761125696994639,10.628850623157534,,,,,,0.01,196613.0,0.07252435387454792,0.9349006713740893
unseen,reference_PI/D2_resample_Ti_Td,regulatory_off_anchor,noise_0.01_seed262147,5.0,5.0,109.59723737472513,105.0,ok,73574.82877400286,175749.72008535292,3.5891782688807288,2.5743356359595477,0.0,4,0,17705.0,0.0162524878815046,3.760821731119271,10.628845947418617,,,,,,0.01,262147.0,0.0560839471393626,0.93620547492
unseen,reference_PI/D2_resample_Ti_Td,regulatory_off_anchor,noise_0.05_seed104729,5.0,5.0,109.59723737472513,105.0,ok,73596.85758072708,175501.9034305169,3.5896330993388164,6.72532841866956,0.0,4,0,17745.0,0.0042757643869828,3.7603669006611833,10.628675084471263,,,,,,0.05,104729.0,0.08604142269972304,0.933849299390013
unseen,reference_PI/D2_resample_Ti_Td,regulatory_off_anchor,noise_0.05_seed130363,5.0,5.0,109.59723737472513,105.0,ok,73524.14257675892,175688.32089397343,3.5890940906497706,6.776066900821905,0.0,4,0,17695.0,0.0174344046458028,3.760905909350229,10.62893699135218,,,,,,0.05,130363.0,-0.01284536592744967,0.9340174542497586
unseen,reference_PI/D2_resample_Ti_Td,regulatory_off_anchor,noise_0.05_seed155921,5.0,5.0,109.59723737472513,105.0,ok,73811.64675685568,175806.84814192294,3.5892898539462843,6.940398675005095,0.0,4,0,17730.0,0.0096759087593865,3.7607101460537153,10.628854015497256,,,,,,0.05,155921.0,0.3781381111428894,0.937505330647322
unseen,reference_PI/D2_resample_Ti_Td,regulatory_off_anchor,noise_0.05_seed196613,5.0,5.0,109.59723737472513,105.0,ok,73806.54011177084,175816.6414204483,3.5880725384724323,6.758789722261164,0.0,4,0,17680.0,0.0223828850378637,3.7619274615275673,10.62882601286648,,,,,,0.05,196613.0,0.3711934682832041,0.9343115173897589
unseen,reference_PI/D2_resample_Ti_Td,regulatory_off_anchor,noise_0.05_seed262147,5.0,5.0,109.59723737472513,105.0,ok,73868.87017254952,176106.37872194272,3.5894942260348506,6.907849304754226,0.0,4,0,17680.0,0.0298899797763256,3.760505773965149,10.628802573506452,,,,,,0.05,262147.0,0.4559575363431989,0.9369934377978311
unseen,reference_PI/D2_resample_Ti_Td,regulatory_off_anchor,combined_seed104729,5.0,5.0,164.39585606208766,160.0,ok,128453.48115552808,389021.24417372176,4.377544790328809,14.678937533366575,0.0,4,4,inf,4.185628126437278,2.9724552096711907,10.357594533117418,1.5,1.15,0.85,2.0,1.2,0.05,104729.0,74.68681216069861,1.0752187227912589
unseen,reference_PI/D2_resample_Ti_Td,regulatory_off_anchor,combined_seed130363,5.0,5.0,164.39585606208766,160.0,ok,128613.61818211558,389323.41323091346,4.377629718406363,14.627061643964192,0.0,4,4,inf,4.185586108113874,2.972370281593637,10.357823544366097,1.5,1.15,0.85,2.0,1.2,0.05,130363.0,74.90458614729532,1.0765536633917325
unseen,reference_PI/D2_resample_Ti_Td,regulatory_off_anchor,combined_seed155921,5.0,5.0,164.39585606208766,160.0,ok,128451.6937454589,388950.9179585735,4.37750625287086,14.63162075998478,0.0,4,4,inf,4.185123745141196,2.97249374712914,10.357761654186591,1.5,1.15,0.85,2.0,1.2,0.05,155921.0,74.68438142107054,1.0758527667494784
unseen,reference_PI/D2_resample_Ti_Td,regulatory_off_anchor,combined_seed196613,5.0,5.0,164.39585606208766,160.0,ok,128475.37195239928,389035.1625020712,4.377477626128567,14.256718874376183,0.0,4,4,inf,4.185252701271117,2.9725223738714335,10.357701341881231,1.5,1.15,0.85,2.0,1.2,0.05,196613.0,74.71658195351924,1.0739472652268784
unseen,reference_PI/D2_resample_Ti_Td,regulatory_off_anchor,combined_seed262147,5.0,5.0,164.39585606208766,160.0,ok,128589.8899165976,389310.90496412327,4.377832968052188,14.884343716803423,0.0,4,3,inf,4.185763981088739,2.9721670319478113,10.357761695464069,1.5,1.15,0.85,2.0,1.2,0.05,262147.0,74.8723175390478,1.0754762743958801
unseen,reference_PI/E_original5_retuned,reverse_off_anchor,nominal,5.0,5.0,109.59723737472513,105.0,ok,63518.656923155824,123476.61812900667,2.7060702159747425,14.224225389408788,0.0,4,2,inf,2.265327306816478,4.563143065130228,9.041336869903958,,,,,,,,0.0,2.191677703217731
unseen,reference_PI/E_original5_retuned,reverse_off_anchor,delay_minus30,5.0,5.0,76.71806616230758,75.0,ok,5789.3508597798145,7590.885822274769,2.228405441458378,0.7104985839396507,0.0,4,0,3045.0,6.6835426082434416e-12,5.245131453752404,8.878405441458378,0.7,,,,,,,-90.88558993496399,0.32858949140671845
unseen,reference_PI/E_original5_retuned,reverse_off_anchor,delay_plus50,5.0,5.0,164.39585606208766,160.0,ok,76568.08262764582,163779.6847548705,3.5477661711315687,21.118315189889756,0.0,4,3,inf,1.7475192097037615,4.204105193512964,9.19348599871748,1.5,,,,,,,20.544240600485388,1.894270585946884
unseen,reference_PI/E_original5_retuned,reverse_off_anchor,acid_plus15,5.0,5.0,109.59723737472513,105.0,ok,74992.74707534586,167846.18471836415,5.010908574632888,17.12802666874628,0.0,4,2,inf,2.6618089747643694,3.689091425367111,9.499992815642758,,1.15,,,,,,18.064125893076223,1.3777933718235973
unseen,reference_PI/E_original5_retuned,reverse_off_anchor,acid_minus15,5.0,5.0,109.59723737472513,105.0,ok,77467.85916693235,161357.58922275566,4.16665275831796,18.03812399409357,0.0,4,3,inf,2.4358492327471746,4.166546953309943,10.550999242322836,,0.85,,,,,,21.960795330814562,1.5726388167996492
unseen,reference_PI/E_original5_retuned,reverse_off_anchor,base_minus15,5.0,5.0,109.59723737472513,105.0,ok,19184.597283918407,52007.37094750203,5.0444690067309255,3.4149098994961715,0.0,4,0,5930.0,0.0017839066915854,3.655530993269074,9.472769538962329,,,0.85,,,,,-69.79690973767325,0.36165632394200864
unseen,reference_PI/E_original5_retuned,reverse_off_anchor,base_plus15,5.0,5.0,109.59723737472513,105.0,ok,90978.31071126764,215188.94378132827,4.171676467187454,24.06532070232831,0.0,4,3,inf,2.887870188027488,3.8574847171004976,10.524019411558507,,,1.15,,,,,43.23084762533975,1.7999169633424417
unseen,reference_PI/E_original5_retuned,reverse_off_anchor,Kw_half,5.0,5.0,109.59723737472513,105.0,ok,30610.901118121787,48354.1265350076,2.6918026746173283,6.326508585846659,0.0,4,1,inf,1.7962228452024167,4.7991913843052645,9.341802674617329,,,,0.5,,,,-51.80801578478821,0.8273561217287877
unseen,reference_PI/E_original5_retuned,reverse_off_anchor,Kw_double,5.0,5.0,109.59723737472513,105.0,ok,60983.87262974809,115468.0835903646,2.657601807381118,13.62159128175934,0.0,4,2,inf,2.422737617929654,4.259951406342641,8.741897791007183,,,,2.0,,,,-3.990613807332688,4.469630022696084
unseen,reference_PI/E_original5_retuned,reverse_off_anchor,volume_plus20,5.0,5.0,109.59723737472513,105.0,ok,10149.47016494087,13695.511889959958,2.3139022822837365,1.3931105008357374,0.0,4,0,5675.0,6.722622458710248e-12,4.923030928623695,8.963902282283737,,,,,1.2,,,-84.02127712300404,0.422468585081136
unseen,reference_PI/E_original5_retuned,reverse_off_anchor,volume_minus20,5.0,5.0,109.59723737472513,105.0,ok,77256.18708881112,172881.08021933597,3.2984041009860796,20.394591824087133,0.0,4,2,inf,2.265835647858851,3.686396826896474,9.134053377519724,,,,,0.8,,,21.627551385846843,2.2721171898194776
unseen,reference_PI/E_original5_retuned,reverse_off_anchor,noise_0.01_seed104729,5.0,5.0,109.59723737472513,105.0,ok,63565.2993947473,123476.60796424498,2.7114677656420607,21.094706677290773,0.0,4,2,inf,2.2643334502075865,4.5617244710194615,9.040214351432668,,,,,,0.01,104729.0,0.0734311363791873,2.192105246209533
unseen,reference_PI/E_original5_retuned,reverse_off_anchor,noise_0.01_seed130363,5.0,5.0,109.59723737472513,105.0,ok,64135.02673645722,123649.21454648917,2.711276840277672,21.257334406210596,0.0,4,2,inf,2.481574392472994,4.215549654688937,9.037680195404985,,,,,,0.01,130363.0,0.9703760173126463,2.2118889160503548
unseen,reference_PI/E_original5_retuned,reverse_off_anchor,noise_0.01_seed155921,5.0,5.0,109.59723737472513,105.0,ok,63732.561703171195,123457.75434034206,2.7056603408301703,20.961639978234068,0.0,4,2,inf,2.364891744385635,4.434525114685559,9.035679822212003,,,,,,0.01,155921.0,0.33675897819147593,2.1984144126141225
unseen,reference_PI/E_original5_retuned,reverse_off_anchor,noise_0.01_seed196613,5.0,5.0,109.59723737472513,105.0,ok,63666.519910210074,123886.77923892676,2.711522927886465,20.879698582920497,0.0,4,2,inf,2.0635887862925815,4.581446008683675,9.044118379871332,,,,,,0.01,196613.0,0.23278670270552304,2.1952418823571986
unseen,reference_PI/E_original5_retuned,reverse_off_anchor,noise_0.01_seed262147,5.0,5.0,109.59723737472513,105.0,ok,63447.80789932769,123205.9969716102,2.7119370955960074,21.059717975178092,0.0,4,2,inf,2.2440639081375453,4.570366690936203,9.04069366861461,,,,,,0.01,262147.0,-0.11154049417929635,2.1885538149397923
unseen,reference_PI/E_original5_retuned,reverse_off_anchor,noise_0.05_seed104729,5.0,5.0,109.59723737472513,105.0,ok,63444.33231098158,121114.3171807569,2.7380815212733065,64.1922566039495,0.0,4,2,inf,2.512507735256955,4.186708120468733,9.03507646638548,,,,,,0.05,104729.0,-0.11701225399673998,2.1828139198866046
unseen,reference_PI/E_original5_retuned,reverse_off_anchor,noise_0.05_seed130363,5.0,5.0,109.59723737472513,105.0,ok,63984.39548618203,121723.8513655128,2.722648103194868,64.48781012825602,0.0,4,2,inf,2.658016023728191,4.088228475119585,9.022562903191035,,,,,,0.05,130363.0,0.7332311254465873,2.2026950610655214
unseen,reference_PI/E_original5_retuned,reverse_off_anchor,noise_0.05_seed155921,5.0,5.0,109.59723737472513,105.0,ok,64152.19473816938,123262.26224940676,2.7050340109453384,64.72686714559984,0.0,4,2,inf,2.4986577554332996,4.194003792382411,9.010571619929124,,,,,,0.05,155921.0,0.9974042993069032,2.2090298126645345
unseen,reference_PI/E_original5_retuned,reverse_off_anchor,noise_0.05_seed196613,5.0,5.0,109.59723737472513,105.0,ok,64016.820228600176,124332.23051598694,2.737134258348438,63.71757483188594,0.0,4,2,inf,2.2443111497158013,4.5827729538431035,9.053899797397468,,,,,,0.05,196613.0,0.7842787136494778,2.2012120484127293
unseen,reference_PI/E_original5_retuned,reverse_off_anchor,noise_0.05_seed262147,5.0,5.0,109.59723737472513,105.0,ok,63537.17442566234,123182.8529856501,2.715667599204272,64.7642434783774,0.0,4,2,inf,2.023113747408882,4.5915017590077,9.037843625631467,,,,,,0.05,262147.0,0.029152855874969852,2.18897011924999
unseen,reference_PI/E_original5_retuned,reverse_off_anchor,combined_seed104729,5.0,5.0,164.39585606208766,160.0,ok,48425.338132033794,117466.82062499532,5.447579432754869,39.62058090897304,0.0,4,2,inf,1.7554639385624036,3.2524205672451294,9.541246920504063,1.5,1.15,0.85,2.0,1.2,0.05,104729.0,-23.762024454298146,0.6764456735204244
unseen,reference_PI/E_original5_retuned,reverse_off_anchor,combined_seed130363,5.0,5.0,164.39585606208766,160.0,ok,48803.40071551238,117819.75085391528,5.447118496202181,39.880008014984185,0.0,4,2,inf,1.9020539945916957,3.2528815037978176,9.540084681379147,1.5,1.15,0.85,2.0,1.2,0.05,130363.0,-23.166825182474803,0.6814549250468888
unseen,reference_PI/E_original5_retuned,reverse_off_anchor,combined_seed155921,5.0,5.0,164.39585606208766,160.0,ok,49898.1094040296,119431.29242451135,5.446770962626532,40.30485048139551,0.0,4,2,inf,1.8672725544400863,3.2532290373734667,9.540220205041969,1.5,1.15,0.85,2.0,1.2,0.05,155921.0,-21.44338085675239,0.6968071707754816
unseen,reference_PI/E_original5_retuned,reverse_off_anchor,combined_seed196613,5.0,5.0,164.39585606208766,160.0,ok,49338.52148071201,119302.56480482858,5.451814000706693,40.101948417456825,0.0,4,2,inf,1.925793661487808,3.248185999293306,9.543581678387614,1.5,1.15,0.85,2.0,1.2,0.05,196613.0,-22.32436283972249,0.6885227023892126
unseen,reference_PI/E_original5_retuned,reverse_off_anchor,combined_seed262147,5.0,5.0,164.39585606208766,160.0,ok,48626.05223236176,117687.0473410974,5.446963555932076,39.80698046304012,0.0,4,2,inf,1.7838691879343642,3.253036444067923,9.538710744126444,1.5,1.15,0.85,2.0,1.2,0.05,262147.0,-23.446032098586358,0.6785705508744148
unseen,reference_PI/E_original5_retuned,cross_equivalence,nominal,5.0,5.0,109.59723737472513,105.0,ok,80201.05592467406,174092.29119268298,3.850297281512341,18.633606895651255,0.0,7,4,inf,2.3959537635163564,4.021378675769952,9.806870997713483,,,,,,,,0.0,1.5403778357004605
unseen,reference_PI/E_original5_retuned,cross_equivalence,delay_minus30,5.0,5.0,76.71806616230758,75.0,ok,39762.761584941574,96501.5443819304,3.798227200283208,7.316733093905072,0.0,7,0,7685.0,0.0043468250215035,4.245108949730927,9.906484493077755,0.7,,,,,,,-50.42114953911915,0.9141060353559883
unseen,reference_PI/E_original5_retuned,cross_equivalence,delay_plus50,5.0,5.0,164.39585606208766,160.0,ok,98116.46582954476,226678.7669998105,3.9279350505054103,25.613756170729555,0.0,7,4,inf,2.706163737224008,4.206826313789002,9.921551674833076,1.5,,,,,,,22.338122233324587,1.5600811309429998
unseen,reference_PI/E_original5_retuned,cross_equivalence,acid_plus15,5.0,5.0,109.59723737472513,105.0,ok,83535.27879725932,177236.81828334866,3.9200197763955265,19.538682591460812,0.0,7,4,inf,2.5168282653008447,3.608061960394459,9.7968416121898,,1.15,,,,,,4.1573303919050675,1.060523585308593
unseen,reference_PI/E_original5_retuned,cross_equivalence,acid_minus15,5.0,5.0,109.59723737472513,105.0,ok,89831.18500084503,205766.01264559728,4.974123651354251,20.92863566438603,0.0,7,4,inf,2.5343817723520363,3.872393809218538,10.224123651354253,,0.85,,,,,,12.007484147360504,1.1420386635031945
unseen,reference_PI/E_original5_retuned,cross_equivalence,base_minus15,5.0,5.0,109.59723737472513,105.0,ok,41911.31868483703,82389.82567282116,3.8683438970835144,7.8601672793370865,0.0,7,1,inf,0.1382751805871986,3.564330308415328,9.94904680363333,,,0.85,,,,,-47.74218593306213,0.5290125202457341
unseen,reference_PI/E_original5_retuned,cross_equivalence,base_plus15,5.0,5.0,109.59723737472513,105.0,ok,125630.00515236855,332480.5042417811,4.9248929939090065,32.386721991926365,0.0,7,6,inf,3.5597331954552818,3.895314447307216,10.174892993909006,,,1.15,,,,,56.64382931611522,1.6034938369374294
unseen,reference_PI/E_original5_retuned,cross_equivalence,Kw_half,5.0,5.0,109.59723737472513,105.0,ok,79997.82863212615,170882.67251508118,3.85085084054714,18.941552889628607,0.0,7,4,inf,2.499738475232671,4.424701485184672,10.061972287812162,,,,0.5,,,,-0.2533972778846927,1.3725406337200399
unseen,reference_PI/E_original5_retuned,cross_equivalence,Kw_double,5.0,5.0,109.59723737472513,105.0,ok,79447.26033415705,169525.28886180036,3.847559120024316,18.113202728326783,0.0,7,4,inf,2.415356847969937,4.370994441827207,9.560538815716528,,,,2.0,,,,-0.9398823766422537,1.825802975355509
unseen,reference_PI/E_original5_retuned,cross_equivalence,volume_plus20,5.0,5.0,109.59723737472513,105.0,ok,39004.094699564215,76942.7395843231,3.793873005947584,6.9575898482705405,0.0,7,1,inf,0.7958609214958194,4.2636716595520285,9.88296419820102,,,,,1.2,,,-51.36710576953326,0.7699055724644829
unseen,reference_PI/E_original5_retuned,cross_equivalence,volume_minus20,5.0,5.0,109.59723737472513,105.0,ok,111094.58915521752,292017.5292136584,3.94710190331368,29.87753283189405,0.0,7,5,inf,3.110112721651695,3.8491288660899743,9.844324699823574,,,,,0.8,,,38.52010783942681,2.0651312990727617
unseen,reference_PI/E_original5_retuned,cross_equivalence,noise_0.01_seed104729,5.0,5.0,109.59723737472513,105.0,ok,67611.04450014506,142618.06502236667,3.851248514307236,19.87040435222768,0.0,7,3,inf,2.5048338454313095,4.210068666319811,9.801205574928453,,,,,,0.01,104729.0,-15.698061926209196,1.2979779050807099
unseen,reference_PI/E_original5_retuned,cross_equivalence,noise_0.01_seed130363,5.0,5.0,109.59723737472513,105.0,ok,80059.57253570559,173297.18066409224,3.850036134036322,23.97985321701172,0.0,7,4,inf,2.429690150419561,4.021879993631775,9.806440636868237,,,,,,0.01,130363.0,-0.17641088055168064,1.5371860859949191
unseen,reference_PI/E_original5_retuned,cross_equivalence,noise_0.01_seed155921,5.0,5.0,109.59723737472513,105.0,ok,80146.21967503265,173670.66115053045,3.8499600105567886,23.939891856929407,0.0,7,4,inf,2.376966121274908,4.014544691270374,9.807571935715636,,,,,,0.01,155921.0,-0.06837347589651044,1.5390241295196494
unseen,reference_PI/E_original5_retuned,cross_equivalence,noise_0.01_seed196613,5.0,5.0,109.59723737472513,105.0,ok,80405.80352600066,174256.7074620594,3.850472536689811,23.833036404065396,0.0,7,4,inf,2.426201133005905,4.026325268561688,9.807404936370691,,,,,,0.01,196613.0,0.2552928997828996,1.544015329864828
unseen,reference_PI/E_original5_retuned,cross_equivalence,noise_0.01_seed262147,5.0,5.0,109.59723737472513,105.0,ok,79791.58405989203,171622.76707745309,3.850945474946994,23.9673371854612,0.0,7,4,inf,1.781528804950116,4.3932500986635645,9.807113927176625,,,,,,0.01,262147.0,-0.5105567003589218,1.5320697827422978
unseen,reference_PI/E_original5_retuned,cross_equivalence,noise_0.05_seed104729,5.0,5.0,109.59723737472513,105.0,ok,81021.20211724,176586.6894646769,3.8556194213520856,66.01360958365333,0.0,7,4,inf,2.489836181356692,4.173150231115939,9.777230005686487,,,,,,0.05,104729.0,1.0226127114039807,1.552459028313199
unseen,reference_PI/E_original5_retuned,cross_equivalence,noise_0.05_seed130363,5.0,5.0,109.59723737472513,105.0,ok,79647.05833046939,170434.19872337297,3.848655031486709,63.97587611934607,0.0,7,4,inf,2.5589559262823105,4.193068113440201,9.805428364425955,,,,,,0.05,130363.0,-0.6907609729290831,1.5268854220589538
unseen,reference_PI/E_original5_retuned,cross_equivalence,noise_0.05_seed155921,5.0,5.0,109.59723737472513,105.0,ok,68275.05026880837,143045.89545525284,3.848833174359145,54.695861216365046,0.0,7,3,inf,2.283967060403196,4.208918511546358,9.809873838024329,,,,,,0.05,155921.0,-14.870135459396893,1.3098661302527697
unseen,reference_PI/E_original5_retuned,cross_equivalence,noise_0.05_seed196613,5.0,5.0,109.59723737472513,105.0,ok,81576.84975281647,176869.66513167945,3.851645887276578,64.35116965235346,0.0,7,4,inf,2.463891517933744,3.9969578348241095,9.808809288127128,,,,,,0.05,196613.0,1.7154310654395655,1.5650123538264307
unseen,reference_PI/E_original5_retuned,cross_equivalence,noise_0.05_seed262147,5.0,5.0,109.59723737472513,105.0,ok,80603.68617649091,174096.67003021765,3.8547692633470385,65.30564047857669,0.0,7,4,inf,2.4251123673174,4.023037914603013,9.80910806262054,,,,,,0.05,262147.0,0.5020261231909462,1.5458142286278742
unseen,reference_PI/E_original5_retuned,cross_equivalence,combined_seed104729,5.0,5.0,164.39585606208766,160.0,ok,67965.470541952,117917.97045317553,3.949811142806488,44.4859756982393,0.0,7,5,inf,1.5032629949708085,3.163770707426961,9.7310706860458,1.5,1.15,0.85,2.0,1.2,0.05,104729.0,-15.256140011689979,0.6510841588184606
unseen,reference_PI/E_original5_retuned,cross_equivalence,combined_seed130363,5.0,5.0,164.39585606208766,160.0,ok,59350.478158221704,108052.8234112603,3.948303702645587,43.007641391753566,0.0,7,2,inf,1.3029561437239403,3.1640367518344625,9.73192839556604,1.5,1.15,0.85,2.0,1.2,0.05,130363.0,-25.99788434959698,0.5685352976856894
unseen,reference_PI/E_original5_retuned,cross_equivalence,combined_seed155921,5.0,5.0,164.39585606208766,160.0,ok,69596.39292288398,122820.6704604654,3.9475965666556,45.18355883468527,0.0,7,5,inf,1.2184726757376323,3.1638747559042,9.72760650434846,1.5,1.15,0.85,2.0,1.2,0.05,155921.0,-13.22259773206742,0.6669502127783798
unseen,reference_PI/E_original5_retuned,cross_equivalence,combined_seed196613,5.0,5.0,164.39585606208766,160.0,ok,69368.8346248526,121641.5461493308,3.947508496934849,44.74416381487906,0.0,7,4,inf,1.2114168839392514,3.162831731336939,9.71886751253416,1.5,1.15,0.85,2.0,1.2,0.05,196613.0,-13.50633252259824,0.6653056369996757
unseen,reference_PI/E_original5_retuned,cross_equivalence,combined_seed262147,5.0,5.0,164.39585606208766,160.0,ok,67617.60157500315,117874.6497647016,3.950023491396776,44.90687635931707,0.0,7,5,inf,1.5015504744838637,3.1631944045923523,9.710827095361651,1.5,1.15,0.85,2.0,1.2,0.05,262147.0,-15.68988613003981,0.6482156541625178
unseen,reference_PI/E_original5_retuned,regulatory_off_anchor,nominal,5.0,5.0,109.59723737472513,105.0,ok,119688.82164756338,289151.2547511016,3.38439904806392,28.557518927969216,0.0,4,3,inf,2.5048159917760744,3.965600951936079,10.313582787562709,,,,,,,,0.0,1.5981521590743903
unseen,reference_PI/E_original5_retuned,regulatory_off_anchor,delay_minus30,5.0,5.0,76.71806616230758,75.0,ok,46874.91336339983,104424.51232326496,3.282720682373327,8.576500650773637,0.0,4,0,10325.0,8.357758929378178e-12,4.067279317626673,10.374269521290286,0.7,,,,,,,-60.836013991826185,0.7521060757094199
unseen,reference_PI/E_original5_retuned,regulatory_off_anchor,delay_plus50,5.0,5.0,164.39585606208766,160.0,ok,124023.8748876998,305805.98365840584,3.3644481479547688,34.35454396394357,0.0,4,3,inf,2.826781870800505,3.985551852045231,9.996654342264971,1.5,,,,,,,3.6219366023181765,1.3976023891845109
unseen,reference_PI/E_original5_retuned,regulatory_off_anchor,acid_plus15,5.0,5.0,109.59723737472513,105.0,ok,133533.22543881647,325756.10373360914,3.7364712012506103,32.01362943232144,0.0,4,4,inf,2.665373019858758,3.613528798749389,10.154636417474364,,1.15,,,,,,11.566998154614172,1.3582266135286316
unseen,reference_PI/E_original5_retuned,regulatory_off_anchor,acid_minus15,5.0,5.0,109.59723737472513,105.0,ok,134613.7692659852,328369.3466353408,3.296489798811405,32.392151547109926,0.0,4,4,inf,2.6882630612527088,4.053510201188595,10.479714527864417,,0.85,,,,,,12.469792427541758,1.4830708281388076
unseen,reference_PI/E_original5_retuned,regulatory_off_anchor,base_minus15,5.0,5.0,109.59723737472513,105.0,ok,58359.935667886326,134945.9162926005,3.7664749989087745,10.836636932255,0.0,4,1,inf,0.6023061358864696,3.583525001091225,10.402583478964605,,,0.85,,,,,-51.24027886268825,0.6022011474124
unseen,reference_PI/E_original5_retuned,regulatory_off_anchor,base_plus15,5.0,5.0,109.59723737472513,105.0,ok,146812.57796588907,385237.4339099792,3.481507497002424,39.97087608482768,0.0,4,4,inf,2.9525878682980915,3.868492502997576,10.453269268114232,,,1.15,,,,,22.661896027512498,1.5335392057624921
unseen,reference_PI/E_original5_retuned,regulatory_off_anchor,Kw_half,5.0,5.0,109.59723737472513,105.0,ok,117749.67822440382,275234.71291121247,3.369972424970026,28.83117166073562,0.0,4,3,inf,2.467688556049369,3.9800275750299736,10.375488281927025,,,,0.5,,,,-1.62015416015171,1.269892233914448
unseen,reference_PI/E_original5_retuned,regulatory_off_anchor,Kw_double,5.0,5.0,109.59723737472513,105.0,ok,112544.89740802137,263760.7313910498,3.3121904222149814,26.134305831852046,0.0,4,3,inf,2.553473390142777,4.037809577785018,9.820777166011478,,,,2.0,,,,-5.968748076222241,2.284314271774812
unseen,reference_PI/E_original5_retuned,regulatory_off_anchor,volume_plus20,5.0,5.0,109.59723737472513,105.0,ok,39211.68064034266,87226.14883557188,3.2610214167931835,7.397124713462197,0.0,4,0,9615.0,1.1111023212606595e-10,4.088978583206816,10.346744553047431,,,,,1.2,,,-67.23864426052613,0.5410168296321792
unseen,reference_PI/E_original5_retuned,regulatory_off_anchor,volume_minus20,5.0,5.0,109.59723737472513,105.0,ok,134962.56691850367,360609.2058503618,3.374543986768022,36.39847706233116,0.0,4,3,inf,3.0157393240303634,3.9754560132319776,10.18807161807676,,,,,0.8,,,12.761212835661029,1.726697382412178
unseen,reference_PI/E_original5_retuned,regulatory_off_anchor,noise_0.01_seed104729,5.0,5.0,109.59723737472513,105.0,ok,119629.5219771954,288917.7373847144,3.394153755903563,32.80025649937163,0.0,4,3,inf,2.476373829662295,3.9558462440964366,10.313858604292491,,,,,,0.01,104729.0,-0.049544869396911384,1.522210397157541
unseen,reference_PI/E_original5_retuned,regulatory_off_anchor,noise_0.01_seed130363,5.0,5.0,109.59723737472513,105.0,ok,119740.67775959584,289376.571804058,3.380458616653575,32.991748815413736,0.0,4,3,inf,2.494792194334509,3.969541383346425,10.309171524397318,,,,,,0.01,130363.0,0.04332577705974394,1.5258872527822078
unseen,reference_PI/E_original5_retuned,regulatory_off_anchor,noise_0.01_seed155921,5.0,5.0,109.59723737472513,105.0,ok,119619.41761217311,288882.0119754522,3.3909083635097024,32.76075261411026,0.0,4,3,inf,2.445438692150298,3.9590916364902977,10.311146893813827,,,,,,0.01,155921.0,-0.05798706548773014,1.5232624875525624
unseen,reference_PI/E_original5_retuned,regulatory_off_anchor,noise_0.01_seed196613,5.0,5.0,109.59723737472513,105.0,ok,119672.58828539107,289063.87293899665,3.3841057519735607,32.71898557716593,0.0,4,3,inf,2.500241783789276,3.965894248026439,10.313922393754812,,,,,,0.01,196613.0,-0.013562972672676032,1.5204058843814552
unseen,reference_PI/E_original5_retuned,regulatory_off_anchor,noise_0.01_seed262147,5.0,5.0,109.59723737472513,105.0,ok,119583.73219723572,288545.1249640136,3.3465458009173075,32.90535301575859,0.0,4,3,inf,2.0767877843118576,4.003454199082692,10.310960951351252,,,,,,0.01,262147.0,-0.08780222654134473,1.5216473712539258
unseen,reference_PI/E_original5_retuned,regulatory_off_anchor,noise_0.05_seed104729,5.0,5.0,109.59723737472513,105.0,ok,119111.03627654877,286550.97475571156,3.4107269057990925,78.49850064405399,0.0,4,3,inf,2.2376019290389513,3.939273094200907,10.26128431941672,,,,,,0.05,104729.0,-0.48273962686002925,1.511365585880693
unseen,reference_PI/E_original5_retuned,regulatory_off_anchor,noise_0.05_seed130363,5.0,5.0,109.59723737472513,105.0,ok,119747.73064708698,289358.64983209316,3.3975235866674076,79.52677813223974,0.0,4,3,inf,2.608237676827452,3.952476413332592,10.304770826856782,,,,,,0.05,130363.0,0.049218463940658985,1.5212210113761024
unseen,reference_PI/E_original5_retuned,regulatory_off_anchor,noise_0.05_seed155921,5.0,5.0,109.59723737472513,105.0,ok,118677.91287214152,284033.4518831293,3.312683786049422,78.97613461626462,0.0,4,3,inf,2.729564598501428,4.037316213950578,10.177355868709387,,,,,,0.05,155921.0,-0.8446141932941686,1.507366124945547
unseen,reference_PI/E_original5_retuned,regulatory_off_anchor,noise_0.05_seed196613,5.0,5.0,109.59723737472513,105.0,ok,119565.03702086536,288373.4551871865,3.402953153053506,78.17799490893921,0.0,4,3,inf,2.588119082304962,3.9470468469464937,10.319118238391136,,,,,,0.05,196613.0,-0.10342204476080363,1.5135649360687413
unseen,reference_PI/E_original5_retuned,regulatory_off_anchor,noise_0.05_seed262147,5.0,5.0,109.59723737472513,105.0,ok,118410.06784062435,282829.8127458622,3.310668531916992,77.83136000378711,0.0,4,3,inf,2.708385133982186,4.039331468083008,10.285753942699785,,,,,,0.05,262147.0,-1.0683986936595113,1.501978523249311
unseen,reference_PI/E_original5_retuned,regulatory_off_anchor,combined_seed104729,5.0,5.0,164.39585606208766,160.0,ok,96364.35823499334,202706.6917631001,4.149658729865509,45.27085630406912,0.0,4,4,inf,1.8858145059169464,3.2003412701344907,10.130200832404832,1.5,1.15,0.85,2.0,1.2,0.05,104729.0,-19.487587137628804,0.8066170044747739
unseen,reference_PI/E_original5_retuned,regulatory_off_anchor,combined_seed130363,5.0,5.0,164.39585606208766,160.0,ok,96498.6655575425,203052.17345383772,4.150105112986294,45.66456172759102,0.0,4,4,inf,1.944688364524776,3.199894887013705,10.114768766199312,1.5,1.15,0.85,2.0,1.2,0.05,130363.0,-19.375373381406323,0.8077371073666901
unseen,reference_PI/E_original5_retuned,regulatory_off_anchor,combined_seed155921,5.0,5.0,164.39585606208766,160.0,ok,96409.36381868146,202772.5042326449,4.149765460274343,45.59568773037251,0.0,4,4,inf,1.8668746891825911,3.200234539725657,10.132663356652149,1.5,1.15,0.85,2.0,1.2,0.05,155921.0,-19.449984976400547,0.8074808340824418
unseen,reference_PI/E_original5_retuned,regulatory_off_anchor,combined_seed196613,5.0,5.0,164.39585606208766,160.0,ok,96258.3869165135,202101.85015394125,4.149923365357225,44.40713447250343,0.0,4,4,inf,1.8968294169580373,3.200076634642775,10.12797657589201,1.5,1.15,0.85,2.0,1.2,0.05,196613.0,-19.57612616493404,0.8046400630187851
unseen,reference_PI/E_original5_retuned,regulatory_off_anchor,combined_seed262147,5.0,5.0,164.39585606208766,160.0,ok,96607.69940043104,203613.6101910808,4.151365976096431,45.63796237435123,0.0,4,4,inf,1.853083698531738,3.198634023903568,10.13602169388374,1.5,1.15,0.85,2.0,1.2,0.05,262147.0,-19.284275615225944,0.8079895604275028
unseen,reference_PI/P_move_interior_Kc,reverse_off_anchor,nominal,5.0,5.0,109.59723737472513,105.0,ok,9717.678508293557,10445.149049755497,1.9499999361603244,0.0624205229550591,0.0,4,0,5865.0,3.505042069917863e-07,5.398587508267114,8.7,,,,,,,,0.0,0.3353033635366573
unseen,reference_PI/P_move_interior_Kc,reverse_off_anchor,delay_minus30,5.0,5.0,76.71806616230758,75.0,ok,8658.07155499396,9000.70263010153,1.9499999504434635,0.0567243681841844,0.0,4,0,6215.0,1.7990737699591366e-07,5.398810777111114,8.7,0.7,,,,,,,-10.903910356730517,0.49141110941868926
unseen,reference_PI/P_move_interior_Kc,reverse_off_anchor,delay_plus50,5.0,5.0,164.39585606208766,160.0,ok,11364.823186645372,12509.11526353308,1.9633413274453335,0.081975866372324,0.0,4,0,7620.0,2.0322521541160654e-06,5.386658672554666,8.7,1.5,,,,,,,16.949981180649875,0.28116219628538147
unseen,reference_PI/P_move_interior_Kc,reverse_off_anchor,acid_plus15,5.0,5.0,109.59723737472513,105.0,ok,40504.53430925888,140679.0172610909,5.32564932066143,1.2389522029696105,0.0,4,1,inf,1.065717019545664,3.3743506793385687,9.771872693597516,,1.15,,,,,,316.8128661047005,0.7441636835096697
unseen,reference_PI/P_move_interior_Kc,reverse_off_anchor,acid_minus15,5.0,5.0,109.59723737472513,105.0,ok,39924.21436414231,80148.24705261589,3.213033991727995,1.17413072509639,0.0,4,1,inf,1.8634853997482497,4.4154620503948125,10.760860127291911,,0.85,,,,,,310.84107001552866,0.8104828236441195
unseen,reference_PI/P_move_interior_Kc,reverse_off_anchor,base_minus15,5.0,5.0,109.59723737472513,105.0,ok,43952.01236963598,157486.36327986492,5.347840202120132,1.3456436426131946,0.0,4,1,inf,0.9784371511616196,3.352159797879867,9.698304868007748,,,0.85,,,,,352.28922043598294,0.8285565231426958
unseen,reference_PI/P_move_interior_Kc,reverse_off_anchor,base_plus15,5.0,5.0,109.59723737472513,105.0,ok,37200.51788826237,72866.14319753171,3.1389642374257427,1.0782393953642444,0.0,4,1,inf,1.789570292208996,4.378638997171915,10.74894186289255,,,1.15,,,,,282.81280715876306,0.7359758899536776
unseen,reference_PI/P_move_interior_Kc,reverse_off_anchor,Kw_half,5.0,5.0,109.59723737472513,105.0,ok,9045.29985230564,9559.895529953272,1.9500000000161544,0.0664212923147555,0.0,4,0,5305.0,0.0014027209405291,5.398625627664516,8.819063902548304,,,,0.5,,,,-6.919128425725085,0.24447774917828854
unseen,reference_PI/P_move_interior_Kc,reverse_off_anchor,Kw_double,5.0,5.0,109.59723737472513,105.0,ok,10293.246383608466,10575.193088176558,1.9500199481523115,0.0722844089129983,0.0,4,0,7920.0,0.0086415343661432,5.39852197305275,8.709794434934011,,,,2.0,,,,5.922894802742151,0.7544126189969437
unseen,reference_PI/P_move_interior_Kc,reverse_off_anchor,volume_plus20,5.0,5.0,109.59723737472513,105.0,ok,10973.815396648632,11872.249528890708,1.949996576510312,0.0698603035577969,0.0,4,0,7235.0,3.398713270819087e-06,5.393900760809441,8.7,,,,,1.2,,,12.926306290983236,0.4567817027117437
unseen,reference_PI/P_move_interior_Kc,reverse_off_anchor,volume_minus20,5.0,5.0,109.59723737472513,105.0,ok,7923.331956298575,8567.881533931992,1.9500000005030396,0.0558778858434099,0.0,4,0,5325.0,1.4622631105964956e-08,5.399956267704568,8.7,,,,,0.8,,,-18.464765534933015,0.23302649816067988
unseen,reference_PI/P_move_interior_Kc,reverse_off_anchor,noise_0.01_seed104729,5.0,5.0,109.59723737472513,105.0,ok,9685.672572735928,10360.40730269523,1.9505773810021072,0.4078664403356855,0.0,4,0,5880.0,0.0011822349291987,5.398473465193914,8.70007026976667,,,,,,0.01,104729.0,-0.3293578351075688,0.33401893583335684
unseen,reference_PI/P_move_interior_Kc,reverse_off_anchor,noise_0.01_seed130363,5.0,5.0,109.59723737472513,105.0,ok,9696.89224826826,10384.008670469517,1.951095626907332,0.4069170273608655,0.0,4,0,5920.0,0.0006999208200433,5.399128111921703,8.700578619013589,,,,,,0.01,130363.0,-0.2139014992887156,0.33442643708896913
unseen,reference_PI/P_move_interior_Kc,reverse_off_anchor,noise_0.01_seed155921,5.0,5.0,109.59723737472513,105.0,ok,9702.014902103629,10397.66946428266,1.9523566517337352,0.4022856163201753,0.0,4,0,5895.0,0.0021655653692302,5.397739464587635,8.700770283117043,,,,,,0.01,155921.0,-0.16118670911534627,0.3346648686666603
unseen,reference_PI/P_move_interior_Kc,reverse_off_anchor,noise_0.01_seed196613,5.0,5.0,109.59723737472513,105.0,ok,9715.340732921628,10385.437341366604,1.9493731529675395,0.403881899704996,0.0,4,0,5880.0,0.0010048626702339,5.39830214805929,8.701379581344401,,,,,,0.01,196613.0,-0.024056932629878958,0.334988042512124
unseen,reference_PI/P_move_interior_Kc,reverse_off_anchor,noise_0.01_seed262147,5.0,5.0,109.59723737472513,105.0,ok,9705.799798565236,10379.160573909798,1.9507916464581456,0.4030615112702751,0.0,4,0,5880.0,0.0014619957219483,5.399260532167447,8.700791961245063,,,,,,0.01,262147.0,-0.12223814276406397,0.3347895834304608
unseen,reference_PI/P_move_interior_Kc,reverse_off_anchor,noise_0.05_seed104729,5.0,5.0,109.59723737472513,105.0,ok,9460.776989834048,9727.54697372022,1.949602462024855,1.7990751097579905,0.0,4,0,5805.0,0.0174836028574567,5.406514620629654,8.700010520996566,,,,,,0.05,104729.0,-2.643651137874703,0.32549977206991815
unseen,reference_PI/P_move_interior_Kc,reverse_off_anchor,noise_0.05_seed130363,5.0,5.0,109.59723737472513,105.0,ok,9395.92750145681,9788.271680232046,1.9506687380939376,1.785547140161217,0.0,4,0,5795.0,0.0227705701277036,5.400890399962009,8.702266754229798,,,,,,0.05,130363.0,-3.3109863282897,0.32345953953817025
unseen,reference_PI/P_move_interior_Kc,reverse_off_anchor,noise_0.05_seed155921,5.0,5.0,109.59723737472513,105.0,ok,9495.767919011412,9963.192645013083,1.9601130722455944,1.79777413935604,0.0,4,0,5860.0,0.0146656411861298,5.400667695398209,8.701993167781257,,,,,,0.05,155921.0,-2.283576155485645,0.3269792173572993
unseen,reference_PI/P_move_interior_Kc,reverse_off_anchor,noise_0.05_seed196613,5.0,5.0,109.59723737472513,105.0,ok,9378.323264077251,9684.047739645264,1.942402789513576,1.7776610344739945,0.0,4,0,5825.0,0.0282515103010689,5.399335409424683,8.704089587222908,,,,,,0.05,196613.0,-3.4921431484554954,0.32247272028005947
unseen,reference_PI/P_move_interior_Kc,reverse_off_anchor,noise_0.05_seed262147,5.0,5.0,109.59723737472513,105.0,ok,9658.630818370391,9927.99744279394,1.9501307461303543,1.775329750885608,0.0,4,0,5820.0,0.0110548679943729,5.401560612100566,8.70357084061402,,,,,,0.05,262147.0,-0.6076316465169262,0.332757231422311
unseen,reference_PI/P_move_interior_Kc,reverse_off_anchor,combined_seed104729,5.0,5.0,164.39585606208766,160.0,ok,66028.00218312825,261542.44259463096,5.702433580513224,8.28739980207743,0.0,4,1,inf,5.377776999091086,2.9975664194867746,9.180121467715669,1.5,1.15,0.85,2.0,1.2,0.05,104729.0,579.4627145441849,0.9223344251349351
unseen,reference_PI/P_move_interior_Kc,reverse_off_anchor,combined_seed130363,5.0,5.0,164.39585606208766,160.0,ok,65964.00563581983,261329.6128247499,5.702141789381536,8.155938345292288,0.0,4,1,inf,5.377009626629042,2.997858210618463,9.179857485196072,1.5,1.15,0.85,2.0,1.2,0.05,130363.0,578.8041565639656,0.9210730370693638
unseen,reference_PI/P_move_interior_Kc,reverse_off_anchor,combined_seed155921,5.0,5.0,164.39585606208766,160.0,ok,65865.54868028432,261313.86105560177,5.702072716878337,8.34803649782295,0.0,4,1,inf,5.3765878895661885,2.9979272831216615,9.18003392592905,1.5,1.15,0.85,2.0,1.2,0.05,155921.0,577.7909829397149,0.9197860835941272
unseen,reference_PI/P_move_interior_Kc,reverse_off_anchor,combined_seed196613,5.0,5.0,164.39585606208766,160.0,ok,65899.33119553592,261435.54795012664,5.702665814208545,8.106723231796602,0.0,4,1,inf,5.377921921369115,2.9973341857914546,9.179934779376635,1.5,1.15,0.85,2.0,1.2,0.05,196613.0,578.1386227100857,0.9196300221142613
unseen,reference_PI/P_move_interior_Kc,reverse_off_anchor,combined_seed262147,5.0,5.0,164.39585606208766,160.0,ok,66049.33179197904,261453.4455890536,5.7022664238842475,8.170052644771152,0.0,4,1,inf,5.376982909054018,2.997733576115752,9.179470988649724,1.5,1.15,0.85,2.0,1.2,0.05,262147.0,579.6822073873839,0.9217102643825575
unseen,reference_PI/P_move_interior_Kc,cross_equivalence,nominal,5.0,5.0,109.59723737472513,105.0,ok,62678.09236305553,146095.90647177715,4.146246841961005,1.5851826994636615,0.0,7,3,inf,0.9813035488811002,3.922622315179937,10.19388340561859,,,,,,,,0.0,1.2038238542733928
unseen,reference_PI/P_move_interior_Kc,cross_equivalence,delay_minus30,5.0,5.0,76.71806616230758,75.0,ok,57940.74543072686,135079.09923127858,4.130963194496883,1.4916587487763948,0.0,7,3,inf,0.9197874170117633,3.9315213359162153,10.186691353870447,0.7,,,,,,,-7.558218116926952,1.3319996645129937
unseen,reference_PI/P_move_interior_Kc,cross_equivalence,delay_plus50,5.0,5.0,164.39585606208766,160.0,ok,71489.58152786884,166073.54216372815,4.173020564014048,1.8619638000736467,0.0,7,4,inf,1.5344017735356277,3.913598429293834,10.206652430690164,1.5,,,,,,,14.05832378205416,1.1367057125192102
unseen,reference_PI/P_move_interior_Kc,cross_equivalence,acid_plus15,5.0,5.0,109.59723737472513,105.0,ok,84893.85610884041,205982.00245012256,4.775990840496894,2.680721071894385,0.0,7,5,inf,1.6265841812685289,3.277281522463961,10.253191846432925,,1.15,,,,,,35.444224462197504,1.0777714272041556
unseen,reference_PI/P_move_interior_Kc,cross_equivalence,acid_minus15,5.0,5.0,109.59723737472513,105.0,ok,94582.54573078292,280548.1300584139,5.401104021695433,3.0082715750776368,0.0,7,5,inf,1.3127036671817711,3.952457682806791,10.651104021695431,,0.85,,,,,,50.902081038019745,1.2024434957203003
unseen,reference_PI/P_move_interior_Kc,cross_equivalence,base_minus15,5.0,5.0,109.59723737472513,105.0,ok,86592.85604884454,214903.39980609893,4.876689588061286,2.733860219161813,0.0,7,5,inf,1.7271201745208504,3.261464673200839,10.195466936503928,,,0.85,,,,,38.15490035539935,1.0929912599063198
unseen,reference_PI/P_move_interior_Kc,cross_equivalence,base_plus15,5.0,5.0,109.59723737472513,105.0,ok,91603.97666211677,267819.9433408475,5.380343293656804,2.9560884760581123,0.0,7,5,inf,1.7052639893665775,3.922422098046384,10.630343293656804,,,1.15,,,,,46.149911729143625,1.1691984875628658
unseen,reference_PI/P_move_interior_Kc,cross_equivalence,Kw_half,5.0,5.0,109.59723737472513,105.0,ok,63837.77156508229,155666.60691672078,4.150656269358283,1.704921571207123,0.0,7,3,inf,1.8304810299115308,3.9224549459450846,10.478201462169388,,,,0.5,,,,1.8502145778614976,1.0952789211584435
unseen,reference_PI/P_move_interior_Kc,cross_equivalence,Kw_double,5.0,5.0,109.59723737472513,105.0,ok,55266.96958206586,122336.41347100874,4.136685019522107,1.448883786497709,0.0,7,3,inf,1.5047668211670135,3.9232194920028216,9.911166493416172,,,,2.0,,,,-11.824103927831132,1.2701079568685278
unseen,reference_PI/P_move_interior_Kc,cross_equivalence,volume_plus20,5.0,5.0,109.59723737472513,105.0,ok,70937.57602251395,162934.31623261198,4.106581495228872,1.8099867012997104,0.0,7,4,inf,1.7564570722335802,3.9556917256264543,10.161051983564594,,,,,1.2,,,13.177624506528263,1.4002436282021071
unseen,reference_PI/P_move_interior_Kc,cross_equivalence,volume_minus20,5.0,5.0,109.59723737472513,105.0,ok,52502.9186926733,125205.45849161105,4.193425889448435,1.3952042393065662,0.0,7,1,inf,1.2057632766822577,3.883665372210461,10.230772785784833,,,,,0.8,,,-16.2340193945976,0.9759739111454272
unseen,reference_PI/P_move_interior_Kc,cross_equivalence,noise_0.01_seed104729,5.0,5.0,109.59723737472513,105.0,ok,62650.29847105219,145969.22841980177,4.146319961930168,2.0797669093628413,0.0,7,3,inf,0.989321427552066,3.922476882712839,10.193945540007505,,,,,,0.01,104729.0,-0.04434387033087628,1.202742891539903
unseen,reference_PI/P_move_interior_Kc,cross_equivalence,noise_0.01_seed130363,5.0,5.0,109.59723737472513,105.0,ok,62674.08445702166,146080.0965188528,4.146032182918909,2.0640948861755852,0.0,7,3,inf,0.9921561093906356,3.9226603767120185,10.193932071924564,,,,,,0.01,130363.0,-0.006394428871037139,1.2033755306005023
unseen,reference_PI/P_move_interior_Kc,cross_equivalence,noise_0.01_seed155921,5.0,5.0,109.59723737472513,105.0,ok,62694.423014782966,146100.39668516445,4.146352152970598,2.046830357551398,0.0,7,3,inf,0.9838236107494822,3.9228924638693488,10.193819040566297,,,,,,0.01,155921.0,0.026054800188934912,1.2039024447727167
unseen,reference_PI/P_move_interior_Kc,cross_equivalence,noise_0.01_seed196613,5.0,5.0,109.59723737472513,105.0,ok,62693.93926998135,146079.89714547753,4.146328782716802,2.0655593663755107,0.0,7,3,inf,0.975814573199008,3.922685008952584,10.193813109719915,,,,,,0.01,196613.0,0.02528300771187375,1.203898214774554
unseen,reference_PI/P_move_interior_Kc,cross_equivalence,noise_0.01_seed262147,5.0,5.0,109.59723737472513,105.0,ok,62605.06441232108,145900.0443188224,4.146474368500553,2.0685639754848824,0.0,7,3,inf,0.9749326319288788,3.9226483539407817,10.1938164491382,,,,,,0.01,262147.0,-0.11651272076286245,1.202073233196595
unseen,reference_PI/P_move_interior_Kc,cross_equivalence,noise_0.05_seed104729,5.0,5.0,109.59723737472513,105.0,ok,62579.00537470829,145464.36359019615,4.146798153414979,6.241920639309988,0.0,7,3,inf,1.0090690537411682,3.922102864418868,10.19419167671196,,,,,,0.05,104729.0,-0.15808871108152767,1.1990854163857667
unseen,reference_PI/P_move_interior_Kc,cross_equivalence,noise_0.05_seed130363,5.0,5.0,109.59723737472513,105.0,ok,62659.34821516409,145937.00721018497,4.145082696684462,6.21112876259313,0.0,7,3,inf,1.019084269437271,3.9228993637488574,10.194109371122492,,,,,,0.05,130363.0,-0.029905421790543674,1.2012200745504413
unseen,reference_PI/P_move_interior_Kc,cross_equivalence,noise_0.05_seed155921,5.0,5.0,109.59723737472513,105.0,ok,62692.10469825601,145817.11686852586,4.1463994527906864,6.120336483493206,0.0,7,3,inf,0.9853025542708576,3.924063724921384,10.193582913617751,,,,,,0.05,155921.0,0.022356033299986144,1.2027565597563832
unseen,reference_PI/P_move_interior_Kc,cross_equivalence,noise_0.05_seed196613,5.0,5.0,109.59723737472513,105.0,ok,62781.33327963304,146036.19760127013,4.146528267604389,6.194987893266144,0.0,7,3,inf,0.949099775580594,3.9229058383509834,10.193521231747916,,,,,,0.05,196613.0,0.16471611161918975,1.2044294731904364
unseen,reference_PI/P_move_interior_Kc,cross_equivalence,noise_0.05_seed262147,5.0,5.0,109.59723737472513,105.0,ok,62366.50457985232,145161.40383637816,4.147481065654654,6.274458779018584,0.0,7,3,inf,0.939228608447488,3.922787464080359,10.193532875352426,,,,,,0.05,262147.0,-0.4971239095765356,1.1960622986674216
unseen,reference_PI/P_move_interior_Kc,cross_equivalence,combined_seed104729,5.0,5.0,164.39585606208766,160.0,ok,104024.93990822764,314793.591419666,5.371284536142031,14.03447888518204,0.0,7,5,inf,2.221465461289708,2.930151391792603,9.947001987877288,1.5,1.15,0.85,2.0,1.2,0.05,104729.0,65.9669846134999,0.9965205854711662
unseen,reference_PI/P_move_interior_Kc,cross_equivalence,combined_seed130363,5.0,5.0,164.39585606208766,160.0,ok,103964.64779791498,315178.43862986646,5.371270781643858,13.86792399166091,0.0,7,5,inf,2.221462845429062,2.9300815610010917,9.946912315843925,1.5,1.15,0.85,2.0,1.2,0.05,130363.0,65.87079133760467,0.9959072583543692
unseen,reference_PI/P_move_interior_Kc,cross_equivalence,combined_seed155921,5.0,5.0,164.39585606208766,160.0,ok,103781.2292595386,314921.0714211945,5.371118625424147,13.862036463004817,0.0,7,6,inf,2.2212991551662524,2.930096234496511,9.9465718439889,1.5,1.15,0.85,2.0,1.2,0.05,155921.0,65.57815553542684,0.9945474187684787
unseen,reference_PI/P_move_interior_Kc,cross_equivalence,combined_seed196613,5.0,5.0,164.39585606208766,160.0,ok,103908.80902211137,314682.366958137,5.370628946053624,13.666650809143192,0.0,7,6,inf,2.220808494322406,2.930471468941716,9.94643124526479,1.5,1.15,0.85,2.0,1.2,0.05,196613.0,65.7817031511293,0.9965731261047597
unseen,reference_PI/P_move_interior_Kc,cross_equivalence,combined_seed262147,5.0,5.0,164.39585606208766,160.0,ok,103973.39911455456,315345.3569206905,5.371411727511353,14.157865272351042,0.0,7,6,inf,2.221601139348401,2.9298372258763616,9.946557801617946,1.5,1.15,0.85,2.0,1.2,0.05,262147.0,65.88475365890332,0.9967402474011574
unseen,reference_PI/P_move_interior_Kc,regulatory_off_anchor,nominal,5.0,5.0,109.59723737472513,105.0,ok,75985.99187350155,188262.8915895415,3.600956592185059,2.224365192209347,0.0,4,0,17095.0,0.0274874316623012,3.749043407814941,10.628206842196445,,,,,,,,0.0,1.0146075072042269
unseen,reference_PI/P_move_interior_Kc,regulatory_off_anchor,delay_minus30,5.0,5.0,76.71806616230758,75.0,ok,69747.33511250961,176707.6776367955,3.5936970676185194,2.118859464092653,0.0,4,0,15990.0,0.0029197118902111,3.75630293238148,10.625130384471827,0.7,,,,,,,-8.210272192508604,1.1190931510844868
unseen,reference_PI/P_move_interior_Kc,regulatory_off_anchor,delay_plus50,5.0,5.0,164.39585606208766,160.0,ok,89085.8920663776,214327.89620195737,3.613951883031956,2.535887115703284,0.0,4,1,inf,0.3127276208540541,3.736048116968043,10.633806042248567,1.5,,,,,,,17.239888392434533,1.0038926433103315
unseen,reference_PI/P_move_interior_Kc,regulatory_off_anchor,acid_plus15,5.0,5.0,109.59723737472513,105.0,ok,96215.15931659652,269357.934441954,4.0162476096974125,3.108449746858226,0.0,4,1,inf,1.602922718235133,3.3337523903025876,10.678154016108424,,1.15,,,,,,26.62223252513658,0.978647745377616
unseen,reference_PI/P_move_interior_Kc,regulatory_off_anchor,acid_minus15,5.0,5.0,109.59723737472513,105.0,ok,94775.10361242974,242968.0008447327,3.5710647566535307,2.961719739792355,0.0,4,1,inf,2.7186763691249105,3.778935243346469,10.714622857708225,,0.85,,,,,,24.727073077110774,1.0441590943322938
unseen,reference_PI/P_move_interior_Kc,regulatory_off_anchor,base_minus15,5.0,5.0,109.59723737472513,105.0,ok,96708.1996678046,274031.84915729193,4.035318276676625,3.174960947118228,0.0,4,1,inf,3.1579864767442007,3.314681723323375,10.617667937540793,,,0.85,,,,,27.271089425009485,0.9979070082523391
unseen,reference_PI/P_move_interior_Kc,regulatory_off_anchor,base_plus15,5.0,5.0,109.59723737472513,105.0,ok,95567.87246463312,249820.90417494983,3.7184593638271,3.0467650764421172,0.0,4,1,inf,2.109298500491203,3.6315406361729,10.69887453035125,,,1.15,,,,,25.770382288002125,0.9982596945465817
unseen,reference_PI/P_move_interior_Kc,regulatory_off_anchor,Kw_half,5.0,5.0,109.59723737472513,105.0,ok,79337.25331286456,204538.1841785788,3.601173974313228,2.3580629811694367,0.0,4,0,16130.0,0.0042754764537082,3.748826025686771,10.917893203155725,,,,0.5,,,,4.410367433173801,0.8556266425637625
unseen,reference_PI/P_move_interior_Kc,regulatory_off_anchor,Kw_double,5.0,5.0,109.59723737472513,105.0,ok,69780.65719268146,168152.46935860367,3.60052691798099,2.0706262749802393,0.0,4,0,17435.0,0.0136907062088242,3.74947308201901,10.339167485403475,,,,2.0,,,,-8.166419267317693,1.4163321020336819
unseen,reference_PI/P_move_interior_Kc,regulatory_off_anchor,volume_plus20,5.0,5.0,109.59723737472513,105.0,ok,85655.37738537989,208277.75207859467,3.56892026602066,2.476603340819997,0.0,4,1,inf,0.2666878338802991,3.781079733979339,10.606242505479674,,,,,1.2,,,12.725221153887878,1.1818162332554671
unseen,reference_PI/P_move_interior_Kc,regulatory_off_anchor,volume_minus20,5.0,5.0,109.59723737472513,105.0,ok,64144.83710389547,166056.2600316397,3.637577661164245,1.9698292997893023,0.0,4,0,13685.0,7.46467623660152e-05,3.7124223388357542,10.652293751672577,,,,,0.8,,,-15.583339083496817,0.8206625351860183
unseen,reference_PI/P_move_interior_Kc,regulatory_off_anchor,noise_0.01_seed104729,5.0,5.0,109.59723737472513,105.0,ok,76018.12146155884,188281.93620846025,3.6011124428631938,2.5444469326079133,0.0,4,0,17135.0,0.0284829828722434,3.748887557136806,10.62815313759477,,,,,,0.01,104729.0,0.04228356735906935,0.967282765563739
unseen,reference_PI/P_move_interior_Kc,regulatory_off_anchor,noise_0.01_seed130363,5.0,5.0,109.59723737472513,105.0,ok,76006.63715083893,188310.2615607701,3.600933873527882,2.548947957352535,0.0,4,0,17085.0,0.0264868530903825,3.7490661264721177,10.628212300822224,,,,,,0.01,130363.0,0.027169846478725113,0.9685727601121202
unseen,reference_PI/P_move_interior_Kc,regulatory_off_anchor,noise_0.01_seed155921,5.0,5.0,109.59723737472513,105.0,ok,76010.97734690012,188304.1548598206,3.6010680463104605,2.567653276351418,0.0,4,0,17090.0,0.0282325777319565,3.748931953689539,10.628196958553296,,,,,,0.01,155921.0,0.03288168356105903,0.967942101257628
unseen,reference_PI/P_move_interior_Kc,regulatory_off_anchor,noise_0.01_seed196613,5.0,5.0,109.59723737472513,105.0,ok,75999.33962305292,188250.78855271,3.600820687333151,2.538823839160128,0.0,4,0,17095.0,0.0276297331808264,3.7491793126668487,10.628188748341396,,,,,,0.01,196613.0,0.01756606608964706,0.9655497957179221
unseen,reference_PI/P_move_interior_Kc,regulatory_off_anchor,noise_0.01_seed262147,5.0,5.0,109.59723737472513,105.0,ok,76054.3455098987,188373.59584686236,3.601073990700633,2.5638909251708206,0.0,4,0,17125.0,0.0279821686135122,3.7489260092993666,10.6281919249331,,,,,,0.01,262147.0,0.08995557564208667,0.9677561721079176
unseen,reference_PI/P_move_interior_Kc,regulatory_off_anchor,noise_0.05_seed104729,5.0,5.0,109.59723737472513,105.0,ok,76140.59539462623,188302.08063904196,3.6017785014182397,6.708814669142461,0.0,4,0,17290.0,0.0269370205639081,3.74822149858176,10.627946759406022,,,,,,0.05,104729.0,0.20346318750705805,0.9661260548579486
unseen,reference_PI/P_move_interior_Kc,regulatory_off_anchor,noise_0.05_seed130363,5.0,5.0,109.59723737472513,105.0,ok,76182.43021778931,188598.28681185492,3.6008502390569066,6.7818614855268535,0.0,4,0,17175.0,0.0191278962970695,3.749149760943093,10.628252184990522,,,,,,0.05,130363.0,0.2585191552342714,0.9677871381674822
unseen,reference_PI/P_move_interior_Kc,regulatory_off_anchor,noise_0.05_seed155921,5.0,5.0,109.59723737472513,105.0,ok,76117.63657631045,188463.36373416032,3.6014902372706628,6.9281956651994845,0.0,4,0,17095.0,0.0273319655021468,3.748509762729337,10.628168586091792,,,,,,0.05,155921.0,0.17324864697174647,0.9667944448067552
unseen,reference_PI/P_move_interior_Kc,regulatory_off_anchor,noise_0.05_seed196613,5.0,5.0,109.59723737472513,105.0,ok,76098.10500732498,188220.20726117873,3.600394905169561,6.691964277785784,0.0,4,0,17235.0,0.0231233751951727,3.7496050948304385,10.628125900399388,,,,,,0.05,196613.0,0.14754447636884382,0.9633202674479511
unseen,reference_PI/P_move_interior_Kc,regulatory_off_anchor,noise_0.05_seed262147,5.0,5.0,109.59723737472513,105.0,ok,76441.1790512367,188990.77610942317,3.6014588899637614,6.8290369981201025,0.0,4,0,17335.0,0.0254969761204195,3.7485411100362382,10.628142842972569,,,,,,0.05,262147.0,0.5990409107153871,0.969622020496997
unseen,reference_PI/P_move_interior_Kc,regulatory_off_anchor,combined_seed104729,5.0,5.0,164.39585606208766,160.0,ok,129189.39181986178,397445.7572622076,4.379579862006439,14.445821626091435,0.0,4,3,inf,4.188878621532497,2.9704201379935604,10.357775467875706,1.5,1.15,0.85,2.0,1.2,0.05,104729.0,70.01737903866692,1.0813786564690027
unseen,reference_PI/P_move_interior_Kc,regulatory_off_anchor,combined_seed130363,5.0,5.0,164.39585606208766,160.0,ok,129250.3361078781,397670.71830396855,4.379563887534163,14.359817518156536,0.0,4,3,inf,4.188671777733894,2.970436112465837,10.358009623839925,1.5,1.15,0.85,2.0,1.2,0.05,130363.0,70.09758367443423,1.0818832779785503
unseen,reference_PI/P_move_interior_Kc,regulatory_off_anchor,combined_seed155921,5.0,5.0,164.39585606208766,160.0,ok,129045.21551439771,397162.4127179756,4.379448671039555,14.380495745534414,0.0,4,3,inf,4.188227287762984,2.9705513289604446,10.357965309618423,1.5,1.15,0.85,2.0,1.2,0.05,155921.0,69.8276384010714,1.08082383422722
unseen,reference_PI/P_move_interior_Kc,regulatory_off_anchor,combined_seed196613,5.0,5.0,164.39585606208766,160.0,ok,129035.1607421412,397090.9636808335,4.37952134733494,13.98208878724291,0.0,4,3,inf,4.18851422789305,2.9704786526650597,10.357892930889676,1.5,1.15,0.85,2.0,1.2,0.05,196613.0,69.81440599861327,1.0786266339705686
unseen,reference_PI/P_move_interior_Kc,regulatory_off_anchor,combined_seed262147,5.0,5.0,164.39585606208766,160.0,ok,129184.61413976696,397459.6996269316,4.379637143615387,14.63408561112706,0.0,4,3,inf,4.188640260543442,2.9703628563846127,10.357909071872164,1.5,1.15,0.85,2.0,1.2,0.05,262147.0,70.01109145857878,1.0804503185625094
unseen,IMC_PID/A_original3,reverse_off_anchor,nominal,5.0,5.0,109.59723737472513,105.0,ok,4666.198282572758,2928.7907194303007,1.929894891435595,0.3926433103329563,0.0,4,0,17930.0,0.0495350975592066,5.174115170793844,8.7,,,,,,,,0.0,0.16100470680732212
unseen,IMC_PID/A_original3,reverse_off_anchor,delay_minus30,5.0,5.0,76.71806616230758,75.0,ok,2981.252713454376,2065.3302113355862,1.9500000000000588,0.1505894131704535,0.0,4,0,6185.0,6.283579287469365e-05,5.221007028735034,8.7,0.7,,,,,,,-36.10960073024092,0.16920866200638773
unseen,IMC_PID/A_original3,reverse_off_anchor,delay_plus50,5.0,5.0,164.39585606208766,160.0,ok,39645.953117227626,47022.0980398822,2.5320243020914575,2.245252705122587,0.0,4,2,inf,1.5327285683833427,5.400053070348664,8.7,1.5,,,,,,,749.6414150529498,0.980828568047199
unseen,IMC_PID/A_original3,reverse_off_anchor,acid_plus15,5.0,5.0,109.59723737472513,105.0,ok,91462.2059266716,372575.6831654551,5.422724346105296,1.166865514731887,0.0,4,2,inf,5.329578535257843,3.2772756538947037,8.7,,1.15,,,,,,1860.1011441854744,1.6803761165266247
unseen,IMC_PID/A_original3,reverse_off_anchor,acid_minus15,5.0,5.0,109.59723737472513,105.0,ok,28960.40449688724,60070.90642045656,2.947585249082916,1.3454134590721043,0.0,4,2,inf,1.5986750475394975,4.483508249088414,10.71677918794221,,0.85,,,,,,520.6423890096589,0.5879116417026901
unseen,IMC_PID/A_original3,reverse_off_anchor,base_minus15,5.0,5.0,109.59723737472513,105.0,ok,107194.0832497041,421220.93239041214,5.442417155063783,1.2511771462844274,0.0,4,2,inf,5.372258050267682,3.2575828449362167,8.7,,,0.85,,,,,2197.246639733481,2.0207574609303176
unseen,IMC_PID/A_original3,reverse_off_anchor,base_plus15,5.0,5.0,109.59723737472513,105.0,ok,27009.59584173519,49671.336038092864,2.7916175730024513,1.5955423675009657,0.0,4,2,inf,1.3963782338030502,4.558382426997548,10.700133130791718,,,1.15,,,,,478.8351502894806,0.534358456960684
unseen,IMC_PID/A_original3,reverse_off_anchor,Kw_half,5.0,5.0,109.59723737472513,105.0,ok,15515.917463781449,12733.553078482972,2.788356253960055,1.6811712773325755,0.0,4,0,17990.0,0.0316829488706424,5.400098534397232,8.855520607351204,,,,0.5,,,,232.51731975750033,0.4193665925861462
unseen,IMC_PID/A_original3,reverse_off_anchor,Kw_double,5.0,5.0,109.59723737472513,105.0,ok,3677.6315389290335,2735.6785751841016,1.9499999999976012,0.14518262136467,0.0,4,0,6700.0,0.0007441214008707,5.169795021399743,8.707312153455756,,,,2.0,,,,-21.18569944478802,0.269540972555306
unseen,IMC_PID/A_original3,reverse_off_anchor,volume_plus20,5.0,5.0,109.59723737472513,105.0,ok,3827.31917950538,2848.1189681672754,1.950000000001264,0.1654413585854897,0.0,4,0,7050.0,8.513508698904104e-05,5.162799123444491,8.7,,,,,1.2,,,-17.97778517471944,0.1593109878784448
unseen,IMC_PID/A_original3,reverse_off_anchor,volume_minus20,5.0,5.0,109.59723737472513,105.0,ok,7154.536472009722,4687.064766040444,2.417413400539494,0.9869902533015198,0.0,4,1,inf,0.429289386174708,5.364123876729991,8.7,,,,,0.8,,,53.326884944653315,0.21041609631286104
unseen,IMC_PID/A_original3,reverse_off_anchor,noise_0.01_seed104729,5.0,5.0,109.59723737472513,105.0,ok,4827.216867163832,2942.994313485995,1.908087872083699,12.69388123490996,0.0,4,0,17955.0,0.0345189658408333,5.159703030437906,8.701304415016617,,,,,,0.01,104729.0,3.450744585639298,0.1664708185103806
unseen,IMC_PID/A_original3,reverse_off_anchor,noise_0.01_seed130363,5.0,5.0,109.59723737472513,105.0,ok,4822.157820934864,2964.5082170058513,1.927540843427246,12.588643864962943,0.0,4,0,17955.0,0.0197364400654258,5.160557460970672,8.70230946138606,,,,,,0.01,130363.0,3.3423255703594945,0.16630658749703583
unseen,IMC_PID/A_original3,reverse_off_anchor,noise_0.01_seed155921,5.0,5.0,109.59723737472513,105.0,ok,4818.689989396831,2952.469669787683,1.9352377553918616,12.54555544812202,0.0,4,0,17950.0,0.0098641851468688,5.162859398747491,8.702467074929027,,,,,,0.01,155921.0,3.268007435380449,0.1662176639305286
unseen,IMC_PID/A_original3,reverse_off_anchor,noise_0.01_seed196613,5.0,5.0,109.59723737472513,105.0,ok,4500.753339948831,2898.4935705072885,2.0018759486031747,12.266639321324844,0.0,4,1,inf,0.078546406770287,5.205149604552474,8.703010068781369,,,,,,0.01,196613.0,-3.5456046358301574,0.15518740851469479
unseen,IMC_PID/A_original3,reverse_off_anchor,noise_0.01_seed262147,5.0,5.0,109.59723737472513,105.0,ok,4766.92929809924,2930.36234180782,1.9263062207984312,12.769499838695378,0.0,4,0,17945.0,0.0415359025906374,5.174408281744382,8.70243910608736,,,,,,0.01,262147.0,2.158738429583895,0.16442934194758693
unseen,IMC_PID/A_original3,reverse_off_anchor,noise_0.05_seed104729,5.0,5.0,109.59723737472513,105.0,ok,5658.773547084247,2992.6727136129957,1.9970196602583803,63.04437264150462,0.0,4,1,inf,0.0587079217971835,5.135403275099448,8.706275391166557,,,,,,0.05,104729.0,21.27160494269056,0.19469114447475355
unseen,IMC_PID/A_original3,reverse_off_anchor,noise_0.05_seed130363,5.0,5.0,109.59723737472513,105.0,ok,5840.981341948645,3073.0815603289925,1.94360787915502,62.17324536412271,0.0,4,0,17975.0,0.0297099039230595,5.15987625271517,8.710659776092445,,,,,,0.05,130363.0,25.17644961131309,0.2010787263976674
unseen,IMC_PID/A_original3,reverse_off_anchor,noise_0.05_seed155921,5.0,5.0,109.59723737472513,105.0,ok,5623.812344941862,3156.996244698131,2.133122470273922,62.488030338204446,0.0,4,0,17980.0,0.0389683366031272,5.252465791116303,8.710922067941112,,,,,,0.05,155921.0,20.52236112523518,0.1936515061021889
unseen,IMC_PID/A_original3,reverse_off_anchor,noise_0.05_seed196613,5.0,5.0,109.59723737472513,105.0,ok,5227.7610110393825,2961.719447424017,2.088646619961663,61.05544091035499,0.0,4,1,inf,0.054954365597049,5.224494441004853,8.714267641318088,,,,,,0.05,196613.0,12.034694937074143,0.17975604665508121
unseen,IMC_PID/A_original3,reverse_off_anchor,noise_0.05_seed262147,5.0,5.0,109.59723737472513,105.0,ok,5501.030299634872,2956.584840026766,1.9253987499270029,63.07838873515132,0.0,4,0,17975.0,0.0315953840490284,5.175334120653153,8.712286704274232,,,,,,0.05,262147.0,17.89105319806128,0.18952040376107782
unseen,IMC_PID/A_original3,reverse_off_anchor,combined_seed104729,5.0,5.0,164.39585606208766,160.0,ok,203140.4954799886,767758.8968647249,5.790927181911848,278.2487926544174,0.0,4,4,inf,5.773910474593988,2.909072818088151,8.7,1.5,1.15,0.85,2.0,1.2,0.05,104729.0,4253.44756434107,2.8376365469987985
unseen,IMC_PID/A_original3,reverse_off_anchor,combined_seed130363,5.0,5.0,164.39585606208766,160.0,ok,203098.4077927071,767504.0471146596,5.790599506322208,277.86378430335526,0.0,4,4,inf,5.773627712171381,2.909400493677791,8.7,1.5,1.15,0.85,2.0,1.2,0.05,130363.0,4252.5455947989985,2.835917338349125
unseen,IMC_PID/A_original3,reverse_off_anchor,combined_seed155921,5.0,5.0,164.39585606208766,160.0,ok,203112.10678643483,767585.8175105045,5.790736116635043,276.6493041804777,0.0,4,4,inf,5.7736985966768515,2.9092638833649564,8.7,1.5,1.15,0.85,2.0,1.2,0.05,155921.0,4252.839174130569,2.836379457468456
unseen,IMC_PID/A_original3,reverse_off_anchor,combined_seed196613,5.0,5.0,164.39585606208766,160.0,ok,203295.84633070897,768710.7869006017,5.792106140635932,273.57977415082405,0.0,4,4,inf,5.775208245401461,2.9078938593640675,8.7,1.5,1.15,0.85,2.0,1.2,0.05,196613.0,4256.776845295559,2.837008513821032
unseen,IMC_PID/A_original3,reverse_off_anchor,combined_seed262147,5.0,5.0,164.39585606208766,160.0,ok,203070.53971474728,767337.7491061157,5.790408685287906,280.0626014904218,0.0,4,4,inf,5.773398375222323,2.909591314712093,8.7,1.5,1.15,0.85,2.0,1.2,0.05,262147.0,4251.948361756761,2.8338242911871268
unseen,IMC_PID/A_original3,cross_equivalence,nominal,5.0,5.0,109.59723737472513,105.0,ok,68623.75625121227,198232.4219021608,4.090713359070758,2.154959737155881,0.0,7,4,inf,2.540084968730633,3.790955823906055,10.085055593967809,,,,,,,,0.0,1.3180189701138016
unseen,IMC_PID/A_original3,cross_equivalence,delay_minus30,5.0,5.0,76.71806616230758,75.0,ok,63232.588154376026,194875.8036752949,4.080866955813682,1.4677000868491508,0.0,7,2,inf,2.615304463671892,3.777432837073568,10.08633180200458,0.7,,,,,,,-7.856125037954342,1.4536538248134263
unseen,IMC_PID/A_original3,cross_equivalence,delay_plus50,5.0,5.0,164.39585606208766,160.0,ok,82358.634542068,216383.010860034,4.109238925624434,2.5420794693369624,0.0,7,4,inf,1.847637711817436,3.866212830743085,10.128819699354848,1.5,,,,,,,20.014757339391643,1.3095269038993556
unseen,IMC_PID/A_original3,cross_equivalence,acid_plus15,5.0,5.0,109.59723737472513,105.0,ok,167386.16020764696,633692.1777055307,5.209699866231873,2.462318514865472,0.0,7,7,inf,4.834740547338365,3.164331623864054,10.152419720434692,,1.15,,,,,,143.9186796987523,2.1250539090829776
unseen,IMC_PID/A_original3,cross_equivalence,acid_minus15,5.0,5.0,109.59723737472513,105.0,ok,100627.68763546324,330541.7927361944,5.3047516079510935,3.48100221653562,0.0,7,5,inf,1.4058504474902938,3.835258054441983,10.554751607951092,,0.85,,,,,,46.63681082553042,1.279296381290532
unseen,IMC_PID/A_original3,cross_equivalence,base_minus15,5.0,5.0,109.59723737472513,105.0,ok,174386.70660741438,670759.6025570284,5.219224686013016,2.136708533817618,0.0,7,6,inf,4.926196372455059,3.160052407336911,9.950902625142856,,,0.85,,,,,154.12002509602317,2.2011416976273175
unseen,IMC_PID/A_original3,cross_equivalence,base_plus15,5.0,5.0,109.59723737472513,105.0,ok,100307.37048994128,318365.5031158668,5.273700858341783,3.7962887034745094,0.0,7,4,inf,1.4016077623916037,3.794194424018517,10.523700858341783,,,1.15,,,,,46.170037855031154,1.2802853122941849
unseen,IMC_PID/A_original3,cross_equivalence,Kw_half,5.0,5.0,109.59723737472513,105.0,ok,79818.92704226049,214031.44255361447,4.090672416258489,3.5353378700561784,0.0,7,4,inf,2.3030690744992253,3.8278084442768594,10.347222204754798,,,,0.5,,,,16.313841448821087,1.3694711791395047
unseen,IMC_PID/A_original3,cross_equivalence,Kw_double,5.0,5.0,109.59723737472513,105.0,ok,64590.632447377786,196460.6342729539,4.087403114949969,1.306398722771653,0.0,7,2,inf,2.6211753433546976,3.7753214431471767,9.81785802194266,,,,2.0,,,,-5.877153953902425,1.4843780440823389
unseen,IMC_PID/A_original3,cross_equivalence,volume_plus20,5.0,5.0,109.59723737472513,105.0,ok,68171.04611942095,208317.11917391236,4.072756608249646,1.4869244497013794,0.0,7,2,inf,2.6848377677110262,3.7904217906292104,10.058710324388526,,,,,1.2,,,-0.6596988514211866,1.3456348286597164
unseen,IMC_PID/A_original3,cross_equivalence,volume_minus20,5.0,5.0,109.59723737472513,105.0,ok,69149.7331964452,192662.44545969417,4.110706464296238,2.569935085539377,0.0,7,4,inf,2.516781266453437,3.765697224111939,10.118288982345984,,,,,0.8,,,0.7664648133038465,1.2854206440872646
unseen,IMC_PID/A_original3,cross_equivalence,noise_0.01_seed104729,5.0,5.0,109.59723737472513,105.0,ok,68625.62376424458,198154.8372096624,4.090458269689218,23.88603685283113,0.0,7,4,inf,2.543722544337069,3.7899077649006383,10.083016151630186,,,,,,0.01,104729.0,0.0027213797878955504,1.3174555137686128
unseen,IMC_PID/A_original3,cross_equivalence,noise_0.01_seed130363,5.0,5.0,109.59723737472513,105.0,ok,68624.42236332018,198190.28486873308,4.09096419808453,23.463386686919243,0.0,7,4,inf,2.5376383561605653,3.791135895928553,10.08539919336457,,,,,,0.01,130363.0,0.0009706727586822339,1.317625161804202
unseen,IMC_PID/A_original3,cross_equivalence,noise_0.01_seed155921,5.0,5.0,109.59723737472513,105.0,ok,68631.77631790859,198230.22532127472,4.089964650089392,23.50647144624684,0.0,7,4,inf,2.544140778647477,3.7903199503005407,10.085443715917824,,,,,,0.01,155921.0,0.011687012099659277,1.317915682527961
unseen,IMC_PID/A_original3,cross_equivalence,noise_0.01_seed196613,5.0,5.0,109.59723737472513,105.0,ok,68585.86822580028,198107.28384514697,4.0900499284971685,23.07197190137593,0.0,7,4,inf,2.5504870257436556,3.7889679730204056,10.08297674280404,,,,,,0.01,196613.0,-0.05521123803438055,1.317039657696857
unseen,IMC_PID/A_original3,cross_equivalence,noise_0.01_seed262147,5.0,5.0,109.59723737472513,105.0,ok,68666.50678612283,198376.6717683879,4.091718245969737,23.8487136726489,0.0,7,4,inf,2.535219480777857,3.791678512130221,10.086348939051614,,,,,,0.01,262147.0,0.062296990497090476,1.3184583483707075
unseen,IMC_PID/A_original3,cross_equivalence,noise_0.05_seed104729,5.0,5.0,109.59723737472513,105.0,ok,68877.01312703452,199551.70917478608,4.091981831958541,117.25082638500632,0.0,7,3,inf,2.6100515196241627,3.7733546763120978,10.080824885291811,,,,,,0.05,104729.0,0.3690513164204434,1.3197624581968372
unseen,IMC_PID/A_original3,cross_equivalence,noise_0.05_seed130363,5.0,5.0,109.59723737472513,105.0,ok,68581.89531443166,197869.7716264758,4.089099698406761,114.26776952482894,0.0,7,4,inf,2.5512718954153897,3.786436395550736,10.082654280559456,,,,,,0.05,130363.0,-0.061000649144538066,1.3147591181370608
unseen,IMC_PID/A_original3,cross_equivalence,noise_0.05_seed155921,5.0,5.0,109.59723737472513,105.0,ok,68188.68957672454,197125.78631369775,4.085147911352128,113.84144754566714,0.0,7,4,inf,2.560793499079302,3.789846321677879,10.082843569616925,,,,,,0.05,155921.0,-0.6339884294515596,1.3082092886232077
unseen,IMC_PID/A_original3,cross_equivalence,noise_0.05_seed196613,5.0,5.0,109.59723737472513,105.0,ok,68464.48117876126,197429.9793463936,4.087222287466731,112.5013092633272,0.0,7,4,inf,2.5658554109628726,3.7853585921394353,10.078374896061025,,,,,,0.05,196613.0,-0.23209902977031627,1.3134579132161106
unseen,IMC_PID/A_original3,cross_equivalence,noise_0.05_seed262147,5.0,5.0,109.59723737472513,105.0,ok,68872.3285349876,198325.4460731769,4.09666248009377,116.25280278570987,0.0,7,5,inf,2.512469733908425,3.7919063378840256,10.083625905726526,,,,,,0.05,262147.0,0.36222482905974296,1.320830726959593
unseen,IMC_PID/A_original3,cross_equivalence,combined_seed104729,5.0,5.0,164.39585606208766,160.0,ok,228259.99596677604,942407.3566309636,5.542769823110468,271.01649351458866,0.0,7,7,inf,5.409728187419384,2.851428152164293,5.25,1.5,1.15,0.85,2.0,1.2,0.05,104729.0,232.6253304047951,2.1866466351351073
unseen,IMC_PID/A_original3,cross_equivalence,combined_seed130363,5.0,5.0,164.39585606208766,160.0,ok,228220.19061211325,942226.6431162364,5.54286758387181,270.2767671586758,0.0,7,7,inf,5.409935174444287,2.8512983889065344,5.25,1.5,1.15,0.85,2.0,1.2,0.05,130363.0,232.56732519371766,2.1861868351193463
unseen,IMC_PID/A_original3,cross_equivalence,combined_seed155921,5.0,5.0,164.39585606208766,160.0,ok,228256.05337782096,942371.6562536748,5.542806116489429,269.1246151098536,0.0,7,7,inf,5.409829425666288,2.851399031017992,5.25,1.5,1.15,0.85,2.0,1.2,0.05,155921.0,232.61958518015214,2.1874039296400722
unseen,IMC_PID/A_original3,cross_equivalence,combined_seed196613,5.0,5.0,164.39585606208766,160.0,ok,228193.07447153673,941998.1893344152,5.542535644944187,266.03185415457926,0.0,7,7,inf,5.409371511713941,2.851632989867316,5.25,1.5,1.15,0.85,2.0,1.2,0.05,196613.0,232.52781097581726,2.1885640661434533
unseen,IMC_PID/A_original3,cross_equivalence,combined_seed262147,5.0,5.0,164.39585606208766,160.0,ok,228227.3161855805,942221.9110540844,5.542807123730854,272.0351413268228,0.0,7,7,inf,5.409850852647766,2.8513692288435823,5.25,1.5,1.15,0.85,2.0,1.2,0.05,262147.0,232.57770873122206,2.1878995352251955
unseen,IMC_PID/A_original3,regulatory_off_anchor,nominal,5.0,5.0,109.59723737472513,105.0,ok,108259.78868925304,343645.2387123583,3.740383192822794,2.2297655993253107,0.0,4,2,inf,0.08369589538108,3.6096168071772055,10.563702949794084,,,,,,,,0.0,1.445545312026967
unseen,IMC_PID/A_original3,regulatory_off_anchor,delay_minus30,5.0,5.0,76.71806616230758,75.0,ok,107067.78145581397,341577.8718184603,3.7387093382466223,2.038984271597524,0.0,4,0,14800.0,7.948660510415095e-05,3.6112906617533778,10.55826546922216,0.7,,,,,,,-1.1010618511925863,1.7178981926081043
unseen,IMC_PID/A_original3,regulatory_off_anchor,delay_plus50,5.0,5.0,164.39585606208766,160.0,ok,123970.66488242162,363526.4197398005,3.743356247109663,3.0181916508164273,0.0,4,2,inf,0.9381582990390402,3.606643752890337,10.56008335094138,1.5,,,,,,,14.51219920469715,1.3970027753555394
unseen,IMC_PID/A_original3,regulatory_off_anchor,acid_plus15,5.0,5.0,109.59723737472513,105.0,ok,159050.47289400408,591144.7697620889,4.261284441360845,2.3661730681024222,0.0,4,2,inf,4.081207660301565,3.088715558639155,10.163835738857792,,1.15,,,,,,46.91555823237352,1.6177740369038844
unseen,IMC_PID/A_original3,regulatory_off_anchor,acid_minus15,5.0,5.0,109.59723737472513,105.0,ok,123170.89724275848,388151.9745040644,3.80559274242371,3.212930058521188,0.0,4,3,inf,2.90532328538141,3.5444072575762897,10.653956277803305,,0.85,,,,,,13.77345063577209,1.3570020776661809
unseen,IMC_PID/A_original3,regulatory_off_anchor,base_minus15,5.0,5.0,109.59723737472513,105.0,ok,158427.65011763552,590469.4542928106,4.257878761794064,2.0660127142721274,0.0,4,2,inf,4.103813949622253,3.092121238205936,9.924873359403692,,,0.85,,,,,46.340254341695996,1.6347741235634874
unseen,IMC_PID/A_original3,regulatory_off_anchor,base_plus15,5.0,5.0,109.59723737472513,105.0,ok,124767.74068457104,390307.4849867029,3.844461851562947,3.723439237509673,0.0,4,4,inf,2.951283618890441,3.5055381484370525,10.632053261719564,,,1.15,,,,,15.248461312539717,1.3032685932308428
unseen,IMC_PID/A_original3,regulatory_off_anchor,Kw_half,5.0,5.0,109.59723737472513,105.0,ok,116878.27888270248,340612.52967695694,3.7116467277802223,4.346783100179313,0.0,4,4,inf,0.738313399979214,3.638353272219777,10.83984997180782,,,,0.5,,,,7.96093387747856,1.2604944735693555
unseen,IMC_PID/A_original3,regulatory_off_anchor,Kw_double,5.0,5.0,109.59723737472513,105.0,ok,106818.30585142736,337850.3569763174,3.7402640829642393,1.9239851294427115,0.0,4,0,14670.0,4.106765508193888e-05,3.60973591703576,10.27789870874826,,,,2.0,,,,-1.331503465209305,2.1680821268919783
unseen,IMC_PID/A_original3,regulatory_off_anchor,volume_plus20,5.0,5.0,109.59723737472513,105.0,ok,113431.8933377908,361198.5170530848,3.72710717834167,2.162601222284376,0.0,4,0,15320.0,8.850298161267034e-05,3.6228928216583296,10.536255315029107,,,,,1.2,,,4.777493759371421,1.5650582252689387
unseen,IMC_PID/A_original3,regulatory_off_anchor,volume_minus20,5.0,5.0,109.59723737472513,105.0,ok,105922.4809461661,327268.08843785955,3.75466766218424,2.879267366470181,0.0,4,3,inf,0.1958849712082884,3.5953323378157593,10.596279086504504,,,,,0.8,,,-2.158980514728226,1.3551614700599872
unseen,IMC_PID/A_original3,regulatory_off_anchor,noise_0.01_seed104729,5.0,5.0,109.59723737472513,105.0,ok,108258.24708348472,342987.31708709965,3.7388000633695153,30.763818684434852,0.0,4,1,inf,0.0831441779633292,3.611199936630484,10.563034201643925,,,,,,0.01,104729.0,-0.0014239874167376598,1.3775180788563564
unseen,IMC_PID/A_original3,regulatory_off_anchor,noise_0.01_seed130363,5.0,5.0,109.59723737472513,105.0,ok,108374.33599613332,344197.3104441384,3.7403288511478063,30.972880453022583,0.0,4,2,inf,0.0666805926841203,3.6096711488521938,10.56360775056583,,,,,,0.01,130363.0,0.10580780571176618,1.3810429414575744
unseen,IMC_PID/A_original3,regulatory_off_anchor,noise_0.01_seed155921,5.0,5.0,109.59723737472513,105.0,ok,108330.63944407462,343439.4712487306,3.7396289878765865,30.723868085954784,0.0,4,2,inf,0.0944009975094228,3.610371012123413,10.563824547305016,,,,,,0.01,155921.0,0.06544512572894678,1.3795084661986177
unseen,IMC_PID/A_original3,regulatory_off_anchor,noise_0.01_seed196613,5.0,5.0,109.59723737472513,105.0,ok,108219.17417750738,342651.2950695902,3.7370836394248568,29.99576235238126,0.0,4,3,inf,0.1048462457745005,3.612916360575143,10.562821477961377,,,,,,0.01,196613.0,-0.03751578701325364,1.3748935456296933
unseen,IMC_PID/A_original3,regulatory_off_anchor,noise_0.01_seed262147,5.0,5.0,109.59723737472513,105.0,ok,108380.3271846712,343471.4038901267,3.741354160291788,31.414163633327405,0.0,4,1,inf,0.1047270881105673,3.608645839708212,10.563599180255672,,,,,,0.01,262147.0,0.11134189053716437,1.3790892534127441
unseen,IMC_PID/A_original3,regulatory_off_anchor,noise_0.05_seed104729,5.0,5.0,109.59723737472513,105.0,ok,108535.27087802497,341637.8570680857,3.7356475129037054,150.70999922283562,0.0,4,3,inf,0.1532902862541414,3.614352487096294,10.560992410179214,,,,,,0.05,104729.0,0.25446400007547165,1.3771727489502357
unseen,IMC_PID/A_original3,regulatory_off_anchor,noise_0.05_seed130363,5.0,5.0,109.59723737472513,105.0,ok,109174.01155927368,344950.00192032824,3.740033384344273,152.32612262441583,0.0,4,2,inf,0.1266566203521923,3.609966615655727,10.562912206215806,,,,,,0.05,130363.0,0.8444713231842815,1.3868972663009267
unseen,IMC_PID/A_original3,regulatory_off_anchor,noise_0.05_seed155921,5.0,5.0,109.59723737472513,105.0,ok,109134.96085366789,344031.26378643315,3.737731645956444,150.63065209162863,0.0,4,2,inf,0.1027172988106936,3.612268354043555,10.564746979419406,,,,,,0.05,155921.0,0.8084000301597838,1.386158039493915
unseen,IMC_PID/A_original3,regulatory_off_anchor,noise_0.05_seed196613,5.0,5.0,109.59723737472513,105.0,ok,109047.45180606718,342959.2977708881,3.7370394452959665,147.14556508340664,0.0,4,3,inf,0.1805444478827365,3.612960554704033,10.563275076875382,,,,,,0.05,196613.0,0.727567572734733,1.3804236048746106
unseen,IMC_PID/A_original3,regulatory_off_anchor,noise_0.05_seed262147,5.0,5.0,109.59723737472513,105.0,ok,108332.6178972216,341119.1040056022,3.7414081223344575,153.64704881417143,0.0,4,4,inf,0.1955028847302955,3.608591877665542,10.562388676001587,,,,,,0.05,262147.0,0.06727263081733881,1.374150597295552
unseen,IMC_PID/A_original3,regulatory_off_anchor,combined_seed104729,5.0,5.0,164.39585606208766,160.0,ok,224878.4193614978,885414.5257671692,4.54218662720689,255.69318342925297,0.0,4,4,inf,4.460090250674062,2.807813372793109,7.866112185921533,1.5,1.15,0.85,2.0,1.2,0.05,104729.0,107.72109578652956,1.882342811374879
unseen,IMC_PID/A_original3,regulatory_off_anchor,combined_seed130363,5.0,5.0,164.39585606208766,160.0,ok,225232.08411641023,886384.6736896207,4.542041416708233,256.5016729837033,0.0,4,3,inf,4.460001240434503,2.807958583291767,7.818820704301301,1.5,1.15,0.85,2.0,1.2,0.05,130363.0,108.04777733578659,1.8852935536385809
unseen,IMC_PID/A_original3,regulatory_off_anchor,combined_seed155921,5.0,5.0,164.39585606208766,160.0,ok,225654.26501468808,888087.8007882976,4.541931764410786,255.4031865341711,0.0,4,3,inf,4.459822570317839,2.8080682355892135,7.809943253051328,1.5,1.15,0.85,2.0,1.2,0.05,155921.0,108.43774752082886,1.8899771444504971
unseen,IMC_PID/A_original3,regulatory_off_anchor,combined_seed196613,5.0,5.0,164.39585606208766,160.0,ok,225556.27653651452,888238.0551508963,4.542957996441478,252.440489018407,0.0,4,4,inf,4.4610848186286,2.8070420035585215,7.808358621328549,1.5,1.15,0.85,2.0,1.2,0.05,196613.0,108.34723517145153,1.8854628919143874
unseen,IMC_PID/A_original3,regulatory_off_anchor,combined_seed262147,5.0,5.0,164.39585606208766,160.0,ok,225597.371627362,887311.5063710199,4.541931544785172,259.06141356473836,0.0,4,3,inf,4.459799058017735,2.808068455214828,7.829845121387341,1.5,1.15,0.85,2.0,1.2,0.05,262147.0,108.38519487130411,1.8868094599712508
unseen,IMC_PID/B_analytic3,reverse_off_anchor,nominal,5.0,5.0,109.59723737472513,105.0,ok,6888.660698737898,6146.058920643964,1.9499999999814612,0.0317055070544372,0.0,4,0,4585.0,1.2675759917257778e-06,5.399992641530535,8.7,,,,,,,,0.0,0.23768959845484752
unseen,IMC_PID/B_analytic3,reverse_off_anchor,delay_minus30,5.0,5.0,76.71806616230758,75.0,ok,6506.085083985149,5571.472668768215,1.94999999997333,0.0303637804437988,0.0,4,0,4490.0,1.3288899136654209e-06,5.399995627565262,8.7,0.7,,,,,,,-5.553700951229057,0.36926958489381057
unseen,IMC_PID/B_analytic3,reverse_off_anchor,delay_plus50,5.0,5.0,164.39585606208766,160.0,ok,7917.632358429802,7558.919312974181,1.9500000000188251,0.0344243376460404,0.0,4,0,5060.0,9.327353209798162e-07,5.399982876136986,8.7,1.5,,,,,,,14.937180167407949,0.19587976572237648
unseen,IMC_PID/B_analytic3,reverse_off_anchor,acid_plus15,5.0,5.0,109.59723737472513,105.0,ok,73899.06591286618,298026.7964170787,5.455770099426134,0.8861803288923342,0.0,4,1,inf,5.295454502716288,3.2442299005738655,8.713056241299409,,1.15,,,,,,972.7639107904612,1.3576998732478103
unseen,IMC_PID/B_analytic3,reverse_off_anchor,acid_minus15,5.0,5.0,109.59723737472513,105.0,ok,108812.92657263824,372539.6798898046,4.994511400158162,0.8277555875126374,0.0,4,2,inf,3.0447183897418064,4.777279013045391,10.842529906270125,,0.85,,,,,,1479.5948055995027,2.2089603861254763
unseen,IMC_PID/B_analytic3,reverse_off_anchor,base_minus15,5.0,5.0,109.59723737472513,105.0,ok,84810.78485756122,338519.9407561537,5.468202240967141,1.014416703434871,0.0,4,2,inf,5.345502833052039,3.231797759032858,8.7,,,0.85,,,,,1131.165077895327,1.5988011751455127
unseen,IMC_PID/B_analytic3,reverse_off_anchor,base_plus15,5.0,5.0,109.59723737472513,105.0,ok,95697.9447949042,307992.0734455717,4.842071437075846,0.7315726057279308,0.0,4,2,inf,2.8923974259647895,4.736518941666188,10.838644790979584,,,1.15,,,,,1289.2097314712776,1.8932903111381214
unseen,IMC_PID/B_analytic3,reverse_off_anchor,Kw_half,5.0,5.0,109.59723737472513,105.0,ok,6051.452002720554,5117.69643959094,1.94999999997062,0.0329198308910463,0.0,4,0,4380.0,0.0099328510897809,5.3999926929589375,8.871354997461246,,,,0.5,,,,-12.153432033177836,0.16355957116318903
unseen,IMC_PID/B_analytic3,reverse_off_anchor,Kw_double,5.0,5.0,109.59723737472513,105.0,ok,8052.868428125121,6287.7288851766025,1.9500000261530657,0.0377425753187559,0.0,4,1,inf,0.0534855958529512,5.3999925539282385,8.7,,,,2.0,,,,16.90034943367906,0.5902108367846062
unseen,IMC_PID/B_analytic3,reverse_off_anchor,volume_plus20,5.0,5.0,109.59723737472513,105.0,ok,8845.529274859213,8339.420944071824,1.9500000002176163,0.0341874747746917,0.0,4,0,5525.0,3.3616277050896315e-06,5.399205827798995,8.7,,,,,1.2,,,28.407097717555473,0.3681924451536441
unseen,IMC_PID/B_analytic3,reverse_off_anchor,volume_minus20,5.0,5.0,109.59723737472513,105.0,ok,5391.067578345182,4597.2889578365375,1.9499999999719648,0.0293240552140989,0.0,4,0,4450.0,9.80994594002027e-06,5.400009176213684,8.7,,,,,0.8,,,-21.739975096568443,0.15855218562825724
unseen,IMC_PID/B_analytic3,reverse_off_anchor,noise_0.01_seed104729,5.0,5.0,109.59723737472513,105.0,ok,6902.825781904088,6128.055977651524,1.9514444292710265,4.899425418199514,0.0,4,0,4575.0,0.0016121309756833,5.3984892239862,8.700002656216142,,,,,,0.01,104729.0,0.20562898632510151,0.23805001713612287
unseen,IMC_PID/B_analytic3,reverse_off_anchor,noise_0.01_seed130363,5.0,5.0,109.59723737472513,105.0,ok,6914.223030242039,6131.960504110788,1.9519480370324604,4.953733759965947,0.0,4,0,4590.0,0.001018956950916,5.3969995660429815,8.700031635560647,,,,,,0.01,130363.0,0.37107839422001465,0.238457736153074
unseen,IMC_PID/B_analytic3,reverse_off_anchor,noise_0.01_seed155921,5.0,5.0,109.59723737472513,105.0,ok,6922.15011885512,6154.772718961657,1.9532971006241369,4.852155378582817,0.0,4,0,4585.0,0.0018172671201766,5.395666090609976,8.700389983333631,,,,,,0.01,155921.0,0.4861528471471699,0.23877519090547486
unseen,IMC_PID/B_analytic3,reverse_off_anchor,noise_0.01_seed196613,5.0,5.0,109.59723737472513,105.0,ok,6881.629578586737,6103.139299671888,1.9499949425378225,4.911528789238842,0.0,4,0,4550.0,0.0013366277020994,5.396452442143171,8.700000332828052,,,,,,0.01,196613.0,-0.10206802829538786,0.23728077945970893
unseen,IMC_PID/B_analytic3,reverse_off_anchor,noise_0.01_seed262147,5.0,5.0,109.59723737472513,105.0,ok,6918.633403377824,6140.654810435725,1.9520069442681391,4.835258091204726,0.0,4,0,4575.0,0.0024337607730249,5.398385673358095,8.70040638980797,,,,,,0.01,262147.0,0.4351020604834943,0.2386497190440028
unseen,IMC_PID/B_analytic3,reverse_off_anchor,noise_0.05_seed104729,5.0,5.0,109.59723737472513,105.0,ok,7364.0667777820145,6075.171779307348,1.9544451669453544,24.029823616850155,0.0,4,0,5425.0,0.0249017071762693,5.36836797383107,8.700013173968413,,,,,,0.05,104729.0,6.901284586875023,0.253362071661912
unseen,IMC_PID/B_analytic3,reverse_off_anchor,noise_0.05_seed130363,5.0,5.0,109.59723737472513,105.0,ok,7521.52416264154,6151.779848835212,1.9513918718138183,24.127360022639404,0.0,4,0,16845.0,0.0245252753956544,5.346211126544535,8.70012877013527,,,,,,0.05,130363.0,9.187032016536856,0.25893225994943436
unseen,IMC_PID/B_analytic3,reverse_off_anchor,noise_0.05_seed155921,5.0,5.0,109.59723737472513,105.0,ok,7775.349814609694,6463.834880036573,1.9655256915558716,25.76387372733125,0.0,4,0,17720.0,0.0366239293261925,5.315663392831741,8.701385782251045,,,,,,0.05,155921.0,12.871719985196094,0.2677379879904418
unseen,IMC_PID/B_analytic3,reverse_off_anchor,noise_0.05_seed196613,5.0,5.0,109.59723737472513,105.0,ok,6979.272164727705,5652.044631405815,1.9477373235706497,25.096862588501708,0.0,4,0,17990.0,0.0466678119709742,5.33250194408896,8.700001573590313,,,,,,0.05,196613.0,1.3153713029647074,0.239981584891133
unseen,IMC_PID/B_analytic3,reverse_off_anchor,noise_0.05_seed262147,5.0,5.0,109.59723737472513,105.0,ok,7233.332468872154,5907.841196281207,1.9523159567716029,23.62419561086347,0.0,4,0,17560.0,0.034587184446714,5.366181651597175,8.701892742264524,,,,,,0.05,262147.0,5.003465625726133,0.24920133418093607
unseen,IMC_PID/B_analytic3,reverse_off_anchor,combined_seed104729,5.0,5.0,164.39585606208766,160.0,ok,154407.97664435915,589142.1914651399,5.797895900251806,321.045991493179,0.0,4,3,inf,5.762916517669916,2.9021040997481937,8.7,1.5,1.15,0.85,2.0,1.2,0.05,104729.0,2141.4803602193515,2.1568999161830487
unseen,IMC_PID/B_analytic3,reverse_off_anchor,combined_seed130363,5.0,5.0,164.39585606208766,160.0,ok,154832.10605838487,589183.0027848228,5.797805639877312,321.71064008001895,0.0,4,3,inf,5.7628505039486315,2.9021943601226874,8.7,1.5,1.15,0.85,2.0,1.2,0.05,130363.0,2147.6372814639044,2.161962069895908
unseen,IMC_PID/B_analytic3,reverse_off_anchor,combined_seed155921,5.0,5.0,164.39585606208766,160.0,ok,153871.39976557723,588248.3142903533,5.797895240887652,319.6308649586664,0.0,4,3,inf,5.762883320623511,2.902104759112348,8.7,1.5,1.15,0.85,2.0,1.2,0.05,155921.0,2133.6910829962735,2.148752648437144
unseen,IMC_PID/B_analytic3,reverse_off_anchor,combined_seed196613,5.0,5.0,164.39585606208766,160.0,ok,154011.16514233907,588715.8456393179,5.797764676564723,317.9332031778548,0.0,4,3,inf,5.762775839661646,2.902235323435276,8.7,1.5,1.15,0.85,2.0,1.2,0.05,196613.0,2135.720002446283,2.1492371566782573
unseen,IMC_PID/B_analytic3,reverse_off_anchor,combined_seed262147,5.0,5.0,164.39585606208766,160.0,ok,154609.3542377722,589272.2130134592,5.797892932761236,322.11362228335776,0.0,4,3,inf,5.762897719018915,2.902107067238763,8.7,1.5,1.15,0.85,2.0,1.2,0.05,262147.0,2144.403680182693,2.157554435513898
unseen,IMC_PID/B_analytic3,cross_equivalence,nominal,5.0,5.0,109.59723737472513,105.0,ok,95849.89465653438,287402.7306494607,4.302756367132096,0.8882406872687882,0.0,7,4,inf,3.2728016615355005,3.7648999208796705,10.366848859257244,,,,,,,,0.0,1.8409365260953652
unseen,IMC_PID/B_analytic3,cross_equivalence,delay_minus30,5.0,5.0,76.71806616230758,75.0,ok,95308.51276655188,285859.21665491344,4.296891613967929,0.8809579060962252,0.0,7,4,inf,3.270373263988822,3.7667234858474794,10.365545533202097,0.7,,,,,,,-0.5648226238771259,2.1910471825403106
unseen,IMC_PID/B_analytic3,cross_equivalence,delay_plus50,5.0,5.0,164.39585606208766,160.0,ok,97022.50245744464,290572.52004524716,4.313264525507879,0.9025003894821096,0.0,7,4,inf,3.277238529210716,3.7615545266243826,10.369222936620115,1.5,,,,,,,1.2233793319357922,1.542686786371711
unseen,IMC_PID/B_analytic3,cross_equivalence,acid_plus15,5.0,5.0,109.59723737472513,105.0,ok,157266.35439083306,556621.4811512177,5.169412140335108,1.7239350703042469,0.0,7,6,inf,4.113765462315729,3.1810117893916177,10.409825798828065,,1.15,,,,,,64.07566743226643,1.9965777382723002
unseen,IMC_PID/B_analytic3,cross_equivalence,acid_minus15,5.0,5.0,109.59723737472513,105.0,ok,140118.17476345945,460835.9940570359,5.487042466115804,1.3061451084890416,0.0,7,5,inf,5.375603382149976,3.8275305056607474,10.737042466115804,,0.85,,,,,,46.18500653084148,1.7813454541188893
unseen,IMC_PID/B_analytic3,cross_equivalence,base_minus15,5.0,5.0,109.59723737472513,105.0,ok,168293.8526558929,610909.6960826153,5.185321082453153,1.858616383038492,0.0,7,6,inf,4.537060285114398,3.175015733152644,10.347181948218392,,,0.85,,,,,75.5806339265703,2.124236553014207
unseen,IMC_PID/B_analytic3,cross_equivalence,base_plus15,5.0,5.0,109.59723737472513,105.0,ok,131502.76723673544,449129.30672262626,5.466510978679409,1.2281524659576455,0.0,7,5,inf,5.318939402117007,3.7604629328188106,10.716510978679407,,,1.15,,,,,37.19656939421634,1.678451549441388
unseen,IMC_PID/B_analytic3,cross_equivalence,Kw_half,5.0,5.0,109.59723737472513,105.0,ok,97744.4524554898,304066.55975172954,4.30689525592906,0.933665503231329,0.0,7,4,inf,3.515443100289379,3.7661206409003913,10.661381185559346,,,,0.5,,,,1.9765882954220437,1.6770234268833635
unseen,IMC_PID/B_analytic3,cross_equivalence,Kw_double,5.0,5.0,109.59723737472513,105.0,ok,92670.30481475372,269663.45244711346,4.2935843206074145,0.8573141911384567,0.0,7,4,inf,3.0235756785312455,3.750983261429672,10.07266602763146,,,,2.0,,,,-3.3172596101167406,2.1296860023395356
unseen,IMC_PID/B_analytic3,cross_equivalence,volume_plus20,5.0,5.0,109.59723737472513,105.0,ok,99490.45433554854,295068.82446020877,4.2746295948957185,0.9235777330036532,0.0,7,4,inf,3.2916597816207807,3.795170312119653,10.352920103028955,,,,,1.2,,,3.7981885030334395,1.9638516363467295
unseen,IMC_PID/B_analytic3,cross_equivalence,volume_minus20,5.0,5.0,109.59723737472513,105.0,ok,92539.41702960164,279392.27849904157,4.334835441665968,0.8636904483414494,0.0,7,4,inf,3.2528157463175367,3.741305293482722,10.381912209533493,,,,,0.8,,,-3.4538145699537837,1.720210209686905
unseen,IMC_PID/B_analytic3,cross_equivalence,noise_0.01_seed104729,5.0,5.0,109.59723737472513,105.0,ok,95836.9412335308,287316.39365152206,4.302743703897524,18.330760904359437,0.0,7,4,inf,3.2728487680112517,3.764955617406994,10.366867671698966,,,,,,0.01,104729.0,-0.013514279853932276,1.8398507689283594
unseen,IMC_PID/B_analytic3,cross_equivalence,noise_0.01_seed130363,5.0,5.0,109.59723737472513,105.0,ok,95861.0813788512,287380.8130154242,4.3029000389294625,17.845411354244437,0.0,7,4,inf,3.272768132761544,3.764703160976127,10.366853680809692,,,,,,0.01,130363.0,0.011671084623410266,1.840583403293561
unseen,IMC_PID/B_analytic3,cross_equivalence,noise_0.01_seed155921,5.0,5.0,109.59723737472513,105.0,ok,95839.44641840446,287319.9852032093,4.302602780248931,17.914849145575843,0.0,7,4,inf,3.2727717570310295,3.764871398069045,10.366833301176989,,,,,,0.01,155921.0,-0.010900625574350453,1.840376516768879
unseen,IMC_PID/B_analytic3,cross_equivalence,noise_0.01_seed196613,5.0,5.0,109.59723737472513,105.0,ok,95860.02255960015,287368.54397849477,4.302584536247269,17.53495474427597,0.0,7,4,inf,3.272803079511351,3.7647141114684706,10.366830300584294,,,,,,0.01,196613.0,0.010566420653956854,1.8407793699288062
unseen,IMC_PID/B_analytic3,cross_equivalence,noise_0.01_seed262147,5.0,5.0,109.59723737472513,105.0,ok,95850.67963130226,287414.6016359239,4.303087715592338,18.132801761913107,0.0,7,4,inf,3.272795838910473,3.764898786787884,10.366830497026218,,,,,,0.01,262147.0,0.0008189625775756326,1.840418781612412
unseen,IMC_PID/B_analytic3,cross_equivalence,noise_0.05_seed104729,5.0,5.0,109.59723737472513,105.0,ok,95856.18584062957,286521.1108283768,4.304993894306202,90.95156388640208,0.0,7,4,inf,3.2730993946904077,3.7663024451093863,10.366979350923833,,,,,,0.05,104729.0,0.006563579561280619,1.8367143073564474
unseen,IMC_PID/B_analytic3,cross_equivalence,noise_0.05_seed130363,5.0,5.0,109.59723737472513,105.0,ok,95922.18214669122,286530.704282369,4.300580239558105,88.50396463111379,0.0,7,5,inf,3.2726829665673103,3.76455233257856,10.366895990442297,,,,,,0.05,130363.0,0.07541739134495629,1.838890031119161
unseen,IMC_PID/B_analytic3,cross_equivalence,noise_0.05_seed155921,5.0,5.0,109.59723737472513,105.0,ok,95598.36649421792,285773.5832853444,4.30055234295219,88.16189579481153,0.0,7,4,inf,3.2726113038375155,3.7668271585594217,10.366751660164605,,,,,,0.05,155921.0,-0.2624188197783428,1.8340676701848555
unseen,IMC_PID/B_analytic3,cross_equivalence,noise_0.05_seed196613,5.0,5.0,109.59723737472513,105.0,ok,95958.9638834511,286995.85781982733,4.30059678138879,87.17364349523541,0.0,7,4,inf,3.2727866126856826,3.763062741066187,10.36674595175967,,,,,,0.05,196613.0,0.1137917024401025,1.8409262479861859
unseen,IMC_PID/B_analytic3,cross_equivalence,noise_0.05_seed262147,5.0,5.0,109.59723737472513,105.0,ok,96182.22137819628,287628.9176961162,4.305369452328699,90.28956338570524,0.0,7,5,inf,3.2727986038328423,3.765916283455208,10.366771253782728,,,,,,0.05,262147.0,0.34671579228411353,1.844578745715184
unseen,IMC_PID/B_analytic3,cross_equivalence,combined_seed104729,5.0,5.0,164.39585606208766,160.0,ok,199166.0299950328,796226.3777215024,5.523880951401315,319.2076757252016,0.0,7,6,inf,5.293316991874052,2.8629943002689515,9.606635873451255,1.5,1.15,0.85,2.0,1.2,0.05,104729.0,107.78951370652865,1.9079371638350748
unseen,IMC_PID/B_analytic3,cross_equivalence,combined_seed130363,5.0,5.0,164.39585606208766,160.0,ok,198850.99595231295,796073.1510490216,5.52404879691441,316.8793667068053,0.0,7,6,inf,5.293730402002957,2.8627507952844917,9.604868501300407,1.5,1.15,0.85,2.0,1.2,0.05,130363.0,107.46083933098687,1.904850873778225
unseen,IMC_PID/B_analytic3,cross_equivalence,combined_seed155921,5.0,5.0,164.39585606208766,160.0,ok,199102.2319210716,796249.9467331334,5.523946224166231,317.1481218943912,0.0,7,6,inf,5.293524593855526,2.8629213002534497,9.605985803819136,1.5,1.15,0.85,2.0,1.2,0.05,155921.0,107.7229533058211,1.9080195160623898
unseen,IMC_PID/B_analytic3,cross_equivalence,combined_seed196613,5.0,5.0,164.39585606208766,160.0,ok,199229.0302957393,796655.3065543912,5.523481468851336,310.69970756654254,0.0,7,6,inf,5.292604497285289,2.8633510117849226,9.611579313431896,1.5,1.15,0.85,2.0,1.2,0.05,196613.0,107.85524179202346,1.9107744511862796
unseen,IMC_PID/B_analytic3,cross_equivalence,combined_seed262147,5.0,5.0,164.39585606208766,160.0,ok,198946.15845687757,796217.0113016674,5.52395197254736,317.7634406409927,0.0,7,6,inf,5.293566291138893,2.8628642998488627,9.606966929246608,1.5,1.15,0.85,2.0,1.2,0.05,262147.0,107.56012217830309,1.9071959259631401
unseen,IMC_PID/B_analytic3,regulatory_off_anchor,nominal,5.0,5.0,109.59723737472513,105.0,ok,114270.25961440091,350189.7789050019,3.749561080766845,1.0373723001376804,0.0,4,1,inf,3.0205261547075644,3.6004389192331545,10.742786842854017,,,,,,,,0.0,1.5258004850151663
unseen,IMC_PID/B_analytic3,regulatory_off_anchor,delay_minus30,5.0,5.0,76.71806616230758,75.0,ok,113349.257202249,348481.70042218186,3.747445757006351,1.0308989286216947,0.0,4,1,inf,3.0194406955557582,3.602554242993649,10.74226107421147,0.7,,,,,,,-0.8059861028230642,1.8186842151163387
unseen,IMC_PID/B_analytic3,regulatory_off_anchor,delay_plus50,5.0,5.0,164.39585606208766,160.0,ok,116707.88555990397,354531.30639768695,3.75338626716974,1.042643616608503,0.0,4,1,inf,3.022513622843496,3.5966137328302596,10.74374802530482,1.5,,,,,,,2.1332111729934766,1.3151598419488746
unseen,IMC_PID/B_analytic3,regulatory_off_anchor,acid_plus15,5.0,5.0,109.59723737472513,105.0,ok,176864.363683908,618557.8150931781,4.207067863109408,2.4030498088786088,0.0,4,3,inf,4.034186720464479,3.1429321368905914,10.611675517171603,,1.15,,,,,,54.777248499065,1.7989671480702596
unseen,IMC_PID/B_analytic3,regulatory_off_anchor,acid_minus15,5.0,5.0,109.59723737472513,105.0,ok,144967.02981914632,426737.7276526969,3.473828060744932,1.1471504933450802,0.0,4,3,inf,3.4474375411024116,4.06533700595832,10.823828060744932,,0.85,,,,,,26.863306610425198,1.5971350786700746
unseen,IMC_PID/B_analytic3,regulatory_off_anchor,base_minus15,5.0,5.0,109.59723737472513,105.0,ok,178999.24736244173,624826.1868355806,4.210816824624626,2.345348548081037,0.0,4,3,inf,4.065473920260369,3.139183175375374,10.459589816397928,,,0.85,,,,,56.645524361689084,1.847047137972325
unseen,IMC_PID/B_analytic3,regulatory_off_anchor,base_plus15,5.0,5.0,109.59723737472513,105.0,ok,132743.86352880002,395078.75948612776,3.467691275579112,1.067405722757087,0.0,4,2,inf,3.433814480895853,4.003084908050575,10.817691275579111,,,1.15,,,,,16.166589606724724,1.386583641989437
unseen,IMC_PID/B_analytic3,regulatory_off_anchor,Kw_half,5.0,5.0,109.59723737472513,105.0,ok,123845.66646279208,397722.318617783,3.7497216918951857,1.130892938691888,0.0,4,1,inf,3.2505110660634156,3.600278308104814,11.039876203629934,,,,0.5,,,,8.379614153938997,1.3356354974094873
unseen,IMC_PID/B_analytic3,regulatory_off_anchor,Kw_double,5.0,5.0,109.59723737472513,105.0,ok,105277.03918160514,306203.07840912783,3.749241002382738,0.944837095674118,0.0,4,1,inf,2.7806856570078065,3.6007589976172616,10.445892287756472,,,,2.0,,,,-7.870132143869224,2.136799167543572
unseen,IMC_PID/B_analytic3,regulatory_off_anchor,volume_plus20,5.0,5.0,109.59723737472513,105.0,ok,123105.08548940618,365346.34534240904,3.731045329345298,1.0696837986015095,0.0,4,1,inf,3.0294219881488083,3.6189546706547016,10.734980717149536,,,,,1.2,,,7.731518161259032,1.6985225314355437
unseen,IMC_PID/B_analytic3,regulatory_off_anchor,volume_minus20,5.0,5.0,109.59723737472513,105.0,ok,108800.11708088336,341003.66745235864,3.769941221694368,1.0074949895377845,0.0,4,1,inf,3.011539233106168,3.5800587783056317,10.75108445775975,,,,,0.8,,,-4.787022058037039,1.3919776546865832
unseen,IMC_PID/B_analytic3,regulatory_off_anchor,noise_0.01_seed104729,5.0,5.0,109.59723737472513,105.0,ok,114313.35579648132,350255.4384086915,3.749713885541402,17.71993780421744,0.0,4,1,inf,3.020493838428683,3.600286114458598,10.742776116804016,,,,,,0.01,104729.0,0.03771425935832351,1.4545655274000333
unseen,IMC_PID/B_analytic3,regulatory_off_anchor,noise_0.01_seed130363,5.0,5.0,109.59723737472513,105.0,ok,114289.33935568389,350202.98238623876,3.7496787270149614,17.648480939363914,0.0,4,1,inf,3.020557823150808,3.6003212729850382,10.742795171555167,,,,,,0.01,130363.0,0.016697031535017892,1.4564193999458332
unseen,IMC_PID/B_analytic3,regulatory_off_anchor,noise_0.01_seed155921,5.0,5.0,109.59723737472513,105.0,ok,114278.5411871085,350211.14283397316,3.749716469793253,17.727484900185146,0.0,4,1,inf,3.0204875021984545,3.600283530206747,10.742787210082026,,,,,,0.01,155921.0,0.007247356167328078,1.4552504802099782
unseen,IMC_PID/B_analytic3,regulatory_off_anchor,noise_0.01_seed196613,5.0,5.0,109.59723737472513,105.0,ok,114317.23282188302,350261.3328177689,3.749723722529287,17.12146169954822,0.0,4,1,inf,3.020483578856634,3.6002762774707127,10.742782883465916,,,,,,0.01,196613.0,0.04110711539522249,1.4523676303724877
unseen,IMC_PID/B_analytic3,regulatory_off_anchor,noise_0.01_seed262147,5.0,5.0,109.59723737472513,105.0,ok,114280.28487485864,350190.97369461146,3.749595161232393,18.04757322647087,0.0,4,1,inf,3.020585286004738,3.600404838767606,10.742793103705582,,,,,,0.01,262147.0,0.00877328929815846,1.4541634708236524
unseen,IMC_PID/B_analytic3,regulatory_off_anchor,noise_0.05_seed104729,5.0,5.0,109.59723737472513,105.0,ok,114741.13292248805,351229.0801996762,3.75133898177202,88.477373659884,0.0,4,1,inf,3.0203784495498507,3.5986610182279795,10.742739135137382,,,,,,0.05,104729.0,0.4120698681144841,1.4559171425675326
unseen,IMC_PID/B_analytic3,regulatory_off_anchor,noise_0.05_seed130363,5.0,5.0,109.59723737472513,105.0,ok,114427.4663020502,349998.8537778617,3.7505269102181575,87.18079925904136,0.0,4,1,inf,3.020700962331933,3.599473089781842,10.742835412154498,,,,,,0.05,130363.0,0.1375744556630698,1.4536347793530746
unseen,IMC_PID/B_analytic3,regulatory_off_anchor,noise_0.05_seed155921,5.0,5.0,109.59723737472513,105.0,ok,114221.6820901566,350236.5350200359,3.750064303722293,88.20648585503135,0.0,4,1,inf,3.0203414138939486,3.5999356962777065,10.74279520000214,,,,,,0.05,155921.0,-0.04251108241832835,1.4507661126674372
unseen,IMC_PID/B_analytic3,regulatory_off_anchor,noise_0.05_seed196613,5.0,5.0,109.59723737472513,105.0,ok,114397.83437861787,351035.86452510755,3.750965410393326,85.81574323263283,0.0,4,1,inf,3.0203055017539135,3.5990345896066738,10.742763669339482,,,,,,0.05,196613.0,0.1116430159933568,1.4481537010477317
unseen,IMC_PID/B_analytic3,regulatory_off_anchor,noise_0.05_seed262147,5.0,5.0,109.59723737472513,105.0,ok,114579.01165439528,350386.8730792746,3.749616895413998,89.47480687759662,0.0,4,1,inf,3.020829074128823,3.6003831045860015,10.742824006136852,,,,,,0.05,262147.0,0.270194572967819,1.4533832963567601
unseen,IMC_PID/B_analytic3,regulatory_off_anchor,combined_seed104729,5.0,5.0,164.39585606208766,160.0,ok,169806.3890133163,647590.3761685307,4.5141640754131735,265.1228041649174,0.0,4,3,inf,4.442115292307105,2.835835924586826,8.99072874637056,1.5,1.15,0.85,2.0,1.2,0.05,104729.0,48.60068541571463,1.421362870622648
unseen,IMC_PID/B_analytic3,regulatory_off_anchor,combined_seed130363,5.0,5.0,164.39585606208766,160.0,ok,169761.7554587192,647777.5980306861,4.51404996918879,267.0116783080445,0.0,4,3,inf,4.442111170160903,2.8359500308112096,8.98316533013262,1.5,1.15,0.85,2.0,1.2,0.05,130363.0,48.561625773470276,1.4209820260566237
unseen,IMC_PID/B_analytic3,regulatory_off_anchor,combined_seed155921,5.0,5.0,164.39585606208766,160.0,ok,169414.04256313026,646818.8128460441,4.51398995990416,266.907084299021,0.0,4,2,inf,4.441938115502508,2.836010040095839,8.997391293660337,1.5,1.15,0.85,2.0,1.2,0.05,155921.0,48.25733584119718,1.4189347069174096
unseen,IMC_PID/B_analytic3,regulatory_off_anchor,combined_seed196613,5.0,5.0,164.39585606208766,160.0,ok,169785.5256855332,647721.1733872187,4.513983179847366,261.5899909047681,0.0,4,3,inf,4.442015357123276,2.8360168201526337,9.00076567538433,1.5,1.15,0.85,2.0,1.2,0.05,196613.0,48.58242753492088,1.4192657955693204
unseen,IMC_PID/B_analytic3,regulatory_off_anchor,combined_seed262147,5.0,5.0,164.39585606208766,160.0,ok,169734.3112189947,647427.3781865304,4.514076037671307,272.76847732433504,0.0,4,3,inf,4.442032691023359,2.835923962328692,8.99279733410838,1.5,1.15,0.85,2.0,1.2,0.05,262147.0,48.537608815937205,1.4195923550860232
unseen,IMC_PID/C_add7,reverse_off_anchor,nominal,5.0,5.0,109.59723737472513,105.0,ok,13974.240465857629,12870.279284127557,1.949998463310294,0.0297626931358907,0.0,4,0,10385.0,0.0002191571311787,5.3999932635888745,8.7,,,,,,,,0.0,0.48217378534113803
unseen,IMC_PID/C_add7,reverse_off_anchor,delay_minus30,5.0,5.0,76.71806616230758,75.0,ok,14104.319901616542,12836.935114000851,1.9500008392535808,0.0285902780692053,0.0,4,0,10200.0,4.386616481433237e-05,5.399995935326156,8.7,0.7,,,,,,,0.9308515627502567,0.8005269356374959
unseen,IMC_PID/C_add7,reverse_off_anchor,delay_plus50,5.0,5.0,164.39585606208766,160.0,ok,14057.808315699493,13286.98986938965,1.9500014530453935,0.0324789800342211,0.0,4,0,10645.0,0.0006559948906117,5.39998503307989,8.7,1.5,,,,,,,0.5980135381671747,0.34778581207013576
unseen,IMC_PID/C_add7,reverse_off_anchor,acid_plus15,5.0,5.0,109.59723737472513,105.0,ok,85377.04439828331,309375.03858652106,5.455531909471142,0.8757212125172957,0.0,4,2,inf,5.295096242442092,3.2444680905288577,8.752368691387527,,1.15,,,,,,510.96017781345324,1.5685773686841733
unseen,IMC_PID/C_add7,reverse_off_anchor,acid_minus15,5.0,5.0,109.59723737472513,105.0,ok,112050.63959956524,375046.3042495804,4.994758544885194,0.827351074112352,0.0,4,2,inf,3.044965426351107,4.761859351694308,10.842620336566526,,0.85,,,,,,701.8370649433965,2.274687685660517
unseen,IMC_PID/C_add7,reverse_off_anchor,base_minus15,5.0,5.0,109.59723737472513,105.0,ok,89968.42689067137,342380.6325831207,5.467999832743873,1.0029382947860128,0.0,4,2,inf,5.345224744678609,3.2320001672561265,8.7,,,0.85,,,,,543.8162210710879,1.696029896202222
unseen,IMC_PID/C_add7,reverse_off_anchor,base_plus15,5.0,5.0,109.59723737472513,105.0,ok,98809.1917313642,310523.014738698,4.842459942119442,0.7310148350787502,0.0,4,2,inf,2.892785669962578,4.721135857952109,10.838750291926427,,,1.15,,,,,607.080946351098,1.9548432911209428
unseen,IMC_PID/C_add7,reverse_off_anchor,Kw_half,5.0,5.0,109.59723737472513,105.0,ok,14322.545127976337,13031.314018286985,1.9500000262349977,0.0312555063538528,0.0,4,0,9895.0,0.0109161919570457,5.399993232441671,8.873545369791405,,,,0.5,,,,2.4924765175588393,0.3871119423973078
unseen,IMC_PID/C_add7,reverse_off_anchor,Kw_double,5.0,5.0,109.59723737472513,105.0,ok,16546.21148489096,13705.805172749497,1.950038397204316,0.0351965205107367,0.0,4,1,inf,0.0632850299914906,5.3999933261998185,8.7,,,,2.0,,,,18.405086310896568,1.2127049402676293
unseen,IMC_PID/C_add7,reverse_off_anchor,volume_plus20,5.0,5.0,109.59723737472513,105.0,ok,14884.372166753852,13887.4236919604,1.9499970240591449,0.0329244593074333,0.0,4,0,10950.0,0.003376432597955,5.399328173237466,8.7,,,,,1.2,,,6.512924284649957,0.6195574297888659
unseen,IMC_PID/C_add7,reverse_off_anchor,volume_minus20,5.0,5.0,109.59723737472513,105.0,ok,12957.851343812765,11280.678509516803,1.950000302475499,0.0271996561613292,0.0,4,0,9570.0,0.0007948148491339,5.400041868039906,8.7,,,,,0.8,,,-7.2733049393857385,0.38109254275721827
unseen,IMC_PID/C_add7,reverse_off_anchor,noise_0.01_seed104729,5.0,5.0,109.59723737472513,105.0,ok,13952.6429655231,12839.47052829154,1.9504527885549976,3.808756812610645,0.0,4,0,10375.0,0.001623106197913,5.399407865171897,8.700002482495933,,,,,,0.01,104729.0,-0.15455223049364308,0.48116916201828136
unseen,IMC_PID/C_add7,reverse_off_anchor,noise_0.01_seed130363,5.0,5.0,109.59723737472513,105.0,ok,13995.645204258726,12855.263307908084,1.9490421323424671,3.8609786995562967,0.0,4,0,10380.0,0.0015553826762557,5.396995539412371,8.700024170404745,,,,,,0.01,130363.0,0.15317282147386813,0.4826818366737491
unseen,IMC_PID/C_add7,reverse_off_anchor,noise_0.01_seed155921,5.0,5.0,109.59723737472513,105.0,ok,13978.79789546327,12872.410638774754,1.9514220463056091,3.747327909399433,0.0,4,0,10365.0,0.0009973454130216,5.3956823077008735,8.70032691478014,,,,,,0.01,155921.0,0.032613075585596896,0.4821897934612175
unseen,IMC_PID/C_add7,reverse_off_anchor,noise_0.01_seed196613,5.0,5.0,109.59723737472513,105.0,ok,13966.747810891638,12840.97143122601,1.950505255142323,3.841194284926126,0.0,4,0,10360.0,0.0013324814102926,5.397521008490983,8.700000309839728,,,,,,0.01,196613.0,-0.05361761867699322,0.4815779125045768
unseen,IMC_PID/C_add7,reverse_off_anchor,noise_0.01_seed262147,5.0,5.0,109.59723737472513,105.0,ok,13963.215884954652,12844.388524848857,1.9497846053807892,3.713054319968524,0.0,4,0,10340.0,0.0017398433653683,5.399332255628202,8.700388247169762,,,,,,0.01,262147.0,-0.07889216540900579,0.48164389607177
unseen,IMC_PID/C_add7,reverse_off_anchor,noise_0.05_seed104729,5.0,5.0,109.59723737472513,105.0,ok,13654.566245914091,12086.234665234277,1.946304131509495,18.86967377724978,0.0,4,0,10240.0,0.0313798855428402,5.3728828476596115,8.700012200874923,,,,,,0.05,104729.0,-2.287596386541202,0.4697878626178881
unseen,IMC_PID/C_add7,reverse_off_anchor,noise_0.05_seed130363,5.0,5.0,109.59723737472513,105.0,ok,14727.010797279912,12947.395836763331,1.9089237164899304,18.103395229065065,0.0,4,0,16845.0,0.043588464652724,5.3461918027799875,8.700119587255278,,,,,,0.05,130363.0,5.386842549772064,0.5069847687227516
unseen,IMC_PID/C_add7,reverse_off_anchor,noise_0.05_seed155921,5.0,5.0,109.59723737472513,105.0,ok,15221.129865582863,13590.824591530503,1.94214314900079,19.997451039334138,0.0,4,0,17720.0,0.0366184024794353,5.315776607457991,8.700489790143699,,,,,,0.05,155921.0,8.92277045590908,0.5241275032404378
unseen,IMC_PID/C_add7,reverse_off_anchor,noise_0.05_seed196613,5.0,5.0,109.59723737472513,105.0,ok,13655.464569784024,12043.536620064368,1.9519878929879235,19.70786664624992,0.0,4,0,17990.0,0.0466620095071297,5.336276182306597,8.700001427175447,,,,,,0.05,196613.0,-2.281167959378183,0.4695418021442552
unseen,IMC_PID/C_add7,reverse_off_anchor,noise_0.05_seed262147,5.0,5.0,109.59723737472513,105.0,ok,14368.273119683476,12733.760457322804,1.921759497404918,17.663126581658453,0.0,4,0,17560.0,0.0345807449252255,5.37068036332062,8.701886476365427,,,,,,0.05,262147.0,2.819707123178272,0.4950128929798108
unseen,IMC_PID/C_add7,reverse_off_anchor,combined_seed104729,5.0,5.0,164.39585606208766,160.0,ok,157145.745866826,591446.4771726611,5.797759758602901,320.2642864901022,0.0,4,4,inf,5.762763938147567,2.9022402413970982,8.7,1.5,1.15,0.85,2.0,1.2,0.05,104729.0,1024.5387271728307,2.1951433692403235
unseen,IMC_PID/C_add7,reverse_off_anchor,combined_seed130363,5.0,5.0,164.39585606208766,160.0,ok,157678.63344388315,591628.1425976164,5.797683186928197,321.05997722778716,0.0,4,4,inf,5.762713054975389,2.9023168130718022,8.7,1.5,1.15,0.85,2.0,1.2,0.05,130363.0,1028.3520834576257,2.201708892406006
unseen,IMC_PID/C_add7,reverse_off_anchor,combined_seed155921,5.0,5.0,164.39585606208766,160.0,ok,156710.77000025357,590445.8548440208,5.797731290490161,318.7885196071844,0.0,4,4,inf,5.7626990627038825,2.9022687095098383,8.7,1.5,1.15,0.85,2.0,1.2,0.05,155921.0,1021.4260294370561,2.1884033198481365
unseen,IMC_PID/C_add7,reverse_off_anchor,combined_seed196613,5.0,5.0,164.39585606208766,160.0,ok,157088.5752744393,591174.5943577788,5.797702676320693,317.1738483810987,0.0,4,4,inf,5.762705944186298,2.902297323679307,8.7,1.5,1.15,0.85,2.0,1.2,0.05,196613.0,1024.129613042253,2.192182641806788
unseen,IMC_PID/C_add7,reverse_off_anchor,combined_seed262147,5.0,5.0,164.39585606208766,160.0,ok,157308.30427746053,591540.6966178213,5.797768726147363,321.3276182413159,0.0,4,4,inf,5.762758426560936,2.902231273852636,8.7,1.5,1.15,0.85,2.0,1.2,0.05,262147.0,1025.7019990589247,2.195217949846961
unseen,IMC_PID/C_add7,cross_equivalence,nominal,5.0,5.0,109.59723737472513,105.0,ok,97885.86979687423,290187.15775998496,4.306795388943597,0.872585360089067,0.0,7,4,inf,3.280427659866798,3.766565462408954,10.370644890547826,,,,,,,,0.0,1.880040387560259
unseen,IMC_PID/C_add7,cross_equivalence,delay_minus30,5.0,5.0,76.71806616230758,75.0,ok,97090.72328144818,288558.09926662117,4.30097735580047,0.8649846928902987,0.0,7,4,inf,3.278100092389562,3.767957942677061,10.369396694309126,0.7,,,,,,,-0.8123200182785117,2.2320184160010816
unseen,IMC_PID/C_add7,cross_equivalence,delay_plus50,5.0,5.0,164.39585606208766,160.0,ok,99707.9025063099,293596.58929312706,4.317215674849127,0.8878127899577546,0.0,7,5,inf,3.2847169838599255,3.764812725573541,10.372936513212354,1.5,,,,,,,1.8613848078549156,1.5853854497392472
unseen,IMC_PID/C_add7,cross_equivalence,acid_plus15,5.0,5.0,109.59723737472513,105.0,ok,158658.29775787477,558325.199944732,5.169412140335108,1.7031093683754754,0.0,7,6,inf,4.113765462315729,3.1810117893916177,10.413202256385196,,1.15,,,,,,62.084985388709455,2.0142491795054625
unseen,IMC_PID/C_add7,cross_equivalence,acid_minus15,5.0,5.0,109.59723737472513,105.0,ok,143846.9974875002,465301.4443597433,5.487296108464141,1.2939868801974947,0.0,7,7,inf,5.375954272443309,3.827916704517979,10.73729610846414,,0.85,,,,,,46.95379198856915,1.8287505921025837
unseen,IMC_PID/C_add7,cross_equivalence,base_minus15,5.0,5.0,109.59723737472513,105.0,ok,169505.6670911694,612127.4592893715,5.185321082453153,1.8394599888328873,0.0,7,6,inf,4.537060285114398,3.175015733152644,10.350836950447684,,,0.85,,,,,73.16663522826681,2.1395323019572654
unseen,IMC_PID/C_add7,cross_equivalence,base_plus15,5.0,5.0,109.59723737472513,105.0,ok,134010.10450814874,453474.568419973,5.4668153219010005,1.2161640273176282,0.0,7,6,inf,5.319400506994283,3.759112727798308,10.716815321901,,,1.15,,,,,36.9044426802734,1.710454253389052
unseen,IMC_PID/C_add7,cross_equivalence,Kw_half,5.0,5.0,109.59723737472513,105.0,ok,99936.36361550544,307269.0510142583,4.309799099976472,0.913279884040576,0.0,7,4,inf,3.5265151388296028,3.769821149142969,10.666271828262497,,,,0.5,,,,2.09478019951832,1.7146305367770656
unseen,IMC_PID/C_add7,cross_equivalence,Kw_double,5.0,5.0,109.59723737472513,105.0,ok,94577.72826410392,272409.51597084943,4.297514782357235,0.8432787287962995,0.0,7,4,inf,3.0302318125754786,3.7483093933785776,10.076353726703749,,,,2.0,,,,-3.37959047576033,2.173521112504929
unseen,IMC_PID/C_add7,cross_equivalence,volume_plus20,5.0,5.0,109.59723737472513,105.0,ok,102520.81623084957,298545.699758234,4.279457735579538,0.9086588295742342,0.0,7,6,inf,3.2984151779702353,3.7969064067722944,10.356459838026042,,,,,1.2,,,4.735051589768213,2.0236682409301032
unseen,IMC_PID/C_add7,cross_equivalence,volume_minus20,5.0,5.0,109.59723737472513,105.0,ok,94140.16901020244,282597.7664411599,4.33818924533626,0.8363573850863695,0.0,7,5,inf,3.263844966132674,3.738127525715037,10.387105234440604,,,,,0.8,,,-3.8266000950337387,1.7499665015309005
unseen,IMC_PID/C_add7,cross_equivalence,noise_0.01_seed104729,5.0,5.0,109.59723737472513,105.0,ok,97886.1558627583,290138.1332393986,4.306857575617694,18.22428697191381,0.0,7,4,inf,3.2804771682833893,3.766562857604007,10.370665580511888,,,,,,0.01,104729.0,0.0002922443092856497,1.8791910177171463
unseen,IMC_PID/C_add7,cross_equivalence,noise_0.01_seed130363,5.0,5.0,109.59723737472513,105.0,ok,97916.61919408337,290195.8049594241,4.306834931748197,17.741264996939478,0.0,7,4,inf,3.280392295729441,3.76628271433122,10.37064779831827,,,,,,0.01,130363.0,0.031413519921663635,1.8800508152311164
unseen,IMC_PID/C_add7,cross_equivalence,noise_0.01_seed155921,5.0,5.0,109.59723737472513,105.0,ok,97907.64818459512,290149.029616152,4.3065883137177305,17.81210118594536,0.0,7,4,inf,3.280373258085951,3.7664314395131857,10.370615192964934,,,,,,0.01,155921.0,0.022248755378151408,1.8800915830039264
unseen,IMC_PID/C_add7,cross_equivalence,noise_0.01_seed196613,5.0,5.0,109.59723737472513,105.0,ok,97920.89906697992,290174.9351811282,4.306666260282437,17.434052821384757,0.0,7,4,inf,3.2804774464685993,3.7664812746754337,10.370651095439754,,,,,,0.01,196613.0,0.03578582912771022,1.8803539376939762
unseen,IMC_PID/C_add7,cross_equivalence,noise_0.01_seed262147,5.0,5.0,109.59723737472513,105.0,ok,97868.32087298308,290195.06621795404,4.30707720222414,18.042463422402637,0.0,7,4,inf,3.2804867204850856,3.766436923872354,10.370658644085715,,,,,,0.01,262147.0,-0.01792794396940911,1.8791592981119163
unseen,IMC_PID/C_add7,cross_equivalence,noise_0.05_seed104729,5.0,5.0,109.59723737472513,105.0,ok,97798.23982721171,289415.53625361546,4.30957607610062,90.59269491450912,0.0,7,4,inf,3.2806993038302794,3.7669707693544145,10.370760978542874,,,,,,0.05,104729.0,-0.08952259385789363,1.873926286025665
unseen,IMC_PID/C_add7,cross_equivalence,noise_0.05_seed130363,5.0,5.0,109.59723737472513,105.0,ok,97926.50433937876,289644.0016173221,4.304071017133183,88.34633126610468,0.0,7,5,inf,3.2803205851550663,3.7615812616107536,10.370696666578317,,,,,,0.05,130363.0,0.04151216369518984,1.8773141788689225
unseen,IMC_PID/C_add7,cross_equivalence,noise_0.05_seed155921,5.0,5.0,109.59723737472513,105.0,ok,97927.83363047591,289045.730809625,4.30425651966554,87.89876874764838,0.0,7,5,inf,3.2801112402799353,3.765428863456709,10.370479805887202,,,,,,0.05,155921.0,0.0428701647017693,1.8787588141870628
unseen,IMC_PID/C_add7,cross_equivalence,noise_0.05_seed196613,5.0,5.0,109.59723737472513,105.0,ok,98180.1341096098,289839.37415019114,4.304760807314115,86.6815858294056,0.0,7,5,inf,3.2806107919784955,3.7652881828689337,10.370642078992455,,,,,,0.05,196613.0,0.30061980686917344,1.8835383230347178
unseen,IMC_PID/C_add7,cross_equivalence,noise_0.05_seed262147,5.0,5.0,109.59723737472513,105.0,ok,97697.56509653231,290075.3251787274,4.309104736018679,89.91145016110846,0.0,7,5,inf,3.280888975494851,3.7674920729077006,10.370807348415378,,,,,,0.05,262147.0,-0.1923716883066695,1.873639946166199
unseen,IMC_PID/C_add7,cross_equivalence,combined_seed104729,5.0,5.0,164.39585606208766,160.0,ok,199684.5818120538,796978.7349412227,5.523880951401315,319.13796133807307,0.0,7,7,inf,5.293316991874052,2.8629943002689515,9.608572218184571,1.5,1.15,0.85,2.0,1.2,0.05,104729.0,103.9973514322598,1.9129046991275807
unseen,IMC_PID/C_add7,cross_equivalence,combined_seed130363,5.0,5.0,164.39585606208766,160.0,ok,199693.1799368497,797129.7625875873,5.52404879691441,316.8244934878933,0.0,7,7,inf,5.293730402002957,2.8627507952844917,9.607100709776438,1.5,1.15,0.85,2.0,1.2,0.05,130363.0,104.00613525858095,1.9129183963528242
unseen,IMC_PID/C_add7,cross_equivalence,combined_seed155921,5.0,5.0,164.39585606208766,160.0,ok,199662.53656347835,796997.0393077596,5.523946224166231,317.0657951559481,0.0,7,7,inf,5.293524593855526,2.8629213002534497,9.607381231632308,1.5,1.15,0.85,2.0,1.2,0.05,155921.0,103.97483005239039,1.9133889796908854
unseen,IMC_PID/C_add7,cross_equivalence,combined_seed196613,5.0,5.0,164.39585606208766,160.0,ok,199830.75192787932,797457.3524135082,5.523481468851336,310.5879542500939,0.0,7,7,inf,5.292604497285289,2.8633510117849226,9.613532770753428,1.5,1.15,0.85,2.0,1.2,0.05,196613.0,104.14667851708712,1.916545469193608
unseen,IMC_PID/C_add7,cross_equivalence,combined_seed262147,5.0,5.0,164.39585606208766,160.0,ok,199672.3666231095,797041.4647338906,5.52395197254736,317.6158017250335,0.0,7,7,inf,5.293566291138893,2.8628642998488627,9.608703108338954,1.5,1.15,0.85,2.0,1.2,0.05,262147.0,103.98487242076442,1.9141577153577258
unseen,IMC_PID/C_add7,regulatory_off_anchor,nominal,5.0,5.0,109.59723737472513,105.0,ok,120994.59684654088,359398.2492322708,3.752790392381496,1.004963948675667,0.0,4,1,inf,3.0251051507614264,3.597209607618504,10.744760427601348,,,,,,,,0.0,1.615587600620106
unseen,IMC_PID/C_add7,regulatory_off_anchor,delay_minus30,5.0,5.0,76.71806616230758,75.0,ok,122102.20985982196,359725.5364031701,3.750709909756768,1.0014358206217242,0.0,4,2,inf,3.0252815823699937,3.599290090243232,10.744778972194595,0.7,,,,,,,0.9154235330738558,1.9591249840009952
unseen,IMC_PID/C_add7,regulatory_off_anchor,delay_plus50,5.0,5.0,164.39585606208766,160.0,ok,119455.6159981016,359385.28455082024,3.7565600548568168,1.0174380139999597,0.0,4,1,inf,3.026439839804702,3.593439945143183,10.745439172666178,1.5,,,,,,,-1.2719417962036683,1.3461235142961323
unseen,IMC_PID/C_add7,regulatory_off_anchor,acid_plus15,5.0,5.0,109.59723737472513,105.0,ok,181305.84741870823,624063.5021177098,4.208406712992467,2.359852103874241,0.0,4,3,inf,4.036198931829842,3.1415932870075323,10.611396506445862,,1.15,,,,,,49.84623457910351,1.8441434807195765
unseen,IMC_PID/C_add7,regulatory_off_anchor,acid_minus15,5.0,5.0,109.59723737472513,105.0,ok,146167.10137987192,429701.70593994507,3.4754042690723193,1.1280866976396844,0.0,4,3,inf,3.4491572558799035,4.072669821993091,10.82540426907232,,0.85,,,,,,20.804651769084927,1.6103565428122342
unseen,IMC_PID/C_add7,regulatory_off_anchor,base_minus15,5.0,5.0,109.59723737472513,105.0,ok,183213.3736868932,629443.7606299357,4.211971564661686,2.412166778315303,0.0,4,4,inf,4.067098795835923,3.1380284353383128,10.458431173172748,,,0.85,,,,,51.422772968337796,1.8905316223001911
unseen,IMC_PID/C_add7,regulatory_off_anchor,base_plus15,5.0,5.0,109.59723737472513,105.0,ok,135516.8167725476,398518.466105266,3.46953422218372,1.0393577175568804,0.0,4,3,inf,3.435867724575843,4.015582556006685,10.81953422218372,,,1.15,,,,,12.002370605379564,1.4155486841809939
unseen,IMC_PID/C_add7,regulatory_off_anchor,Kw_half,5.0,5.0,109.59723737472513,105.0,ok,125713.81384382964,401319.33296492527,3.7529284117239223,1.0985728352629742,0.0,4,1,inf,3.2562366823203135,3.5970715882760773,11.041992930487508,,,,0.5,,,,3.900353503614884,1.3557828633026328
unseen,IMC_PID/C_add7,regulatory_off_anchor,Kw_double,5.0,5.0,109.59723737472513,105.0,ok,112681.62469652518,313179.190316799,3.752498209740765,0.9145334842706738,0.0,4,2,inf,2.786162672982627,3.597501790259235,10.448580079716583,,,,2.0,,,,-6.870531715196471,2.287089413995059
unseen,IMC_PID/C_add7,regulatory_off_anchor,volume_plus20,5.0,5.0,109.59723737472513,105.0,ok,122778.23426773536,365869.7908161727,3.734275078872502,1.0457918834840436,0.0,4,2,inf,3.032674638904801,3.6157249211274975,10.736425421451122,,,,,1.2,,,1.4741463401516164,1.6940128545019868
unseen,IMC_PID/C_add7,regulatory_off_anchor,volume_minus20,5.0,5.0,109.59723737472513,105.0,ok,115626.15315928344,347342.45102294034,3.7731645532831175,0.9758897200750772,0.0,4,2,inf,3.0168181173054,3.576835446716882,10.753290740880578,,,,,0.8,,,-4.436928447363908,1.4793092674288166
unseen,IMC_PID/C_add7,regulatory_off_anchor,noise_0.01_seed104729,5.0,5.0,109.59723737472513,105.0,ok,121021.09198110893,359454.2836621073,3.7529828436547583,17.24216413869829,0.0,4,2,inf,3.0251016359691594,3.5970171563452413,10.744761973881158,,,,,,0.01,104729.0,0.021897783255275804,1.5399172498918812
unseen,IMC_PID/C_add7,regulatory_off_anchor,noise_0.01_seed130363,5.0,5.0,109.59723737472513,105.0,ok,121017.85044064678,359393.1478750321,3.752858653270888,17.17312446731118,0.0,4,2,inf,3.025186430985457,3.5971413467291113,10.744790172222334,,,,,,0.01,130363.0,0.019218704563628286,1.5421626033988962
unseen,IMC_PID/C_add7,regulatory_off_anchor,noise_0.01_seed155921,5.0,5.0,109.59723737472513,105.0,ok,120949.35332148788,359372.4303796958,3.752957756676716,17.248783042809144,0.0,4,1,inf,3.0250555403196575,3.5970422433232834,10.744755629936972,,,,,,0.01,155921.0,-0.03739301277261298,1.5401982093383342
unseen,IMC_PID/C_add7,regulatory_off_anchor,noise_0.01_seed196613,5.0,5.0,109.59723737472513,105.0,ok,121082.12328195375,359524.4509384336,3.7529810807392816,16.651718119868658,0.0,4,2,inf,3.0251041443551436,3.597018919260718,10.744774159126491,,,,,,0.01,196613.0,0.07233912727846459,1.5383136219320528
unseen,IMC_PID/C_add7,regulatory_off_anchor,noise_0.01_seed262147,5.0,5.0,109.59723737472513,105.0,ok,121002.3739501666,359399.5523978693,3.75285904155022,17.56591631464562,0.0,4,2,inf,3.025179825052428,3.59714095844978,10.744773786088745,,,,,,0.01,262147.0,0.006427645389472936,1.539698927719298
unseen,IMC_PID/C_add7,regulatory_off_anchor,noise_0.05_seed104729,5.0,5.0,109.59723737472513,105.0,ok,121000.8611517518,359914.6013302675,3.75473146117384,86.26676473040422,0.0,4,2,inf,3.025068110185265,3.5952685388261596,10.74475978799545,,,,,,0.05,104729.0,0.005177342934459261,1.5353450286679393
unseen,IMC_PID/C_add7,regulatory_off_anchor,noise_0.05_seed130363,5.0,5.0,109.59723737472513,105.0,ok,121236.48494531712,359285.5147125098,3.753483202070677,84.81518523837757,0.0,4,2,inf,3.0257756066684074,3.5965167979293224,10.745022772695592,,,,,,0.05,130363.0,0.19991644675094733,1.5401334726562133
unseen,IMC_PID/C_add7,regulatory_off_anchor,noise_0.05_seed155921,5.0,5.0,109.59723737472513,105.0,ok,121080.466860909,359620.17358253896,3.753420721668192,85.94137633090537,0.0,4,2,inf,3.0252939078013483,3.5965792783318076,10.744927761835642,,,,,,0.05,155921.0,0.07097012313452833,1.5378817315009352
unseen,IMC_PID/C_add7,regulatory_off_anchor,noise_0.05_seed196613,5.0,5.0,109.59723737472513,105.0,ok,122020.96587716724,361435.21177687985,3.7544209716698367,83.56378036958986,0.0,4,2,inf,3.0253181725595173,3.595579028330163,10.744922723383612,,,,,,0.05,196613.0,0.8482767473725339,1.5446543573159344
unseen,IMC_PID/C_add7,regulatory_off_anchor,noise_0.05_seed262147,5.0,5.0,109.59723737472513,105.0,ok,120545.0270683417,358734.17995676544,3.752728266769834,87.23689991820171,0.0,4,2,inf,3.025044563663249,3.5972717332301656,10.744641724855647,,,,,,0.05,262147.0,-0.371561863022174,1.5290595220741783
unseen,IMC_PID/C_add7,regulatory_off_anchor,combined_seed104729,5.0,5.0,164.39585606208766,160.0,ok,173041.3433973387,652357.8144058743,4.514979859631033,264.3525132047865,0.0,4,3,inf,4.443076939876482,2.8350201403689668,8.98331069513262,1.5,1.15,0.85,2.0,1.2,0.05,104729.0,43.01576095733384,1.4484410275537563
unseen,IMC_PID/C_add7,regulatory_off_anchor,combined_seed130363,5.0,5.0,164.39585606208766,160.0,ok,171728.7841018032,651316.4263391383,4.514762603660227,266.352348083481,0.0,4,3,inf,4.442951048948228,2.8352373963397723,8.999881347418697,1.5,1.15,0.85,2.0,1.2,0.05,130363.0,41.93095276775804,1.4374469379504018
unseen,IMC_PID/C_add7,regulatory_off_anchor,combined_seed155921,5.0,5.0,164.39585606208766,160.0,ok,172439.8505174375,651411.6282328923,4.514712823641577,266.2227659477323,0.0,4,3,inf,4.442790209396719,2.835287176358422,9.00847124986175,1.5,1.15,0.85,2.0,1.2,0.05,155921.0,42.518637205052514,1.4442774934885607
unseen,IMC_PID/C_add7,regulatory_off_anchor,combined_seed196613,5.0,5.0,164.39585606208766,160.0,ok,172993.5050000145,652431.1862668257,4.515084851223662,261.0089548032853,0.0,4,4,inf,4.443313612497912,2.834915148776338,8.992032624593463,1.5,1.15,0.85,2.0,1.2,0.05,196613.0,42.97622332625692,1.4460818347785165
unseen,IMC_PID/C_add7,regulatory_off_anchor,combined_seed262147,5.0,5.0,164.39585606208766,160.0,ok,173483.82808462164,652746.196673092,4.5147671961956615,272.211510289659,0.0,4,4,inf,4.442847353126313,2.8352328038043377,8.987809359333406,1.5,1.15,0.85,2.0,1.2,0.05,262147.0,43.38146711183606,1.4509518689019572
unseen,IMC_PID/D_add8,reverse_off_anchor,nominal,5.0,5.0,109.59723737472513,105.0,ok,18076.56714576397,18704.73715634402,1.9500282999131375,0.0267053314128888,0.0,4,0,10590.0,7.487025717090035e-05,5.400013355311482,8.7,,,,,,,,0.0,0.6237224003652739
unseen,IMC_PID/D_add8,reverse_off_anchor,delay_minus30,5.0,5.0,76.71806616230758,75.0,ok,18341.396595515624,18960.019889830735,1.95017875632382,0.0257316467333756,0.0,4,0,10385.0,0.000251037629571,5.400029812973782,8.7,0.7,,,,,,,1.4650428237626745,1.0410131161472933
unseen,IMC_PID/D_add8,reverse_off_anchor,delay_plus50,5.0,5.0,164.39585606208766,160.0,ok,18322.525121510065,18757.83117287388,1.94964810429067,0.0289918674813485,0.0,4,0,10905.0,0.0003836801075438,5.399988793263249,8.7,1.5,,,,,,,1.3606453800810936,0.4532935814356895
unseen,IMC_PID/D_add8,reverse_off_anchor,acid_plus15,5.0,5.0,109.59723737472513,105.0,ok,87375.87124953503,313528.7232861258,5.45492279971894,0.8553589392490233,0.0,4,2,inf,5.294179420913327,3.24507720028106,8.795956297987557,,1.15,,,,,,383.3654008803909,1.6053005251823707
unseen,IMC_PID/D_add8,reverse_off_anchor,acid_minus15,5.0,5.0,109.59723737472513,105.0,ok,112890.42224790598,377060.31251354446,4.9952743275998515,0.8250854737358324,0.0,4,2,inf,3.045480983595871,4.73131268006858,10.842809151508064,,0.85,,,,,,524.5125047117175,2.2917357208670865
unseen,IMC_PID/D_add8,reverse_off_anchor,base_minus15,5.0,5.0,109.59723737472513,105.0,ok,90509.53407193552,344624.53839393426,5.46748247402825,0.9819552457723076,0.0,4,2,inf,5.344513587492007,3.23251752597175,8.722438983478927,,,0.85,,,,,400.7008982518307,1.7062305186671332
unseen,IMC_PID/D_add8,reverse_off_anchor,base_plus15,5.0,5.0,109.59723737472513,105.0,ok,99918.36576521824,312579.6740371283,4.843270386951588,0.7288440069080293,0.0,4,2,inf,2.893595570875755,4.68916851898211,10.838970562358524,,,1.15,,,,,452.7507792796429,1.9767872153730515
unseen,IMC_PID/D_add8,reverse_off_anchor,Kw_half,5.0,5.0,109.59723737472513,105.0,ok,17651.45873319541,17005.536855925995,1.9500771513723043,0.0297286487857775,0.0,4,0,10665.0,0.0123575149359371,5.400004431586657,8.878270186864807,,,,0.5,,,,-2.3517098636074762,0.4770863289518334
unseen,IMC_PID/D_add8,reverse_off_anchor,Kw_double,5.0,5.0,109.59723737472513,105.0,ok,22262.12402303706,20176.030192608698,1.9189918971577529,0.0296853082377559,0.0,4,1,inf,0.0909028347001132,5.40005175306907,8.7,,,,2.0,,,,23.15460033712169,1.6316356048174632
unseen,IMC_PID/D_add8,reverse_off_anchor,volume_plus20,5.0,5.0,109.59723737472513,105.0,ok,19529.25302933411,19960.35315656611,1.9483498615518329,0.029453274511777,0.0,4,0,11450.0,0.0029096418291638,5.399329309624255,8.7,,,,,1.2,,,8.036292908139696,0.8128991721650465
unseen,IMC_PID/D_add8,reverse_off_anchor,volume_minus20,5.0,5.0,109.59723737472513,105.0,ok,16959.59339041681,17014.87019262558,1.9496203564992225,0.0244192717976057,0.0,4,0,9725.0,0.0006183118403573,5.400263779019082,8.7,,,,,0.8,,,-6.17912541878235,0.49878443561312735
unseen,IMC_PID/D_add8,reverse_off_anchor,noise_0.01_seed104729,5.0,5.0,109.59723737472513,105.0,ok,18090.69990503777,18707.897712708233,1.9502471915847632,2.969135292943717,0.0,4,0,10580.0,0.001629149462305,5.399704419418153,8.700002119643127,,,,,,0.01,104729.0,0.07818276091826615,0.623873694406175
unseen,IMC_PID/D_add8,reverse_off_anchor,noise_0.01_seed130363,5.0,5.0,109.59723737472513,105.0,ok,18097.233748088263,18695.97966393006,1.9491771486707463,3.0222404236035354,0.0,4,0,10595.0,0.0010367356718701,5.397135790314298,8.700020666330799,,,,,,0.01,130363.0,0.11432813629737026,0.6241374296615757
unseen,IMC_PID/D_add8,reverse_off_anchor,noise_0.01_seed155921,5.0,5.0,109.59723737472513,105.0,ok,18062.86297092308,18700.33586604375,1.9504713560839344,2.915443313315369,0.0,4,0,10560.0,0.0009723660135794,5.39629382786244,8.700181488227232,,,,,,0.01,155921.0,-0.07581182162731404,0.6230670355491984
unseen,IMC_PID/D_add8,reverse_off_anchor,noise_0.01_seed196613,5.0,5.0,109.59723737472513,105.0,ok,18079.18888941639,18688.735181635024,1.9504158250154484,3.0158780192744956,0.0,4,0,10580.0,0.0013547124753543,5.397736647232208,8.700000261823586,,,,,,0.01,196613.0,0.014503548330169203,0.6233761905797064
unseen,IMC_PID/D_add8,reverse_off_anchor,noise_0.01_seed262147,5.0,5.0,109.59723737472513,105.0,ok,18091.50026356449,18710.34137789662,1.949756734020352,2.8884313972963733,0.0,4,0,10545.0,0.001761015524031,5.400463239520126,8.700346023566116,,,,,,0.01,262147.0,0.08261036335108773,0.6240439698504993
unseen,IMC_PID/D_add8,reverse_off_anchor,noise_0.05_seed104729,5.0,5.0,109.59723737472513,105.0,ok,17939.811561369734,18347.594214220306,1.9494717232260967,14.797851204600526,0.0,4,0,10465.0,0.0310504548995584,5.400479080245628,8.700138384460404,,,,,,0.05,104729.0,-0.7565351501282236,0.6172225157064568
unseen,IMC_PID/D_add8,reverse_off_anchor,noise_0.05_seed130363,5.0,5.0,109.59723737472513,105.0,ok,18753.58092847111,18662.970698379773,1.933651625667891,14.156956323304923,0.0,4,0,16845.0,0.0245406370041063,5.3462922400394,8.700334156588141,,,,,,0.05,130363.0,3.7452563711234843,0.6456014747745296
unseen,IMC_PID/D_add8,reverse_off_anchor,noise_0.05_seed155921,5.0,5.0,109.59723737472513,105.0,ok,18478.26155252708,18955.75891808139,1.946882656524549,15.923020853488628,0.0,4,0,17720.0,0.03651498037223,5.316994804489464,8.700238338778991,,,,,,0.05,155921.0,2.222183025814406,0.6362842428438165
unseen,IMC_PID/D_add8,reverse_off_anchor,noise_0.05_seed196613,5.0,5.0,109.59723737472513,105.0,ok,17557.40416092694,18032.451902469515,1.956619143826651,15.219138777337744,0.0,4,0,17990.0,0.0466817403845718,5.354557018796228,8.70000112135588,,,,,,0.05,196613.0,-2.8720219975986283,0.6037096100661676
unseen,IMC_PID/D_add8,reverse_off_anchor,noise_0.05_seed262147,5.0,5.0,109.59723737472513,105.0,ok,18330.573047508373,18629.072745854217,1.937041690605799,13.641053341024,0.0,4,0,17560.0,0.0345843634946945,5.401918269567362,8.703602070957373,,,,,,0.05,262147.0,1.4051666983901034,0.6315212634561027
unseen,IMC_PID/D_add8,reverse_off_anchor,combined_seed104729,5.0,5.0,164.39585606208766,160.0,ok,157193.87990514567,594199.3076609796,5.7976337797086845,319.92504181061264,0.0,4,3,inf,5.762622311807366,2.902366220291315,8.7,1.5,1.15,0.85,2.0,1.2,0.05,104729.0,769.6002876961194,2.1958157457941354
unseen,IMC_PID/D_add8,reverse_off_anchor,combined_seed130363,5.0,5.0,164.39585606208766,160.0,ok,156638.2996806666,593203.4846695382,5.797471360919136,320.5630869694657,0.0,4,3,inf,5.762475053177738,2.9025286390808636,8.7,1.5,1.15,0.85,2.0,1.2,0.05,130363.0,766.5268046614311,2.1871824340805075
unseen,IMC_PID/D_add8,reverse_off_anchor,combined_seed155921,5.0,5.0,164.39585606208766,160.0,ok,157047.3441606064,593343.0889979396,5.797550518319605,318.4003852085954,0.0,4,3,inf,5.762495539645666,2.902449481680394,8.7,1.5,1.15,0.85,2.0,1.2,0.05,155921.0,768.7896484671238,2.193103443584942
unseen,IMC_PID/D_add8,reverse_off_anchor,combined_seed196613,5.0,5.0,164.39585606208766,160.0,ok,157784.9637132528,594386.1405564995,5.797766480080339,316.8890162423324,0.0,4,3,inf,5.762776486437184,2.90223351991966,8.7,1.5,1.15,0.85,2.0,1.2,0.05,196613.0,772.8701774010661,2.2019007937784054
unseen,IMC_PID/D_add8,reverse_off_anchor,combined_seed262147,5.0,5.0,164.39585606208766,160.0,ok,157111.1147840981,593998.2685927995,5.797541250102398,320.8764137511774,0.0,4,3,inf,5.762503190544564,2.9024587498976007,8.7,1.5,1.15,0.85,2.0,1.2,0.05,262147.0,769.1424290751756,2.192466194830984
unseen,IMC_PID/D_add8,cross_equivalence,nominal,5.0,5.0,109.59723737472513,105.0,ok,99981.05897824388,293517.89354175836,4.317389764694859,0.8633352304651316,0.0,7,4,inf,3.2820376240302354,3.770639765622517,10.371449185095608,,,,,,,,0.0,1.9202815407392444
unseen,IMC_PID/D_add8,cross_equivalence,delay_minus30,5.0,5.0,76.71806616230758,75.0,ok,99296.7756548972,291604.2417012354,4.311520450384314,0.8559351871363772,0.0,7,4,inf,3.2799530180456022,3.7717779840372985,10.37032521373241,0.7,,,,,,,-0.6844129581539904,2.2827333489811097
unseen,IMC_PID/D_add8,cross_equivalence,delay_plus50,5.0,5.0,164.39585606208766,160.0,ok,101640.67278642015,297502.0418500755,4.327921595759305,0.8779822445113181,0.0,7,5,inf,3.2860310290312933,3.769031561106092,10.373587157420731,1.5,,,,,,,1.6599282155407291,1.6161170748437002
unseen,IMC_PID/D_add8,cross_equivalence,acid_plus15,5.0,5.0,109.59723737472513,105.0,ok,160534.51316293818,560251.983851065,5.169412140335108,1.68890173718823,0.0,7,7,inf,4.113765462315729,3.1810117893916177,10.414032958477003,,1.15,,,,,,60.56492580046675,2.038068704822643
unseen,IMC_PID/D_add8,cross_equivalence,acid_minus15,5.0,5.0,109.59723737472513,105.0,ok,145442.39361176387,468972.9467804802,5.48771257029985,1.2834800625685796,0.0,7,7,inf,5.376530121602849,3.830179584997449,10.73771257029985,,0.85,,,,,,45.46994710609384,1.8490331260299178
unseen,IMC_PID/D_add8,cross_equivalence,base_minus15,5.0,5.0,109.59723737472513,105.0,ok,170899.39140855058,613050.1788527435,5.185321082453153,1.8278857760546072,0.0,7,7,inf,4.537060285114398,3.175015733152644,10.351389810362576,,,0.85,,,,,70.93176763184586,2.1571241515292123
unseen,IMC_PID/D_add8,cross_equivalence,base_plus15,5.0,5.0,109.59723737472513,105.0,ok,136472.5518525141,457400.3781989921,5.467314767164485,1.2095937589570631,0.0,7,6,inf,5.320156381775503,3.7615587710167366,10.717314767164485,,,1.15,,,,,36.4984060452999,1.7418839992979525
unseen,IMC_PID/D_add8,cross_equivalence,Kw_half,5.0,5.0,109.59723737472513,105.0,ok,103113.62487012328,311562.08786133106,4.321339443534952,0.8885984382643901,0.0,7,5,inf,3.5258835805467887,3.7749582822888903,10.665986458447913,,,,0.5,,,,3.1331593442724515,1.769143518572624
unseen,IMC_PID/D_add8,cross_equivalence,Kw_double,5.0,5.0,109.59723737472513,105.0,ok,96328.81355013236,274855.82446458103,4.306161162738864,0.8298686755193598,0.0,7,6,inf,3.032444192755732,3.746263514508153,10.07759840988586,,,,2.0,,,,-3.6529373317662706,2.2137633651878375
unseen,IMC_PID/D_add8,cross_equivalence,volume_plus20,5.0,5.0,109.59723737472513,105.0,ok,104506.48786763298,303316.5437707043,4.292161308101116,0.899146239550614,0.0,7,6,inf,3.2997984159359133,3.797661611807547,10.357181148711248,,,,,1.2,,,4.526286214245689,2.062863604135426
unseen,IMC_PID/D_add8,cross_equivalence,volume_minus20,5.0,5.0,109.59723737472513,105.0,ok,94865.96838949152,284256.7052080856,4.346028209634943,0.8220899381069664,0.0,7,5,inf,3.2631615424643217,3.7390055497826142,10.386778226463637,,,,,0.8,,,-5.1160596227185495,1.7634583468711202
unseen,IMC_PID/D_add8,cross_equivalence,noise_0.01_seed104729,5.0,5.0,109.59723737472513,105.0,ok,99985.24775534651,293481.2547833901,4.317627771473298,18.19524646510897,0.0,7,4,inf,3.2820385961064007,3.770563905613762,10.37144576794515,,,,,,0.01,104729.0,0.004189570650114938,1.9194887962451457
unseen,IMC_PID/D_add8,cross_equivalence,noise_0.01_seed130363,5.0,5.0,109.59723737472513,105.0,ok,99989.57247814164,293490.07170815265,4.3173540867424745,17.727951073396014,0.0,7,4,inf,3.282014556753235,3.7703568871260185,10.371458423318412,,,,,,0.01,130363.0,0.008515112747109477,1.9198526133702545
unseen,IMC_PID/D_add8,cross_equivalence,noise_0.01_seed155921,5.0,5.0,109.59723737472513,105.0,ok,99990.89732776112,293500.3051544197,4.317298278857808,17.802120146419284,0.0,7,4,inf,3.2819917590034224,3.770495802081691,10.37142413366987,,,,,,0.01,155921.0,0.00984021335419527,1.9200955995643283
unseen,IMC_PID/D_add8,cross_equivalence,noise_0.01_seed196613,5.0,5.0,109.59723737472513,105.0,ok,100019.8122324016,293541.4732428634,4.317311470889652,17.42445664076519,0.0,7,4,inf,3.282064896034904,3.7705086194213817,10.371444123216817,,,,,,0.01,196613.0,0.0387605958106052,1.920658915212399
unseen,IMC_PID/D_add8,cross_equivalence,noise_0.01_seed262147,5.0,5.0,109.59723737472513,105.0,ok,99975.69429305528,293510.7841791066,4.3176456515024135,18.032275115636295,0.0,7,4,inf,3.2820642958455375,3.770522680737837,10.371447480646172,,,,,,0.01,262147.0,-0.005365701507287213,1.9196227526965937
unseen,IMC_PID/D_add8,cross_equivalence,noise_0.05_seed104729,5.0,5.0,109.59723737472513,105.0,ok,99868.57995463617,292524.51262119727,4.321399471707005,90.45592227116693,0.0,7,4,inf,3.282304273442075,3.770907748654763,10.371564934205752,,,,,,0.05,104729.0,-0.11250033232013124,1.9135963740829647
unseen,IMC_PID/D_add8,cross_equivalence,noise_0.05_seed130363,5.0,5.0,109.59723737472513,105.0,ok,99950.54523038144,292737.580304157,4.314080387984775,88.23192919075535,0.0,7,5,inf,3.2821373560527745,3.766229796829448,10.37160603855436,,,,,,0.05,130363.0,-0.030519528572980903,1.9161163467694653
unseen,IMC_PID/D_add8,cross_equivalence,noise_0.05_seed155921,5.0,5.0,109.59723737472513,105.0,ok,99967.58509811656,292642.879295174,4.315318380401348,87.88850442692916,0.0,7,4,inf,3.2817451370926625,3.770075521717478,10.371296374148155,,,,,,0.05,155921.0,-0.013476432701364782,1.9178917236624364
unseen,IMC_PID/D_add8,cross_equivalence,noise_0.05_seed196613,5.0,5.0,109.59723737472513,105.0,ok,100281.0514187946,293497.98831676925,4.315022975380491,86.66337338826457,0.0,7,4,inf,3.281965786351692,3.768848944703948,10.371317969892475,,,,,,0.05,196613.0,0.3000492729487769,1.923843404111086
unseen,IMC_PID/D_add8,cross_equivalence,noise_0.05_seed262147,5.0,5.0,109.59723737472513,105.0,ok,100174.75223441892,293507.3783978822,4.319895129091628,89.98739802884904,0.0,7,5,inf,3.2820899788121727,3.7716582722459897,10.37140565095799,,,,,,0.05,262147.0,0.1937299506071355,1.9211473407577373
unseen,IMC_PID/D_add8,cross_equivalence,combined_seed104729,5.0,5.0,164.39585606208766,160.0,ok,199890.64117675577,797484.6130667488,5.523880951401315,318.93882548081154,0.0,7,7,inf,5.293316991874052,2.8629943002689515,9.610734819022912,1.5,1.15,0.85,2.0,1.2,0.05,104729.0,99.92850967927083,1.9148786718973392
unseen,IMC_PID/D_add8,cross_equivalence,combined_seed130363,5.0,5.0,164.39585606208766,160.0,ok,199858.27647721895,797443.3374229437,5.52404879691441,316.50774610150813,0.0,7,7,inf,5.293730402002957,2.8627507952844917,9.609055387698731,1.5,1.15,0.85,2.0,1.2,0.05,130363.0,99.89613884836788,1.9144999035898087
unseen,IMC_PID/D_add8,cross_equivalence,combined_seed155921,5.0,5.0,164.39585606208766,160.0,ok,199797.2575866643,797375.0758902116,5.523946224166231,316.79639162059954,0.0,7,7,inf,5.293524593855526,2.8629213002534497,9.609584859833117,1.5,1.15,0.85,2.0,1.2,0.05,155921.0,99.83510839802233,1.9146800267021744
unseen,IMC_PID/D_add8,cross_equivalence,combined_seed196613,5.0,5.0,164.39585606208766,160.0,ok,199843.8114789635,797777.4345479277,5.523481468851336,310.280664096599,0.0,7,7,inf,5.292604497285289,2.8633510117849226,9.615443771681711,1.5,1.15,0.85,2.0,1.2,0.05,196613.0,99.8816711097749,1.9166707213042997
unseen,IMC_PID/D_add8,cross_equivalence,combined_seed262147,5.0,5.0,164.39585606208766,160.0,ok,199760.3975640023,797419.0502430643,5.52395197254736,317.3084430986943,0.0,7,7,inf,5.293566291138893,2.8628642998488627,9.610765922817084,1.5,1.15,0.85,2.0,1.2,0.05,262147.0,99.79824139237279,1.9150016233433425
unseen,IMC_PID/D_add8,regulatory_off_anchor,nominal,5.0,5.0,109.59723737472513,105.0,ok,120936.68330742452,360292.1888847662,3.7554821553300393,0.9921569911115328,0.0,4,1,inf,3.026198350744732,3.5945178446699604,10.745235263543089,,,,,,,,0.0,1.61481430662068
unseen,IMC_PID/D_add8,regulatory_off_anchor,delay_minus30,5.0,5.0,76.71806616230758,75.0,ok,122202.31335900392,360833.06839852955,3.75342939571824,0.9883836683649694,0.0,4,2,inf,3.0254349135132976,3.59657060428176,10.74484631242532,0.7,,,,,,,1.04652287210667,1.9607311405681733
unseen,IMC_PID/D_add8,regulatory_off_anchor,delay_plus50,5.0,5.0,164.39585606208766,160.0,ok,121515.59887554268,361530.1668343333,3.7592073982488015,1.0033360651055974,0.0,4,2,inf,3.027827618936577,3.590792601751198,10.74604649212144,1.5,,,,,,,0.4786931080675849,1.369337085020299
unseen,IMC_PID/D_add8,regulatory_off_anchor,acid_plus15,5.0,5.0,109.59723737472513,105.0,ok,181793.11310841367,625083.5661696919,4.209746121335762,2.416068644535944,0.0,4,4,inf,4.038208706904676,3.1402538786642378,10.608101388309542,,1.15,,,,,,50.3209019270773,1.8490996796389274
unseen,IMC_PID/D_add8,regulatory_off_anchor,acid_minus15,5.0,5.0,109.59723737472513,105.0,ok,147812.2700777913,431519.20238650974,3.4759476502889974,1.1109930994605275,0.0,4,3,inf,3.4497499603592257,4.081037905346592,10.825947650288995,,0.85,,,,,,22.222857478279167,1.6284817443912072
unseen,IMC_PID/D_add8,regulatory_off_anchor,base_minus15,5.0,5.0,109.59723737472513,105.0,ok,183397.0065477592,629732.0106971865,4.213127354928684,2.305551110881088,0.0,4,4,inf,4.068723280381247,3.136872645071316,10.457425258308374,,,0.85,,,,,51.647127680489426,1.8924264825026669
unseen,IMC_PID/D_add8,regulatory_off_anchor,base_plus15,5.0,5.0,109.59723737472513,105.0,ok,138260.02977956273,401774.2023782957,3.4701694062803465,1.0288694852369282,0.0,4,3,inf,3.436575019727581,4.014400919606888,10.820169406280346,,,1.15,,,,,14.324310869433843,1.444203073023568
unseen,IMC_PID/D_add8,regulatory_off_anchor,Kw_half,5.0,5.0,109.59723737472513,105.0,ok,128859.60246913336,404102.9629248764,3.7556537768657896,1.0831495526027162,0.0,4,1,inf,3.2575393782259177,3.59434622313421,11.0424768633483,,,,0.5,,,,6.551295227411313,1.3897091772004628
unseen,IMC_PID/D_add8,regulatory_off_anchor,Kw_double,5.0,5.0,109.59723737472513,105.0,ok,111056.09620017404,312391.72133545205,3.75531929557051,0.906184358971478,0.0,4,4,inf,2.785524730728945,3.5946807044294897,10.448264859651736,,,,2.0,,,,-8.170049679743363,2.2540961994743722
unseen,IMC_PID/D_add8,regulatory_off_anchor,volume_plus20,5.0,5.0,109.59723737472513,105.0,ok,125308.04935200796,368763.6168378303,3.736861430481114,1.0320468134449037,0.0,4,3,inf,3.03477876886846,3.6131385695188856,10.73738133530818,,,,,1.2,,,3.6145906477948575,1.728917569477164
unseen,IMC_PID/D_add8,regulatory_off_anchor,volume_minus20,5.0,5.0,109.59723737472513,105.0,ok,117338.30624749344,349852.278693305,3.77599111066004,0.9599766708549726,0.0,4,2,inf,3.0177466860271256,3.57400888933996,10.753679301971724,,,,,0.8,,,-2.9754223131652324,1.5012143802552964
unseen,IMC_PID/D_add8,regulatory_off_anchor,noise_0.01_seed104729,5.0,5.0,109.59723737472513,105.0,ok,120937.68556425835,360309.0845267072,3.7556340420396,17.168015759189895,0.0,4,1,inf,3.026186541472354,3.5943659579603997,10.745233233548468,,,,,,0.01,104729.0,0.000828745097369854,1.5388559557161525
unseen,IMC_PID/D_add8,regulatory_off_anchor,noise_0.01_seed130363,5.0,5.0,109.59723737472513,105.0,ok,120945.21485324154,360289.9158576167,3.755588945488893,17.096332764786833,0.0,4,1,inf,3.026256182993606,3.5944110545111068,10.74525483888645,,,,,,0.01,130363.0,0.007054555808627683,1.541236988820845
unseen,IMC_PID/D_add8,regulatory_off_anchor,noise_0.01_seed155921,5.0,5.0,109.59723737472513,105.0,ok,120978.78898945072,360352.1270612077,3.755624005964364,17.16949527930423,0.0,4,1,inf,3.026198688067213,3.594375994035636,10.745251807840411,,,,,,0.01,155921.0,0.03481630294024374,1.540573050227037
unseen,IMC_PID/D_add8,regulatory_off_anchor,noise_0.01_seed196613,5.0,5.0,109.59723737472513,105.0,ok,121015.97017160572,360418.4445487049,3.7556084553769353,16.57999429077603,0.0,4,1,inf,3.0261818157356437,3.5943915446230643,10.745242200735513,,,,,,0.01,196613.0,0.06556064050444732,1.5374731656530973
unseen,IMC_PID/D_add8,regulatory_off_anchor,noise_0.01_seed262147,5.0,5.0,109.59723737472513,105.0,ok,120927.20628917166,360302.4913006346,3.755517291409921,17.495396151487746,0.0,4,2,inf,3.0262242662623233,3.594482708590079,10.745227868109286,,,,,,0.01,262147.0,-0.007836347081524586,1.538742454195227
unseen,IMC_PID/D_add8,regulatory_off_anchor,noise_0.05_seed104729,5.0,5.0,109.59723737472513,105.0,ok,120780.62077518462,360431.4851721736,3.7571435535618862,85.9528577503365,0.0,4,2,inf,3.0259246126327657,3.5928564464381134,10.74513499989648,,,,,,0.05,104729.0,-0.12904482574834786,1.532550462050349
unseen,IMC_PID/D_add8,regulatory_off_anchor,noise_0.05_seed130363,5.0,5.0,109.59723737472513,105.0,ok,121036.8505335152,360037.347545685,3.7565920053153263,84.57671641932546,0.0,4,1,inf,3.0265118122238786,3.593407994684673,10.745343496927635,,,,,,0.05,130363.0,0.08282617263122294,1.5375974073781014
unseen,IMC_PID/D_add8,regulatory_off_anchor,noise_0.05_seed155921,5.0,5.0,109.59723737472513,105.0,ok,121864.47725944185,361411.4575977572,3.7558292780196223,85.63397580134031,0.0,4,2,inf,3.02610906422613,3.5941707219803773,10.745279107839767,,,,,,0.05,155921.0,0.7671733064308128,1.5478396983016043
unseen,IMC_PID/D_add8,regulatory_off_anchor,noise_0.05_seed196613,5.0,5.0,109.59723737472513,105.0,ok,122367.75387151029,362780.34817285766,3.7568609966024806,83.31591623261886,0.0,4,2,inf,3.0262032888900414,3.593139003397519,10.745306069504675,,,,,,0.05,196613.0,1.1833221525084703,1.5490443208166829
unseen,IMC_PID/D_add8,regulatory_off_anchor,noise_0.05_seed262147,5.0,5.0,109.59723737472513,105.0,ok,121115.79251427283,360378.3513496107,3.7555668209959374,86.97385231870219,0.0,4,2,inf,3.0261490060207468,3.5944331790040622,10.74512508365111,,,,,,0.05,262147.0,0.14810163628600215,1.5362994253799955
unseen,IMC_PID/D_add8,regulatory_off_anchor,combined_seed104729,5.0,5.0,164.39585606208766,160.0,ok,174113.46170228726,653734.1229718071,4.515566926321707,264.2359746802057,0.0,4,4,inf,4.443768709404848,2.834433073678293,8.998935028547148,1.5,1.15,0.85,2.0,1.2,0.05,104729.0,43.97075969057778,1.4574151843002923
unseen,IMC_PID/D_add8,regulatory_off_anchor,combined_seed130363,5.0,5.0,164.39585606208766,160.0,ok,174425.9725233943,654197.9548519022,4.5154315268121294,266.2028587730965,0.0,4,4,inf,4.443739098574496,2.83456847318787,8.998687952045067,1.5,1.15,0.85,2.0,1.2,0.05,130363.0,44.22916831611667,1.4600236146442345
unseen,IMC_PID/D_add8,regulatory_off_anchor,combined_seed155921,5.0,5.0,164.39585606208766,160.0,ok,174170.66980669415,653466.1687431305,4.515381041518959,266.1538017333248,0.0,4,4,inf,4.443577576105339,2.834618958481041,9.010044444865011,1.5,1.15,0.85,2.0,1.2,0.05,155921.0,44.01806386896463,1.4587740459807381
unseen,IMC_PID/D_add8,regulatory_off_anchor,combined_seed196613,5.0,5.0,164.39585606208766,160.0,ok,174398.50916298077,654271.9132247379,4.515368139266936,260.95205997090886,0.0,4,4,inf,4.443647333318616,2.8346318607330634,9.004528337501412,1.5,1.15,0.85,2.0,1.2,0.05,196613.0,44.20645944097436,1.4578265011337854
unseen,IMC_PID/D_add8,regulatory_off_anchor,combined_seed262147,5.0,5.0,164.39585606208766,160.0,ok,174130.036306777,653789.2204168254,4.515466064345591,272.281079768849,0.0,4,4,inf,4.443670777050823,2.8345339356544086,8.998793454052922,1.5,1.15,0.85,2.0,1.2,0.05,262147.0,43.984464882448826,1.4563565053916407
unseen,IMC_PID/D2_resample_Ti_Td,reverse_off_anchor,nominal,5.0,5.0,109.59723737472513,105.0,ok,19267.578999745932,19906.235513352294,1.94913636065339,0.0249580793645103,0.0,4,0,10550.0,0.0012437823938071,5.4000291573458865,8.7,,,,,,,,0.0,0.6648176352314363
unseen,IMC_PID/D2_resample_Ti_Td,reverse_off_anchor,delay_minus30,5.0,5.0,76.71806616230758,75.0,ok,18987.393526126027,19404.85529253907,1.9485484285207608,0.0241590493963679,0.0,4,0,10325.0,0.0015040312446368,5.400050568384888,8.7,0.7,,,,,,,-1.454181003350763,1.0776783326837889
unseen,IMC_PID/D2_resample_Ti_Td,reverse_off_anchor,delay_plus50,5.0,5.0,164.39585606208766,160.0,ok,19970.5795748525,21056.08396346894,1.950035873091968,0.0266088890521185,0.0,4,0,11095.0,0.0010215797839689,5.3999960830331055,8.7,1.5,,,,,,,3.648619139518461,0.494065936807145
unseen,IMC_PID/D2_resample_Ti_Td,reverse_off_anchor,acid_plus15,5.0,5.0,109.59723737472513,105.0,ok,86758.0653759322,312319.87342020683,5.454336120648369,0.8580448512356407,0.0,4,2,inf,5.29330268042186,3.2456638793516297,8.809287660574135,,1.15,,,,,,350.28005530469716,1.5939499763503822
unseen,IMC_PID/D2_resample_Ti_Td,reverse_off_anchor,acid_minus15,5.0,5.0,109.59723737472513,105.0,ok,112879.65213237844,377527.5452797151,4.995148706574556,0.824331398346609,0.0,4,2,inf,3.045355417463769,4.7400175273587575,10.842763134929228,,0.85,,,,,,485.85280555417415,2.291517081783444
unseen,IMC_PID/D2_resample_Ti_Td,reverse_off_anchor,base_minus15,5.0,5.0,109.59723737472513,105.0,ok,92871.5772702668,346183.04938241653,5.466985357367617,0.985410096684447,0.0,4,2,inf,5.343834778710353,3.2330146426323827,8.736788515138292,,,0.85,,,,,382.00958341206973,1.7507583160171873
unseen,IMC_PID/D2_resample_Ti_Td,reverse_off_anchor,base_plus15,5.0,5.0,109.59723737472513,105.0,ok,99798.05154162976,312852.4030547098,4.843072968944666,0.7281569103336327,0.0,4,2,inf,2.893398285283787,4.698204519199303,10.838916857508906,,,1.15,,,,,417.9584396303538,1.9744069160437359
unseen,IMC_PID/D2_resample_Ti_Td,reverse_off_anchor,Kw_half,5.0,5.0,109.59723737472513,105.0,ok,18412.85501808812,18224.55076687358,1.949913725664473,0.0279333048534171,0.0,4,0,10765.0,0.0101613530580362,5.400012643393653,8.880435878601526,,,,0.5,,,,-4.4360735807497225,0.49766546430419356
unseen,IMC_PID/D2_resample_Ti_Td,reverse_off_anchor,Kw_double,5.0,5.0,109.59723737472513,105.0,ok,22566.418251781433,21806.632063848458,1.9414494840348435,0.0275230838832563,0.0,4,1,inf,0.1112350198122609,5.400098324026236,8.7,,,,2.0,,,,17.121192299660493,1.653937937579872
unseen,IMC_PID/D2_resample_Ti_Td,reverse_off_anchor,volume_plus20,5.0,5.0,109.59723737472513,105.0,ok,21205.41094148035,22528.96217125727,1.951983932215894,0.0270836211107194,0.0,4,0,11890.0,0.0019896677216459,5.399329338354413,8.7,,,,,1.2,,,10.057475003787285,0.8826687315616574
unseen,IMC_PID/D2_resample_Ti_Td,reverse_off_anchor,volume_minus20,5.0,5.0,109.59723737472513,105.0,ok,17396.085589516813,17161.71089923262,1.9460390293144816,0.0229890936262986,0.0,4,0,11555.0,0.0041299910734027,5.400330287373094,8.7,,,,,0.8,,,-9.713173669892816,0.5116217430983794
unseen,IMC_PID/D2_resample_Ti_Td,reverse_off_anchor,noise_0.01_seed104729,5.0,5.0,109.59723737472513,105.0,ok,19257.53185467972,19882.01941105506,1.949324021197917,2.923724630976232,0.0,4,0,10535.0,0.0016469341653708,5.399821858672453,8.700002260621135,,,,,,0.01,104729.0,-0.052145342527698535,0.6641129202512496
unseen,IMC_PID/D2_resample_Ti_Td,reverse_off_anchor,noise_0.01_seed130363,5.0,5.0,109.59723737472513,105.0,ok,19275.95644611,19877.09667458879,1.9481068262065833,2.972367283599424,0.0,4,0,10560.0,0.002101923477304,5.397214827990444,8.700023431434484,,,,,,0.01,130363.0,0.043479496641385396,0.6647892201654565
unseen,IMC_PID/D2_resample_Ti_Td,reverse_off_anchor,noise_0.01_seed155921,5.0,5.0,109.59723737472513,105.0,ok,19267.022315151415,19920.021185824386,1.9494616346544875,2.8727300840396284,0.0,4,0,10500.0,0.0011431957931273,5.396566410399613,8.70014617292877,,,,,,0.01,155921.0,-0.0028892295940496915,0.6646037506394349
unseen,IMC_PID/D2_resample_Ti_Td,reverse_off_anchor,noise_0.01_seed196613,5.0,5.0,109.59723737472513,105.0,ok,19224.60244237212,19828.414088170903,1.94962000089666,2.9758051833643915,0.0,4,0,10500.0,0.0013717863042552,5.397840116678081,8.700000226971337,,,,,,0.01,196613.0,-0.22305115434781975,0.6628704146650525
unseen,IMC_PID/D2_resample_Ti_Td,reverse_off_anchor,noise_0.01_seed262147,5.0,5.0,109.59723737472513,105.0,ok,19282.028328385742,19904.690266250323,1.948618364165907,2.8504930471767995,0.0,4,0,10490.0,0.0017780196152274,5.4004782731727685,8.7003088866694,,,,,,0.01,262147.0,0.07499296429509528,0.6651097658854329
unseen,IMC_PID/D2_resample_Ti_Td,reverse_off_anchor,noise_0.05_seed104729,5.0,5.0,109.59723737472513,105.0,ok,19663.469633388937,20024.933143775273,1.9477700481887172,14.247899712429763,0.0,4,0,10600.0,0.0325355058334118,5.409733004489447,8.700010926502628,,,,,,0.05,104729.0,2.054698380363318,0.6765252886363752
unseen,IMC_PID/D2_resample_Ti_Td,reverse_off_anchor,noise_0.05_seed130363,5.0,5.0,109.59723737472513,105.0,ok,19914.843531356317,19802.31391691695,1.9272653989651616,13.459956787078848,0.0,4,0,16800.0,0.0246211929437851,5.346506530289988,8.700114906710635,,,,,,0.05,130363.0,3.359345414485748,0.6855785251246846
unseen,IMC_PID/D2_resample_Ti_Td,reverse_off_anchor,noise_0.05_seed155921,5.0,5.0,109.59723737472513,105.0,ok,19528.58318637839,20094.48978009589,1.9448036178076735,15.663891647554092,0.0,4,0,17720.0,0.0364683178890459,5.317472694133946,8.700179306118757,,,,,,0.05,155921.0,1.3546288645599924,0.6724512331008714
unseen,IMC_PID/D2_resample_Ti_Td,reverse_off_anchor,noise_0.05_seed196613,5.0,5.0,109.59723737472513,105.0,ok,19013.59629332298,19527.666800650022,1.9598945947200068,15.270286206689988,0.0,4,0,17990.0,0.0466869441812507,5.354586231727311,8.700000937902375,,,,,,0.05,196613.0,-1.318186921285247,0.6537806328877908
unseen,IMC_PID/D2_resample_Ti_Td,reverse_off_anchor,noise_0.05_seed262147,5.0,5.0,109.59723737472513,105.0,ok,19465.45562510553,19627.347192923145,1.929601093420848,13.4182899113346,0.0,4,0,17560.0,0.0345975545814134,5.405580128531133,8.702449557587016,,,,,,0.05,262147.0,1.0269926769845172,0.6706200127107472
unseen,IMC_PID/D2_resample_Ti_Td,reverse_off_anchor,combined_seed104729,5.0,5.0,164.39585606208766,160.0,ok,160541.5735857989,596926.7615967155,5.797274216906931,319.8606593265695,0.0,4,4,inf,5.762220588202137,2.902725783093068,8.7,1.5,1.15,0.85,2.0,1.2,0.05,104729.0,733.2213070874959,2.2425791344229395
unseen,IMC_PID/D2_resample_Ti_Td,reverse_off_anchor,combined_seed130363,5.0,5.0,164.39585606208766,160.0,ok,159070.7091794277,595354.2124232415,5.797138004303268,320.4563746628164,0.0,4,4,inf,5.762102070822376,2.902861995696731,8.7,1.5,1.15,0.85,2.0,1.2,0.05,130363.0,725.5874242504742,2.2211468178808094
unseen,IMC_PID/D2_resample_Ti_Td,reverse_off_anchor,combined_seed155921,5.0,5.0,164.39585606208766,160.0,ok,160198.71138260543,596011.7860304335,5.797216942459205,318.3389922361249,0.0,4,4,inf,5.762121768344462,2.9027830575407947,8.7,1.5,1.15,0.85,2.0,1.2,0.05,155921.0,731.4418297426878,2.237111028326387
unseen,IMC_PID/D2_resample_Ti_Td,reverse_off_anchor,combined_seed196613,5.0,5.0,164.39585606208766,160.0,ok,160748.47863107585,596996.8779415351,5.797329975461453,316.8205164560562,0.0,4,4,inf,5.762287856171392,2.902670024538546,8.7,1.5,1.15,0.85,2.0,1.2,0.05,196613.0,734.2951578566021,2.243256862800213
unseen,IMC_PID/D2_resample_Ti_Td,reverse_off_anchor,combined_seed262147,5.0,5.0,164.39585606208766,160.0,ok,160341.30744154743,596649.290129596,5.7972333323727,320.8153440203608,0.0,4,4,inf,5.76215902806331,2.9027666676272994,8.7,1.5,1.15,0.85,2.0,1.2,0.05,262147.0,732.1819126505811,2.237543134256823
unseen,IMC_PID/D2_resample_Ti_Td,cross_equivalence,nominal,5.0,5.0,109.59723737472513,105.0,ok,100396.88873237796,293305.30693147867,4.314391750711548,0.8610354604418964,0.0,7,5,inf,3.283502674352568,3.7704538366042577,10.37218948531001,,,,,,,,0.0,1.928268155495221
unseen,IMC_PID/D2_resample_Ti_Td,cross_equivalence,delay_minus30,5.0,5.0,76.71806616230758,75.0,ok,99508.65835471296,291251.2405752147,4.308286151293101,0.8537147685260864,0.0,7,5,inf,3.2812308522985374,3.7715908742293034,10.370971241634136,0.7,,,,,,,-0.8847190275315331,2.287604319883756
unseen,IMC_PID/D2_resample_Ti_Td,cross_equivalence,delay_plus50,5.0,5.0,164.39585606208766,160.0,ok,102197.5390639406,297581.3846266317,4.325365933440995,0.8751707713839467,0.0,7,4,inf,3.2874179353711765,3.7687236057490785,10.374288904218542,1.5,,,,,,,1.793532005122711,1.62497141508795
unseen,IMC_PID/D2_resample_Ti_Td,cross_equivalence,acid_plus15,5.0,5.0,109.59723737472513,105.0,ok,160635.96451333235,559801.3508981281,5.169412140335108,1.689519829591501,0.0,7,7,inf,4.113765462315729,3.1810117893916177,10.414438686865966,,1.15,,,,,,60.00093881547477,2.0393566822066123
unseen,IMC_PID/D2_resample_Ti_Td,cross_equivalence,acid_minus15,5.0,5.0,109.59723737472513,105.0,ok,145528.51908772334,469220.9478379721,5.487824042651713,1.279866890063733,0.0,7,7,inf,5.376684322819303,3.8339642606428392,10.737824042651711,,0.85,,,,,,44.95321610578002,1.8501280534034954
unseen,IMC_PID/D2_resample_Ti_Td,cross_equivalence,base_minus15,5.0,5.0,109.59723737472513,105.0,ok,170650.369501349,612812.1251218494,5.185321082453153,1.8279161138261169,0.0,7,7,inf,4.537060285114398,3.175015733152644,10.35159217026414,,,0.85,,,,,69.97575488244618,2.1539809503401557
unseen,IMC_PID/D2_resample_Ti_Td,cross_equivalence,base_plus15,5.0,5.0,109.59723737472513,105.0,ok,136548.51937803294,456750.2634463842,5.4674485817683465,1.2070412435970963,0.0,7,7,inf,5.320358983723713,3.768206560811081,10.717448581768346,,,1.15,,,,,36.00871610874541,1.7428536200412543
unseen,IMC_PID/D2_resample_Ti_Td,cross_equivalence,Kw_half,5.0,5.0,109.59723737472513,105.0,ok,103518.4913494956,312005.54368215613,4.325000411133093,0.8904682052628763,0.0,7,5,inf,3.5267808817942745,3.7783400140302823,10.666385571673205,,,,0.5,,,,3.109262305367566,1.7760899032892026
unseen,IMC_PID/D2_resample_Ti_Td,cross_equivalence,Kw_double,5.0,5.0,109.59723737472513,105.0,ok,95519.30369722086,274089.8125183664,4.301287690174563,0.8251479179950572,0.0,7,6,inf,3.032990440754477,3.748398945251525,10.07789027351248,,,,2.0,,,,-4.858302978052431,2.195159759578168
unseen,IMC_PID/D2_resample_Ti_Td,cross_equivalence,volume_plus20,5.0,5.0,109.59723737472513,105.0,ok,105113.79730769248,303863.74379507324,4.289286982137824,0.8961699018947593,0.0,7,5,inf,3.3007019894922367,3.797290739944664,10.357676252949014,,,,,1.2,,,4.698261703993745,2.0748513435180125
unseen,IMC_PID/D2_resample_Ti_Td,cross_equivalence,volume_minus20,5.0,5.0,109.59723737472513,105.0,ok,94465.11639560618,283960.37062718684,4.342846322093244,0.8205802770553783,0.0,7,4,inf,3.2631685777552706,3.7388375573719537,10.386776634245416,,,,,0.8,,,-5.90832286903209,1.756006930873607
unseen,IMC_PID/D2_resample_Ti_Td,cross_equivalence,noise_0.01_seed104729,5.0,5.0,109.59723737472513,105.0,ok,100396.6294030076,293260.75143669505,4.314603559419323,18.18416237449994,0.0,7,5,inf,3.2835227699533283,3.770349281534985,10.372195477765493,,,,,,0.01,104729.0,-0.00025830419013717076,1.9273863859535643
unseen,IMC_PID/D2_resample_Ti_Td,cross_equivalence,noise_0.01_seed130363,5.0,5.0,109.59723737472513,105.0,ok,100432.2012131766,293333.35243362363,4.314402168203816,17.712622757989497,0.0,7,5,inf,3.283476697592584,3.7701933701632786,10.372197160821504,,,,,,0.01,130363.0,0.03517288358683146,1.928351318911729
unseen,IMC_PID/D2_resample_Ti_Td,cross_equivalence,noise_0.01_seed155921,5.0,5.0,109.59723737472513,105.0,ok,100396.18996901507,293262.31155257474,4.314293827031443,17.785232813727873,0.0,7,5,inf,3.283475866150705,3.770326026151224,10.372174246523548,,,,,,0.01,155921.0,-0.0006960010132894823,1.9278783141694054
unseen,IMC_PID/D2_resample_Ti_Td,cross_equivalence,noise_0.01_seed196613,5.0,5.0,109.59723737472513,105.0,ok,100441.7320642768,293323.80947966425,4.314295858395769,17.409249827762878,0.0,7,5,inf,3.283532565582198,3.7703538927453746,10.37218584121452,,,,,,0.01,196613.0,0.04466605735002904,1.9287609508842227
unseen,IMC_PID/D2_resample_Ti_Td,cross_equivalence,noise_0.01_seed262147,5.0,5.0,109.59723737472513,105.0,ok,100380.4617963326,293289.38281370915,4.314685823065298,18.019043651047298,0.0,7,5,inf,3.2835538419103,3.7703636131430422,10.372200571924374,,,,,,0.01,262147.0,-0.016361997122393834,1.927394650799804
unseen,IMC_PID/D2_resample_Ti_Td,cross_equivalence,noise_0.05_seed104729,5.0,5.0,109.59723737472513,105.0,ok,100164.4803955182,292276.8535858069,4.318609511235675,90.41390377051088,0.0,7,5,inf,3.2837534873481085,3.770525459452492,10.372296266596097,,,,,,0.05,104729.0,-0.2314895807969508,1.919266165432943
unseen,IMC_PID/D2_resample_Ti_Td,cross_equivalence,noise_0.05_seed130363,5.0,5.0,109.59723737472513,105.0,ok,100153.95196041989,292390.53119092755,4.311386914231775,88.15889988661209,0.0,7,6,inf,3.2835010172698533,3.7661935427302224,10.37229365164828,,,,,,0.05,130363.0,-0.24197639491165823,1.9200157848322716
unseen,IMC_PID/D2_resample_Ti_Td,cross_equivalence,noise_0.05_seed155921,5.0,5.0,109.59723737472513,105.0,ok,100402.31661974132,292362.1313877205,4.3120941163058815,87.76916479678871,0.0,7,5,inf,3.283375917873074,3.7699786816819336,10.3721200161518,,,,,,0.05,155921.0,0.005406429852450323,1.9262321070629256
unseen,IMC_PID/D2_resample_Ti_Td,cross_equivalence,noise_0.05_seed196613,5.0,5.0,109.59723737472513,105.0,ok,100780.19601770092,293266.79774466914,4.311730157243987,86.53305322284109,0.0,7,5,inf,3.2836380272148373,3.76917518719656,10.37216426202598,,,,,,0.05,196613.0,0.3817919959100635,1.9334192514991762
unseen,IMC_PID/D2_resample_Ti_Td,cross_equivalence,noise_0.05_seed262147,5.0,5.0,109.59723737472513,105.0,ok,100547.46000801765,293284.9565507041,4.317223157265255,89.90274151820842,0.0,7,6,inf,3.2836336440583844,3.7717225281156104,10.372188663460856,,,,,,0.05,262147.0,0.14997603764499434,1.9282951153432273
unseen,IMC_PID/D2_resample_Ti_Td,cross_equivalence,combined_seed104729,5.0,5.0,164.39585606208766,160.0,ok,199838.1435948462,797393.5025313008,5.523880951401315,318.80665250425926,0.0,7,7,inf,5.293316991874052,2.8629943002689515,9.6113341109919,1.5,1.15,0.85,2.0,1.2,0.05,104729.0,99.04814393954267,1.9143757644108603
unseen,IMC_PID/D2_resample_Ti_Td,cross_equivalence,combined_seed130363,5.0,5.0,164.39585606208766,160.0,ok,199580.4419320862,797275.0633515768,5.52404879691441,316.39769876891853,0.0,7,7,inf,5.293730402002957,2.8627507952844917,9.609630464399224,1.5,1.15,0.85,2.0,1.2,0.05,130363.0,98.79146102235892,1.9118384465851437
unseen,IMC_PID/D2_resample_Ti_Td,cross_equivalence,combined_seed155921,5.0,5.0,164.39585606208766,160.0,ok,200100.69477016985,797696.067300254,5.523946224166231,316.7662019978863,0.0,7,6,inf,5.293524593855526,2.8629213002534497,9.610161001850535,1.5,1.15,0.85,2.0,1.2,0.05,155921.0,99.30965719820901,1.9175879000215308
unseen,IMC_PID/D2_resample_Ti_Td,cross_equivalence,combined_seed196613,5.0,5.0,164.39585606208766,160.0,ok,200610.76966951747,798476.5072873264,5.523481468851336,310.2877524099304,0.0,7,7,inf,5.292604497285289,2.8633510117849226,9.615992153001825,1.5,1.15,0.85,2.0,1.2,0.05,196613.0,99.81771567072532,1.9240264972846535
unseen,IMC_PID/D2_resample_Ti_Td,cross_equivalence,combined_seed262147,5.0,5.0,164.39585606208766,160.0,ok,199979.29304056492,797715.4639444726,5.52395197254736,317.244067531676,0.0,7,6,inf,5.293566291138893,2.8628642998488627,9.611343039296177,1.5,1.15,0.85,2.0,1.2,0.05,262147.0,99.18873539362147,1.9171000632647268
unseen,IMC_PID/D2_resample_Ti_Td,regulatory_off_anchor,nominal,5.0,5.0,109.59723737472513,105.0,ok,123905.87960812266,363170.7631212344,3.7553806414012985,0.9902237071789176,0.0,4,2,inf,3.0272727275254976,3.594619358598701,10.745693168879832,,,,,,,,0.0,1.654460678047489
unseen,IMC_PID/D2_resample_Ti_Td,regulatory_off_anchor,delay_minus30,5.0,5.0,76.71806616230758,75.0,ok,122981.19291605293,360730.4832166112,3.753326845342969,0.987144985048781,0.0,4,2,inf,3.02613481756005,3.596673154657031,10.745146051153403,0.7,,,,,,,-0.7462815283618807,1.9732282313374079
unseen,IMC_PID/D2_resample_Ti_Td,regulatory_off_anchor,delay_plus50,5.0,5.0,164.39585606208766,160.0,ok,121623.16906948204,362161.8135219567,3.759107592373437,1.0017984049518445,0.0,4,2,inf,3.0283588907445154,3.5908924076265625,10.746271029956809,1.5,,,,,,,-1.8422939620461487,1.3705492738846676
unseen,IMC_PID/D2_resample_Ti_Td,regulatory_off_anchor,acid_plus15,5.0,5.0,109.59723737472513,105.0,ok,181696.04952889896,624542.6059595693,4.209694751742187,2.414022673737196,0.0,4,4,inf,4.0381316842698025,3.1403052482578127,10.60830356621022,,1.15,,,,,,46.64037744096517,1.848112402229369
unseen,IMC_PID/D2_resample_Ti_Td,regulatory_off_anchor,acid_minus15,5.0,5.0,109.59723737472513,105.0,ok,147889.55502181046,431566.1259143162,3.476055606590579,1.1117123175084904,0.0,4,4,inf,3.449867920896354,4.081332859581743,10.82605560659058,,0.85,,,,,,19.356365887995807,1.6293332103783358
unseen,IMC_PID/D2_resample_Ti_Td,regulatory_off_anchor,base_minus15,5.0,5.0,109.59723737472513,105.0,ok,182766.81030083823,628842.7548594925,4.213083022108062,2.324848715039318,0.0,4,4,inf,4.068661001757659,3.1369169778919375,10.457422981685465,,,0.85,,,,,47.504550130207825,1.885923649717681
unseen,IMC_PID/D2_resample_Ti_Td,regulatory_off_anchor,base_plus15,5.0,5.0,109.59723737472513,105.0,ok,138121.01287484303,401584.2798092466,3.470295561211488,1.0276423677980144,0.0,4,3,inf,3.436715778361121,4.01526559447436,10.820295561211488,,,1.15,,,,,11.472525203548534,1.4427509639699354
unseen,IMC_PID/D2_resample_Ti_Td,regulatory_off_anchor,Kw_half,5.0,5.0,109.59723737472513,105.0,ok,129466.86200998403,404716.8871541811,3.7555392103539593,1.084029318727552,0.0,4,2,inf,3.2574236902402554,3.5944607896460403,11.042437688465125,,,,0.5,,,,4.488069831269592,1.396258275138778
unseen,IMC_PID/D2_resample_Ti_Td,regulatory_off_anchor,Kw_double,5.0,5.0,109.59723737472513,105.0,ok,110773.46171370803,313175.11247988103,3.755293462355759,0.9059002885933732,0.0,4,2,inf,2.785430781172966,3.59470653764424,10.448229332537489,,,,2.0,,,,-10.598704384286318,2.2483595911873753
unseen,IMC_PID/D2_resample_Ti_Td,regulatory_off_anchor,volume_plus20,5.0,5.0,109.59723737472513,105.0,ok,125213.76681914538,368672.28358510195,3.736764392208526,1.028743444859142,0.0,4,3,inf,3.0351265997717327,3.6132356077914736,10.737532104847991,,,,,1.2,,,1.0555489498635495,1.727616721459787
unseen,IMC_PID/D2_resample_Ti_Td,regulatory_off_anchor,volume_minus20,5.0,5.0,109.59723737472513,105.0,ok,116568.85422501652,348157.66683111084,3.7758839768234056,0.9602191623511862,0.0,4,3,inf,3.0181597360882844,3.574116023176594,10.753851588996104,,,,,0.8,,,-5.9214505448094705,1.4913700891793498
unseen,IMC_PID/D2_resample_Ti_Td,regulatory_off_anchor,noise_0.01_seed104729,5.0,5.0,109.59723737472513,105.0,ok,123893.67500763836,363151.4799458602,3.75553449657176,17.147592609574144,0.0,4,2,inf,3.0272194785109026,3.5944655034282396,10.745673102413017,,,,,,0.01,104729.0,-0.009849896165459171,1.5764690614966699
unseen,IMC_PID/D2_resample_Ti_Td,regulatory_off_anchor,noise_0.01_seed130363,5.0,5.0,109.59723737472513,105.0,ok,123924.6845575173,363206.9941439994,3.755485636061496,17.082296589997572,0.0,4,2,inf,3.0273058980798737,3.594514363938504,10.745702057263632,,,,,,0.01,130363.0,0.015176801499761083,1.579205162434601
unseen,IMC_PID/D2_resample_Ti_Td,regulatory_off_anchor,noise_0.01_seed155921,5.0,5.0,109.59723737472513,105.0,ok,123918.11913323047,363199.54679161886,3.755525153947763,17.15169800345228,0.0,4,2,inf,3.027218491233187,3.5944748460522367,10.745686434186505,,,,,,0.01,155921.0,0.009878082578906877,1.5780031885434478
unseen,IMC_PID/D2_resample_Ti_Td,regulatory_off_anchor,noise_0.01_seed196613,5.0,5.0,109.59723737472513,105.0,ok,123939.35046072242,363240.8753182486,3.7555118881027263,16.565342588184397,0.0,4,2,inf,3.027191932961575,3.594488111897273,10.74567225644657,,,,,,0.01,196613.0,0.02701312698445424,1.5746138731245374
unseen,IMC_PID/D2_resample_Ti_Td,regulatory_off_anchor,noise_0.01_seed262147,5.0,5.0,109.59723737472513,105.0,ok,123931.87259241268,363215.444059849,3.7554172122632736,17.476889020594903,0.0,4,2,inf,3.02732310042337,3.594582787736726,10.745696173412222,,,,,,0.01,262147.0,0.020978007155281198,1.576975435369297
unseen,IMC_PID/D2_resample_Ti_Td,regulatory_off_anchor,noise_0.05_seed104729,5.0,5.0,109.59723737472513,105.0,ok,123731.93774454312,363379.43908779975,3.757033295175966,85.87729116769077,0.0,4,2,inf,3.0266218643847687,3.592966704824033,10.745429653452373,,,,,,0.05,104729.0,-0.14038225153614192,1.5699988718698876
unseen,IMC_PID/D2_resample_Ti_Td,regulatory_off_anchor,noise_0.05_seed130363,5.0,5.0,109.59723737472513,105.0,ok,123696.06637035038,362702.24594790547,3.756483814641631,84.47600573328066,0.0,4,2,inf,3.0273951248529993,3.593516185358369,10.745720218960802,,,,,,0.05,130363.0,-0.16933275356735278,1.5713788826755304
unseen,IMC_PID/D2_resample_Ti_Td,regulatory_off_anchor,noise_0.05_seed155921,5.0,5.0,109.59723737472513,105.0,ok,124043.19634313956,363396.31034146575,3.755744944078762,85.54266756260064,0.0,4,2,inf,3.0269441737959166,3.5942550559212383,10.745636955756588,,,,,,0.05,155921.0,0.11082342133494905,1.5755123061446197
unseen,IMC_PID/D2_resample_Ti_Td,regulatory_off_anchor,noise_0.05_seed196613,5.0,5.0,109.59723737472513,105.0,ok,124214.24448899184,364271.73394379334,3.7567814564100352,83.27989468046198,0.0,4,2,inf,3.0269360312033253,3.5932185435899644,10.745618154952092,,,,,,0.05,196613.0,0.24887025687920783,1.5724189085978273
unseen,IMC_PID/D2_resample_Ti_Td,regulatory_off_anchor,noise_0.05_seed262147,5.0,5.0,109.59723737472513,105.0,ok,122843.18635869327,361823.5333528607,3.7554537285202367,86.85748598292199,0.0,4,2,inf,3.0271179112062416,3.594546271479763,10.745535323113607,,,,,,0.05,262147.0,-0.8576616806162618,1.558210640387529
unseen,IMC_PID/D2_resample_Ti_Td,regulatory_off_anchor,combined_seed104729,5.0,5.0,164.39585606208766,160.0,ok,173295.6491222051,652018.9468021549,4.515546715275189,264.51711092501773,0.0,4,4,inf,4.443744895623732,2.8344532847248107,9.004191405384388,1.5,1.15,0.85,2.0,1.2,0.05,104729.0,39.86071498002157,1.4505696913644186
unseen,IMC_PID/D2_resample_Ti_Td,regulatory_off_anchor,combined_seed130363,5.0,5.0,164.39585606208766,160.0,ok,173708.52681894015,652709.3539243098,4.515407219860913,266.463613534203,0.0,4,4,inf,4.443710465740937,2.8345927801390864,9.005387230389916,1.5,1.15,0.85,2.0,1.2,0.05,130363.0,40.19393378936367,1.4540182723458697
unseen,IMC_PID/D2_resample_Ti_Td,regulatory_off_anchor,combined_seed155921,5.0,5.0,164.39585606208766,160.0,ok,173366.74854538028,651796.5872386794,4.515356375271767,266.4258134607113,0.0,4,4,inf,4.443548514621483,2.8346436247282325,9.014893449731758,1.5,1.15,0.85,2.0,1.2,0.05,155921.0,39.918096779335734,1.4520407683725256
unseen,IMC_PID/D2_resample_Ti_Td,regulatory_off_anchor,combined_seed196613,5.0,5.0,164.39585606208766,160.0,ok,173490.5076383147,652553.0440542578,4.515364044985697,261.23045651912844,0.0,4,4,inf,4.443642509325671,2.834635955014303,9.009816693166472,1.5,1.15,0.85,2.0,1.2,0.05,196613.0,40.01797831306588,1.4502363635111581
unseen,IMC_PID/D2_resample_Ti_Td,regulatory_off_anchor,combined_seed262147,5.0,5.0,164.39585606208766,160.0,ok,173213.5179886045,652206.6136780381,4.515439064419289,272.5715771745673,0.0,4,4,inf,4.443638968641277,2.8345609355807104,9.004872221875571,1.5,1.15,0.85,2.0,1.2,0.05,262147.0,39.794429882122785,1.4486910994496724
unseen,IMC_PID/E_original5_retuned,reverse_off_anchor,nominal,5.0,5.0,109.59723737472513,105.0,ok,6921.3332550953655,9179.114926110582,2.1731425016977663,0.5860426406633907,0.0,4,0,4790.0,3.3164226920234796e-10,4.476857498302234,8.7,,,,,,,,0.0,0.23881694775258874
unseen,IMC_PID/E_original5_retuned,reverse_off_anchor,delay_minus30,5.0,5.0,76.71806616230758,75.0,ok,7118.202797430672,9022.16668954333,2.1792409673512543,0.5495553492929206,0.0,4,0,4825.0,3.2450753195689686e-10,4.470759032648746,8.7,0.7,,,,,,,2.844387563485329,0.4040118993628558
unseen,IMC_PID/E_original5_retuned,reverse_off_anchor,delay_plus50,5.0,5.0,164.39585606208766,160.0,ok,11853.42289115017,15476.166613255493,2.2343985531463684,0.8792303562120303,0.0,4,0,6835.0,3.4295943862616696e-10,4.640092058798517,8.884398553146369,1.5,,,,,,,71.25924232045735,0.29325000123991746
unseen,IMC_PID/E_original5_retuned,reverse_off_anchor,acid_plus15,5.0,5.0,109.59723737472513,105.0,ok,60156.05076630079,217985.50097551325,5.166221481351695,11.362201877165086,0.0,4,1,inf,4.830063893024773,3.533778518648305,9.133046253303808,,1.15,,,,,,769.1396375404255,1.1052083201808862
unseen,IMC_PID/E_original5_retuned,reverse_off_anchor,acid_minus15,5.0,5.0,109.59723737472513,105.0,ok,22133.92663436712,38154.17216006229,2.6191101512843797,1.771900429166868,0.0,4,1,inf,1.2716397594794735,4.4668089408172555,10.694982032629875,,0.85,,,,,,219.79281763484667,0.44933050387249696
unseen,IMC_PID/E_original5_retuned,reverse_off_anchor,base_minus15,5.0,5.0,109.59723737472513,105.0,ok,40713.85558367121,155977.26361224704,5.131343166291179,7.455769247397615,0.0,4,1,inf,4.561142109675326,3.56865683370882,9.100697097587156,,,0.85,,,,,488.23718036836874,0.7675127669340852
unseen,IMC_PID/E_original5_retuned,reverse_off_anchor,base_plus15,5.0,5.0,109.59723737472513,105.0,ok,19043.183878031246,31787.532896374403,2.4610397138736815,1.635540357416413,0.0,4,1,inf,0.5840606809916391,4.3293589769199645,10.67658475742633,,,1.15,,,,,175.13750857195012,0.3767507819187574
unseen,IMC_PID/E_original5_retuned,reverse_off_anchor,Kw_half,5.0,5.0,109.59723737472513,105.0,ok,6312.371393064155,7970.05972949655,2.264386171931603,0.6645226072111337,0.0,4,0,4435.0,2.9755373276429964e-08,4.538270094707046,8.914386171931604,,,,0.5,,,,-8.798331760472644,0.17061174039027277
unseen,IMC_PID/E_original5_retuned,reverse_off_anchor,Kw_double,5.0,5.0,109.59723737472513,105.0,ok,7576.967992061073,9537.88477209813,2.079487219219053,0.5236634719719993,0.0,4,0,4680.0,9.80654638027545e-06,4.570512780780947,8.704840930868288,,,,2.0,,,,9.472665349310283,0.5553311417911396
unseen,IMC_PID/E_original5_retuned,reverse_off_anchor,volume_plus20,5.0,5.0,109.59723737472513,105.0,ok,7223.498381198283,8633.974939492966,1.9637328189774592,0.4932355128392833,0.0,4,0,4860.0,9.559819602600328e-11,4.686267181022541,8.7,,,,,1.2,,,4.365706937756086,0.300675906313036
unseen,IMC_PID/E_original5_retuned,reverse_off_anchor,volume_minus20,5.0,5.0,109.59723737472513,105.0,ok,6502.824847899219,9846.976966155746,2.368253764994342,0.684406267110198,0.0,4,0,3010.0,8.413447716293375e-10,4.2817462350056585,8.735554242945415,,,,,0.8,,,-6.046644364191655,0.191249150081818
unseen,IMC_PID/E_original5_retuned,reverse_off_anchor,noise_0.01_seed104729,5.0,5.0,109.59723737472513,105.0,ok,6908.084072884026,9019.423060687548,2.1618767783540696,49.86355539730664,0.0,4,0,4730.0,0.0052170290081434,4.488123221645931,8.701283482052395,,,,,,0.01,104729.0,-0.19142528936294534,0.23823135392448022
unseen,IMC_PID/E_original5_retuned,reverse_off_anchor,noise_0.01_seed130363,5.0,5.0,109.59723737472513,105.0,ok,7050.394669493084,9226.729972088058,2.1781563067671312,50.54442286022199,0.0,4,0,4980.0,0.0072748940819664,4.471843693232869,8.701998315945287,,,,,,0.01,130363.0,1.8646900769111907,0.24315402388953142
unseen,IMC_PID/E_original5_retuned,reverse_off_anchor,noise_0.01_seed155921,5.0,5.0,109.59723737472513,105.0,ok,7040.903717986213,9069.270499915769,2.1584583297412703,50.148614093480944,0.0,4,0,4835.0,0.0050232835752943,4.49154167025873,8.702232239910442,,,,,,0.01,155921.0,1.7275640181438012,0.24287152120984115
unseen,IMC_PID/E_original5_retuned,reverse_off_anchor,noise_0.01_seed196613,5.0,5.0,109.59723737472513,105.0,ok,6847.475921757006,9031.549530199856,2.160489246868729,49.65904082784052,0.0,4,0,4765.0,0.0018447215128691,4.489510753131271,8.702943816555072,,,,,,0.01,196613.0,-1.0670969106130967,0.2361031504953173
unseen,IMC_PID/E_original5_retuned,reverse_off_anchor,noise_0.01_seed262147,5.0,5.0,109.59723737472513,105.0,ok,6981.535983024725,9159.93136188735,2.1733916874480643,50.05593451124219,0.0,4,0,4655.0,0.0040962491842186,4.476608312551936,8.702439528821044,,,,,,0.01,262147.0,0.8698140330844373,0.24081946588339265
unseen,IMC_PID/E_original5_retuned,reverse_off_anchor,noise_0.05_seed104729,5.0,5.0,109.59723737472513,105.0,ok,8052.10567838245,8229.31948042718,1.946239809817392,235.49447324460508,0.0,4,1,inf,0.0873604887415187,4.7153066914379815,8.708893148399735,,,,,,0.05,104729.0,16.33749426029485,0.27703417655999046
unseen,IMC_PID/E_original5_retuned,reverse_off_anchor,noise_0.05_seed130363,5.0,5.0,109.59723737472513,105.0,ok,7839.592348879385,6454.3744633656615,1.9080310082456204,218.14551655448915,0.0,4,2,inf,0.1519713319526463,5.0578480561220465,8.71232127007157,,,,,,0.05,130363.0,13.267083955363844,0.2698819175586787
unseen,IMC_PID/E_original5_retuned,reverse_off_anchor,noise_0.05_seed155921,5.0,5.0,109.59723737472513,105.0,ok,9029.523202152684,10153.649789756208,2.099399887131547,272.3042811838375,0.0,4,0,17925.0,0.028908151250194,4.5506001128684535,8.710528504813867,,,,,,0.05,155921.0,30.459304144982568,0.31092445128511903
unseen,IMC_PID/E_original5_retuned,reverse_off_anchor,noise_0.05_seed196613,5.0,5.0,109.59723737472513,105.0,ok,8178.841399286144,8797.402694953242,2.047402293989516,251.23042821909897,0.0,4,0,17990.0,0.0392102064484882,4.602597706010484,8.71333950419516,,,,,,0.05,196613.0,18.168582523678122,0.28122865468601166
unseen,IMC_PID/E_original5_retuned,reverse_off_anchor,noise_0.05_seed262147,5.0,5.0,109.59723737472513,105.0,ok,8872.332197906653,9461.186230828644,2.163164587063833,237.95584723681472,0.0,4,0,17835.0,0.040685413723005,4.486835412936167,8.715320446842828,,,,,,0.05,262147.0,28.18819540837736,0.3056678274543021
unseen,IMC_PID/E_original5_retuned,reverse_off_anchor,combined_seed104729,5.0,5.0,164.39585606208766,160.0,ok,64537.50270269888,226771.11971875036,5.543246590560242,897.3984472265438,0.0,4,2,inf,3.7468738386570593,3.156753409439758,9.241378343447744,1.5,1.15,0.85,2.0,1.2,0.05,104729.0,832.4432204617151,0.9015138802753025
unseen,IMC_PID/E_original5_retuned,reverse_off_anchor,combined_seed130363,5.0,5.0,164.39585606208766,160.0,ok,59567.75247697661,215907.82451777917,5.541676752301663,870.431407158412,0.0,4,2,inf,0.1081484679437103,3.1583232476983367,9.230030998222508,1.5,1.15,0.85,2.0,1.2,0.05,130363.0,760.6398548014411,0.8317604450565907
unseen,IMC_PID/E_original5_retuned,reverse_off_anchor,combined_seed155921,5.0,5.0,164.39585606208766,160.0,ok,66041.86961166446,229045.2175116097,5.542383985781473,943.7855220371392,0.0,4,2,inf,1.077453193128452,3.1576160142185254,9.236191736604544,1.5,1.15,0.85,2.0,1.2,0.05,155921.0,854.1784390029995,0.9222483349862324
unseen,IMC_PID/E_original5_retuned,reverse_off_anchor,combined_seed196613,5.0,5.0,164.39585606208766,160.0,ok,65347.097979941565,232093.16074330447,5.544460748574633,944.4991210627016,0.0,4,2,inf,3.930981057184618,3.155539251425366,9.239743518207325,1.5,1.15,0.85,2.0,1.2,0.05,196613.0,844.1403205348358,0.9119235669036252
unseen,IMC_PID/E_original5_retuned,reverse_off_anchor,combined_seed262147,5.0,5.0,164.39585606208766,160.0,ok,42867.995256288814,169595.4831676645,5.543080818033636,618.4061995410761,0.0,4,1,inf,4.4653462832752995,3.156919181966363,9.240330020380572,1.5,1.15,0.85,2.0,1.2,0.05,262147.0,519.360369979731,0.5982175772143461
unseen,IMC_PID/E_original5_retuned,cross_equivalence,nominal,5.0,5.0,109.59723737472513,105.0,ok,118584.96559149402,438690.821999668,4.876594883771412,24.92358159890214,0.0,7,3,inf,4.73521476352807,3.459215160302233,10.10374103255336,,,,,,,,0.0,2.277596604413803
unseen,IMC_PID/E_original5_retuned,cross_equivalence,delay_minus30,5.0,5.0,76.71806616230758,75.0,ok,99843.67624210034,377780.4690982853,4.727206335940842,19.17247374525713,0.0,7,2,inf,4.6095364539779755,3.4628667703118614,10.086811411012782,0.7,,,,,,,-15.804102363156547,2.2953060453325485
unseen,IMC_PID/E_original5_retuned,cross_equivalence,delay_plus50,5.0,5.0,164.39585606208766,160.0,ok,141809.07395340514,516243.03996623214,5.0123382138351005,39.315902336012215,0.0,7,5,inf,4.936695579897465,3.293124400357999,9.50112064880948,1.5,,,,,,,19.584361513342596,2.2548066586045956
unseen,IMC_PID/E_original5_retuned,cross_equivalence,acid_plus15,5.0,5.0,109.59723737472513,105.0,ok,120987.7185157336,429523.7882088319,4.811849512066361,24.269805784869092,0.0,7,2,inf,4.811849512066361,3.4080890915893733,10.164894337159264,,1.15,,,,,,2.026186803912955,1.5360016853480871
unseen,IMC_PID/E_original5_retuned,cross_equivalence,acid_minus15,5.0,5.0,109.59723737472513,105.0,ok,115847.07875343609,432427.36630602786,4.937769406039569,26.887957118666705,0.0,7,2,inf,4.884366703872425,3.462230593960431,10.019488041258516,,0.85,,,,,,-2.308797598752532,1.4727830094758174
unseen,IMC_PID/E_original5_retuned,cross_equivalence,base_minus15,5.0,5.0,109.59723737472513,105.0,ok,103357.0517482322,354428.52054936194,4.531817297856325,17.94080214557665,0.0,7,2,inf,4.4867554544586215,3.382059767070372,10.10893666475705,,,0.85,,,,,-12.841352837019414,1.304592080284092
unseen,IMC_PID/E_original5_retuned,cross_equivalence,base_plus15,5.0,5.0,109.59723737472513,105.0,ok,119028.28055539778,468785.43025177374,5.178235511446129,29.588966086100083,0.0,7,3,inf,4.787199877140473,3.221764488553871,10.087039352285196,,,1.15,,,,,0.3738374099048203,1.5192319228225488
unseen,IMC_PID/E_original5_retuned,cross_equivalence,Kw_half,5.0,5.0,109.59723737472513,105.0,ok,128337.77936235868,481174.1059293953,4.999129805946642,31.84769842577684,0.0,7,4,inf,4.965207183835652,3.319280166523606,9.972052487598138,,,,0.5,,,,8.224325674184962,2.2019199774316776
unseen,IMC_PID/E_original5_retuned,cross_equivalence,Kw_double,5.0,5.0,109.59723737472513,105.0,ok,93882.43642294969,357447.8213585671,4.805236927552218,19.02927726254448,0.0,7,2,inf,4.670646339101589,3.5947630724477824,9.821343948384715,,,,2.0,,,,-20.8310800996819,2.15754238766306
unseen,IMC_PID/E_original5_retuned,cross_equivalence,volume_plus20,5.0,5.0,109.59723737472513,105.0,ok,108587.35239267236,388111.099420726,4.800123871471391,21.744165164741194,0.0,7,3,inf,4.609680349760099,3.599876128528609,10.058216886461636,,,,,1.2,,,-8.430759455006987,2.1434161810507812
unseen,IMC_PID/E_original5_retuned,cross_equivalence,volume_minus20,5.0,5.0,109.59723737472513,105.0,ok,109208.03134308576,435432.95862664457,5.057079805910972,25.13282057801084,0.0,7,2,inf,5.019620846726357,3.3429201940890287,10.146268665403523,,,,,0.8,,,-7.907355035806374,2.030062178110442
unseen,IMC_PID/E_original5_retuned,cross_equivalence,noise_0.01_seed104729,5.0,5.0,109.59723737472513,105.0,ok,118263.24266357873,436298.9347982191,4.871115114988739,355.71506659479826,0.0,7,3,inf,4.721360814510421,3.46234324659406,10.103176417736188,,,,,,0.01,104729.0,-0.2713016159430981,2.270384625698161
unseen,IMC_PID/E_original5_retuned,cross_equivalence,noise_0.01_seed130363,5.0,5.0,109.59723737472513,105.0,ok,118065.1797391703,435771.6776914373,4.873359342935142,348.94363762547033,0.0,7,3,inf,4.737443156101953,3.455014891990294,10.10405132168067,,,,,,0.01,130363.0,-0.43832356802657735,2.2669138216370106
unseen,IMC_PID/E_original5_retuned,cross_equivalence,noise_0.01_seed155921,5.0,5.0,109.59723737472513,105.0,ok,121036.52092420692,445744.14206626365,4.85653581967998,362.2079830641345,0.0,7,3,inf,4.645944561528855,3.3266669512394804,10.101698192254824,,,,,,0.01,155921.0,2.0673407632111784,2.3242284790319836
unseen,IMC_PID/E_original5_retuned,cross_equivalence,noise_0.01_seed196613,5.0,5.0,109.59723737472513,105.0,ok,118250.93628773066,435641.28427085,4.870890629651088,346.20679916204796,0.0,7,3,inf,4.7386739324301255,3.472148859048412,10.102601288789634,,,,,,0.01,196613.0,-0.2816793023443176,2.2707472644071554
unseen,IMC_PID/E_original5_retuned,cross_equivalence,noise_0.01_seed262147,5.0,5.0,109.59723737472513,105.0,ok,100593.81800472646,391758.6778549036,4.8819678377744875,285.56120401407145,0.0,7,2,inf,4.820301320971952,3.5180321622255124,10.09914780499438,,,,,,0.01,262147.0,-15.171524903708411,1.9314912808353144
unseen,IMC_PID/E_original5_retuned,cross_equivalence,noise_0.05_seed104729,5.0,5.0,109.59723737472513,105.0,ok,115322.85203678928,419752.50892971247,4.876886240732805,1668.6504208084923,0.0,7,3,inf,4.8455911789680215,3.5231137592671953,10.100115519499608,,,,,,0.05,104729.0,-2.7508660464954704,2.2097179273676213
unseen,IMC_PID/E_original5_retuned,cross_equivalence,noise_0.05_seed130363,5.0,5.0,109.59723737472513,105.0,ok,99718.05498750036,382578.15831979224,4.9164545334937735,1305.5616518693037,0.0,7,7,inf,4.705477171676314,3.4835454665062273,10.104480449022724,,,,,,0.05,130363.0,-15.910035905383745,1.9116593590279576
unseen,IMC_PID/E_original5_retuned,cross_equivalence,noise_0.05_seed155921,5.0,5.0,109.59723737472513,105.0,ok,103683.292907062,387795.8440863373,4.905783753316555,1404.7458036676276,0.0,7,4,inf,4.731190382961955,3.4942162466834445,10.0979949728411,,,,,,0.05,155921.0,-12.566241099875908,1.9891780836093131
unseen,IMC_PID/E_original5_retuned,cross_equivalence,noise_0.05_seed196613,5.0,5.0,109.59723737472513,105.0,ok,116210.61922014088,415768.9765091415,4.863612492558159,1648.585156056277,0.0,7,3,inf,4.799298952010612,3.4436957005390796,10.102888993333154,,,,,,0.05,196613.0,-2.002232204993315,2.2294444474924155
unseen,IMC_PID/E_original5_retuned,cross_equivalence,noise_0.05_seed262147,5.0,5.0,109.59723737472513,105.0,ok,143585.39939853598,509279.47008202993,4.859239910884119,2399.856612085718,0.0,7,7,inf,4.707992233618985,3.3718786382394805,9.3598221096614,,,,,,0.05,262147.0,21.08229629476337,2.7536749737161466
unseen,IMC_PID/E_original5_retuned,cross_equivalence,combined_seed104729,5.0,5.0,164.39585606208766,160.0,ok,124821.72459120111,400581.87122188613,4.767771677536645,1788.8419066978029,0.0,7,5,inf,4.205852551544983,3.0234590063829545,9.869776658767902,1.5,1.15,0.85,2.0,1.2,0.05,104729.0,5.25931678488798,1.195746117987483
unseen,IMC_PID/E_original5_retuned,cross_equivalence,combined_seed130363,5.0,5.0,164.39585606208766,160.0,ok,113746.49972678116,357658.7295847164,4.771363283467984,1541.0636130692458,0.0,7,6,inf,4.0667236943961065,3.0207638569946353,9.871295815871136,1.5,1.15,0.85,2.0,1.2,0.05,130363.0,-4.080168038653897,1.0896104309466672
unseen,IMC_PID/E_original5_retuned,cross_equivalence,combined_seed155921,5.0,5.0,164.39585606208766,160.0,ok,115848.80824517593,370079.6821624355,4.774232289717232,1619.5383733022263,0.0,7,5,inf,4.052706418341402,3.022374146812763,9.868773327979715,1.5,1.15,0.85,2.0,1.2,0.05,155921.0,-2.3073391577678737,1.1101924117655844
unseen,IMC_PID/E_original5_retuned,cross_equivalence,combined_seed196613,5.0,5.0,164.39585606208766,160.0,ok,131763.38458859862,409517.8096578392,4.783875636279413,1819.0005920182232,0.0,7,6,inf,3.983309218012206,3.0263531454499546,9.869487927764592,1.5,1.15,0.85,2.0,1.2,0.05,196613.0,11.113060522783403,1.2637220012565136
unseen,IMC_PID/E_original5_retuned,cross_equivalence,combined_seed262147,5.0,5.0,164.39585606208766,160.0,ok,128016.4425859235,398470.4617208647,4.768817907652686,1841.067716612455,0.0,7,6,inf,4.065696486282577,3.0215041503314835,9.873204462729104,1.5,1.15,0.85,2.0,1.2,0.05,262147.0,7.953349690988132,1.2272287117777578
unseen,IMC_PID/E_original5_retuned,regulatory_off_anchor,nominal,5.0,5.0,109.59723737472513,105.0,ok,110155.4057715833,312205.79791819357,3.4521852955103327,14.83944359167717,0.0,4,2,inf,1.3239330669299472,3.897814704489667,10.5564057824802,,,,,,,,0.0,1.4708566526450997
unseen,IMC_PID/E_original5_retuned,regulatory_off_anchor,delay_minus30,5.0,5.0,76.71806616230758,75.0,ok,35564.797483909075,95151.54559553757,3.435938026741854,3.098555435259211,0.0,4,0,7015.0,5.345652809296553e-10,3.914061973258146,10.551625993459403,0.7,,,,,,,-67.7139789601831,0.5706357270818653
unseen,IMC_PID/E_original5_retuned,regulatory_off_anchor,delay_plus50,5.0,5.0,164.39585606208766,160.0,ok,170309.05232529007,563552.0351200296,3.931608240882966,46.909053811625114,0.0,4,3,inf,3.66118157134842,3.418391759117034,9.90073943772693,1.5,,,,,,,54.60798417686421,1.9191815982616232
unseen,IMC_PID/E_original5_retuned,regulatory_off_anchor,acid_plus15,5.0,5.0,109.59723737472513,105.0,ok,116183.95179602738,346055.3466445885,3.881248831357148,16.84203379323357,0.0,4,2,inf,3.5770872765216377,3.4687511686428514,10.61296398324777,,1.15,,,,,,5.472764574935862,1.18175933274821
unseen,IMC_PID/E_original5_retuned,regulatory_off_anchor,acid_minus15,5.0,5.0,109.59723737472513,105.0,ok,125504.65720884572,363558.1975626369,3.5341309611387035,17.383352087425564,0.0,4,2,inf,3.113562350622174,3.815869038861296,10.646088147038665,,0.85,,,,,,13.934179017133674,1.3827136474740458
unseen,IMC_PID/E_original5_retuned,regulatory_off_anchor,base_minus15,5.0,5.0,109.59723737472513,105.0,ok,79502.00390042338,230576.17919316745,3.905830293667365,10.015106720063844,0.0,4,1,inf,3.2944700197358703,3.444169706332635,10.555553417726104,,,0.85,,,,,-27.82741496565533,0.8203607050369808
unseen,IMC_PID/E_original5_retuned,regulatory_off_anchor,base_plus15,5.0,5.0,109.59723737472513,105.0,ok,207529.82321782052,746030.055492025,4.434259507038984,55.2289011873179,0.0,4,4,inf,3.963496069032189,2.915740492961015,10.62571093826658,,,1.15,,,,,88.39731174714333,2.167764674382541
unseen,IMC_PID/E_original5_retuned,regulatory_off_anchor,Kw_half,5.0,5.0,109.59723737472513,105.0,ok,180240.76538302383,621908.2843488572,4.292977655043433,47.045076004969005,0.0,4,3,inf,3.5935731873750267,3.0570223449565663,9.880764807045663,,,,0.5,,,,63.62407647679908,1.9438384176175265
unseen,IMC_PID/E_original5_retuned,regulatory_off_anchor,Kw_double,5.0,5.0,109.59723737472513,105.0,ok,62665.70804732232,163079.77773510283,3.4518773608584623,6.5902002180583725,0.0,4,0,10380.0,0.0002692250977034,3.898122639141538,10.27175161723708,,,,2.0,,,,-43.11154535868621,1.2719205804986546
unseen,IMC_PID/E_original5_retuned,regulatory_off_anchor,volume_plus20,5.0,5.0,109.59723737472513,105.0,ok,85625.18711290082,229401.3786387096,3.405828509944088,10.592315710426732,0.0,4,0,15655.0,0.0042903074523712,3.944171490055912,10.527794105921386,,,,,1.2,,,-22.26873795875982,1.1813996878476798
unseen,IMC_PID/E_original5_retuned,regulatory_off_anchor,volume_minus20,5.0,5.0,109.59723737472513,105.0,ok,64426.89884574893,182168.5822611102,3.5065644395682685,7.429284272280424,0.0,4,0,11325.0,1.449898361371993e-07,3.843435560431731,10.589984739215742,,,,,0.8,,,-41.51272160047811,0.8242712044819356
unseen,IMC_PID/E_original5_retuned,regulatory_off_anchor,noise_0.01_seed104729,5.0,5.0,109.59723737472513,105.0,ok,105779.36211906958,299970.48305132485,3.45356239162276,282.9530604381393,0.0,4,1,inf,2.167710891072649,3.8964376083772394,10.55725270365716,,,,,,0.01,104729.0,-3.972609080654488,1.3459758273800901
unseen,IMC_PID/E_original5_retuned,regulatory_off_anchor,noise_0.01_seed130363,5.0,5.0,109.59723737472513,105.0,ok,102250.340807437,285465.1528114226,3.453729898932596,260.74954758339936,0.0,4,1,inf,1.0790994942830745,3.896270101067404,10.553497639675005,,,,,,0.01,130363.0,-7.176284185760384,1.3030032445945556
unseen,IMC_PID/E_original5_retuned,regulatory_off_anchor,noise_0.01_seed155921,5.0,5.0,109.59723737472513,105.0,ok,99688.02122781734,279003.7418657818,3.4537326983280985,257.1010464977514,0.0,4,1,inf,1.6326790625839491,3.896267301671901,10.557248362415994,,,,,,0.01,155921.0,-9.502379361636581,1.2694512832941975
unseen,IMC_PID/E_original5_retuned,regulatory_off_anchor,noise_0.01_seed196613,5.0,5.0,109.59723737472513,105.0,ok,101891.25964424809,285213.0080469137,3.453604922871324,255.09651437506767,0.0,4,1,inf,0.6501994978695675,3.896395077128675,10.557203956049053,,,,,,0.01,196613.0,-7.502261073298245,1.2944992077944781
unseen,IMC_PID/E_original5_retuned,regulatory_off_anchor,noise_0.01_seed262147,5.0,5.0,109.59723737472513,105.0,ok,92818.80195342962,257269.7950172747,3.45269556336456,240.294673006345,0.0,4,0,16300.0,0.0069042898914597,3.897304436635439,10.557114002302628,,,,,,0.01,262147.0,-15.738314154189236,1.1810760828439821
unseen,IMC_PID/E_original5_retuned,regulatory_off_anchor,noise_0.05_seed104729,5.0,5.0,109.59723737472513,105.0,ok,93118.26856058447,270888.634932453,3.499993075920997,1288.5860376924456,0.0,4,1,inf,2.6269470627788323,3.8500069240790022,10.55728742251572,,,,,,0.05,104729.0,-15.466455859939177,1.1815508530419216
unseen,IMC_PID/E_original5_retuned,regulatory_off_anchor,noise_0.05_seed130363,5.0,5.0,109.59723737472513,105.0,ok,75374.0752652622,208289.17917590865,3.5359821491708634,905.3224040305664,0.0,4,1,inf,0.0513059486036953,3.814017850829136,10.558035026762523,,,,,,0.05,130363.0,-31.57478315539337,0.9575181624483663
unseen,IMC_PID/E_original5_retuned,regulatory_off_anchor,noise_0.05_seed155921,5.0,5.0,109.59723737472513,105.0,ok,59580.01481840293,155748.12950788304,3.524174931796994,593.6945031366907,0.0,4,0,14030.0,0.012223125982806,3.8258250682030055,10.5579403811994,,,,,,0.05,155921.0,-45.91276351707404,0.7567448220779762
unseen,IMC_PID/E_original5_retuned,regulatory_off_anchor,noise_0.05_seed196613,5.0,5.0,109.59723737472513,105.0,ok,52219.36814099884,136383.0014274103,3.4646888025726432,482.9395148487373,0.0,4,0,17970.0,0.0454391032980909,3.885311197427357,10.55745177875916,,,,,,0.05,196613.0,-52.594820222186655,0.6610411084311221
unseen,IMC_PID/E_original5_retuned,regulatory_off_anchor,noise_0.05_seed262147,5.0,5.0,109.59723737472513,105.0,ok,65254.03416409694,172512.72733299903,3.4555980220412477,698.965938092767,0.0,4,0,17975.0,0.0491164533358015,3.894401977958752,10.557429485425574,,,,,,0.05,262147.0,-40.761841230554964,0.8277181126335349
unseen,IMC_PID/E_original5_retuned,regulatory_off_anchor,combined_seed104729,5.0,5.0,164.39585606208766,160.0,ok,102373.90405777605,289956.73127516627,4.269642492721363,1138.6209623318748,0.0,4,1,inf,3.4998088448686926,3.080357507278636,10.302418558639785,1.5,1.15,0.85,2.0,1.2,0.05,104729.0,-7.0641124321604964,0.8569198543936831
unseen,IMC_PID/E_original5_retuned,regulatory_off_anchor,combined_seed130363,5.0,5.0,164.39585606208766,160.0,ok,110410.52895819156,307625.64053974045,4.26879023253125,1210.9840596018205,0.0,4,3,inf,3.479059720255835,3.0812097674687497,10.3034871838107,1.5,1.15,0.85,2.0,1.2,0.05,130363.0,0.2316029656658669,0.9241856430681508
unseen,IMC_PID/E_original5_retuned,regulatory_off_anchor,combined_seed155921,5.0,5.0,164.39585606208766,160.0,ok,96278.3228734168,273754.06397223915,4.268036051646385,1070.9923603477428,0.0,4,1,inf,3.4694769491930244,3.0819639483536148,10.302675910285618,1.5,1.15,0.85,2.0,1.2,0.05,155921.0,-12.59773208674101,0.8063832949265951
unseen,IMC_PID/E_original5_retuned,regulatory_off_anchor,combined_seed196613,5.0,5.0,164.39585606208766,160.0,ok,114893.11584170855,321746.2462176735,4.269049453455313,1273.0314052237754,0.0,4,2,inf,3.4838921626080346,3.0809505465446865,10.302428913732609,1.5,1.15,0.85,2.0,1.2,0.05,196613.0,4.300932883810793,0.9604108995871529
unseen,IMC_PID/E_original5_retuned,regulatory_off_anchor,combined_seed262147,5.0,5.0,164.39585606208766,160.0,ok,93235.0718763065,271394.7014904107,4.269266023318512,1091.6627209568308,0.0,4,2,inf,3.466651544173448,3.0807339766814876,10.303220629946024,1.5,1.15,0.85,2.0,1.2,0.05,262147.0,-15.36042083160456,0.7797822037922104
unseen,IMC_PID/P_move_interior_Kc,reverse_off_anchor,nominal,5.0,5.0,109.59723737472513,105.0,ok,14015.22074158037,11435.316659820888,1.949997288585556,0.0153584101896404,0.0,4,1,inf,0.0520298220543562,5.451124428094851,8.7,,,,,,,,0.0,0.48358778810700104
unseen,IMC_PID/P_move_interior_Kc,reverse_off_anchor,delay_minus30,5.0,5.0,76.71806616230758,75.0,ok,13916.63574623124,11164.015808865724,1.94998138830804,0.0150906483920438,0.0,4,1,inf,0.0525753109565148,5.451925037341022,8.7,0.7,,,,,,,-0.703413789671159,0.7898744388970408
unseen,IMC_PID/P_move_interior_Kc,reverse_off_anchor,delay_plus50,5.0,5.0,164.39585606208766,160.0,ok,14285.522904781596,11996.131650105788,1.950034012766162,0.0159192884308279,0.0,4,1,inf,0.0510293209328915,5.449663797191169,8.7,1.5,,,,,,,1.92863293547203,0.3534194002871334
unseen,IMC_PID/P_move_interior_Kc,reverse_off_anchor,acid_plus15,5.0,5.0,109.59723737472513,105.0,ok,84241.10578120948,309483.80252197024,5.460535311388703,0.8405836065625891,0.0,4,3,inf,5.302568502003174,3.2394646886112963,8.79602606917714,,1.15,,,,,,501.068704763835,1.5477075011511126
unseen,IMC_PID/P_move_interior_Kc,reverse_off_anchor,acid_minus15,5.0,5.0,109.59723737472513,105.0,ok,111450.3546841786,374277.8914294377,4.995844277690354,0.8156796869452609,0.0,4,2,inf,3.046050684801907,4.6993363272332775,10.843017937254563,,0.85,,,,,,695.2094136735755,2.2625015820398904
unseen,IMC_PID/P_move_interior_Kc,reverse_off_anchor,base_minus15,5.0,5.0,109.59723737472513,105.0,ok,93053.99324664252,347542.238562571,5.472242439524781,0.9670189254834956,0.0,4,3,inf,5.3510203631644355,3.2277575604752182,8.7,,,0.85,,,,,563.9495371669021,1.7541971107162888
unseen,IMC_PID/P_move_interior_Kc,reverse_off_anchor,base_plus15,5.0,5.0,109.59723737472513,105.0,ok,98088.36450399896,309535.99803992367,4.844165391837455,0.7183539508448602,0.0,4,2,inf,2.894489976092572,4.6541637218863565,10.839214112612543,,,1.15,,,,,599.8702789816954,1.940582428899711
unseen,IMC_PID/P_move_interior_Kc,reverse_off_anchor,Kw_half,5.0,5.0,109.59723737472513,105.0,ok,13746.389236445812,10820.049770690355,1.9499965145032192,0.0166773273360831,0.0,4,1,inf,0.0502064432656403,5.449320201548745,8.8837291183947,,,,0.5,,,,-1.9181396432593312,0.37153951275570907
unseen,IMC_PID/P_move_interior_Kc,reverse_off_anchor,Kw_double,5.0,5.0,109.59723737472513,105.0,ok,15212.709586906823,11612.381209683772,1.949802060696604,0.018158527264326,0.0,4,2,inf,0.1403833380129633,5.455059318615464,8.7,,,,2.0,,,,8.544202530993639,1.1149699185064061
unseen,IMC_PID/P_move_interior_Kc,reverse_off_anchor,volume_plus20,5.0,5.0,109.59723737472513,105.0,ok,15663.43206705268,13087.386687674252,1.9501769754431333,0.01671451399993,0.0,4,0,17995.0,0.0499806407172327,5.449085709933378,8.7,,,,,1.2,,,11.76015245041695,0.6519855593782901
unseen,IMC_PID/P_move_interior_Kc,reverse_off_anchor,volume_minus20,5.0,5.0,109.59723737472513,105.0,ok,12929.176092391295,9885.29598332464,1.9499984406693711,0.0141596053782961,0.0,4,1,inf,0.0539207683863276,5.453006532948742,8.7,,,,,0.8,,,-7.749037059166652,0.3802491988888208
unseen,IMC_PID/P_move_interior_Kc,reverse_off_anchor,noise_0.01_seed104729,5.0,5.0,109.59723737472513,105.0,ok,14014.62274054224,11417.23327749184,1.9503300901285607,0.9366541734447198,0.0,4,1,inf,0.0522981934385224,5.451294185800936,8.700001718204115,,,,,,0.01,104729.0,-0.0042667971425935924,0.48330658906215634
unseen,IMC_PID/P_move_interior_Kc,reverse_off_anchor,noise_0.01_seed130363,5.0,5.0,109.59723737472513,105.0,ok,14063.982115953911,11477.297996067293,1.9489362428838992,0.9439462311563585,0.0,4,1,inf,0.051259853938907,5.450474968651253,8.700016789599879,,,,,,0.01,130363.0,0.3479172770278094,0.4850386402057225
unseen,IMC_PID/P_move_interior_Kc,reverse_off_anchor,noise_0.01_seed155921,5.0,5.0,109.59723737472513,105.0,ok,14012.608261347314,11447.865404428105,1.9507262421171303,0.9324013346922096,0.0,4,0,17790.0,0.0484379549996525,5.447304285827209,8.700027120497301,,,,,,0.01,155921.0,-0.018640307428807734,0.4833560606513144
unseen,IMC_PID/P_move_interior_Kc,reverse_off_anchor,noise_0.01_seed196613,5.0,5.0,109.59723737472513,105.0,ok,14016.140544389584,11407.184528616632,1.9507218351623816,0.9372472572612942,0.0,4,1,inf,0.0526829115800691,5.451688578910232,8.700000208701391,,,,,,0.01,196613.0,0.006562884924710133,0.4832809896856716
unseen,IMC_PID/P_move_interior_Kc,reverse_off_anchor,noise_0.01_seed262147,5.0,5.0,109.59723737472513,105.0,ok,14111.033769677884,11513.88409117738,1.9496351780918657,0.9225697434503166,0.0,4,1,inf,0.0556905025427152,5.454389277479202,8.70030955863128,,,,,,0.01,262147.0,0.6836355264334681,0.4867426915422245
unseen,IMC_PID/P_move_interior_Kc,reverse_off_anchor,noise_0.05_seed104729,5.0,5.0,109.59723737472513,105.0,ok,14077.328990637752,11261.98453357201,1.949380544369851,4.811746036702874,0.0,4,1,inf,0.0563064305057858,5.445130015270951,8.703436449468072,,,,,,0.05,104729.0,0.4431485611433805,0.484333092591607
unseen,IMC_PID/P_move_interior_Kc,reverse_off_anchor,noise_0.05_seed130363,5.0,5.0,109.59723737472513,105.0,ok,14375.250670733298,11462.049510108527,1.923830794413247,4.721070677391728,0.0,4,1,inf,0.0710535186937066,5.406861428870116,8.700679778088695,,,,,,0.05,130363.0,2.5688495086259477,0.4948752490885255
unseen,IMC_PID/P_move_interior_Kc,reverse_off_anchor,noise_0.05_seed155921,5.0,5.0,109.59723737472513,105.0,ok,14647.115466142444,11730.343672587567,1.9434918620071515,6.037988788849167,0.0,4,1,inf,0.0661086413921765,5.314783288478665,8.701649968635865,,,,,,0.05,155921.0,4.508631980995981,0.5043617738458647
unseen,IMC_PID/P_move_interior_Kc,reverse_off_anchor,noise_0.05_seed196613,5.0,5.0,109.59723737472513,105.0,ok,14192.873895730245,11470.605403495303,1.959406524383076,5.174914771468586,0.0,4,1,inf,0.0760163221026664,5.38319273213465,8.700000783015136,,,,,,0.05,196613.0,1.2675730009932273,0.4880205688024231
unseen,IMC_PID/P_move_interior_Kc,reverse_off_anchor,noise_0.05_seed262147,5.0,5.0,109.59723737472513,105.0,ok,14944.266751274476,11773.067889793052,1.9300994840692427,4.3167189316507795,0.0,4,1,inf,0.1232946839000552,5.509774951256991,8.705509636834742,,,,,,0.05,262147.0,6.6288360834575455,0.5148569112231173
unseen,IMC_PID/P_move_interior_Kc,reverse_off_anchor,combined_seed104729,5.0,5.0,164.39585606208766,160.0,ok,156672.0905171552,594405.6047988565,5.800431915885375,319.89065092401063,0.0,4,3,inf,5.765752007130645,2.899568084114624,8.7,1.5,1.15,0.85,2.0,1.2,0.05,104729.0,1017.8710161327697,2.1885269546857975
unseen,IMC_PID/P_move_interior_Kc,reverse_off_anchor,combined_seed130363,5.0,5.0,164.39585606208766,160.0,ok,157339.0544478431,595103.1608825424,5.800073415497916,320.4667227859064,0.0,4,3,inf,5.765389504263897,2.8999265845020834,8.7,1.5,1.15,0.85,2.0,1.2,0.05,130363.0,1022.6298704026078,2.196967260144703
unseen,IMC_PID/P_move_interior_Kc,reverse_off_anchor,combined_seed155921,5.0,5.0,164.39585606208766,160.0,ok,156504.65272260623,593583.792956377,5.800123117715744,318.3196375591104,0.0,4,3,inf,5.765381378098741,2.899876882284256,8.7,1.5,1.15,0.85,2.0,1.2,0.05,155921.0,1016.6763307429621,2.1855249743797254
unseen,IMC_PID/P_move_interior_Kc,reverse_off_anchor,combined_seed196613,5.0,5.0,164.39585606208766,160.0,ok,156840.88223209203,594507.6527769205,5.800118758513587,317.0338402278972,0.0,4,3,inf,5.765411736393346,2.899881241486412,8.7,1.5,1.15,0.85,2.0,1.2,0.05,196613.0,1019.0753618797908,2.188726067151493
unseen,IMC_PID/P_move_interior_Kc,reverse_off_anchor,combined_seed262147,5.0,5.0,164.39585606208766,160.0,ok,157394.0060408745,595402.9475672629,5.800431791974328,320.9587290643045,0.0,4,3,inf,5.765738206601432,2.899568208025672,8.7,1.5,1.15,0.85,2.0,1.2,0.05,262147.0,1023.0219555081128,2.1964139073664577
unseen,IMC_PID/P_move_interior_Kc,cross_equivalence,nominal,5.0,5.0,109.59723737472513,105.0,ok,102812.90381153242,303777.855383876,4.3334076188717185,0.8267171211280822,0.0,7,5,inf,3.284062014831446,3.7577978242031422,10.372472430914012,,,,,,,,0.0,1.9746712362993315
unseen,IMC_PID/P_move_interior_Kc,cross_equivalence,delay_minus30,5.0,5.0,76.71806616230758,75.0,ok,102614.6451090356,302664.15950387745,4.32821799762046,0.8205199639998302,0.0,7,5,inf,3.2817939401462093,3.759573656743661,10.371253512274942,0.7,,,,,,,-0.19283445476868666,2.3590078422924536
unseen,IMC_PID/P_move_interior_Kc,cross_equivalence,delay_plus50,5.0,5.0,164.39585606208766,160.0,ok,103417.27249685064,306035.40024042566,4.342832600373191,0.8387587850046279,0.0,7,5,inf,3.288201450823725,3.7545946288285865,10.37468951440916,1.5,,,,,,,0.5878334945446984,1.6443655412152518
unseen,IMC_PID/P_move_interior_Kc,cross_equivalence,acid_plus15,5.0,5.0,109.59723737472513,105.0,ok,163688.9865438539,569373.2481494833,5.172472214754121,1.6705363839569438,0.0,7,7,inf,4.138398094828304,3.1782736986645324,10.414480238821945,,1.15,,,,,,59.21054699895858,2.0781163765112547
unseen,IMC_PID/P_move_interior_Kc,cross_equivalence,acid_minus15,5.0,5.0,109.59723737472513,105.0,ok,156347.528038159,508174.0694822144,5.537837072164811,1.2212613422951293,0.0,7,6,inf,5.443896651761575,3.821093310095381,10.78783707216481,,0.85,,,,,,52.06994671093188,1.9876718976939656
unseen,IMC_PID/P_move_interior_Kc,cross_equivalence,base_minus15,5.0,5.0,109.59723737472513,105.0,ok,172928.96979771467,619526.8741932276,5.1878818643338285,1.802628641959684,0.0,7,6,inf,4.545953706382013,3.1726752505405296,10.351151382820603,,,0.85,,,,,68.19772945496496,2.1827418703789037
unseen,IMC_PID/P_move_interior_Kc,cross_equivalence,base_plus15,5.0,5.0,109.59723737472513,105.0,ok,142560.58892816323,471163.1425442998,5.526890360543868,1.120126710844418,0.0,7,6,inf,5.406669825742913,3.7568257364992057,10.776890360543868,,,1.15,,,,,38.66021057968829,1.8195894003127027
unseen,IMC_PID/P_move_interior_Kc,cross_equivalence,Kw_half,5.0,5.0,109.59723737472513,105.0,ok,105788.7539857674,323094.8427897779,4.337566413339413,0.8478387440599242,0.0,7,5,inf,3.52875469165157,3.759692891175215,10.667272960401252,,,,0.5,,,,2.8944325701470763,1.8150413069807783
unseen,IMC_PID/P_move_interior_Kc,cross_equivalence,Kw_double,5.0,5.0,109.59723737472513,105.0,ok,97581.45379095955,282015.52529728453,4.322434363619312,0.7959906488457209,0.0,7,5,inf,3.0324514131641616,3.746734606022056,10.07758350447594,,,,2.0,,,,-5.088320460399309,2.242550692392487
unseen,IMC_PID/P_move_interior_Kc,cross_equivalence,volume_plus20,5.0,5.0,109.59723737472513,105.0,ok,105895.18400608076,312032.1991129812,4.307237276854307,0.8574054696935871,0.0,7,5,inf,3.301672710875647,3.777019375200404,10.358197881482695,,,,,1.2,,,2.997950724355092,2.090275210626649
unseen,IMC_PID/P_move_interior_Kc,cross_equivalence,volume_minus20,5.0,5.0,109.59723737472513,105.0,ok,97226.93844151094,292729.75172503944,4.363379542961126,0.7912407990901116,0.0,7,4,inf,3.2629801010719897,3.730928271727308,10.386686737955236,,,,,0.8,,,-5.43313646724849,1.8073462912586418
unseen,IMC_PID/P_move_interior_Kc,cross_equivalence,noise_0.01_seed104729,5.0,5.0,109.59723737472513,105.0,ok,102846.23903510152,303800.5711270976,4.3336494965994845,16.778860628427488,0.0,7,5,inf,3.2840809464950516,3.757714512925116,10.37247770426949,,,,,,0.01,104729.0,0.03242319041023567,1.9744133059196354
unseen,IMC_PID/P_move_interior_Kc,cross_equivalence,noise_0.01_seed130363,5.0,5.0,109.59723737472513,105.0,ok,102828.67023489838,303767.6568369779,4.333466521002246,16.2793154344631,0.0,7,5,inf,3.284046446776448,3.757467630161272,10.372485455607944,,,,,,0.01,130363.0,0.015335062799959331,1.974364790118631
unseen,IMC_PID/P_move_interior_Kc,cross_equivalence,noise_0.01_seed155921,5.0,5.0,109.59723737472513,105.0,ok,102813.50720294206,303785.20562515757,4.3337860107733555,16.37975799182478,0.0,7,5,inf,3.284043660556359,3.757739794382733,10.372461056784593,,,,,,0.01,155921.0,0.0005868829565880418,1.9742973413774507
unseen,IMC_PID/P_move_interior_Kc,cross_equivalence,noise_0.01_seed196613,5.0,5.0,109.59723737472513,105.0,ok,102828.88601875628,303763.14864566876,4.3335661982868885,16.03079439271461,0.0,7,5,inf,3.284082833932726,3.7576462343710446,10.372464140048873,,,,,,0.01,196613.0,0.015544942931633443,1.9746009542027878
unseen,IMC_PID/P_move_interior_Kc,cross_equivalence,noise_0.01_seed262147,5.0,5.0,109.59723737472513,105.0,ok,102822.24471915346,303771.9041714681,4.3332795127098915,16.63169440931557,0.0,7,5,inf,3.2840831281874268,3.757777130672264,10.372468546207276,,,,,,0.01,262147.0,0.009085345588677463,1.9742790669465244
unseen,IMC_PID/P_move_interior_Kc,cross_equivalence,noise_0.05_seed104729,5.0,5.0,109.59723737472513,105.0,ok,103415.69450545186,303766.0716677451,4.337231281072672,83.8503013013145,0.0,7,6,inf,3.2842181786852995,3.7565489523296622,10.37253004756798,,,,,,0.05,104729.0,0.586298676112107,1.9815631514816328
unseen,IMC_PID/P_move_interior_Kc,cross_equivalence,noise_0.05_seed130363,5.0,5.0,109.59723737472513,105.0,ok,103166.26512721034,303372.7038601835,4.331076394702984,81.06463828853326,0.0,7,6,inf,3.283875388615141,3.7541480350464704,10.372485442323288,,,,,,0.05,130363.0,0.34369354679999464,1.977763768969547
unseen,IMC_PID/P_move_interior_Kc,cross_equivalence,noise_0.05_seed155921,5.0,5.0,109.59723737472513,105.0,ok,102382.6488359386,302603.417487606,4.333177836040941,80.42114342457731,0.0,7,6,inf,3.283821382800496,3.7591529387400233,10.372340602424936,,,,,,0.05,155921.0,-0.4184834389879044,1.9642250501136065
unseen,IMC_PID/P_move_interior_Kc,cross_equivalence,noise_0.05_seed196613,5.0,5.0,109.59723737472513,105.0,ok,102652.04187785366,303030.89485536027,4.332399968881923,79.61984376111451,0.0,7,5,inf,3.2841841606694127,3.755988456949437,10.37243776256556,,,,,,0.05,196613.0,-0.15646084072641342,1.9693297077680119
unseen,IMC_PID/P_move_interior_Kc,cross_equivalence,noise_0.05_seed262147,5.0,5.0,109.59723737472513,105.0,ok,103029.08102883757,303409.5072920807,4.333482498350651,83.00510183813027,0.0,7,6,inf,3.283890154558022,3.760099653812969,10.37231996396726,,,,,,0.05,262147.0,0.21026272898723164,1.9758875427620655
unseen,IMC_PID/P_move_interior_Kc,cross_equivalence,combined_seed104729,5.0,5.0,164.39585606208766,160.0,ok,203631.15356122877,807367.6956629677,5.525284219594788,318.1173793048076,0.0,7,7,inf,5.295370772040364,2.8616466515894223,9.67714181327647,1.5,1.15,0.85,2.0,1.2,0.05,104729.0,98.05991856285618,1.9507114019582807
unseen,IMC_PID/P_move_interior_Kc,cross_equivalence,combined_seed130363,5.0,5.0,164.39585606208766,160.0,ok,203743.6280174904,807879.8920053459,5.525515407833475,315.77276936475545,0.0,7,7,inf,5.295875718089733,2.861343721999257,9.676498376091624,1.5,1.15,0.85,2.0,1.2,0.05,130363.0,98.16931578060992,1.9517188033040274
unseen,IMC_PID/P_move_interior_Kc,cross_equivalence,combined_seed155921,5.0,5.0,164.39585606208766,160.0,ok,203507.5059859776,807119.1167490815,5.525385931912888,316.07435434856455,0.0,7,7,inf,5.295631035961972,2.8615391456396115,9.674826579692205,1.5,1.15,0.85,2.0,1.2,0.05,155921.0,97.9396539164283,1.9502357625019386
unseen,IMC_PID/P_move_interior_Kc,cross_equivalence,combined_seed196613,5.0,5.0,164.39585606208766,160.0,ok,203845.44323214664,808266.0754024494,5.524756683276614,309.6352440357538,0.0,7,7,inf,5.294472200058015,2.8621269186141323,9.687380079057345,1.5,1.15,0.85,2.0,1.2,0.05,196613.0,98.26834538767449,1.955049745213054
unseen,IMC_PID/P_move_interior_Kc,cross_equivalence,combined_seed262147,5.0,5.0,164.39585606208766,160.0,ok,204067.93935765236,809104.8394086133,5.525414633799367,316.69883441343666,0.0,7,7,inf,5.295706178196468,2.861457303593491,9.68962608154695,1.5,1.15,0.85,2.0,1.2,0.05,262147.0,98.48475414305169,1.956295841957501
unseen,IMC_PID/P_move_interior_Kc,regulatory_off_anchor,nominal,5.0,5.0,109.59723737472513,105.0,ok,121715.34083482952,362698.8044463132,3.7570868188632502,0.982890482450128,0.0,4,1,inf,3.0262743691962015,3.5929131811367494,10.745266307135338,,,,,,,,0.0,1.625211377888255
unseen,IMC_PID/P_move_interior_Kc,regulatory_off_anchor,delay_minus30,5.0,5.0,76.71806616230758,75.0,ok,121049.56800278756,360852.6582630794,3.755045414716096,0.9790550330531184,0.0,4,2,inf,3.0253362265253063,3.5949545852839035,10.744804403689194,0.7,,,,,,,-0.5469917164718119,1.9422353882787815
unseen,IMC_PID/P_move_interior_Kc,regulatory_off_anchor,delay_plus50,5.0,5.0,164.39585606208766,160.0,ok,123360.66393281448,366801.39097096934,3.7607903009505734,0.992462980335147,0.0,4,2,inf,3.0280357733209993,3.589209699049426,10.746129585206589,1.5,,,,,,,1.3517795593389614,1.3901287860905878
unseen,IMC_PID/P_move_interior_Kc,regulatory_off_anchor,acid_plus15,5.0,5.0,109.59723737472513,105.0,ok,180243.0899615143,623401.5648775395,4.210006345809607,2.2425486208375007,0.0,4,3,inf,4.0385985749827,3.1399936541903934,10.610706256317377,,1.15,,,,,,48.08576201261949,1.8333336956841046
unseen,IMC_PID/P_move_interior_Kc,regulatory_off_anchor,acid_minus15,5.0,5.0,109.59723737472513,105.0,ok,150342.67862200382,438449.85631366726,3.475914130200364,1.1152403443536023,0.0,4,3,inf,3.449713701486159,4.04244249599119,10.825914130200363,,0.85,,,,,,23.519909315311583,1.656359836771041
unseen,IMC_PID/P_move_interior_Kc,regulatory_off_anchor,base_minus15,5.0,5.0,109.59723737472513,105.0,ok,182061.33904459368,628715.8197342276,4.21335215841456,2.1523953633367148,0.0,4,4,inf,4.0690388544260045,3.136647841585439,10.464874273812889,,,0.85,,,,,49.57961568020834,1.8786440734961687
unseen,IMC_PID/P_move_interior_Kc,regulatory_off_anchor,base_plus15,5.0,5.0,109.59723737472513,105.0,ok,140427.2690354666,409453.56734818965,3.4701301881627913,1.0196180095043204,0.0,4,3,inf,3.436531771085482,4.000152360590788,10.820130188162793,,,1.15,,,,,15.373516659686803,1.4668410950053652
unseen,IMC_PID/P_move_interior_Kc,regulatory_off_anchor,Kw_half,5.0,5.0,109.59723737472513,105.0,ok,132401.79120239994,413075.5180971598,3.757247206930843,1.0751497578296787,0.0,4,2,inf,3.2567157009322063,3.592752793069156,11.042173572753253,,,,0.5,,,,8.779871373874037,1.4279105381830546
unseen,IMC_PID/P_move_interior_Kc,regulatory_off_anchor,Kw_double,5.0,5.0,109.59723737472513,105.0,ok,112635.66416037358,317853.06249539665,3.7569104269444127,0.8991937684962048,0.0,4,2,inf,2.7853191071947787,3.593089573055587,10.448168706649325,,,,2.0,,,,-7.45976358623296,2.2861565568768114
unseen,IMC_PID/P_move_interior_Kc,regulatory_off_anchor,volume_plus20,5.0,5.0,109.59723737472513,105.0,ok,128858.32996126777,377662.93533800606,3.738812954926399,1.0177026730075491,0.0,4,3,inf,3.036338936465526,3.6111870450736,10.7380529126073,,,,,1.2,,,5.8686021642345265,1.7779019926939075
unseen,IMC_PID/P_move_interior_Kc,regulatory_off_anchor,volume_minus20,5.0,5.0,109.59723737472513,105.0,ok,116306.7421729239,350997.3103012091,3.777234976530985,0.950828208947943,0.0,4,2,inf,3.0179849856789147,3.5727650234690147,10.753779054848769,,,,,0.8,,,-4.443645825422459,1.488016654189333
unseen,IMC_PID/P_move_interior_Kc,regulatory_off_anchor,noise_0.01_seed104729,5.0,5.0,109.59723737472513,105.0,ok,121741.83871406112,362779.23134698055,3.757265924249559,17.02109101449329,0.0,4,1,inf,3.0262374988320353,3.5927340757504407,10.745253444095331,,,,,,0.01,104729.0,0.02177036933048715,1.5490882985802334
unseen,IMC_PID/P_move_interior_Kc,regulatory_off_anchor,noise_0.01_seed130363,5.0,5.0,109.59723737472513,105.0,ok,121733.98689756443,362703.3641504688,3.757120125478408,16.94440065934501,0.0,4,1,inf,3.0263410421317527,3.592879874521592,10.74528970642699,,,,,,0.01,130363.0,0.015319402309543761,1.5512885204331823
unseen,IMC_PID/P_move_interior_Kc,regulatory_off_anchor,noise_0.01_seed155921,5.0,5.0,109.59723737472513,105.0,ok,121732.80046375544,362760.7066285553,3.757356910612561,17.02109367898555,0.0,4,1,inf,3.026251954826769,3.5926430893874386,10.745273220680197,,,,,,0.01,155921.0,0.01434464119820511,1.5501748140285996
unseen,IMC_PID/P_move_interior_Kc,regulatory_off_anchor,noise_0.01_seed196613,5.0,5.0,109.59723737472513,105.0,ok,121730.73486784354,362718.3798461291,3.7572551824679272,16.415701570659436,0.0,4,1,inf,3.026237166872839,3.5927448175320724,10.74526436537852,,,,,,0.01,196613.0,0.01264757006671502,1.546554045958924
unseen,IMC_PID/P_move_interior_Kc,regulatory_off_anchor,noise_0.01_seed262147,5.0,5.0,109.59723737472513,105.0,ok,121723.9275882925,362704.6423187795,3.7571397589904674,17.32727310407846,0.0,4,1,inf,3.0263095918921383,3.5928602410095323,10.745262696711068,,,,,,0.01,262147.0,0.007054783237747664,1.5488803621543938
unseen,IMC_PID/P_move_interior_Kc,regulatory_off_anchor,noise_0.05_seed104729,5.0,5.0,109.59723737472513,105.0,ok,122261.49093894313,364327.01058148185,3.7589644894421976,85.27024348317954,0.0,4,1,inf,3.025998010777748,3.591035510557802,10.74516302299634,,,,,,0.05,104729.0,0.44871098447216706,1.5513407964528276
unseen,IMC_PID/P_move_interior_Kc,regulatory_off_anchor,noise_0.05_seed130363,5.0,5.0,109.59723737472513,105.0,ok,121665.49058592704,362124.4291476442,3.757827265696117,83.62009699579127,0.0,4,2,inf,3.026702510823847,3.5921727343038827,10.745424264153158,,,,,,0.05,130363.0,-0.04095642222300411,1.5455833662864986
unseen,IMC_PID/P_move_interior_Kc,regulatory_off_anchor,noise_0.05_seed155921,5.0,5.0,109.59723737472513,105.0,ok,121782.1292856572,362953.6603854745,3.7578609258704376,84.95418443562781,0.0,4,1,inf,3.026188828610586,3.592139074129562,10.745314985303713,,,,,,0.05,155921.0,0.05487266466952523,1.5467937703514336
unseen,IMC_PID/P_move_interior_Kc,regulatory_off_anchor,noise_0.05_seed196613,5.0,5.0,109.59723737472513,105.0,ok,122050.16434763002,363768.5180045897,3.759054991179266,82.52391910991807,0.0,4,2,inf,3.026194151660208,3.5909450088207335,10.745302066114837,,,,,,0.05,196613.0,0.27508735587806754,1.545023978588009
unseen,IMC_PID/P_move_interior_Kc,regulatory_off_anchor,noise_0.05_seed262147,5.0,5.0,109.59723737472513,105.0,ok,121955.49453643516,363021.0251457468,3.757159470409638,86.09199040427528,0.0,4,1,inf,3.0264343177954807,3.5928405295903616,10.745242195940833,,,,,,0.05,262147.0,0.19730766882666284,1.5469506683546586
unseen,IMC_PID/P_move_interior_Kc,regulatory_off_anchor,combined_seed104729,5.0,5.0,164.39585606208766,160.0,ok,174209.02414159762,655010.4352760254,4.515729755189177,262.79037885055806,0.0,4,4,inf,4.4439604288688175,2.834270244810822,9.068372577887752,1.5,1.15,0.85,2.0,1.2,0.05,104729.0,43.12823917406041,1.4582150888495329
unseen,IMC_PID/P_move_interior_Kc,regulatory_off_anchor,combined_seed130363,5.0,5.0,164.39585606208766,160.0,ok,174527.304069484,655636.9139747228,4.515263481478971,264.65958076820567,0.0,4,4,inf,4.443541115943846,2.834736518521028,9.078016284263876,1.5,1.15,0.85,2.0,1.2,0.05,130363.0,43.38973450053556,1.460871805129052
unseen,IMC_PID/P_move_interior_Kc,regulatory_off_anchor,combined_seed155921,5.0,5.0,164.39585606208766,160.0,ok,174324.31778932209,655032.7353387,4.515463273969843,264.7914459446154,0.0,4,4,inf,4.443674339665858,2.834536726030157,9.088931888033413,1.5,1.15,0.85,2.0,1.2,0.05,155921.0,43.22296318085668,1.4600609313646187
unseen,IMC_PID/P_move_interior_Kc,regulatory_off_anchor,combined_seed196613,5.0,5.0,164.39585606208766,160.0,ok,174552.23386054157,655971.8076379657,4.515507290954636,259.6474493888175,0.0,4,4,inf,4.4438111788461345,2.834492709045364,9.082638635617926,1.5,1.15,0.85,2.0,1.2,0.05,196613.0,43.41021654568007,1.4591115117629387
unseen,IMC_PID/P_move_interior_Kc,regulatory_off_anchor,combined_seed262147,5.0,5.0,164.39585606208766,160.0,ok,174340.6483573399,655278.4935899162,4.515579282629987,270.5683355473002,0.0,4,4,inf,4.443804006715329,2.834420717370013,9.075577492532032,1.5,1.15,0.85,2.0,1.2,0.05,262147.0,43.236380197894796,1.4581179834023086
unseen,fixed/C1,reverse_off_anchor,nominal,5.0,5.0,109.59723737472513,105.0,ok,28981.750751901312,27318.292294825933,2.870960209872486,4.961944347574385,0.0,4,2,inf,0.9124516873089998,5.1520431752154074,8.7,,,,,,,,0.0,1.0
unseen,fixed/C1,reverse_off_anchor,delay_minus30,5.0,5.0,76.71806616230758,75.0,ok,17618.794913358703,10888.17110588128,2.541887962301363,4.472567436582868,0.0,4,2,inf,0.561460039892828,5.258575993020044,8.7,0.7,,,,,,,-39.2072788694353,1.0
unseen,fixed/C1,reverse_off_anchor,delay_plus50,5.0,5.0,164.39585606208766,160.0,ok,40420.879253304745,50510.2672905165,1.995752299561623,4.43089614125535,0.0,4,2,inf,1.1178640452878108,5.1779418913265705,8.7,1.5,,,,,,,39.47010861879343,1.0
unseen,fixed/C1,reverse_off_anchor,acid_plus15,5.0,5.0,109.59723737472513,105.0,ok,54429.60360310645,146158.26561888354,5.297758489368861,5.912448178944952,0.0,4,3,inf,1.0284141665506112,3.4022415106311383,9.73848488145855,,1.15,,,,,,87.80647197283504,1.0
unseen,fixed/C1,reverse_off_anchor,acid_minus15,5.0,5.0,109.59723737472513,105.0,ok,49259.79083015448,80518.70602486782,3.2308835955137365,5.290954190993417,0.0,4,3,inf,1.8812851705766016,4.865373597011855,10.758440311363303,,0.85,,,,,,69.9683060966317,1.0
unseen,fixed/C1,reverse_off_anchor,base_minus15,5.0,5.0,109.59723737472513,105.0,ok,53046.48643996792,156908.4103341251,5.326235564188608,5.306530378926399,0.0,4,3,inf,0.9405555308552138,3.373764435811391,9.65733477674064,,,0.85,,,,,83.03409926499306,1.0
unseen,fixed/C1,reverse_off_anchor,base_plus15,5.0,5.0,109.59723737472513,105.0,ok,50545.83770482452,79151.27374862992,3.163203039576951,5.79510586661064,0.0,4,3,inf,1.813734785745929,4.822640361970275,10.745720049914826,,,1.15,,,,,74.40574290187945,1.0
unseen,fixed/C1,reverse_off_anchor,Kw_half,5.0,5.0,109.59723737472513,105.0,ok,36998.45848019992,43174.94857459716,3.230107038939705,6.129776745114415,0.0,4,2,inf,1.199773878703878,5.124738692295636,8.791197585831053,,,,0.5,,,,27.661226531570684,1.0
unseen,fixed/C1,reverse_off_anchor,Kw_double,5.0,5.0,109.59723737472513,105.0,ok,13644.053829977314,9645.01313294872,1.951975795451684,2.3192479817152947,0.0,4,1,inf,0.0579511871744644,5.224232174407063,8.709412948642498,,,,2.0,,,,-52.92191301078589,1.0
unseen,fixed/C1,reverse_off_anchor,volume_plus20,5.0,5.0,109.59723737472513,105.0,ok,24024.200907131693,18969.03969485153,1.5261835041569958,4.170921917067988,0.0,4,2,inf,1.093823783559185,5.2653552393331635,8.7,,,,,1.2,,,-17.105763855361246,1.0
unseen,fixed/C1,reverse_off_anchor,volume_minus20,5.0,5.0,109.59723737472513,105.0,ok,34001.84965589262,36681.19593765023,2.7501187916235352,5.80126714635135,0.0,4,2,inf,1.3896131248468313,5.156172106427428,8.7,,,,,0.8,,,17.32158608003338,1.0
unseen,fixed/C1,reverse_off_anchor,noise_0.01_seed104729,5.0,5.0,109.59723737472513,105.0,ok,28997.375698388976,27318.380811388277,2.870894872017354,5.9148850093623055,0.0,4,2,inf,0.9106162436797608,5.151762085613274,8.700510435750294,,,,,,0.01,104729.0,0.053913052463339106,1.0
unseen,fixed/C1,reverse_off_anchor,noise_0.01_seed130363,5.0,5.0,109.59723737472513,105.0,ok,28995.591175970774,27313.23614689096,2.872833026064706,5.9245057044436695,0.0,4,2,inf,0.9098583721164736,5.151296885828766,8.701025790077408,,,,,,0.01,130363.0,0.04775565212724597,1.0
unseen,fixed/C1,reverse_off_anchor,noise_0.01_seed155921,5.0,5.0,109.59723737472513,105.0,ok,28990.240119189883,27318.686639850668,2.871424246866539,5.901667764017628,0.0,4,2,inf,0.9114853490973864,5.152442700663864,8.701565482290103,,,,,,0.01,155921.0,0.02929211337590054,1.0
unseen,fixed/C1,reverse_off_anchor,noise_0.01_seed196613,5.0,5.0,109.59723737472513,105.0,ok,29002.052312270243,27308.2571053992,2.869551982036178,5.901446289385771,0.0,4,2,inf,0.9144595294364928,5.152013438424922,8.70265057624002,,,,,,0.01,196613.0,0.07004946161714987,1.0
unseen,fixed/C1,reverse_off_anchor,noise_0.01_seed262147,5.0,5.0,109.59723737472513,105.0,ok,28990.74606537521,27299.636507760315,2.873555230411984,5.901092225183345,0.0,4,2,inf,0.9097079197930203,5.151915502178598,8.701325019973702,,,,,,0.01,262147.0,0.031037853961635165,1.0
unseen,fixed/C1,reverse_off_anchor,noise_0.05_seed104729,5.0,5.0,109.59723737472513,105.0,ok,29065.387449186448,27326.18213230404,2.8691972157713135,11.79508147933148,0.0,4,2,inf,0.9029995789350976,5.150171225753007,8.702541536069802,,,,,,0.05,104729.0,0.2885840058494349,1.0
unseen,fixed/C1,reverse_off_anchor,noise_0.05_seed130363,5.0,5.0,109.59723737472513,105.0,ok,29048.231240519748,27292.70629982588,2.8802766052152773,11.746592105985322,0.0,4,2,inf,0.9024939855532086,5.1480634347681065,8.705136564043489,,,,,,0.05,130363.0,0.22938741412670272,1.0
unseen,fixed/C1,reverse_off_anchor,noise_0.05_seed155921,5.0,5.0,109.59723737472513,105.0,ok,29040.89133174211,27338.445509393732,2.872304150565199,11.733743626652153,0.0,4,2,inf,0.908288582537871,5.154281825840789,8.707776399006272,,,,,,0.05,155921.0,0.20406144662230563,1.0
unseen,fixed/C1,reverse_off_anchor,noise_0.05_seed196613,5.0,5.0,109.59723737472513,105.0,ok,29082.532178016212,27267.729459945174,2.8636857883795503,11.684371312646878,0.0,4,2,inf,0.9222438862689124,5.151891782702919,8.712868921609715,,,,,,0.05,196613.0,0.3477409870012327,1.0
unseen,fixed/C1,reverse_off_anchor,noise_0.05_seed262147,5.0,5.0,109.59723737472513,105.0,ok,29026.05835817995,27220.804151692348,2.8843495194503035,11.790785846017762,0.0,4,2,inf,0.9335290773664582,5.151220940685254,8.706592305275144,,,,,,0.05,262147.0,0.1528810549022097,1.0
unseen,fixed/C1,reverse_off_anchor,combined_seed104729,5.0,5.0,164.39585606208766,160.0,ok,71587.91907118562,262237.2169245299,5.697257751096053,11.017109256648723,0.0,4,3,inf,5.413637333059903,3.0027422489039464,9.097110644362155,1.5,1.15,0.85,2.0,1.2,0.05,104729.0,147.01033310242371,1.0
unseen,fixed/C1,reverse_off_anchor,combined_seed130363,5.0,5.0,164.39585606208766,160.0,ok,71616.4766321916,262458.8360066166,5.69716703151162,10.9703711421583,0.0,4,3,inf,5.413285313490177,3.002832968488379,9.097415283231737,1.5,1.15,0.85,2.0,1.2,0.05,130363.0,147.10886945811333,1.0
unseen,fixed/C1,reverse_off_anchor,combined_seed155921,5.0,5.0,164.39585606208766,160.0,ok,71609.63821382269,262389.83206763485,5.697169132322177,10.997147155327742,0.0,4,3,inf,5.413069797054162,3.002830867677823,9.097536337052304,1.5,1.15,0.85,2.0,1.2,0.05,155921.0,147.08527385677286,1.0
unseen,fixed/C1,reverse_off_anchor,combined_seed196613,5.0,5.0,164.39585606208766,160.0,ok,71658.5252882796,262443.7348014399,5.697753387610575,10.91358995101036,0.0,4,3,inf,5.414358312998047,3.0022466123894245,9.097052618015038,1.5,1.15,0.85,2.0,1.2,0.05,196613.0,147.25395612471252,1.0
unseen,fixed/C1,reverse_off_anchor,combined_seed262147,5.0,5.0,164.39585606208766,160.0,ok,71659.5380829622,262217.3546645406,5.697100183508216,11.070785936769044,0.0,4,3,inf,5.412944541307097,3.0028998164917837,9.095967727550423,1.5,1.15,0.85,2.0,1.2,0.05,262147.0,147.2574507192636,1.0
unseen,fixed/C1,cross_equivalence,nominal,5.0,5.0,109.59723737472513,105.0,ok,52065.83350259905,102645.38243784584,3.906264489068639,5.37089652935824,0.0,7,4,inf,1.238198033970888,3.989713751174325,10.11835542507371,,,,,,,,0.0,1.0
unseen,fixed/C1,cross_equivalence,delay_minus30,5.0,5.0,76.71806616230758,75.0,ok,43499.06908716166,87969.73577200864,3.872879631305022,5.427547904350801,0.0,7,4,inf,0.8975905047619124,4.003455639082885,10.113049257615714,0.7,,,,,,,-16.45371607276728,1.0
unseen,fixed/C1,cross_equivalence,delay_plus50,5.0,5.0,164.39585606208766,160.0,ok,62891.899583605446,126670.78603247536,3.962556536725142,5.0371983094810435,0.0,7,4,inf,1.3490005145907409,3.9825685045397656,10.136245186784183,1.5,,,,,,,20.79303326713471,1.0
unseen,fixed/C1,cross_equivalence,acid_plus15,5.0,5.0,109.59723737472513,105.0,ok,78767.9594819686,180639.21072684735,4.867358684908057,6.4155216096627345,0.0,7,4,inf,1.7178491269579976,3.2477848491168273,10.183962767732936,,1.15,,,,,,51.28531357907988,1.0
unseen,fixed/C1,cross_equivalence,acid_minus15,5.0,5.0,109.59723737472513,105.0,ok,78658.61977499833,221685.84589830015,5.3593218406553405,6.617856881881837,0.0,7,5,inf,1.1454462624132755,4.087803221388092,10.60932184065534,,0.85,,,,,,51.075310781439434,1.0
unseen,fixed/C1,cross_equivalence,base_minus15,5.0,5.0,109.59723737472513,105.0,ok,79225.57043710157,190679.27172909136,4.946651195766865,5.996731435772233,0.0,7,5,inf,1.7970149862685436,3.235473784344276,10.131298906406297,,,0.85,,,,,52.16422192328247,1.0
unseen,fixed/C1,cross_equivalence,base_plus15,5.0,5.0,109.59723737472513,105.0,ok,78347.66948173236,211618.76047483747,5.33032240590992,6.889873848436703,0.0,7,5,inf,1.2808062596470604,4.015079165665736,10.58032240590992,,,1.15,,,,,50.4780855526328,1.0
unseen,fixed/C1,cross_equivalence,Kw_half,5.0,5.0,109.59723737472513,105.0,ok,58284.48839092329,118543.1980359675,3.913715233247173,6.378248531367325,0.0,7,4,inf,0.7938971646977002,4.010321205036016,10.404130658582362,,,,0.5,,,,11.94383047380545,1.0
unseen,fixed/C1,cross_equivalence,Kw_double,5.0,5.0,109.59723737472513,105.0,ok,43513.599992182935,85715.59218808141,3.8907178538364366,4.137902494334145,0.0,7,4,inf,0.8897745807647688,4.004384727489903,9.841448590284552,,,,2.0,,,,-16.42580735788893,1.0
unseen,fixed/C1,cross_equivalence,volume_plus20,5.0,5.0,109.59723737472513,105.0,ok,50660.88114508815,101024.45310974648,3.8580481300671527,4.870390048704778,0.0,7,4,inf,0.8452209165663636,4.027550994417469,10.091025769318549,,,,,1.2,,,-2.6984151851535687,1.0
unseen,fixed/C1,cross_equivalence,volume_minus20,5.0,5.0,109.59723737472513,105.0,ok,53795.41204237168,105054.1417800888,3.9623752576316065,6.104335589941346,0.0,7,4,inf,1.2312760702588994,3.9692817704443697,10.15185057516906,,,,,0.8,,,3.3219069463015227,1.0
unseen,fixed/C1,cross_equivalence,noise_0.01_seed104729,5.0,5.0,109.59723737472513,105.0,ok,52089.5188088282,102688.9183143071,3.906295844401768,6.196704610897348,0.0,7,4,inf,1.2299512151308791,3.9893318178549064,10.118738739351825,,,,,,0.01,104729.0,0.0454910728125979,1.0
unseen,fixed/C1,cross_equivalence,noise_0.01_seed130363,5.0,5.0,109.59723737472513,105.0,ok,52081.90034057478,102658.9124516274,3.9062602837751457,6.184364829701943,0.0,7,4,inf,1.2495401111778337,3.989434488832189,10.118026365921484,,,,,,0.01,130363.0,0.03085869733541191,1.0
unseen,fixed/C1,cross_equivalence,noise_0.01_seed155921,5.0,5.0,109.59723737472513,105.0,ok,52075.99941922119,102648.6170122614,3.906192642656362,6.190237272590711,0.0,7,4,inf,1.2404653141069444,3.9897773851064287,10.118235993970062,,,,,,0.01,155921.0,0.019525120291463693,1.0
unseen,fixed/C1,cross_equivalence,noise_0.01_seed196613,5.0,5.0,109.59723737472513,105.0,ok,52075.78057728212,102620.2442858398,3.90617331497588,6.170034489005027,0.0,7,4,inf,1.2405143803556458,3.9897161618742474,10.11815048065722,,,,,,0.01,196613.0,0.019104802543057353,1.0
unseen,fixed/C1,cross_equivalence,noise_0.01_seed262147,5.0,5.0,109.59723737472513,105.0,ok,52080.907122305274,102657.55199721643,3.9064712293481367,6.208870270065307,0.0,7,4,inf,1.2377372620938545,3.989704171374619,10.118277037446044,,,,,,0.01,262147.0,0.028951077303829287,1.0
unseen,fixed/C1,cross_equivalence,noise_0.05_seed104729,5.0,5.0,109.59723737472513,105.0,ok,52188.94710881508,102855.78931253302,3.9064209269565646,11.93681470003084,0.0,7,4,inf,1.1899307742060268,3.988020373181695,10.12022772233012,,,,,,0.05,104729.0,0.2364575729108198,1.0
unseen,fixed/C1,cross_equivalence,noise_0.05_seed130363,5.0,5.0,109.59723737472513,105.0,ok,52163.08779938969,102733.63273577786,3.9062431118617296,11.870804949379782,0.0,7,4,inf,1.276451836248662,3.9883665741471113,10.117018060122222,,,,,,0.05,130363.0,0.18679101101066742,1.0
unseen,fixed/C1,cross_equivalence,noise_0.05_seed155921,5.0,5.0,109.59723737472513,105.0,ok,52123.685536958714,102654.92019132304,3.9059044642033216,11.812033619405128,0.0,7,4,inf,1.2500368144237417,3.9900922483907673,10.117731704766314,,,,,,0.05,155921.0,0.11111323965795616,1.0
unseen,fixed/C1,cross_equivalence,noise_0.05_seed196613,5.0,5.0,109.59723737472513,105.0,ok,52125.37112142429,102524.5864092425,3.9058424915841385,11.788326162360118,0.0,7,4,inf,1.2481229420369298,3.98968678616272,10.117355914958978,,,,,,0.05,196613.0,0.11435064959108843,1.0
unseen,fixed/C1,cross_equivalence,noise_0.05_seed262147,5.0,5.0,109.59723737472513,105.0,ok,52143.19074293806,102699.24074859614,3.907313890260326,11.971692250630388,0.0,7,4,inf,1.2373818703916717,3.9897159957476966,10.11789871459,,,,,,0.05,262147.0,0.1485758224443856,1.0
unseen,fixed/C1,cross_equivalence,combined_seed104729,5.0,5.0,164.39585606208766,160.0,ok,104388.1495524184,318603.759728857,5.406144899947107,11.295606007140451,0.0,7,6,inf,2.256305934614734,2.911465078317458,9.89116487111244,1.5,1.15,0.85,2.0,1.2,0.05,104729.0,100.49261200669628,1.0
unseen,fixed/C1,cross_equivalence,combined_seed130363,5.0,5.0,164.39585606208766,160.0,ok,104391.89686166712,318518.72398246755,5.405929553496071,11.247514327723508,0.0,7,6,inf,2.256093400336182,2.91156298056999,9.89186073426566,1.5,1.15,0.85,2.0,1.2,0.05,130363.0,100.4998092587071,1.0
unseen,fixed/C1,cross_equivalence,combined_seed155921,5.0,5.0,164.39585606208766,160.0,ok,104350.20724104648,318396.9049010762,5.405820108584521,11.246092200596769,0.0,7,6,inf,2.255981023059194,2.911539304241802,9.890949827117671,1.5,1.15,0.85,2.0,1.2,0.05,155921.0,100.41973828352803,1.0
unseen,fixed/C1,cross_equivalence,combined_seed196613,5.0,5.0,164.39585606208766,160.0,ok,104266.11585268503,318422.79589099076,5.406507928980112,11.176049246990432,0.0,7,6,inf,2.2566687556027034,2.9110238751517405,9.89112125037866,1.5,1.15,0.85,2.0,1.2,0.05,196613.0,100.25822855112887,1.0
unseen,fixed/C1,cross_equivalence,combined_seed262147,5.0,5.0,164.39585606208766,160.0,ok,104313.43510573468,318398.46233972185,5.405737905276,11.322703635305915,0.0,7,5,inf,2.2559010711325627,2.911603369224537,9.890884344527112,1.5,1.15,0.85,2.0,1.2,0.05,262147.0,100.34911205354562,1.0
unseen,fixed/C1,regulatory_off_anchor,nominal,5.0,5.0,109.59723737472513,105.0,ok,74892.00635118758,161591.67840508194,3.5521415900834237,7.021474698398492,0.0,4,3,inf,1.2128065611805443,3.797858409916576,10.606877496469547,,,,,,,,0.0,1.0
unseen,fixed/C1,regulatory_off_anchor,delay_minus30,5.0,5.0,76.71806616230758,75.0,ok,62324.869958250674,141865.53766466858,3.544054422215354,6.518272816375013,0.0,4,3,inf,0.4638539866136222,3.805945577784646,10.601905286900704,0.7,,,,,,,-16.780344131797488,1.0
unseen,fixed/C1,regulatory_off_anchor,delay_plus50,5.0,5.0,164.39585606208766,160.0,ok,88740.45711961517,192421.3356224525,3.566654837816792,6.588727004358952,0.0,4,3,inf,1.595648533059526,3.783345162183207,10.609978600580954,1.5,,,,,,,18.49122682531523,1.0
unseen,fixed/C1,regulatory_off_anchor,acid_plus15,5.0,5.0,109.59723737472513,105.0,ok,98314.39327484622,250037.5898175438,4.0043227692037275,7.961763558608159,0.0,4,4,inf,1.435208145833892,3.345677230796272,10.661747768845764,,1.15,,,,,,31.27488241378544,1.0
unseen,fixed/C1,regulatory_off_anchor,acid_minus15,5.0,5.0,109.59723737472513,105.0,ok,90766.9186878417,207050.50500850604,3.4625873319198326,7.762684006125802,0.0,4,4,inf,2.7550625055135267,3.887412668080167,10.695704792169666,,0.85,,,,,,21.197071770534002,1.0
unseen,fixed/C1,regulatory_off_anchor,base_minus15,5.0,5.0,109.59723737472513,105.0,ok,96911.03366151544,257128.55541240828,4.026797942154605,7.18983925757483,0.0,4,4,inf,3.2711755691447246,3.323202057845395,10.59931360658559,,,0.85,,,,,29.401038085526878,1.0
unseen,fixed/C1,regulatory_off_anchor,base_plus15,5.0,5.0,109.59723737472513,105.0,ok,95734.47970173822,220552.8245121771,3.6392696255912473,8.413329998505612,0.0,4,4,inf,2.2662581848562375,3.710730374408752,10.67606294299699,,,1.15,,,,,27.830037364488547,1.0
unseen,fixed/C1,regulatory_off_anchor,Kw_half,5.0,5.0,109.59723737472513,105.0,ok,92724.15019142212,197478.41638683112,3.550403760280059,9.72927499462024,0.0,4,4,inf,1.2650891792116905,3.799596239719941,10.894972283967109,,,,0.5,,,,23.810476857323202,1.0
unseen,fixed/C1,regulatory_off_anchor,Kw_double,5.0,5.0,109.59723737472513,105.0,ok,49268.56991554796,128066.41925133354,3.5516589079814938,2.7172599074409263,0.0,4,0,15205.0,0.021920694514204,3.798341092018506,10.318812361181635,,,,2.0,,,,-34.21384695648937,1.0
unseen,fixed/C1,regulatory_off_anchor,volume_plus20,5.0,5.0,109.59723737472513,105.0,ok,72477.74651853526,160580.36691290082,3.520218490674905,6.240179389896884,0.0,4,3,inf,1.085338346042194,3.829781509325095,10.58658305526705,,,,,1.2,,,-3.2236549002723214,1.0
unseen,fixed/C1,regulatory_off_anchor,volume_minus20,5.0,5.0,109.59723737472513,105.0,ok,78162.25836281884,165155.89767587208,3.5880207462979437,8.056861821520167,0.0,4,3,inf,1.4054818432369798,3.761979253702056,10.62897206231201,,,,,0.8,,,4.366623583692264,1.0
unseen,fixed/C1,regulatory_off_anchor,noise_0.01_seed104729,5.0,5.0,109.59723737472513,105.0,ok,78589.34757020607,164902.33903341624,3.5535678054993873,7.954980862888383,0.0,4,4,inf,1.217143376025387,3.796432194500612,10.60713654817205,,,,,,0.01,104729.0,4.936897005643992,1.0
unseen,fixed/C1,regulatory_off_anchor,noise_0.01_seed130363,5.0,5.0,109.59723737472513,105.0,ok,78472.8213315028,164792.27717741195,3.553425663569896,7.934504871156749,0.0,4,4,inf,1.2164113747605114,3.796574336430103,10.60705446949486,,,,,,0.01,130363.0,4.781304647553264,1.0
unseen,fixed/C1,regulatory_off_anchor,noise_0.01_seed155921,5.0,5.0,109.59723737472513,105.0,ok,78528.43393023257,164977.15631365223,3.55544096181071,7.932271579927104,0.0,4,4,inf,1.1882925783252567,3.7945590381892895,10.6073483669606,,,,,,0.01,155921.0,4.855561703064626,1.0
unseen,fixed/C1,regulatory_off_anchor,noise_0.01_seed196613,5.0,5.0,109.59723737472513,105.0,ok,78710.94785592554,164607.3765061542,3.547683409386948,7.986202345058736,0.0,4,4,inf,1.2484299720948444,3.802316590613051,10.606308583176409,,,,,,0.01,196613.0,5.099264515400992,1.0
unseen,fixed/C1,regulatory_off_anchor,noise_0.01_seed262147,5.0,5.0,109.59723737472513,105.0,ok,78588.33423324076,165169.23078387,3.5580269443804142,7.944203931928041,0.0,4,4,inf,1.1909387741957778,3.7919730556195854,10.607474030589488,,,,,,0.01,262147.0,4.935543941392306,1.0
unseen,fixed/C1,regulatory_off_anchor,noise_0.05_seed104729,5.0,5.0,109.59723737472513,105.0,ok,78810.20805905222,164643.66078182467,3.546891661614999,12.618804378304665,0.0,4,4,inf,1.2749715682550855,3.803108338385001,10.606271584092132,,,,,,0.05,104729.0,5.231802296083776,1.0
unseen,fixed/C1,regulatory_off_anchor,noise_0.05_seed130363,5.0,5.0,109.59723737472513,105.0,ok,78718.1676768734,164654.6223189467,3.5475828624089347,12.497877626491505,0.0,4,4,inf,1.2695535876679198,3.802417137591065,10.606272609938465,,,,,,0.05,130363.0,5.108904824560301,1.0
unseen,fixed/C1,regulatory_off_anchor,noise_0.05_seed155921,5.0,5.0,109.59723737472513,105.0,ok,78731.97553542521,164783.76410588162,3.54934804680095,12.553756969018236,0.0,4,4,inf,1.1967172067702627,3.8006519531990497,10.606605258038714,,,,,,0.05,155921.0,5.127341850385259,1.0
unseen,fixed/C1,regulatory_off_anchor,noise_0.05_seed196613,5.0,5.0,109.59723737472513,105.0,ok,78995.64410590647,164593.50149276428,3.5443699100469495,12.518000441037266,0.0,4,4,inf,1.2877483205997995,3.80563008995305,10.605783470386564,,,,,,0.05,196613.0,5.479406888200988,1.0
unseen,fixed/C1,regulatory_off_anchor,noise_0.05_seed262147,5.0,5.0,109.59723737472513,105.0,ok,78836.05924301865,165076.08679462338,3.5546178178389547,12.662781410596144,0.0,4,4,inf,1.2400809603198972,3.795382182161045,10.60629008304288,,,,,,0.05,262147.0,5.26632024429472,1.0
unseen,fixed/C1,regulatory_off_anchor,combined_seed104729,5.0,5.0,164.39585606208766,160.0,ok,119467.30319396216,379509.33711702307,4.380352392617768,11.209261012648456,0.0,4,4,inf,4.2154079691251045,2.969647607382232,10.346403824868744,1.5,1.15,0.85,2.0,1.2,0.05,104729.0,59.51943206561956,1.0
unseen,fixed/C1,regulatory_off_anchor,combined_seed130363,5.0,5.0,164.39585606208766,160.0,ok,119467.9118706562,379517.4173601912,4.380267380320357,11.190920223270709,0.0,4,4,inf,4.215147667047278,2.9697326196796423,10.34712120856797,1.5,1.15,0.85,2.0,1.2,0.05,130363.0,59.520244804820585,1.0
unseen,fixed/C1,regulatory_off_anchor,combined_seed155921,5.0,5.0,164.39585606208766,160.0,ok,119395.2348457082,379202.11816589464,4.380270787415661,11.171689871772193,0.0,4,4,inf,4.214989877420466,2.969729212584339,10.346925665008635,1.5,1.15,0.85,2.0,1.2,0.05,155921.0,59.42320237200445,1.0
unseen,fixed/C1,regulatory_off_anchor,combined_seed196613,5.0,5.0,164.39585606208766,160.0,ok,119629.1252953263,379688.7808685343,4.380827535727809,11.118773907650246,0.0,4,4,inf,4.215943728678859,2.9691724642721913,10.346711293783867,1.5,1.15,0.85,2.0,1.2,0.05,196613.0,59.735505995599915,1.0
unseen,fixed/C1,regulatory_off_anchor,combined_seed262147,5.0,5.0,164.39585606208766,160.0,ok,119565.52922455636,379482.8108695876,4.380211424167118,11.285506163651831,0.0,4,4,inf,4.21489638449186,2.9697885758328812,10.346542922074002,1.5,1.15,0.85,2.0,1.2,0.05,262147.0,59.65058896123483,1.0
