family,before,after,scenario,condition,IAE_change_percent,unsettled_before,unsettled_after
reference_PI,A_original3,B_analytic3,reverse_off_anchor,nominal,-92.42592354545765,2,0
reference_PI,A_original3,B_analytic3,reverse_off_anchor,delay_minus30,-95.31422074532007,3,0
reference_PI,A_original3,B_analytic3,reverse_off_anchor,delay_plus50,-82.66185087891333,2,1
reference_PI,A_original3,B_analytic3,reverse_off_anchor,acid_plus15,-63.6334347120618,3,1
reference_PI,A_original3,B_analytic3,reverse_off_anchor,acid_minus15,-54.31836404552175,2,1
reference_PI,A_original3,B_analytic3,reverse_off_anchor,base_minus15,-58.86912016343513,3,1
reference_PI,A_original3,B_analytic3,reverse_off_anchor,base_plus15,-61.12432718663664,2,1
reference_PI,A_original3,B_analytic3,reverse_off_anchor,Kw_half,-89.70891734644981,2,1
reference_PI,A_original3,B_analytic3,reverse_off_anchor,Kw_double,-89.03489001736605,2,0
reference_PI,A_original3,B_analytic3,reverse_off_anchor,volume_plus20,-90.55002171795482,2,0
reference_PI,A_original3,B_analytic3,reverse_off_anchor,volume_minus20,-95.52573195622081,3,0
reference_PI,A_original3,B_analytic3,reverse_off_anchor,noise_0.01_seed104729,-92.34308568349708,2,0
reference_PI,A_original3,B_analytic3,reverse_off_anchor,noise_0.01_seed130363,-92.3325105217702,2,0
reference_PI,A_original3,B_analytic3,reverse_off_anchor,noise_0.01_seed155921,-92.33327482251393,2,0
reference_PI,A_original3,B_analytic3,reverse_off_anchor,noise_0.01_seed196613,-92.33101081502096,2,0
reference_PI,A_original3,B_analytic3,reverse_off_anchor,noise_0.01_seed262147,-92.33815731509881,2,0
reference_PI,A_original3,B_analytic3,reverse_off_anchor,noise_0.05_seed104729,-91.97236150692073,2,0
reference_PI,A_original3,B_analytic3,reverse_off_anchor,noise_0.05_seed130363,-91.93682117270595,2,0
reference_PI,A_original3,B_analytic3,reverse_off_anchor,noise_0.05_seed155921,-91.96041721872888,2,0
reference_PI,A_original3,B_analytic3,reverse_off_anchor,noise_0.05_seed196613,-91.9633421160469,2,0
reference_PI,A_original3,B_analytic3,reverse_off_anchor,noise_0.05_seed262147,-91.96030446184832,2,0
reference_PI,A_original3,B_analytic3,reverse_off_anchor,combined_seed104729,-39.60624957741995,3,1
reference_PI,A_original3,B_analytic3,reverse_off_anchor,combined_seed130363,-39.710613260243875,3,1
reference_PI,A_original3,B_analytic3,reverse_off_anchor,combined_seed155921,-39.74737480633935,3,1
reference_PI,A_original3,B_analytic3,reverse_off_anchor,combined_seed196613,-39.073762391700704,3,1
reference_PI,A_original3,B_analytic3,reverse_off_anchor,combined_seed262147,-39.77000431806369,3,1
reference_PI,A_original3,B_analytic3,cross_equivalence,nominal,-38.861808556565705,4,0
reference_PI,A_original3,B_analytic3,cross_equivalence,delay_minus30,-38.976381038290995,4,0
reference_PI,A_original3,B_analytic3,cross_equivalence,delay_plus50,-42.48827599553155,6,3
reference_PI,A_original3,B_analytic3,cross_equivalence,acid_plus15,-42.043207037365924,7,2
reference_PI,A_original3,B_analytic3,cross_equivalence,acid_minus15,-33.87168674623457,7,1
reference_PI,A_original3,B_analytic3,cross_equivalence,base_minus15,-32.93290538001359,5,1
reference_PI,A_original3,B_analytic3,cross_equivalence,base_plus15,-37.94384523653308,7,1
reference_PI,A_original3,B_analytic3,cross_equivalence,Kw_half,-54.34959865925746,6,1
reference_PI,A_original3,B_analytic3,cross_equivalence,Kw_double,-33.097181245143716,4,1
reference_PI,A_original3,B_analytic3,cross_equivalence,volume_plus20,-27.810939389679888,4,1
reference_PI,A_original3,B_analytic3,cross_equivalence,volume_minus20,-59.56045124186817,6,0
reference_PI,A_original3,B_analytic3,cross_equivalence,noise_0.01_seed104729,-38.77492042357925,4,0
reference_PI,A_original3,B_analytic3,cross_equivalence,noise_0.01_seed130363,-38.724035708398766,4,0
reference_PI,A_original3,B_analytic3,cross_equivalence,noise_0.01_seed155921,-38.841042906339005,4,0
reference_PI,A_original3,B_analytic3,cross_equivalence,noise_0.01_seed196613,-38.96592061255056,4,0
reference_PI,A_original3,B_analytic3,cross_equivalence,noise_0.01_seed262147,-38.66023376158252,4,0
reference_PI,A_original3,B_analytic3,cross_equivalence,noise_0.05_seed104729,-38.20294328397412,4,0
reference_PI,A_original3,B_analytic3,cross_equivalence,noise_0.05_seed130363,-38.24438723543264,4,0
reference_PI,A_original3,B_analytic3,cross_equivalence,noise_0.05_seed155921,-38.608349334957104,4,0
reference_PI,A_original3,B_analytic3,cross_equivalence,noise_0.05_seed196613,-38.93691192850268,4,0
reference_PI,A_original3,B_analytic3,cross_equivalence,noise_0.05_seed262147,-37.8908750257849,6,0
reference_PI,A_original3,B_analytic3,cross_equivalence,combined_seed104729,-26.72918212982165,6,3
reference_PI,A_original3,B_analytic3,cross_equivalence,combined_seed130363,-26.743943586989626,6,3
reference_PI,A_original3,B_analytic3,cross_equivalence,combined_seed155921,-26.77639019081107,6,3
reference_PI,A_original3,B_analytic3,cross_equivalence,combined_seed196613,-26.61289049823261,6,4
reference_PI,A_original3,B_analytic3,cross_equivalence,combined_seed262147,-26.55846972701289,6,4
reference_PI,A_original3,B_analytic3,regulatory_off_anchor,nominal,-47.95095015159333,3,0
reference_PI,A_original3,B_analytic3,regulatory_off_anchor,delay_minus30,-48.959630605087334,3,0
reference_PI,A_original3,B_analytic3,regulatory_off_anchor,delay_plus50,-38.329101954584075,3,3
reference_PI,A_original3,B_analytic3,regulatory_off_anchor,acid_plus15,-41.04072279110199,4,1
reference_PI,A_original3,B_analytic3,regulatory_off_anchor,acid_minus15,-38.22303769884753,4,1
reference_PI,A_original3,B_analytic3,regulatory_off_anchor,base_minus15,-39.33122767662424,3,1
reference_PI,A_original3,B_analytic3,regulatory_off_anchor,base_plus15,-38.68686665487668,4,1
reference_PI,A_original3,B_analytic3,regulatory_off_anchor,Kw_half,-51.77484315516081,4,2
reference_PI,A_original3,B_analytic3,regulatory_off_anchor,Kw_double,-43.63530874159724,4,0
reference_PI,A_original3,B_analytic3,regulatory_off_anchor,volume_plus20,-39.58694327103147,3,0
reference_PI,A_original3,B_analytic3,regulatory_off_anchor,volume_minus20,-54.77656861917958,3,0
reference_PI,A_original3,B_analytic3,regulatory_off_anchor,noise_0.01_seed104729,-51.218875151924934,4,0
reference_PI,A_original3,B_analytic3,regulatory_off_anchor,noise_0.01_seed130363,-49.42163571544307,4,0
reference_PI,A_original3,B_analytic3,regulatory_off_anchor,noise_0.01_seed155921,-51.77012204901451,4,0
reference_PI,A_original3,B_analytic3,regulatory_off_anchor,noise_0.01_seed196613,-50.9406034079992,4,0
reference_PI,A_original3,B_analytic3,regulatory_off_anchor,noise_0.01_seed262147,-50.45486032186369,4,0
reference_PI,A_original3,B_analytic3,regulatory_off_anchor,noise_0.05_seed104729,-50.91032861546554,4,0
reference_PI,A_original3,B_analytic3,regulatory_off_anchor,noise_0.05_seed130363,-50.565945523715136,4,0
reference_PI,A_original3,B_analytic3,regulatory_off_anchor,noise_0.05_seed155921,-50.7053871181975,4,0
reference_PI,A_original3,B_analytic3,regulatory_off_anchor,noise_0.05_seed196613,-51.332410084631896,4,0
reference_PI,A_original3,B_analytic3,regulatory_off_anchor,noise_0.05_seed262147,-50.75881759732497,4,0
reference_PI,A_original3,B_analytic3,regulatory_off_anchor,combined_seed104729,-25.563995060341504,4,1
reference_PI,A_original3,B_analytic3,regulatory_off_anchor,combined_seed130363,-24.82122635344076,4,1
reference_PI,A_original3,B_analytic3,regulatory_off_anchor,combined_seed155921,-25.29867067825907,4,1
reference_PI,A_original3,B_analytic3,regulatory_off_anchor,combined_seed196613,-25.6581036408678,4,1
reference_PI,A_original3,B_analytic3,regulatory_off_anchor,combined_seed262147,-25.027798932110922,4,1
reference_PI,B_analytic3,C_add7,reverse_off_anchor,nominal,121.90716531115298,0,0
reference_PI,B_analytic3,C_add7,reverse_off_anchor,delay_minus30,103.87495704233541,0,0
reference_PI,B_analytic3,C_add7,reverse_off_anchor,delay_plus50,92.22998849201713,1,0
reference_PI,B_analytic3,C_add7,reverse_off_anchor,acid_plus15,19.468225161418907,1,1
reference_PI,B_analytic3,C_add7,reverse_off_anchor,acid_minus15,21.72490931281348,1,1
reference_PI,B_analytic3,C_add7,reverse_off_anchor,base_minus15,18.63120598393988,1,1
reference_PI,B_analytic3,C_add7,reverse_off_anchor,base_plus15,22.71183193910067,1,1
reference_PI,B_analytic3,C_add7,reverse_off_anchor,Kw_half,22.660243717055838,1,0
reference_PI,B_analytic3,C_add7,reverse_off_anchor,Kw_double,104.51798897714104,0,0
reference_PI,B_analytic3,C_add7,reverse_off_anchor,volume_plus20,132.6198724807979,0,0
reference_PI,B_analytic3,C_add7,reverse_off_anchor,volume_minus20,107.16637841351928,0,0
reference_PI,B_analytic3,C_add7,reverse_off_anchor,noise_0.01_seed104729,119.89198960059949,0,0
reference_PI,B_analytic3,C_add7,reverse_off_anchor,noise_0.01_seed130363,119.57710437317246,0,0
reference_PI,B_analytic3,C_add7,reverse_off_anchor,noise_0.01_seed155921,119.1980428679706,0,0
reference_PI,B_analytic3,C_add7,reverse_off_anchor,noise_0.01_seed196613,119.18305568160865,0,0
reference_PI,B_analytic3,C_add7,reverse_off_anchor,noise_0.01_seed262147,119.8216818240116,0,0
reference_PI,B_analytic3,C_add7,reverse_off_anchor,noise_0.05_seed104729,113.22689892516577,0,0
reference_PI,B_analytic3,C_add7,reverse_off_anchor,noise_0.05_seed130363,112.00366547892058,0,0
reference_PI,B_analytic3,C_add7,reverse_off_anchor,noise_0.05_seed155921,110.24682814384397,0,0
reference_PI,B_analytic3,C_add7,reverse_off_anchor,noise_0.05_seed196613,110.46604005569138,0,0
reference_PI,B_analytic3,C_add7,reverse_off_anchor,noise_0.05_seed262147,113.35047755006316,0,0
reference_PI,B_analytic3,C_add7,reverse_off_anchor,combined_seed104729,14.937868719131897,1,1
reference_PI,B_analytic3,C_add7,reverse_off_anchor,combined_seed130363,15.101365950328338,1,1
reference_PI,B_analytic3,C_add7,reverse_off_anchor,combined_seed155921,14.962837116661397,1,1
reference_PI,B_analytic3,C_add7,reverse_off_anchor,combined_seed196613,15.129051112903035,1,1
reference_PI,B_analytic3,C_add7,reverse_off_anchor,combined_seed262147,15.007875476762834,1,1
reference_PI,B_analytic3,C_add7,cross_equivalence,nominal,31.379506454323327,0,2
reference_PI,B_analytic3,C_add7,cross_equivalence,delay_minus30,26.32095023052723,0,1
reference_PI,B_analytic3,C_add7,cross_equivalence,delay_plus50,29.77508551925854,3,4
reference_PI,B_analytic3,C_add7,cross_equivalence,acid_plus15,15.568607326894867,2,3
reference_PI,B_analytic3,C_add7,cross_equivalence,acid_minus15,19.467012592794042,1,3
reference_PI,B_analytic3,C_add7,cross_equivalence,base_minus15,14.654873258488465,1,3
reference_PI,B_analytic3,C_add7,cross_equivalence,base_plus15,19.1812808969418,1,3
reference_PI,B_analytic3,C_add7,cross_equivalence,Kw_half,18.856835589054377,1,1
reference_PI,B_analytic3,C_add7,cross_equivalence,Kw_double,22.380241154515378,1,1
reference_PI,B_analytic3,C_add7,cross_equivalence,volume_plus20,29.280282883760435,1,2
reference_PI,B_analytic3,C_add7,cross_equivalence,volume_minus20,22.812798496680784,0,1
reference_PI,B_analytic3,C_add7,cross_equivalence,noise_0.01_seed104729,31.250433187448113,0,2
reference_PI,B_analytic3,C_add7,cross_equivalence,noise_0.01_seed130363,31.267478216379473,0,2
reference_PI,B_analytic3,C_add7,cross_equivalence,noise_0.01_seed155921,31.174756939628125,0,2
reference_PI,B_analytic3,C_add7,cross_equivalence,noise_0.01_seed196613,31.301679770173973,0,2
reference_PI,B_analytic3,C_add7,cross_equivalence,noise_0.01_seed262147,31.250793565380363,0,2
reference_PI,B_analytic3,C_add7,cross_equivalence,noise_0.05_seed104729,30.91978955993744,0,2
reference_PI,B_analytic3,C_add7,cross_equivalence,noise_0.05_seed130363,30.918886402166514,0,2
reference_PI,B_analytic3,C_add7,cross_equivalence,noise_0.05_seed155921,30.530317218192728,0,2
reference_PI,B_analytic3,C_add7,cross_equivalence,noise_0.05_seed196613,30.911361090036603,0,2
reference_PI,B_analytic3,C_add7,cross_equivalence,noise_0.05_seed262147,30.849252653744163,0,2
reference_PI,B_analytic3,C_add7,cross_equivalence,combined_seed104729,9.893843146370983,3,6
reference_PI,B_analytic3,C_add7,cross_equivalence,combined_seed130363,10.070279859980724,3,6
reference_PI,B_analytic3,C_add7,cross_equivalence,combined_seed155921,10.108454604714767,3,6
reference_PI,B_analytic3,C_add7,cross_equivalence,combined_seed196613,9.77594101668946,4,6
reference_PI,B_analytic3,C_add7,cross_equivalence,combined_seed262147,9.962621777916958,4,6
reference_PI,B_analytic3,C_add7,regulatory_off_anchor,nominal,17.115925051490933,0,0
reference_PI,B_analytic3,C_add7,regulatory_off_anchor,delay_minus30,15.368556915613318,0,0
reference_PI,B_analytic3,C_add7,regulatory_off_anchor,delay_plus50,20.023448937495303,3,1
reference_PI,B_analytic3,C_add7,regulatory_off_anchor,acid_plus15,10.514613040375131,1,1
reference_PI,B_analytic3,C_add7,regulatory_off_anchor,acid_minus15,13.711298962093599,1,1
reference_PI,B_analytic3,C_add7,regulatory_off_anchor,base_minus15,10.935148902631454,1,1
reference_PI,B_analytic3,C_add7,regulatory_off_anchor,base_plus15,12.207741229984848,1,1
reference_PI,B_analytic3,C_add7,regulatory_off_anchor,Kw_half,1.6812710490277105,2,0
reference_PI,B_analytic3,C_add7,regulatory_off_anchor,Kw_double,16.66766947584135,0,0
reference_PI,B_analytic3,C_add7,regulatory_off_anchor,volume_plus20,20.808382392524827,0,0
reference_PI,B_analytic3,C_add7,regulatory_off_anchor,volume_minus20,13.546469688385777,0,0
reference_PI,B_analytic3,C_add7,regulatory_off_anchor,noise_0.01_seed104729,17.030158350581857,0,0
reference_PI,B_analytic3,C_add7,regulatory_off_anchor,noise_0.01_seed130363,16.96391157442814,0,0
reference_PI,B_analytic3,C_add7,regulatory_off_anchor,noise_0.01_seed155921,17.011493110281428,0,0
reference_PI,B_analytic3,C_add7,regulatory_off_anchor,noise_0.01_seed196613,17.003693743377823,0,0
reference_PI,B_analytic3,C_add7,regulatory_off_anchor,noise_0.01_seed262147,17.073285351937663,0,0
reference_PI,B_analytic3,C_add7,regulatory_off_anchor,noise_0.05_seed104729,16.830730626320456,0,0
reference_PI,B_analytic3,C_add7,regulatory_off_anchor,noise_0.05_seed130363,16.430935970639958,0,0
reference_PI,B_analytic3,C_add7,regulatory_off_anchor,noise_0.05_seed155921,16.656433631881583,0,0
reference_PI,B_analytic3,C_add7,regulatory_off_anchor,noise_0.05_seed196613,16.639192743589916,0,0
reference_PI,B_analytic3,C_add7,regulatory_off_anchor,noise_0.05_seed262147,16.807154219577924,0,0
reference_PI,B_analytic3,C_add7,regulatory_off_anchor,combined_seed104729,10.269580967919767,1,3
reference_PI,B_analytic3,C_add7,regulatory_off_anchor,combined_seed130363,10.365482521782843,1,3
reference_PI,B_analytic3,C_add7,regulatory_off_anchor,combined_seed155921,10.385305591128379,1,3
reference_PI,B_analytic3,C_add7,regulatory_off_anchor,combined_seed196613,10.374335194366878,1,3
reference_PI,B_analytic3,C_add7,regulatory_off_anchor,combined_seed262147,10.341170370963804,1,3
reference_PI,C_add7,D_add8,reverse_off_anchor,nominal,60.7610334220019,0,0
reference_PI,C_add7,D_add8,reverse_off_anchor,delay_minus30,57.15780545776921,0,0
reference_PI,C_add7,D_add8,reverse_off_anchor,delay_plus50,63.26466613650983,0,1
reference_PI,C_add7,D_add8,reverse_off_anchor,acid_plus15,18.124102805235133,1,1
reference_PI,C_add7,D_add8,reverse_off_anchor,acid_minus15,23.404941172071393,1,2
reference_PI,C_add7,D_add8,reverse_off_anchor,base_minus15,13.71691701568938,1,1
reference_PI,C_add7,D_add8,reverse_off_anchor,base_plus15,26.214235473177293,1,1
reference_PI,C_add7,D_add8,reverse_off_anchor,Kw_half,121.4988930109453,0,0
reference_PI,C_add7,D_add8,reverse_off_anchor,Kw_double,32.91822580823427,0,0
reference_PI,C_add7,D_add8,reverse_off_anchor,volume_plus20,61.756721214897034,0,0
reference_PI,C_add7,D_add8,reverse_off_anchor,volume_minus20,59.30059301201594,0,0
reference_PI,C_add7,D_add8,reverse_off_anchor,noise_0.01_seed104729,60.63619532388991,0,0
reference_PI,C_add7,D_add8,reverse_off_anchor,noise_0.01_seed130363,60.640944170051945,0,0
reference_PI,C_add7,D_add8,reverse_off_anchor,noise_0.01_seed155921,60.8751731700564,0,0
reference_PI,C_add7,D_add8,reverse_off_anchor,noise_0.01_seed196613,60.83536844018087,0,0
reference_PI,C_add7,D_add8,reverse_off_anchor,noise_0.01_seed262147,60.13319598773106,0,0
reference_PI,C_add7,D_add8,reverse_off_anchor,noise_0.05_seed104729,59.6758434164802,0,0
reference_PI,C_add7,D_add8,reverse_off_anchor,noise_0.05_seed130363,59.147380128836446,0,0
reference_PI,C_add7,D_add8,reverse_off_anchor,noise_0.05_seed155921,60.542704420044544,0,0
reference_PI,C_add7,D_add8,reverse_off_anchor,noise_0.05_seed196613,60.5823938815224,0,0
reference_PI,C_add7,D_add8,reverse_off_anchor,noise_0.05_seed262147,56.618076639579805,0,0
reference_PI,C_add7,D_add8,reverse_off_anchor,combined_seed104729,4.8606982368910145,1,2
reference_PI,C_add7,D_add8,reverse_off_anchor,combined_seed130363,4.855519808105702,1,2
reference_PI,C_add7,D_add8,reverse_off_anchor,combined_seed155921,4.861148113054026,1,2
reference_PI,C_add7,D_add8,reverse_off_anchor,combined_seed196613,4.842699606763667,1,2
reference_PI,C_add7,D_add8,reverse_off_anchor,combined_seed262147,4.977801220365707,1,2
reference_PI,C_add7,D_add8,cross_equivalence,nominal,9.250154692492597,2,3
reference_PI,C_add7,D_add8,cross_equivalence,delay_minus30,12.769674015737742,1,2
reference_PI,C_add7,D_add8,cross_equivalence,delay_plus50,-0.32002381882630937,4,5
reference_PI,C_add7,D_add8,cross_equivalence,acid_plus15,9.718035103906718,3,5
reference_PI,C_add7,D_add8,cross_equivalence,acid_minus15,10.84227505819264,3,5
reference_PI,C_add7,D_add8,cross_equivalence,base_minus15,9.795400874427628,3,4
reference_PI,C_add7,D_add8,cross_equivalence,base_plus15,14.597768117402188,3,6
reference_PI,C_add7,D_add8,cross_equivalence,Kw_half,29.814922917916498,1,3
reference_PI,C_add7,D_add8,cross_equivalence,Kw_double,12.204343061827316,1,3
reference_PI,C_add7,D_add8,cross_equivalence,volume_plus20,8.930443704698376,2,4
reference_PI,C_add7,D_add8,cross_equivalence,volume_minus20,20.83664612444491,1,2
reference_PI,C_add7,D_add8,cross_equivalence,noise_0.01_seed104729,9.287163507586937,2,3
reference_PI,C_add7,D_add8,cross_equivalence,noise_0.01_seed130363,9.373765607355299,2,3
reference_PI,C_add7,D_add8,cross_equivalence,noise_0.01_seed155921,9.396030135722611,2,3
reference_PI,C_add7,D_add8,cross_equivalence,noise_0.01_seed196613,9.260240312133906,2,3
reference_PI,C_add7,D_add8,cross_equivalence,noise_0.01_seed262147,9.270081664888785,2,3
reference_PI,C_add7,D_add8,cross_equivalence,noise_0.05_seed104729,9.3613384568606,2,3
reference_PI,C_add7,D_add8,cross_equivalence,noise_0.05_seed130363,9.765317262139583,2,3
reference_PI,C_add7,D_add8,cross_equivalence,noise_0.05_seed155921,9.885475260800703,2,3
reference_PI,C_add7,D_add8,cross_equivalence,noise_0.05_seed196613,9.229855294086665,2,3
reference_PI,C_add7,D_add8,cross_equivalence,noise_0.05_seed262147,9.28291620549051,2,3
reference_PI,C_add7,D_add8,cross_equivalence,combined_seed104729,-3.9398941709680724,6,5
reference_PI,C_add7,D_add8,cross_equivalence,combined_seed130363,-4.069991246131677,6,5
reference_PI,C_add7,D_add8,cross_equivalence,combined_seed155921,-4.210704598074133,6,6
reference_PI,C_add7,D_add8,cross_equivalence,combined_seed196613,-4.015355076975535,6,5
reference_PI,C_add7,D_add8,cross_equivalence,combined_seed262147,-4.119243061784705,6,5
reference_PI,C_add7,D_add8,regulatory_off_anchor,nominal,21.106953826937456,0,1
reference_PI,C_add7,D_add8,regulatory_off_anchor,delay_minus30,15.79124750087404,0,0
reference_PI,C_add7,D_add8,regulatory_off_anchor,delay_plus50,21.07811801794739,1,3
reference_PI,C_add7,D_add8,regulatory_off_anchor,acid_plus15,13.839077583630633,1,1
reference_PI,C_add7,D_add8,regulatory_off_anchor,acid_minus15,19.84887137054867,1,2
reference_PI,C_add7,D_add8,regulatory_off_anchor,base_minus15,11.15553811253902,1,2
reference_PI,C_add7,D_add8,regulatory_off_anchor,base_plus15,21.59497822191274,1,2
reference_PI,C_add7,D_add8,regulatory_off_anchor,Kw_half,39.045225165200236,0,1
reference_PI,C_add7,D_add8,regulatory_off_anchor,Kw_double,11.716331683602066,0,0
reference_PI,C_add7,D_add8,regulatory_off_anchor,volume_plus20,20.279503018821977,0,3
reference_PI,C_add7,D_add8,regulatory_off_anchor,volume_minus20,18.393576020086556,0,0
reference_PI,C_add7,D_add8,regulatory_off_anchor,noise_0.01_seed104729,21.127152048668396,0,1
reference_PI,C_add7,D_add8,regulatory_off_anchor,noise_0.01_seed130363,20.979744679760937,0,1
reference_PI,C_add7,D_add8,regulatory_off_anchor,noise_0.01_seed155921,21.025938884893947,0,1
reference_PI,C_add7,D_add8,regulatory_off_anchor,noise_0.01_seed196613,21.148355105540674,0,1
reference_PI,C_add7,D_add8,regulatory_off_anchor,noise_0.01_seed262147,21.051806124004123,0,1
reference_PI,C_add7,D_add8,regulatory_off_anchor,noise_0.05_seed104729,21.308557537774718,0,1
reference_PI,C_add7,D_add8,regulatory_off_anchor,noise_0.05_seed130363,20.492534653811,0,1
reference_PI,C_add7,D_add8,regulatory_off_anchor,noise_0.05_seed155921,20.859049209444347,0,1
reference_PI,C_add7,D_add8,regulatory_off_anchor,noise_0.05_seed196613,21.424625810867482,0,1
reference_PI,C_add7,D_add8,regulatory_off_anchor,noise_0.05_seed262147,21.055366433094402,0,1
reference_PI,C_add7,D_add8,regulatory_off_anchor,combined_seed104729,2.6361532603874416,3,4
reference_PI,C_add7,D_add8,regulatory_off_anchor,combined_seed130363,2.4351269706081924,3,4
reference_PI,C_add7,D_add8,regulatory_off_anchor,combined_seed155921,2.509922354914784,3,4
reference_PI,C_add7,D_add8,regulatory_off_anchor,combined_seed196613,2.4722391562622903,3,4
reference_PI,C_add7,D_add8,regulatory_off_anchor,combined_seed262147,2.4762149628084096,3,4
reference_PI,D_add8,D2_resample_Ti_Td,reverse_off_anchor,nominal,-6.609774293297299,0,0
reference_PI,D_add8,D2_resample_Ti_Td,reverse_off_anchor,delay_minus30,-2.475363497759231,0,0
reference_PI,D_add8,D2_resample_Ti_Td,reverse_off_anchor,delay_plus50,-13.950375197393495,1,1
reference_PI,D_add8,D2_resample_Ti_Td,reverse_off_anchor,acid_plus15,-2.080601038158192,1,1
reference_PI,D_add8,D2_resample_Ti_Td,reverse_off_anchor,acid_minus15,-3.1588553892832882,2,1
reference_PI,D_add8,D2_resample_Ti_Td,reverse_off_anchor,base_minus15,-0.9081941105300029,1,1
reference_PI,D_add8,D2_resample_Ti_Td,reverse_off_anchor,base_plus15,-3.1193625706267714,1,1
reference_PI,D_add8,D2_resample_Ti_Td,reverse_off_anchor,Kw_half,-13.193760685295096,0,0
reference_PI,D_add8,D2_resample_Ti_Td,reverse_off_anchor,Kw_double,-0.5162111014823001,0,0
reference_PI,D_add8,D2_resample_Ti_Td,reverse_off_anchor,volume_plus20,-7.442450301400061,0,0
reference_PI,D_add8,D2_resample_Ti_Td,reverse_off_anchor,volume_minus20,-6.7758058742234395,0,0
reference_PI,D_add8,D2_resample_Ti_Td,reverse_off_anchor,noise_0.01_seed104729,-6.701905877070214,0,0
reference_PI,D_add8,D2_resample_Ti_Td,reverse_off_anchor,noise_0.01_seed130363,-6.5037266085399175,0,0
reference_PI,D_add8,D2_resample_Ti_Td,reverse_off_anchor,noise_0.01_seed155921,-6.67360838399177,0,0
reference_PI,D_add8,D2_resample_Ti_Td,reverse_off_anchor,noise_0.01_seed196613,-6.592272280689104,0,0
reference_PI,D_add8,D2_resample_Ti_Td,reverse_off_anchor,noise_0.01_seed262147,-6.48221491687252,0,0
reference_PI,D_add8,D2_resample_Ti_Td,reverse_off_anchor,noise_0.05_seed104729,-6.820631724132175,0,0
reference_PI,D_add8,D2_resample_Ti_Td,reverse_off_anchor,noise_0.05_seed130363,-5.771083736038007,0,0
reference_PI,D_add8,D2_resample_Ti_Td,reverse_off_anchor,noise_0.05_seed155921,-7.0075195519397,0,0
reference_PI,D_add8,D2_resample_Ti_Td,reverse_off_anchor,noise_0.05_seed196613,-6.7086632495966025,0,0
reference_PI,D_add8,D2_resample_Ti_Td,reverse_off_anchor,noise_0.05_seed262147,-6.37074608114514,0,0
reference_PI,D_add8,D2_resample_Ti_Td,reverse_off_anchor,combined_seed104729,0.04083073845957408,2,1
reference_PI,D_add8,D2_resample_Ti_Td,reverse_off_anchor,combined_seed130363,-0.0035453502966742434,2,1
reference_PI,D_add8,D2_resample_Ti_Td,reverse_off_anchor,combined_seed155921,-0.1297945492065189,2,1
reference_PI,D_add8,D2_resample_Ti_Td,reverse_off_anchor,combined_seed196613,-0.12087761137535846,2,1
reference_PI,D_add8,D2_resample_Ti_Td,reverse_off_anchor,combined_seed262147,-0.16029821396897903,2,1
reference_PI,D_add8,D2_resample_Ti_Td,cross_equivalence,nominal,-1.5008287222162742,3,3
reference_PI,D_add8,D2_resample_Ti_Td,cross_equivalence,delay_minus30,-0.012646572089025643,2,2
reference_PI,D_add8,D2_resample_Ti_Td,cross_equivalence,delay_plus50,-1.0141521301828327,5,5
reference_PI,D_add8,D2_resample_Ti_Td,cross_equivalence,acid_plus15,-0.7156521215705092,5,5
reference_PI,D_add8,D2_resample_Ti_Td,cross_equivalence,acid_minus15,-2.4503591371747735,5,5
reference_PI,D_add8,D2_resample_Ti_Td,cross_equivalence,base_minus15,-0.7616910518180475,4,4
reference_PI,D_add8,D2_resample_Ti_Td,cross_equivalence,base_plus15,-2.0702118076414755,6,6
reference_PI,D_add8,D2_resample_Ti_Td,cross_equivalence,Kw_half,-5.137632432157435,3,4
reference_PI,D_add8,D2_resample_Ti_Td,cross_equivalence,Kw_double,-0.001890739023391319,3,4
reference_PI,D_add8,D2_resample_Ti_Td,cross_equivalence,volume_plus20,0.5357741694775875,4,5
reference_PI,D_add8,D2_resample_Ti_Td,cross_equivalence,volume_minus20,-1.7295086778930324,2,2
reference_PI,D_add8,D2_resample_Ti_Td,cross_equivalence,noise_0.01_seed104729,-1.4727118979229181,3,3
reference_PI,D_add8,D2_resample_Ti_Td,cross_equivalence,noise_0.01_seed130363,-1.5574422665561527,3,3
reference_PI,D_add8,D2_resample_Ti_Td,cross_equivalence,noise_0.01_seed155921,-1.5014404163395945,3,3
reference_PI,D_add8,D2_resample_Ti_Td,cross_equivalence,noise_0.01_seed196613,-1.5569498375843205,3,3
reference_PI,D_add8,D2_resample_Ti_Td,cross_equivalence,noise_0.01_seed262147,-1.4737483150413788,3,3
reference_PI,D_add8,D2_resample_Ti_Td,cross_equivalence,noise_0.05_seed104729,-1.4121901315384378,3,3
reference_PI,D_add8,D2_resample_Ti_Td,cross_equivalence,noise_0.05_seed130363,-1.733045107245934,3,3
reference_PI,D_add8,D2_resample_Ti_Td,cross_equivalence,noise_0.05_seed155921,-1.5336880680720588,3,3
reference_PI,D_add8,D2_resample_Ti_Td,cross_equivalence,noise_0.05_seed196613,-1.6865562987806615,3,3
reference_PI,D_add8,D2_resample_Ti_Td,cross_equivalence,noise_0.05_seed262147,-1.2996882183953673,3,3
reference_PI,D_add8,D2_resample_Ti_Td,cross_equivalence,combined_seed104729,-0.7791051217603151,5,6
reference_PI,D_add8,D2_resample_Ti_Td,cross_equivalence,combined_seed130363,-0.8007354384935605,5,6
reference_PI,D_add8,D2_resample_Ti_Td,cross_equivalence,combined_seed155921,-0.7708191507322382,6,5
reference_PI,D_add8,D2_resample_Ti_Td,cross_equivalence,combined_seed196613,-0.7856356544536869,5,5
reference_PI,D_add8,D2_resample_Ti_Td,cross_equivalence,combined_seed262147,-0.7758384659699913,5,5
reference_PI,D_add8,D2_resample_Ti_Td,regulatory_off_anchor,nominal,-2.9995632331243915,1,0
reference_PI,D_add8,D2_resample_Ti_Td,regulatory_off_anchor,delay_minus30,-1.2768089447424136,0,0
reference_PI,D_add8,D2_resample_Ti_Td,regulatory_off_anchor,delay_plus50,-1.8072303872755269,3,3
reference_PI,D_add8,D2_resample_Ti_Td,regulatory_off_anchor,acid_plus15,-1.6633618158742425,1,2
reference_PI,D_add8,D2_resample_Ti_Td,regulatory_off_anchor,acid_minus15,-2.9700437082032183,2,2
reference_PI,D_add8,D2_resample_Ti_Td,regulatory_off_anchor,base_minus15,-1.517421270755237,2,2
reference_PI,D_add8,D2_resample_Ti_Td,regulatory_off_anchor,base_plus15,-3.0740939483488106,2,2
reference_PI,D_add8,D2_resample_Ti_Td,regulatory_off_anchor,Kw_half,-5.656047422392962,1,1
reference_PI,D_add8,D2_resample_Ti_Td,regulatory_off_anchor,Kw_double,-2.066805538947425,0,1
reference_PI,D_add8,D2_resample_Ti_Td,regulatory_off_anchor,volume_plus20,-2.6710636972538393,3,2
reference_PI,D_add8,D2_resample_Ti_Td,regulatory_off_anchor,volume_minus20,-2.568247897563136,0,0
reference_PI,D_add8,D2_resample_Ti_Td,regulatory_off_anchor,noise_0.01_seed104729,-2.9832948822388294,1,0
reference_PI,D_add8,D2_resample_Ti_Td,regulatory_off_anchor,noise_0.01_seed130363,-2.917242308034651,1,0
reference_PI,D_add8,D2_resample_Ti_Td,regulatory_off_anchor,noise_0.01_seed155921,-2.946343859320799,1,0
reference_PI,D_add8,D2_resample_Ti_Td,regulatory_off_anchor,noise_0.01_seed196613,-2.990511301578369,1,0
reference_PI,D_add8,D2_resample_Ti_Td,regulatory_off_anchor,noise_0.01_seed262147,-3.0017529483031935,1,0
reference_PI,D_add8,D2_resample_Ti_Td,regulatory_off_anchor,noise_0.05_seed104729,-3.1666054040665914,1,0
reference_PI,D_add8,D2_resample_Ti_Td,regulatory_off_anchor,noise_0.05_seed130363,-2.6896036303846738,1,0
reference_PI,D_add8,D2_resample_Ti_Td,regulatory_off_anchor,noise_0.05_seed155921,-2.747537678233758,1,0
reference_PI,D_add8,D2_resample_Ti_Td,regulatory_off_anchor,noise_0.05_seed196613,-3.087860213702931,1,0
reference_PI,D_add8,D2_resample_Ti_Td,regulatory_off_anchor,noise_0.05_seed262147,-2.9933384737309554,1,0
reference_PI,D_add8,D2_resample_Ti_Td,regulatory_off_anchor,combined_seed104729,-0.3704907775905042,4,4
reference_PI,D_add8,D2_resample_Ti_Td,regulatory_off_anchor,combined_seed130363,-0.19094889068028698,4,4
reference_PI,D_add8,D2_resample_Ti_Td,regulatory_off_anchor,combined_seed155921,-0.325505548275995,4,4
reference_PI,D_add8,D2_resample_Ti_Td,regulatory_off_anchor,combined_seed196613,-0.25708376760984475,4,4
reference_PI,D_add8,D2_resample_Ti_Td,regulatory_off_anchor,combined_seed262147,-0.21003243451820364,4,3
reference_PI,D2_resample_Ti_Td,E_original5_retuned,reverse_off_anchor,nominal,313.0251587656804,0,2
reference_PI,D2_resample_Ti_Td,E_original5_retuned,reverse_off_anchor,delay_minus30,-54.69796340896262,0,0
reference_PI,D2_resample_Ti_Td,E_original5_retuned,reverse_off_anchor,delay_plus50,148.9363436915567,1,3
reference_PI,D2_resample_Ti_Td,E_original5_retuned,reverse_off_anchor,acid_plus15,74.79165837574415,1,2
reference_PI,D2_resample_Ti_Td,E_original5_retuned,reverse_off_anchor,acid_minus15,75.88248139846456,1,3
reference_PI,D2_resample_Ti_Td,E_original5_retuned,reverse_off_anchor,base_minus15,-58.54127522741733,1,0
reference_PI,D2_resample_Ti_Td,E_original5_retuned,reverse_off_anchor,base_plus15,121.3309031486443,1,3
reference_PI,D2_resample_Ti_Td,E_original5_retuned,reverse_off_anchor,Kw_half,76.65351906767799,0,1
reference_PI,D2_resample_Ti_Td,E_original5_retuned,reverse_off_anchor,Kw_double,314.4519468201709,0,2
reference_PI,D2_resample_Ti_Td,E_original5_retuned,reverse_off_anchor,volume_plus20,-44.95345762988242,0,0
reference_PI,D2_resample_Ti_Td,E_original5_retuned,reverse_off_anchor,volume_minus20,541.0997643158155,0,2
reference_PI,D2_resample_Ti_Td,E_original5_retuned,reverse_off_anchor,noise_0.01_seed104729,312.86437820912755,0,2
reference_PI,D2_resample_Ti_Td,E_original5_retuned,reverse_off_anchor,noise_0.01_seed130363,316.4053440789379,0,2
reference_PI,D2_resample_Ti_Td,E_original5_retuned,reverse_off_anchor,noise_0.01_seed155921,314.13274782806553,0,2
reference_PI,D2_resample_Ti_Td,E_original5_retuned,reverse_off_anchor,noise_0.01_seed196613,313.3378744227345,0,2
reference_PI,D2_resample_Ti_Td,E_original5_retuned,reverse_off_anchor,noise_0.01_seed262147,312.69106001840737,0,2
reference_PI,D2_resample_Ti_Td,E_original5_retuned,reverse_off_anchor,noise_0.05_seed104729,307.81560314675687,0,2
reference_PI,D2_resample_Ti_Td,E_original5_retuned,reverse_off_anchor,noise_0.05_seed130363,310.48059543178425,0,2
reference_PI,D2_resample_Ti_Td,E_original5_retuned,reverse_off_anchor,noise_0.05_seed155921,315.8466309296903,0,2
reference_PI,D2_resample_Ti_Td,E_original5_retuned,reverse_off_anchor,noise_0.05_seed196613,312.86626108660755,0,2
reference_PI,D2_resample_Ti_Td,E_original5_retuned,reverse_off_anchor,noise_0.05_seed262147,313.96872767162273,0,2
reference_PI,D2_resample_Ti_Td,E_original5_retuned,reverse_off_anchor,combined_seed104729,-31.96891287371477,1,2
reference_PI,D2_resample_Ti_Td,E_original5_retuned,reverse_off_anchor,combined_seed130363,-31.53332801604847,1,2
reference_PI,D2_resample_Ti_Td,E_original5_retuned,reverse_off_anchor,combined_seed155921,-29.728665916596064,1,2
reference_PI,D2_resample_Ti_Td,E_original5_retuned,reverse_off_anchor,combined_seed196613,-30.616961254847052,1,2
reference_PI,D2_resample_Ti_Td,E_original5_retuned,reverse_off_anchor,combined_seed262147,-31.6896893448543,1,2
reference_PI,D2_resample_Ti_Td,E_original5_retuned,cross_equivalence,nominal,40.27745725517664,3,4
reference_PI,D2_resample_Ti_Td,E_original5_retuned,cross_equivalence,delay_minus30,-26.32890682485587,2,0
reference_PI,D2_resample_Ti_Td,E_original5_retuned,cross_equivalence,delay_plus50,46.505575492033955,5,4
reference_PI,D2_resample_Ti_Td,E_original5_retuned,cross_equivalence,acid_plus15,7.381758574267816,5,4
reference_PI,D2_resample_Ti_Td,E_original5_retuned,cross_equivalence,acid_minus15,2.821524993884972,5,4
reference_PI,D2_resample_Ti_Td,E_original5_retuned,cross_equivalence,base_minus15,-48.43182744862729,4,1
reference_PI,D2_resample_Ti_Td,E_original5_retuned,cross_equivalence,base_plus15,45.092095008854805,6,6
reference_PI,D2_resample_Ti_Td,E_original5_retuned,cross_equivalence,Kw_half,24.29768290583272,4,4
reference_PI,D2_resample_Ti_Td,E_original5_retuned,cross_equivalence,Kw_double,47.45365395595098,4,4
reference_PI,D2_resample_Ti_Td,E_original5_retuned,cross_equivalence,volume_plus20,-39.294186440274615,5,1
reference_PI,D2_resample_Ti_Td,E_original5_retuned,cross_equivalence,volume_minus20,115.08646616912705,2,5
reference_PI,D2_resample_Ti_Td,E_original5_retuned,cross_equivalence,noise_0.01_seed104729,18.195949352202724,3,3
reference_PI,D2_resample_Ti_Td,E_original5_retuned,cross_equivalence,noise_0.01_seed130363,39.96687906040648,3,4
reference_PI,D2_resample_Ti_Td,E_original5_retuned,cross_equivalence,noise_0.01_seed155921,40.077711211670206,3,4
reference_PI,D2_resample_Ti_Td,E_original5_retuned,cross_equivalence,noise_0.01_seed196613,40.578685443993365,3,4
reference_PI,D2_resample_Ti_Td,E_original5_retuned,cross_equivalence,noise_0.01_seed262147,39.54853449583713,3,4
reference_PI,D2_resample_Ti_Td,E_original5_retuned,cross_equivalence,noise_0.05_seed104729,41.285476613020286,3,4
reference_PI,D2_resample_Ti_Td,E_original5_retuned,cross_equivalence,noise_0.05_seed130363,38.97989298619156,3,4
reference_PI,D2_resample_Ti_Td,E_original5_retuned,cross_equivalence,noise_0.05_seed155921,18.905250950500797,3,3
reference_PI,D2_resample_Ti_Td,E_original5_retuned,cross_equivalence,noise_0.05_seed196613,42.263014889196214,3,4
reference_PI,D2_resample_Ti_Td,E_original5_retuned,cross_equivalence,noise_0.05_seed262147,40.77596576994065,3,4
reference_PI,D2_resample_Ti_Td,E_original5_retuned,cross_equivalence,combined_seed104729,-33.230606078746995,6,5
reference_PI,D2_resample_Ti_Td,E_original5_retuned,cross_equivalence,combined_seed130363,-41.69760853797104,6,2
reference_PI,D2_resample_Ti_Td,E_original5_retuned,cross_equivalence,combined_seed155921,-31.53722141546448,5,5
reference_PI,D2_resample_Ti_Td,E_original5_retuned,cross_equivalence,combined_seed196613,-31.80680104481458,5,4
reference_PI,D2_resample_Ti_Td,E_original5_retuned,cross_equivalence,combined_seed262147,-33.58361208825994,5,5
reference_PI,D2_resample_Ti_Td,E_original5_retuned,regulatory_off_anchor,nominal,62.76755224382234,0,3
reference_PI,D2_resample_Ti_Td,E_original5_retuned,regulatory_off_anchor,delay_minus30,-30.290188941207862,0,0
reference_PI,D2_resample_Ti_Td,E_original5_retuned,regulatory_off_anchor,delay_plus50,28.537283662015824,3,3
reference_PI,D2_resample_Ti_Td,E_original5_retuned,regulatory_off_anchor,acid_plus15,40.371374656473066,2,4
reference_PI,D2_resample_Ti_Td,E_original5_retuned,regulatory_off_anchor,acid_minus15,44.719431870048275,2,4
reference_PI,D2_resample_Ti_Td,E_original5_retuned,regulatory_off_anchor,base_minus15,-39.42541068702335,2,1
reference_PI,D2_resample_Ti_Td,E_original5_retuned,regulatory_off_anchor,base_plus15,56.99814426041705,2,4
reference_PI,D2_resample_Ti_Td,E_original5_retuned,regulatory_off_anchor,Kw_half,44.12391199628003,1,3
reference_PI,D2_resample_Ti_Td,E_original5_retuned,regulatory_off_anchor,Kw_double,68.76358344845018,1,3
reference_PI,D2_resample_Ti_Td,E_original5_retuned,regulatory_off_anchor,volume_plus20,-53.27226440475394,2,0
reference_PI,D2_resample_Ti_Td,E_original5_retuned,regulatory_off_anchor,volume_minus20,117.00582475640316,0,3
reference_PI,D2_resample_Ti_Td,E_original5_retuned,regulatory_off_anchor,noise_0.01_seed104729,62.66392767329925,0,3
reference_PI,D2_resample_Ti_Td,E_original5_retuned,regulatory_off_anchor,noise_0.01_seed130363,62.84878098684976,0,3
reference_PI,D2_resample_Ti_Td,E_original5_retuned,regulatory_off_anchor,noise_0.01_seed155921,62.61251938212584,0,3
reference_PI,D2_resample_Ti_Td,E_original5_retuned,regulatory_off_anchor,noise_0.01_seed196613,62.627531558706416,0,3
reference_PI,D2_resample_Ti_Td,E_original5_retuned,regulatory_off_anchor,noise_0.01_seed262147,62.53348351588659,0,3
reference_PI,D2_resample_Ti_Td,E_original5_retuned,regulatory_off_anchor,noise_0.05_seed104729,61.842557130782374,0,3
reference_PI,D2_resample_Ti_Td,E_original5_retuned,regulatory_off_anchor,noise_0.05_seed130363,62.868584998554454,0,3
reference_PI,D2_resample_Ti_Td,E_original5_retuned,regulatory_off_anchor,noise_0.05_seed155921,60.78480576795777,0,3
reference_PI,D2_resample_Ti_Td,E_original5_retuned,regulatory_off_anchor,noise_0.05_seed196613,61.99788912987787,0,3
reference_PI,D2_resample_Ti_Td,E_original5_retuned,regulatory_off_anchor,noise_0.05_seed262147,60.29765659611621,0,3
reference_PI,D2_resample_Ti_Td,E_original5_retuned,regulatory_off_anchor,combined_seed104729,-24.9811236191272,4,4
reference_PI,D2_resample_Ti_Td,E_original5_retuned,regulatory_off_anchor,combined_seed130363,-24.97010276089009,4,4
reference_PI,D2_resample_Ti_Td,E_original5_retuned,regulatory_off_anchor,combined_seed155921,-24.945042756908155,4,4
reference_PI,D2_resample_Ti_Td,E_original5_retuned,regulatory_off_anchor,combined_seed196613,-25.076389775172103,4,4
reference_PI,D2_resample_Ti_Td,E_original5_retuned,regulatory_off_anchor,combined_seed262147,-24.87146581812144,3,4
reference_PI,D_add8,P_move_interior_Kc,reverse_off_anchor,nominal,-40.988160518296546,0,0
reference_PI,D_add8,P_move_interior_Kc,reverse_off_anchor,delay_minus30,-33.927100270010214,0,0
reference_PI,D_add8,P_move_interior_Kc,reverse_off_anchor,delay_plus50,-68.20548540697213,1,0
reference_PI,D_add8,P_move_interior_Kc,reverse_off_anchor,acid_plus15,-7.557044339141427,1,1
reference_PI,D_add8,P_move_interior_Kc,reverse_off_anchor,acid_minus15,-12.21964710184913,2,1
reference_PI,D_add8,P_move_interior_Kc,reverse_off_anchor,base_minus15,-5.880467792291122,1,1
reference_PI,D_add8,P_move_interior_Kc,reverse_off_anchor,base_plus15,-12.322095593302794,1,1
reference_PI,D_add8,P_move_interior_Kc,reverse_off_anchor,Kw_half,-54.68728453947917,0,0
reference_PI,D_add8,P_move_interior_Kc,reverse_off_anchor,Kw_double,-30.40727056034602,0,0
reference_PI,D_add8,P_move_interior_Kc,reverse_off_anchor,volume_plus20,-44.91210562236241,0,0
reference_PI,D_add8,P_move_interior_Kc,reverse_off_anchor,volume_minus20,-38.70446550315813,0,0
reference_PI,D_add8,P_move_interior_Kc,reverse_off_anchor,noise_0.01_seed104729,-41.30651832168481,0,0
reference_PI,D_add8,P_move_interior_Kc,reverse_off_anchor,noise_0.01_seed130363,-41.13625553959408,0,0
reference_PI,D_add8,P_move_interior_Kc,reverse_off_anchor,noise_0.01_seed155921,-41.16380065150577,0,0
reference_PI,D_add8,P_move_interior_Kc,reverse_off_anchor,noise_0.01_seed196613,-41.08377197986031,0,0
reference_PI,D_add8,P_move_interior_Kc,reverse_off_anchor,noise_0.01_seed262147,-40.96168142469283,0,0
reference_PI,D_add8,P_move_interior_Kc,reverse_off_anchor,noise_0.05_seed104729,-43.334650218054406,0,0
reference_PI,D_add8,P_move_interior_Kc,reverse_off_anchor,noise_0.05_seed130363,-43.20077449403764,0,0
reference_PI,D_add8,P_move_interior_Kc,reverse_off_anchor,noise_0.05_seed155921,-42.76000432101262,0,0
reference_PI,D_add8,P_move_interior_Kc,reverse_off_anchor,noise_0.05_seed196613,-43.573669241079315,0,0
reference_PI,D_add8,P_move_interior_Kc,reverse_off_anchor,noise_0.05_seed262147,-41.07945350242995,0,0
reference_PI,D_add8,P_move_interior_Kc,reverse_off_anchor,combined_seed104729,-7.201662564283595,2,1
reference_PI,D_add8,P_move_interior_Kc,reverse_off_anchor,combined_seed130363,-7.461862278581077,2,1
reference_PI,D_add8,P_move_interior_Kc,reverse_off_anchor,combined_seed155921,-7.3621717867180525,2,1
reference_PI,D_add8,P_move_interior_Kc,reverse_off_anchor,combined_seed196613,-7.440092841112078,2,1
reference_PI,D_add8,P_move_interior_Kc,reverse_off_anchor,combined_seed262147,-7.362046662063992,2,1
reference_PI,D_add8,P_move_interior_Kc,cross_equivalence,nominal,7.98318809114591,3,3
reference_PI,D_add8,P_move_interior_Kc,cross_equivalence,delay_minus30,7.337067619797599,2,3
reference_PI,D_add8,P_move_interior_Kc,cross_equivalence,delay_plus50,5.66426065469452,5,4
reference_PI,D_add8,P_move_interior_Kc,cross_equivalence,acid_plus15,8.347185465004682,5,5
reference_PI,D_add8,P_move_interior_Kc,cross_equivalence,acid_minus15,5.607214067983746,5,5
reference_PI,D_add8,P_move_interior_Kc,cross_equivalence,base_minus15,5.733311670246133,4,5
reference_PI,D_add8,P_move_interior_Kc,cross_equivalence,base_plus15,3.604714106007023,6,5
reference_PI,D_add8,P_move_interior_Kc,cross_equivalence,Kw_half,-5.907174186340214,3,3
reference_PI,D_add8,P_move_interior_Kc,cross_equivalence,Kw_double,2.5732352678140558,3,3
reference_PI,D_add8,P_move_interior_Kc,cross_equivalence,volume_plus20,10.998485298899062,4,4
reference_PI,D_add8,P_move_interior_Kc,cross_equivalence,volume_minus20,-0.10891016756521266,2,1
reference_PI,D_add8,P_move_interior_Kc,cross_equivalence,noise_0.01_seed104729,7.910727802655715,3,3
reference_PI,D_add8,P_move_interior_Kc,cross_equivalence,noise_0.01_seed130363,7.865584092694244,3,3
reference_PI,D_add8,P_move_interior_Kc,cross_equivalence,noise_0.01_seed155921,7.9306478685895465,3,3
reference_PI,D_add8,P_move_interior_Kc,cross_equivalence,noise_0.01_seed196613,7.90528144640974,3,3
reference_PI,D_add8,P_move_interior_Kc,cross_equivalence,noise_0.01_seed262147,7.877188820441439,3,3
reference_PI,D_add8,P_move_interior_Kc,cross_equivalence,noise_0.05_seed104729,7.584749634740584,3,3
reference_PI,D_add8,P_move_interior_Kc,cross_equivalence,noise_0.05_seed130363,7.442376034866349,3,3
reference_PI,D_add8,P_move_interior_Kc,cross_equivalence,noise_0.05_seed155921,7.507689207155743,3,3
reference_PI,D_add8,P_move_interior_Kc,cross_equivalence,noise_0.05_seed196613,7.638719158606588,3,3
reference_PI,D_add8,P_move_interior_Kc,cross_equivalence,noise_0.05_seed262147,7.508682724183102,3,3
reference_PI,D_add8,P_move_interior_Kc,cross_equivalence,combined_seed104729,1.3980771372270162,5,5
reference_PI,D_add8,P_move_interior_Kc,cross_equivalence,combined_seed130363,1.310926250093547,5,5
reference_PI,D_add8,P_move_interior_Kc,cross_equivalence,combined_seed155921,1.3038629857669681,6,6
reference_PI,D_add8,P_move_interior_Kc,cross_equivalence,combined_seed196613,1.3452939148352216,5,6
reference_PI,D_add8,P_move_interior_Kc,cross_equivalence,combined_seed262147,1.333996347806532,5,6
reference_PI,D_add8,P_move_interior_Kc,regulatory_off_anchor,nominal,0.23547846344424972,1,0
reference_PI,D_add8,P_move_interior_Kc,regulatory_off_anchor,delay_minus30,2.4000647279336373,0,0
reference_PI,D_add8,P_move_interior_Kc,regulatory_off_anchor,delay_plus50,-9.340720138276758,3,1
reference_PI,D_add8,P_move_interior_Kc,regulatory_off_anchor,acid_plus15,-0.5400872243946031,1,1
reference_PI,D_add8,P_move_interior_Kc,regulatory_off_anchor,acid_minus15,-1.1361616787603834,2,1
reference_PI,D_add8,P_move_interior_Kc,regulatory_off_anchor,base_minus15,-1.145058309661473,2,1
reference_PI,D_add8,P_move_interior_Kc,regulatory_off_anchor,base_plus15,-0.9434856989445795,2,1
reference_PI,D_add8,P_move_interior_Kc,regulatory_off_anchor,Kw_half,-8.384798534399051,1,0
reference_PI,D_add8,P_move_interior_Kc,regulatory_off_anchor,Kw_double,2.474994811217446,0,0
reference_PI,D_add8,P_move_interior_Kc,regulatory_off_anchor,volume_plus20,-0.6527411196207145,3,1
reference_PI,D_add8,P_move_interior_Kc,regulatory_off_anchor,volume_minus20,0.48940631599232454,0,0
reference_PI,D_add8,P_move_interior_Kc,regulatory_off_anchor,noise_0.01_seed104729,0.2805117193454221,1,0
reference_PI,D_add8,P_move_interior_Kc,regulatory_off_anchor,noise_0.01_seed130363,0.35440079237609723,1,0
reference_PI,D_add8,P_move_interior_Kc,regulatory_off_anchor,noise_0.01_seed155921,0.2860467830885671,1,0
reference_PI,D_add8,P_move_interior_Kc,regulatory_off_anchor,noise_0.01_seed196613,0.18977936746089608,1,0
reference_PI,D_add8,P_move_interior_Kc,regulatory_off_anchor,noise_0.01_seed262147,0.267147311811633,1,0
reference_PI,D_add8,P_move_interior_Kc,regulatory_off_anchor,noise_0.05_seed104729,0.1802598776706077,1,0
reference_PI,D_add8,P_move_interior_Kc,regulatory_off_anchor,noise_0.05_seed130363,0.8286832199931649,1,0
reference_PI,D_add8,P_move_interior_Kc,regulatory_off_anchor,noise_0.05_seed155921,0.2907794151329579,1,0
reference_PI,D_add8,P_move_interior_Kc,regulatory_off_anchor,noise_0.05_seed196613,-0.07890657421514291,1,0
reference_PI,D_add8,P_move_interior_Kc,regulatory_off_anchor,noise_0.05_seed262147,0.3846893227271053,1,0
reference_PI,D_add8,P_move_interior_Kc,regulatory_off_anchor,combined_seed104729,0.20028720101743502,4,3
reference_PI,D_add8,P_move_interior_Kc,regulatory_off_anchor,combined_seed130363,0.3031683955985631,4,3
reference_PI,D_add8,P_move_interior_Kc,regulatory_off_anchor,combined_seed155921,0.1350487701613945,4,3
reference_PI,D_add8,P_move_interior_Kc,regulatory_off_anchor,combined_seed196613,0.17751288320777547,4,3
reference_PI,D_add8,P_move_interior_Kc,regulatory_off_anchor,combined_seed262147,0.2514930476092747,4,3
reference_PI,A_original3,E_original5_retuned,reverse_off_anchor,nominal,4.2220788491441175,2,2
reference_PI,A_original3,E_original5_retuned,reverse_off_anchor,delay_minus30,-93.3669429848032,3,0
reference_PI,A_original3,E_original5_retuned,reverse_off_anchor,delay_plus50,16.561027166428175,2,3
reference_PI,A_original3,E_original5_retuned,reverse_off_anchor,acid_plus15,-12.161954870444946,3,2
reference_PI,A_original3,E_original5_retuned,reverse_off_anchor,acid_minus15,16.878910754105792,2,3
reference_PI,A_original3,E_original5_retuned,reverse_off_anchor,base_minus15,-77.20467939031931,3,0
reference_PI,A_original3,E_original5_retuned,reverse_off_anchor,base_plus15,29.107580583405014,2,3
reference_PI,A_original3,E_original5_retuned,reverse_off_anchor,Kw_half,-57.124451914624196,2,1
reference_PI,A_original3,E_original5_retuned,reverse_off_anchor,Kw_double,22.90103569704862,2,2
reference_PI,A_original3,E_original5_retuned,reverse_off_anchor,volume_plus20,-81.88318486552244,2,0
reference_PI,A_original3,E_original5_retuned,reverse_off_anchor,volume_minus20,-11.750364618443065,3,2
reference_PI,A_original3,E_original5_retuned,reverse_off_anchor,noise_0.01_seed104729,4.180584863849091,2,2
reference_PI,A_original3,E_original5_retuned,reverse_off_anchor,noise_0.01_seed130363,5.294839235144488,2,2
reference_PI,A_original3,E_original5_retuned,reverse_off_anchor,noise_0.01_seed155921,4.491182465948262,2,2
reference_PI,A_original3,E_original5_retuned,reverse_off_anchor,noise_0.01_seed196613,4.379369690781054,2,2
reference_PI,A_original3,E_original5_retuned,reverse_off_anchor,noise_0.01_seed262147,4.088895864999698,2,2
reference_PI,A_original3,E_original5_retuned,reverse_off_anchor,noise_0.05_seed104729,3.861027817730611,2,2
reference_PI,A_original3,E_original5_retuned,reverse_off_anchor,noise_0.05_seed130363,5.22670786383046,2,2
reference_PI,A_original3,E_original5_retuned,reverse_off_anchor,noise_0.05_seed155921,4.938428937396466,2,2
reference_PI,A_original3,E_original5_retuned,reverse_off_anchor,noise_0.05_seed196613,4.61793635969221,2,2
reference_PI,A_original3,E_original5_retuned,reverse_off_anchor,noise_0.05_seed262147,4.124806005568682,2,2
reference_PI,A_original3,E_original5_retuned,reverse_off_anchor,combined_seed104729,-50.46038976188281,3,2
reference_PI,A_original3,E_original5_retuned,reverse_off_anchor,combined_seed130363,-50.18312714782696,3,2
reference_PI,A_original3,E_original5_retuned,reverse_off_anchor,combined_seed155921,-49.02441750657177,3,2
reference_PI,A_original3,E_original5_retuned,reverse_off_anchor,combined_seed196613,-49.036937911355814,3,2
reference_PI,A_original3,E_original5_retuned,reverse_off_anchor,combined_seed262147,-50.406196085478506,3,2
reference_PI,A_original3,E_original5_retuned,cross_equivalence,nominal,21.25027597106126,4,4
reference_PI,A_original3,E_original5_retuned,cross_equivalence,delay_minus30,-35.96640926507819,4,0
reference_PI,A_original3,E_original5_retuned,cross_equivalence,delay_plus50,7.890423018012638,6,4
reference_PI,A_original3,E_original5_retuned,cross_equivalence,acid_plus15,-21.65098396437555,7,4
reference_PI,A_original3,E_original5_retuned,cross_equivalence,acid_minus15,-12.16844012012156,7,4
reference_PI,A_original3,E_original5_retuned,cross_equivalence,base_minus15,-56.793682103954346,5,1
reference_PI,A_original3,E_original5_retuned,cross_equivalence,base_plus15,20.428045086963387,7,6
reference_PI,A_original3,E_original5_retuned,cross_equivalence,Kw_half,-16.947946367814325,6,4
reference_PI,A_original3,E_original5_retuned,cross_equivalence,Kw_double,35.4605128314883,4,4
reference_PI,A_original3,E_original5_retuned,cross_equivalence,volume_plus20,-37.95541742113553,4,1
reference_PI,A_original3,E_original5_retuned,cross_equivalence,volume_minus20,26.848344287767766,6,5
reference_PI,A_original3,E_original5_retuned,cross_equivalence,noise_0.01_seed104729,2.272384208239542,4,3
reference_PI,A_original3,E_original5_retuned,cross_equivalence,noise_0.01_seed130363,21.218422812553882,4,4
reference_PI,A_original3,E_original5_retuned,cross_equivalence,noise_0.01_seed155921,21.090707856864466,4,4
reference_PI,A_original3,E_original5_retuned,cross_equivalence,noise_0.01_seed196613,21.173979562930057,4,4
reference_PI,A_original3,E_original5_retuned,cross_equivalence,noise_0.01_seed262147,20.954648305844437,4,4
reference_PI,A_original3,E_original5_retuned,cross_equivalence,noise_0.05_seed104729,23.241690300384498,4,4
reference_PI,A_original3,E_original5_retuned,cross_equivalence,noise_0.05_seed130363,21.200202683122814,4,4
reference_PI,A_original3,E_original5_retuned,cross_equivalence,noise_0.05_seed155921,3.097871796050189,4,3
reference_PI,A_original3,E_original5_retuned,cross_equivalence,noise_0.05_seed196613,22.12438145103224,4,4
reference_PI,A_original3,E_original5_retuned,cross_equivalence,noise_0.05_seed262147,23.403072466143172,6,4
reference_PI,A_original3,E_original5_retuned,cross_equivalence,combined_seed104729,-48.75776836371257,6,5
reference_PI,A_original3,E_original5_retuned,cross_equivalence,combined_seed130363,-55.26340643810037,6,2
reference_PI,A_original3,E_original5_retuned,cross_equivalence,combined_seed155921,-47.533425733470104,6,5
reference_PI,A_original3,E_original5_retuned,cross_equivalence,combined_seed196613,-47.68281937985693,6,4
reference_PI,A_original3,E_original5_retuned,cross_equivalence,combined_seed262147,-48.971717909450284,6,5
reference_PI,A_original3,E_original5_retuned,regulatory_off_anchor,nominal,16.557268639459522,3,3
reference_PI,A_original3,E_original5_retuned,regulatory_off_anchor,delay_minus30,-53.076533065187114,3,0
reference_PI,A_original3,E_original5_retuned,regulatory_off_anchor,delay_plus50,13.115121022887122,3,3
reference_PI,A_original3,E_original5_retuned,regulatory_off_anchor,acid_plus15,2.389904115679742,4,4
reference_PI,A_original3,E_original5_retuned,regulatory_off_anchor,acid_minus15,18.22159197420017,4,4
reference_PI,A_original3,E_original5_retuned,regulatory_off_anchor,base_minus15,-55.37118318144303,3,1
reference_PI,A_original3,E_original5_retuned,regulatory_off_anchor,base_plus15,27.299400557891417,4,4
reference_PI,A_original3,E_original5_retuned,regulatory_off_anchor,Kw_half,-7.291233254080409,4,3
reference_PI,A_original3,E_original5_retuned,regulatory_off_anchor,Kw_double,21.417973791698873,4,3
reference_PI,A_original3,E_original5_retuned,regulatory_off_anchor,volume_plus20,-60.07580046871877,3,0
reference_PI,A_original3,E_original5_retuned,regulatory_off_anchor,volume_minus20,28.53967272935547,3,3
reference_PI,A_original3,E_original5_retuned,regulatory_off_anchor,noise_0.01_seed104729,9.126162936814097,4,3
reference_PI,A_original3,E_original5_retuned,regulatory_off_anchor,noise_0.01_seed130363,13.150360941179095,4,3
reference_PI,A_original3,E_original5_retuned,regulatory_off_anchor,noise_0.01_seed155921,7.792618876638513,4,3
reference_PI,A_original3,E_original5_retuned,regulatory_off_anchor,noise_0.01_seed196613,9.71034537694555,4,3
reference_PI,A_original3,E_original5_retuned,regulatory_off_anchor,noise_0.01_seed262147,10.697258626590877,4,3
reference_PI,A_original3,E_original5_retuned,regulatory_off_anchor,noise_0.05_seed104729,9.032644236570286,4,3
reference_PI,A_original3,E_original5_retuned,regulatory_off_anchor,noise_0.05_seed130363,9.913572914498836,4,3
reference_PI,A_original3,E_original5_retuned,regulatory_off_anchor,noise_0.05_seed155921,8.675823630812452,4,3
reference_PI,A_original3,E_original5_retuned,regulatory_off_anchor,noise_0.05_seed196613,8.212805684448487,4,3
reference_PI,A_original3,E_original5_retuned,regulatory_off_anchor,noise_0.05_seed262147,8.270637743633236,4,3
reference_PI,A_original3,E_original5_retuned,regulatory_off_anchor,combined_seed104729,-37.035219618043534,4,4
reference_PI,A_original3,E_original5_retuned,regulatory_off_anchor,combined_seed130363,-36.352449860317925,4,4
reference_PI,A_original3,E_original5_retuned,regulatory_off_anchor,combined_seed155921,-36.76334014142514,4,4
reference_PI,A_original3,E_original5_retuned,regulatory_off_anchor,combined_seed196613,-37.16397269452278,4,4
reference_PI,A_original3,E_original5_retuned,regulatory_off_anchor,combined_seed262147,-36.444561368397935,4,4
IMC_PID,A_original3,B_analytic3,reverse_off_anchor,nominal,47.62897505803723,0,0
IMC_PID,A_original3,B_analytic3,reverse_off_anchor,delay_minus30,118.23326330650286,0,0
IMC_PID,A_original3,B_analytic3,reverse_off_anchor,delay_plus50,-80.02915370701658,2,0
IMC_PID,A_original3,B_analytic3,reverse_off_anchor,acid_plus15,-19.202620181593243,2,1
IMC_PID,A_original3,B_analytic3,reverse_off_anchor,acid_minus15,275.7299957061505,2,2
IMC_PID,A_original3,B_analytic3,reverse_off_anchor,base_minus15,-20.881095032084872,2,2
IMC_PID,A_original3,B_analytic3,reverse_off_anchor,base_plus15,254.3109099286553,2,2
IMC_PID,A_original3,B_analytic3,reverse_off_anchor,Kw_half,-60.99842618493969,0,0
IMC_PID,A_original3,B_analytic3,reverse_off_anchor,Kw_double,118.96887556250957,0,1
IMC_PID,A_original3,B_analytic3,reverse_off_anchor,volume_plus20,131.1155370115318,0,0
IMC_PID,A_original3,B_analytic3,reverse_off_anchor,volume_minus20,-24.648261988231635,1,0
IMC_PID,A_original3,B_analytic3,reverse_off_anchor,noise_0.01_seed104729,42.99804570329473,0,0
IMC_PID,A_original3,B_analytic3,reverse_off_anchor,noise_0.01_seed130363,43.38442014951702,0,0
IMC_PID,A_original3,B_analytic3,reverse_off_anchor,noise_0.01_seed155921,43.652115701296346,0,0
IMC_PID,A_original3,B_analytic3,reverse_off_anchor,noise_0.01_seed196613,52.899505011864825,1,0
IMC_PID,A_original3,B_analytic3,reverse_off_anchor,noise_0.01_seed262147,45.138158565442765,0,0
IMC_PID,A_original3,B_analytic3,reverse_off_anchor,noise_0.05_seed104729,30.135385636282287,1,0
IMC_PID,A_original3,B_analytic3,reverse_off_anchor,noise_0.05_seed130363,28.771583443069826,0,0
IMC_PID,A_original3,B_analytic3,reverse_off_anchor,noise_0.05_seed155921,38.25763268226679,0,0
IMC_PID,A_original3,B_analytic3,reverse_off_anchor,noise_0.05_seed196613,33.50404025719009,1,0
IMC_PID,A_original3,B_analytic3,reverse_off_anchor,noise_0.05_seed262147,31.490504048891776,0,0
IMC_PID,A_original3,B_analytic3,reverse_off_anchor,combined_seed104729,-23.98956383387876,4,3
IMC_PID,A_original3,B_analytic3,reverse_off_anchor,combined_seed130363,-23.76498282723385,4,3
IMC_PID,A_original3,B_analytic3,reverse_off_anchor,combined_seed155921,-24.243117655528266,4,3
IMC_PID,A_original3,B_analytic3,reverse_off_anchor,combined_seed196613,-24.24283726298897,4,3
IMC_PID,A_original3,B_analytic3,reverse_off_anchor,combined_seed262147,-23.864212674594942,4,3
IMC_PID,A_original3,B_analytic3,cross_equivalence,nominal,39.674509080579725,4,4
IMC_PID,A_original3,B_analytic3,cross_equivalence,delay_minus30,50.72688869521789,2,4
IMC_PID,A_original3,B_analytic3,cross_equivalence,delay_plus50,17.804894407138903,4,4
IMC_PID,A_original3,B_analytic3,cross_equivalence,acid_plus15,-6.045784074537586,7,6
IMC_PID,A_original3,B_analytic3,cross_equivalence,acid_minus15,39.244156410565246,5,5
IMC_PID,A_original3,B_analytic3,cross_equivalence,base_minus15,-3.493875232839816,6,6
IMC_PID,A_original3,B_analytic3,cross_equivalence,base_plus15,31.099805123415525,4,5
IMC_PID,A_original3,B_analytic3,cross_equivalence,Kw_half,22.457737879310958,4,4
IMC_PID,A_original3,B_analytic3,cross_equivalence,Kw_double,43.47328908762822,2,4
IMC_PID,A_original3,B_analytic3,cross_equivalence,volume_plus20,45.942390500011896,2,4
IMC_PID,A_original3,B_analytic3,cross_equivalence,volume_minus20,33.82469136462096,4,4
IMC_PID,A_original3,B_analytic3,cross_equivalence,noise_0.01_seed104729,39.65183261979166,4,4
IMC_PID,A_original3,B_analytic3,cross_equivalence,noise_0.01_seed130363,39.68945468324851,4,4
IMC_PID,A_original3,B_analytic3,cross_equivalence,noise_0.01_seed155921,39.64296359527035,4,4
IMC_PID,A_original3,B_analytic3,cross_equivalence,noise_0.01_seed196613,39.76643445557495,4,4
IMC_PID,A_original3,B_analytic3,cross_equivalence,noise_0.01_seed262147,39.58869340747244,4,4
IMC_PID,A_original3,B_analytic3,cross_equivalence,noise_0.05_seed104729,39.17006776097498,3,4
IMC_PID,A_original3,B_analytic3,cross_equivalence,noise_0.05_seed130363,39.86516661126214,4,5
IMC_PID,A_original3,B_analytic3,cross_equivalence,noise_0.05_seed155921,40.19680842620177,4,4
IMC_PID,A_original3,B_analytic3,cross_equivalence,noise_0.05_seed196613,40.15875419095274,4,4
IMC_PID,A_original3,B_analytic3,cross_equivalence,noise_0.05_seed262147,39.652925092165404,5,5
IMC_PID,A_original3,B_analytic3,cross_equivalence,combined_seed104729,-12.745976730840724,7,6
IMC_PID,A_original3,B_analytic3,cross_equivalence,combined_seed130363,-12.868797708488755,7,6
IMC_PID,A_original3,B_analytic3,cross_equivalence,combined_seed155921,-12.77241984399533,7,6
IMC_PID,A_original3,B_analytic3,cross_equivalence,combined_seed196613,-12.692779674788168,7,6
IMC_PID,A_original3,B_analytic3,cross_equivalence,combined_seed262147,-12.829821696230825,7,6
IMC_PID,A_original3,B_analytic3,regulatory_off_anchor,nominal,5.5518960436919285,2,1
IMC_PID,A_original3,B_analytic3,regulatory_off_anchor,delay_minus30,5.866821616199602,0,1
IMC_PID,A_original3,B_analytic3,regulatory_off_anchor,delay_plus50,-5.85846605679331,2,1
IMC_PID,A_original3,B_analytic3,regulatory_off_anchor,acid_plus15,11.200149528493153,2,3
IMC_PID,A_original3,B_analytic3,regulatory_off_anchor,acid_minus15,17.69584623016074,3,3
IMC_PID,A_original3,B_analytic3,regulatory_off_anchor,base_minus15,12.984852852094564,2,3
IMC_PID,A_original3,B_analytic3,regulatory_off_anchor,base_plus15,6.392776530588673,4,2
IMC_PID,A_original3,B_analytic3,regulatory_off_anchor,Kw_half,5.961233897944362,4,1
IMC_PID,A_original3,B_analytic3,regulatory_off_anchor,Kw_double,-1.4428862707913992,0,1
IMC_PID,A_original3,B_analytic3,regulatory_off_anchor,volume_plus20,8.527753409536597,0,1
IMC_PID,A_original3,B_analytic3,regulatory_off_anchor,volume_minus20,2.7167378530151387,3,1
IMC_PID,A_original3,B_analytic3,regulatory_off_anchor,noise_0.01_seed104729,5.593207793515376,1,1
IMC_PID,A_original3,B_analytic3,regulatory_off_anchor,noise_0.01_seed130363,5.457937347603781,2,1
IMC_PID,A_original3,B_analytic3,regulatory_off_anchor,noise_0.01_seed155921,5.490507370358921,2,1
IMC_PID,A_original3,B_analytic3,regulatory_off_anchor,noise_0.01_seed196613,5.634915153180953,3,1
IMC_PID,A_original3,B_analytic3,regulatory_off_anchor,noise_0.01_seed262147,5.44375334845999,1,1
IMC_PID,A_original3,B_analytic3,regulatory_off_anchor,noise_0.05_seed104729,5.717829784050021,3,1
IMC_PID,A_original3,B_analytic3,regulatory_off_anchor,noise_0.05_seed130363,4.8120011967539345,2,1
IMC_PID,A_original3,B_analytic3,regulatory_off_anchor,noise_0.05_seed155921,4.660945673778327,2,1
IMC_PID,A_original3,B_analytic3,regulatory_off_anchor,noise_0.05_seed196613,4.906471892682052,3,1
IMC_PID,A_original3,B_analytic3,regulatory_off_anchor,noise_0.05_seed262147,5.7659400081144785,4,1
IMC_PID,A_original3,B_analytic3,regulatory_off_anchor,combined_seed104729,-24.489691142684432,4,3
IMC_PID,A_original3,B_analytic3,regulatory_off_anchor,combined_seed130363,-24.628075913474834,3,3
IMC_PID,A_original3,B_analytic3,regulatory_off_anchor,combined_seed155921,-24.92318168588441,3,2
IMC_PID,A_original3,B_analytic3,regulatory_off_anchor,combined_seed196613,-24.725869617710583,4,3
IMC_PID,A_original3,B_analytic3,regulatory_off_anchor,combined_seed262147,-24.76228335702465,3,3
IMC_PID,B_analytic3,C_add7,reverse_off_anchor,nominal,102.85859729479654,0,0
IMC_PID,B_analytic3,C_add7,reverse_off_anchor,delay_minus30,116.78658854822834,0,0
IMC_PID,B_analytic3,C_add7,reverse_off_anchor,delay_plus50,77.55065756156667,0,0
IMC_PID,B_analytic3,C_add7,reverse_off_anchor,acid_plus15,15.531966938459995,1,2
IMC_PID,B_analytic3,C_add7,reverse_off_anchor,acid_minus15,2.9754856604887525,2,2
IMC_PID,B_analytic3,C_add7,reverse_off_anchor,base_minus15,6.081351613208574,2,2
IMC_PID,B_analytic3,C_add7,reverse_off_anchor,base_plus15,3.2511115501256738,2,2
IMC_PID,B_analytic3,C_add7,reverse_off_anchor,Kw_half,136.67947992543512,0,0
IMC_PID,B_analytic3,C_add7,reverse_off_anchor,Kw_double,105.46978548789316,1,1
IMC_PID,B_analytic3,C_add7,reverse_off_anchor,volume_plus20,68.2700006325032,0,0
IMC_PID,B_analytic3,C_add7,reverse_off_anchor,volume_minus20,140.3577984416632,0,0
IMC_PID,B_analytic3,C_add7,reverse_off_anchor,noise_0.01_seed104729,102.12943809331341,0,0
IMC_PID,B_analytic3,C_add7,reverse_off_anchor,noise_0.01_seed130363,102.41819135777565,0,0
IMC_PID,B_analytic3,C_add7,reverse_off_anchor,noise_0.01_seed155921,101.94300405861867,0,0
IMC_PID,B_analytic3,C_add7,reverse_off_anchor,noise_0.01_seed196613,102.95698353702952,0,0
IMC_PID,B_analytic3,C_add7,reverse_off_anchor,noise_0.01_seed262147,101.82043289267955,0,0
IMC_PID,B_analytic3,C_add7,reverse_off_anchor,noise_0.05_seed104729,85.42154298642461,0,0
IMC_PID,B_analytic3,C_add7,reverse_off_anchor,noise_0.05_seed130363,95.79822491865563,0,0
IMC_PID,B_analytic3,C_add7,reverse_off_anchor,noise_0.05_seed155921,95.76135130258359,0,0
IMC_PID,B_analytic3,C_add7,reverse_off_anchor,noise_0.05_seed196613,95.65743028043656,0,0
IMC_PID,B_analytic3,C_add7,reverse_off_anchor,noise_0.05_seed262147,98.6397442882067,0,0
IMC_PID,B_analytic3,C_add7,reverse_off_anchor,combined_seed104729,1.773074993899204,3,4
IMC_PID,B_analytic3,C_add7,reverse_off_anchor,combined_seed130363,1.8384606771575607,3,4
IMC_PID,B_analytic3,C_add7,reverse_off_anchor,combined_seed155921,1.845287843616239,3,4
IMC_PID,B_analytic3,C_add7,reverse_off_anchor,combined_seed196613,1.9981733981793148,3,4
IMC_PID,B_analytic3,C_add7,reverse_off_anchor,combined_seed262147,1.7456576628200882,3,4
IMC_PID,B_analytic3,C_add7,cross_equivalence,nominal,2.1241287198441983,4,4
IMC_PID,B_analytic3,C_add7,cross_equivalence,delay_minus30,1.8699384379878392,4,4
IMC_PID,B_analytic3,C_add7,cross_equivalence,delay_plus50,2.76781157035515,4,5
IMC_PID,B_analytic3,C_add7,cross_equivalence,acid_plus15,0.8850865605891212,6,6
IMC_PID,B_analytic3,C_add7,cross_equivalence,acid_minus15,2.661198470744819,5,7
IMC_PID,B_analytic3,C_add7,cross_equivalence,base_minus15,0.7200586451332036,6,6
IMC_PID,B_analytic3,C_add7,cross_equivalence,base_plus15,1.9066802350246492,5,6
IMC_PID,B_analytic3,C_add7,cross_equivalence,Kw_half,2.2424916247945514,4,4
IMC_PID,B_analytic3,C_add7,cross_equivalence,Kw_double,2.0582898191207066,4,4
IMC_PID,B_analytic3,C_add7,cross_equivalence,volume_plus20,3.045882055257909,4,6
IMC_PID,B_analytic3,C_add7,cross_equivalence,volume_minus20,1.7298055596014272,4,5
IMC_PID,B_analytic3,C_add7,cross_equivalence,noise_0.01_seed104729,2.1382304180953327,4,4
IMC_PID,B_analytic3,C_add7,cross_equivalence,noise_0.01_seed130363,2.1442881570556294,4,4
IMC_PID,B_analytic3,C_add7,cross_equivalence,noise_0.01_seed155921,2.1579859269653445,4,4
IMC_PID,B_analytic3,C_add7,cross_equivalence,noise_0.01_seed196613,2.1498810999115214,4,4
IMC_PID,B_analytic3,C_add7,cross_equivalence,noise_0.01_seed262147,2.1049837616611944,4,4
IMC_PID,B_analytic3,C_add7,cross_equivalence,noise_0.05_seed104729,2.026007992651624,4,4
IMC_PID,B_analytic3,C_add7,cross_equivalence,noise_0.05_seed130363,2.0895293954242833,5,5
IMC_PID,B_analytic3,C_add7,cross_equivalence,noise_0.05_seed155921,2.436722740862818,4,5
IMC_PID,B_analytic3,C_add7,cross_equivalence,noise_0.05_seed196613,2.3147084297997056,4,5
IMC_PID,B_analytic3,C_add7,cross_equivalence,noise_0.05_seed262147,1.5754925355462301,5,5
IMC_PID,B_analytic3,C_add7,cross_equivalence,combined_seed104729,0.26036157723983155,6,7
IMC_PID,B_analytic3,C_add7,cross_equivalence,combined_seed130363,0.4235251528429407,6,7
IMC_PID,B_analytic3,C_add7,cross_equivalence,combined_seed155921,0.28141555069503,6,7
IMC_PID,B_analytic3,C_add7,cross_equivalence,combined_seed196613,0.3020250769914412,6,7
IMC_PID,B_analytic3,C_add7,cross_equivalence,combined_seed262147,0.36502748877622615,6,7
IMC_PID,B_analytic3,C_add7,regulatory_off_anchor,nominal,5.884590841773618,1,1
IMC_PID,B_analytic3,C_add7,regulatory_off_anchor,delay_minus30,7.722108528647054,1,2
IMC_PID,B_analytic3,C_add7,regulatory_off_anchor,delay_plus50,2.3543657097508275,1,1
IMC_PID,B_analytic3,C_add7,regulatory_off_anchor,acid_plus15,2.511237222857421,3,3
IMC_PID,B_analytic3,C_add7,regulatory_off_anchor,acid_minus15,0.8278237901561125,3,3
IMC_PID,B_analytic3,C_add7,regulatory_off_anchor,base_minus15,2.3542704154049465,3,4
IMC_PID,B_analytic3,C_add7,regulatory_off_anchor,base_plus15,2.088950230943043,2,3
IMC_PID,B_analytic3,C_add7,regulatory_off_anchor,Kw_half,1.5084479210250246,1,1
IMC_PID,B_analytic3,C_add7,regulatory_off_anchor,Kw_double,7.033428725276902,1,2
IMC_PID,B_analytic3,C_add7,regulatory_off_anchor,volume_plus20,-0.26550586466140835,1,2
IMC_PID,B_analytic3,C_add7,regulatory_off_anchor,volume_minus20,6.2739234676792766,1,2
IMC_PID,B_analytic3,C_add7,regulatory_off_anchor,noise_0.01_seed104729,5.867849944471737,1,2
IMC_PID,B_analytic3,C_add7,regulatory_off_anchor,noise_0.01_seed130363,5.887260459195476,1,2
IMC_PID,B_analytic3,C_add7,regulatory_off_anchor,noise_0.01_seed155921,5.837326995150605,1,1
IMC_PID,B_analytic3,C_add7,regulatory_off_anchor,noise_0.01_seed196613,5.91764714127665,1,2
IMC_PID,B_analytic3,C_add7,regulatory_off_anchor,noise_0.01_seed262147,5.882107384199209,1,2
IMC_PID,B_analytic3,C_add7,regulatory_off_anchor,noise_0.05_seed104729,5.455522418008929,1,2
IMC_PID,B_analytic3,C_add7,regulatory_off_anchor,noise_0.05_seed130363,5.9505107150527925,1,2
IMC_PID,B_analytic3,C_add7,regulatory_off_anchor,noise_0.05_seed155921,6.004801054618225,1,2
IMC_PID,B_analytic3,C_add7,regulatory_off_anchor,noise_0.05_seed196613,6.663702630348234,1,2
IMC_PID,B_analytic3,C_add7,regulatory_off_anchor,noise_0.05_seed262147,5.206900747181975,1,2
IMC_PID,B_analytic3,C_add7,regulatory_off_anchor,combined_seed104729,1.9050840211723097,3,3
IMC_PID,B_analytic3,C_add7,regulatory_off_anchor,combined_seed130363,1.1586995184921456,3,3
IMC_PID,B_analytic3,C_add7,regulatory_off_anchor,combined_seed155921,1.7860431806765442,2,3
IMC_PID,B_analytic3,C_add7,regulatory_off_anchor,combined_seed196613,1.889430386676727,3,4
IMC_PID,B_analytic3,C_add7,regulatory_off_anchor,combined_seed262147,2.2090506266521537,3,4
IMC_PID,C_add7,D_add8,reverse_off_anchor,nominal,29.356348131616116,0,0
IMC_PID,C_add7,D_add8,reverse_off_anchor,delay_minus30,30.040985481430106,0,0
IMC_PID,C_add7,D_add8,reverse_off_anchor,delay_plus50,30.33699642246379,0,0
IMC_PID,C_add7,D_add8,reverse_off_anchor,acid_plus15,2.3411759745713523,2,2
IMC_PID,C_add7,D_add8,reverse_off_anchor,acid_minus15,0.749467072514598,2,2
IMC_PID,C_add7,D_add8,reverse_off_anchor,base_minus15,0.6014411943888964,2,2
IMC_PID,C_add7,D_add8,reverse_off_anchor,base_plus15,1.122541349057471,2,2
IMC_PID,C_add7,D_add8,reverse_off_anchor,Kw_half,23.242472447977704,0,0
IMC_PID,C_add7,D_add8,reverse_off_anchor,Kw_double,34.54514372287301,1,1
IMC_PID,C_add7,D_add8,reverse_off_anchor,volume_plus20,31.206427859652663,0,0
IMC_PID,C_add7,D_add8,reverse_off_anchor,volume_minus20,30.882759343545274,0,0
IMC_PID,C_add7,D_add8,reverse_off_anchor,noise_0.01_seed104729,29.65787162862108,0,0
IMC_PID,C_add7,D_add8,reverse_off_anchor,noise_0.01_seed130363,29.306176914098025,0,0
IMC_PID,C_add7,D_add8,reverse_off_anchor,noise_0.01_seed155921,29.21613937050529,0,0
IMC_PID,C_add7,D_add8,reverse_off_anchor,noise_0.01_seed196613,29.44451445824605,0,0
IMC_PID,C_add7,D_add8,reverse_off_anchor,noise_0.01_seed262147,29.56542685169008,0,0
IMC_PID,C_add7,D_add8,reverse_off_anchor,noise_0.05_seed104729,31.3832401431128,0,0
IMC_PID,C_add7,D_add8,reverse_off_anchor,noise_0.05_seed130363,27.341394575027465,0,0
IMC_PID,C_add7,D_add8,reverse_off_anchor,noise_0.05_seed155921,21.398751050071873,0,0
IMC_PID,C_add7,D_add8,reverse_off_anchor,noise_0.05_seed196613,28.574198784689386,0,0
IMC_PID,C_add7,D_add8,reverse_off_anchor,noise_0.05_seed262147,27.576730305862853,0,0
IMC_PID,C_add7,D_add8,reverse_off_anchor,combined_seed104729,0.03063018858968647,4,3
IMC_PID,C_add7,D_add8,reverse_off_anchor,combined_seed130363,-0.6597810625919798,4,3
IMC_PID,C_add7,D_add8,reverse_off_anchor,combined_seed155921,0.2147741092410449,4,3
IMC_PID,C_add7,D_add8,reverse_off_anchor,combined_seed196613,0.4433094116468306,4,3
IMC_PID,C_add7,D_add8,reverse_off_anchor,combined_seed262147,-0.12535224651243349,4,3
IMC_PID,C_add7,D_add8,cross_equivalence,nominal,2.1404408886772197,4,4
IMC_PID,C_add7,D_add8,cross_equivalence,delay_minus30,2.272155669346576,4,4
IMC_PID,C_add7,D_add8,cross_equivalence,delay_plus50,1.9384323925457636,5,5
IMC_PID,C_add7,D_add8,cross_equivalence,acid_plus15,1.1825510745909318,6,7
IMC_PID,C_add7,D_add8,cross_equivalence,acid_minus15,1.1090924052149953,7,7
IMC_PID,C_add7,D_add8,cross_equivalence,base_minus15,0.8222287439107134,6,7
IMC_PID,C_add7,D_add8,cross_equivalence,base_plus15,1.837508711304392,6,6
IMC_PID,C_add7,D_add8,cross_equivalence,Kw_half,3.1792844362859007,4,5
IMC_PID,C_add7,D_add8,cross_equivalence,Kw_double,1.8514774230341091,4,6
IMC_PID,C_add7,D_add8,cross_equivalence,volume_plus20,1.9368472762762767,6,6
IMC_PID,C_add7,D_add8,cross_equivalence,volume_minus20,0.7709773489045002,5,5
IMC_PID,C_add7,D_add8,cross_equivalence,noise_0.01_seed104729,2.144421623351156,4,4
IMC_PID,C_add7,D_add8,cross_equivalence,noise_0.01_seed130363,2.1170596994871893,4,4
IMC_PID,C_add7,D_add8,cross_equivalence,noise_0.01_seed155921,2.127769568357163,4,4
IMC_PID,C_add7,D_add8,cross_equivalence,noise_0.01_seed196613,2.1434782415406195,4,4
IMC_PID,C_add7,D_add8,cross_equivalence,noise_0.01_seed262147,2.153274319283782,4,4
IMC_PID,C_add7,D_add8,cross_equivalence,noise_0.05_seed104729,2.1169502959176967,4,4
IMC_PID,C_add7,D_add8,cross_equivalence,noise_0.05_seed130363,2.0668979298883894,5,5
IMC_PID,C_add7,D_add8,cross_equivalence,noise_0.05_seed155921,2.0829128880125225,5,4
IMC_PID,C_add7,D_add8,cross_equivalence,noise_0.05_seed196613,2.139859889414386,5,4
IMC_PID,C_add7,D_add8,cross_equivalence,noise_0.05_seed262147,2.535566915551035,5,5
IMC_PID,C_add7,D_add8,cross_equivalence,combined_seed104729,0.10319242619138969,7,7
IMC_PID,C_add7,D_add8,cross_equivalence,combined_seed130363,0.0826751020848393,7,7
IMC_PID,C_add7,D_add8,cross_equivalence,combined_seed155921,0.06747436224376901,7,7
IMC_PID,C_add7,D_add8,cross_equivalence,combined_seed196613,0.006535305981780759,7,7
IMC_PID,C_add7,D_add8,cross_equivalence,combined_seed262147,0.044087693445815646,7,7
IMC_PID,C_add7,D_add8,regulatory_off_anchor,nominal,-0.04786456637382308,1,1
IMC_PID,C_add7,D_add8,regulatory_off_anchor,delay_minus30,0.08198336401681328,2,2
IMC_PID,C_add7,D_add8,regulatory_off_anchor,delay_plus50,1.7244755386584876,1,2
IMC_PID,C_add7,D_add8,regulatory_off_anchor,acid_plus15,0.2687534332966868,3,4
IMC_PID,C_add7,D_add8,regulatory_off_anchor,acid_minus15,1.125539661379582,3,3
IMC_PID,C_add7,D_add8,regulatory_off_anchor,base_minus15,0.10022896100359002,4,4
IMC_PID,C_add7,D_add8,regulatory_off_anchor,base_plus15,2.0242602153350164,3,3
IMC_PID,C_add7,D_add8,regulatory_off_anchor,Kw_half,2.502341253612461,1,1
IMC_PID,C_add7,D_add8,regulatory_off_anchor,Kw_double,-1.4425852491291469,2,4
IMC_PID,C_add7,D_add8,regulatory_off_anchor,volume_plus20,2.0604752131847537,2,3
IMC_PID,C_add7,D_add8,regulatory_off_anchor,volume_minus20,1.4807662811815447,2,2
IMC_PID,C_add7,D_add8,regulatory_off_anchor,noise_0.01_seed104729,-0.06891890949355384,2,1
IMC_PID,C_add7,D_add8,regulatory_off_anchor,noise_0.01_seed130363,-0.06002055658793637,2,1
IMC_PID,C_add7,D_add8,regulatory_off_anchor,noise_0.01_seed155921,0.024337185073330936,1,1
IMC_PID,C_add7,D_add8,regulatory_off_anchor,noise_0.01_seed196613,-0.05463491104628071,2,1
IMC_PID,C_add7,D_add8,regulatory_off_anchor,noise_0.01_seed262147,-0.06212081510557077,2,2
IMC_PID,C_add7,D_add8,regulatory_off_anchor,noise_0.05_seed104729,-0.18201554474142068,2,2
IMC_PID,C_add7,D_add8,regulatory_off_anchor,noise_0.05_seed130363,-0.1646652918813718,2,1
IMC_PID,C_add7,D_add8,regulatory_off_anchor,noise_0.05_seed155921,0.6475118727725659,2,2
IMC_PID,C_add7,D_add8,regulatory_off_anchor,noise_0.05_seed196613,0.2842036135758397,2,2
IMC_PID,C_add7,D_add8,regulatory_off_anchor,noise_0.05_seed262147,0.47348734312162577,2,2
IMC_PID,C_add7,D_add8,regulatory_off_anchor,combined_seed104729,0.6195734983903467,3,4
IMC_PID,C_add7,D_add8,regulatory_off_anchor,combined_seed130363,1.5706093976605384,3,4
IMC_PID,C_add7,D_add8,regulatory_off_anchor,combined_seed155921,1.0037234920251992,3,4
IMC_PID,C_add7,D_add8,regulatory_off_anchor,combined_seed196613,0.8121716263082668,4,4
IMC_PID,C_add7,D_add8,regulatory_off_anchor,combined_seed262147,0.3724890263778091,4,4
IMC_PID,D_add8,D2_resample_Ti_Td,reverse_off_anchor,nominal,6.588705943877526,0,0
IMC_PID,D_add8,D2_resample_Ti_Td,reverse_off_anchor,delay_minus30,3.522070564508417,0,0
IMC_PID,D_add8,D2_resample_Ti_Td,reverse_off_anchor,delay_plus50,8.994690646692982,0,0
IMC_PID,D_add8,D2_resample_Ti_Td,reverse_off_anchor,acid_plus15,-0.7070669107704264,2,2
IMC_PID,D_add8,D2_resample_Ti_Td,reverse_off_anchor,acid_minus15,-0.009540327082746547,2,2
IMC_PID,D_add8,D2_resample_Ti_Td,reverse_off_anchor,base_minus15,2.609717553571733,2,2
IMC_PID,D_add8,D2_resample_Ti_Td,reverse_off_anchor,base_plus15,-0.12041252142893644,2,2
IMC_PID,D_add8,D2_resample_Ti_Td,reverse_off_anchor,Kw_half,4.31350346960746,0,0
IMC_PID,D_add8,D2_resample_Ti_Td,reverse_off_anchor,Kw_double,1.3668697040295275,1,1
IMC_PID,D_add8,D2_resample_Ti_Td,reverse_off_anchor,volume_plus20,8.582806058319537,0,0
IMC_PID,D_add8,D2_resample_Ti_Td,reverse_off_anchor,volume_minus20,2.573718538244263,0,0
IMC_PID,D_add8,D2_resample_Ti_Td,reverse_off_anchor,noise_0.01_seed104729,6.449899427699979,0,0
IMC_PID,D_add8,D2_resample_Ti_Td,reverse_off_anchor,noise_0.01_seed130363,6.513275533871332,0,0
IMC_PID,D_add8,D2_resample_Ti_Td,reverse_off_anchor,noise_0.01_seed155921,6.66649216221562,0,0
IMC_PID,D_add8,D2_resample_Ti_Td,reverse_off_anchor,noise_0.01_seed196613,6.3355361789834586,0,0
IMC_PID,D_add8,D2_resample_Ti_Td,reverse_off_anchor,noise_0.01_seed262147,6.580593358633324,0,0
IMC_PID,D_add8,D2_resample_Ti_Td,reverse_off_anchor,noise_0.05_seed104729,9.60800544711853,0,0
IMC_PID,D_add8,D2_resample_Ti_Td,reverse_off_anchor,noise_0.05_seed130363,6.192217941279754,0,0
IMC_PID,D_add8,D2_resample_Ti_Td,reverse_off_anchor,noise_0.05_seed155921,5.684093337815455,0,0
IMC_PID,D_add8,D2_resample_Ti_Td,reverse_off_anchor,noise_0.05_seed196613,8.29389196175545,0,0
IMC_PID,D_add8,D2_resample_Ti_Td,reverse_off_anchor,noise_0.05_seed262147,6.19120075873143,0,0
IMC_PID,D_add8,D2_resample_Ti_Td,reverse_off_anchor,combined_seed104729,2.1296590444063845,3,4
IMC_PID,D_add8,D2_resample_Ti_Td,reverse_off_anchor,combined_seed130363,1.55288298182501,3,4
IMC_PID,D_add8,D2_resample_Ti_Td,reverse_off_anchor,combined_seed155921,2.006635157596981,3,4
IMC_PID,D_add8,D2_resample_Ti_Td,reverse_off_anchor,combined_seed196613,1.8781985609279905,3,4
IMC_PID,D_add8,D2_resample_Ti_Td,reverse_off_anchor,combined_seed262147,2.0559924496037274,3,4
IMC_PID,D_add8,D2_resample_Ti_Td,cross_equivalence,nominal,0.415908531459519,4,5
IMC_PID,D_add8,D2_resample_Ti_Td,cross_equivalence,delay_minus30,0.21338326286861609,4,5
IMC_PID,D_add8,D2_resample_Ti_Td,cross_equivalence,delay_plus50,0.5478774020815536,5,4
IMC_PID,D_add8,D2_resample_Ti_Td,cross_equivalence,acid_plus15,0.06319597474420124,7,7
IMC_PID,D_add8,D2_resample_Ti_Td,cross_equivalence,acid_minus15,0.05921621187654491,7,7
IMC_PID,D_add8,D2_resample_Ti_Td,cross_equivalence,base_minus15,-0.14571257694316886,7,7
IMC_PID,D_add8,D2_resample_Ti_Td,cross_equivalence,base_plus15,0.05566505827556689,6,7
IMC_PID,D_add8,D2_resample_Ti_Td,cross_equivalence,Kw_half,0.3926411081777603,5,5
IMC_PID,D_add8,D2_resample_Ti_Td,cross_equivalence,Kw_double,-0.8403610748202506,6,6
IMC_PID,D_add8,D2_resample_Ti_Td,cross_equivalence,volume_plus20,0.581121280076613,6,5
IMC_PID,D_add8,D2_resample_Ti_Td,cross_equivalence,volume_minus20,-0.4225456195624977,5,4
IMC_PID,D_add8,D2_resample_Ti_Td,cross_equivalence,noise_0.01_seed104729,0.4114423446423654,4,5
IMC_PID,D_add8,D2_resample_Ti_Td,cross_equivalence,noise_0.01_seed130363,0.4426748950564052,4,5
IMC_PID,D_add8,D2_resample_Ti_Td,cross_equivalence,noise_0.01_seed155921,0.40532953707319574,4,5
IMC_PID,D_add8,D2_resample_Ti_Td,cross_equivalence,noise_0.01_seed196613,0.4218362566956735,4,5
IMC_PID,D_add8,D2_resample_Ti_Td,cross_equivalence,noise_0.01_seed262147,0.40486590879864615,4,5
IMC_PID,D_add8,D2_resample_Ti_Td,cross_equivalence,noise_0.05_seed104729,0.2962898251045898,4,5
IMC_PID,D_add8,D2_resample_Ti_Td,cross_equivalence,noise_0.05_seed130363,0.20350737414147613,5,6
IMC_PID,D_add8,D2_resample_Ti_Td,cross_equivalence,noise_0.05_seed155921,0.434872485114135,4,5
IMC_PID,D_add8,D2_resample_Ti_Td,cross_equivalence,noise_0.05_seed196613,0.4977456776173783,4,5
IMC_PID,D_add8,D2_resample_Ti_Td,cross_equivalence,noise_0.05_seed262147,0.37205759463876387,5,6
IMC_PID,D_add8,D2_resample_Ti_Td,cross_equivalence,combined_seed104729,-0.02626315149150127,7,7
IMC_PID,D_add8,D2_resample_Ti_Td,cross_equivalence,combined_seed130363,-0.1390157815978288,7,7
IMC_PID,D_add8,D2_resample_Ti_Td,cross_equivalence,combined_seed155921,0.15187254678605822,7,6
IMC_PID,D_add8,D2_resample_Ti_Td,cross_equivalence,combined_seed196613,0.3837788044963819,7,7
IMC_PID,D_add8,D2_resample_Ti_Td,cross_equivalence,combined_seed262147,0.10957901527628433,7,6
IMC_PID,D_add8,D2_resample_Ti_Td,regulatory_off_anchor,nominal,2.455165975695195,1,2
IMC_PID,D_add8,D2_resample_Ti_Td,regulatory_off_anchor,delay_minus30,0.6373689135988903,2,2
IMC_PID,D_add8,D2_resample_Ti_Td,regulatory_off_anchor,delay_plus50,0.08852377384860333,2,2
IMC_PID,D_add8,D2_resample_Ti_Td,regulatory_off_anchor,acid_plus15,-0.0533923303556727,4,4
IMC_PID,D_add8,D2_resample_Ti_Td,regulatory_off_anchor,acid_minus15,0.05228587855290456,3,4
IMC_PID,D_add8,D2_resample_Ti_Td,regulatory_off_anchor,base_minus15,-0.34362406387307143,4,4
IMC_PID,D_add8,D2_resample_Ti_Td,regulatory_off_anchor,base_plus15,-0.10054742859620935,3,3
IMC_PID,D_add8,D2_resample_Ti_Td,regulatory_off_anchor,Kw_half,0.47125672376346905,1,2
IMC_PID,D_add8,D2_resample_Ti_Td,regulatory_off_anchor,Kw_double,-0.2544970480112707,4,2
IMC_PID,D_add8,D2_resample_Ti_Td,regulatory_off_anchor,volume_plus20,-0.07524060373625963,3,3
IMC_PID,D_add8,D2_resample_Ti_Td,regulatory_off_anchor,volume_minus20,-0.6557551809670548,2,3
IMC_PID,D_add8,D2_resample_Ti_Td,regulatory_off_anchor,noise_0.01_seed104729,2.444225246736176,1,2
IMC_PID,D_add8,D2_resample_Ti_Td,regulatory_off_anchor,noise_0.01_seed130363,2.4634870489842253,1,2
IMC_PID,D_add8,D2_resample_Ti_Td,regulatory_off_anchor,noise_0.01_seed155921,2.429624373274275,1,2
IMC_PID,D_add8,D2_resample_Ti_Td,regulatory_off_anchor,noise_0.01_seed196613,2.4156979322408567,1,2
IMC_PID,D_add8,D2_resample_Ti_Td,regulatory_off_anchor,noise_0.01_seed262147,2.484690083764929,2,2
IMC_PID,D_add8,D2_resample_Ti_Td,regulatory_off_anchor,noise_0.05_seed104729,2.443535188357693,2,2
IMC_PID,D_add8,D2_resample_Ti_Td,regulatory_off_anchor,noise_0.05_seed130363,2.197029933539829,1,2
IMC_PID,D_add8,D2_resample_Ti_Td,regulatory_off_anchor,noise_0.05_seed155921,1.7878213017394229,2,2
IMC_PID,D_add8,D2_resample_Ti_Td,regulatory_off_anchor,noise_0.05_seed196613,1.5089683017475597,2,2
IMC_PID,D_add8,D2_resample_Ti_Td,regulatory_off_anchor,noise_0.05_seed262147,1.426233366071461,2,2
IMC_PID,D_add8,D2_resample_Ti_Td,regulatory_off_anchor,combined_seed104729,-0.46970094792585515,4,4
IMC_PID,D_add8,D2_resample_Ti_Td,regulatory_off_anchor,combined_seed130363,-0.41131816212629513,4,4
IMC_PID,D_add8,D2_resample_Ti_Td,regulatory_off_anchor,combined_seed155921,-0.461570976448622,4,4
IMC_PID,D_add8,D2_resample_Ti_Td,regulatory_off_anchor,combined_seed196613,-0.5206475267615418,4,4
IMC_PID,D_add8,D2_resample_Ti_Td,regulatory_off_anchor,combined_seed262147,-0.5263413122810201,4,4
IMC_PID,D2_resample_Ti_Td,E_original5_retuned,reverse_off_anchor,nominal,-64.07782599367242,0,0
IMC_PID,D2_resample_Ti_Td,E_original5_retuned,reverse_off_anchor,delay_minus30,-62.51090078458499,0,0
IMC_PID,D2_resample_Ti_Td,E_original5_retuned,reverse_off_anchor,delay_plus50,-40.645573921768786,0,0
IMC_PID,D2_resample_Ti_Td,E_original5_retuned,reverse_off_anchor,acid_plus15,-30.66229576969238,2,1
IMC_PID,D2_resample_Ti_Td,E_original5_retuned,reverse_off_anchor,acid_minus15,-80.39157083119835,2,1
IMC_PID,D2_resample_Ti_Td,E_original5_retuned,reverse_off_anchor,base_minus15,-56.161124016243114,2,1
IMC_PID,D2_resample_Ti_Td,E_original5_retuned,reverse_off_anchor,base_plus15,-80.91828088438423,2,1
IMC_PID,D2_resample_Ti_Td,E_original5_retuned,reverse_off_anchor,Kw_half,-65.71758487826516,0,0
IMC_PID,D2_resample_Ti_Td,E_original5_retuned,reverse_off_anchor,Kw_double,-66.42370132680256,1,0
IMC_PID,D2_resample_Ti_Td,E_original5_retuned,reverse_off_anchor,volume_plus20,-65.9355887931969,0,0
IMC_PID,D2_resample_Ti_Td,E_original5_retuned,reverse_off_anchor,volume_minus20,-62.619033951994716,0,0
IMC_PID,D2_resample_Ti_Td,E_original5_retuned,reverse_off_anchor,noise_0.01_seed104729,-64.12788448170055,0,0
IMC_PID,D2_resample_Ti_Td,E_original5_retuned,reverse_off_anchor,noise_0.01_seed130363,-63.42389188726407,0,0
IMC_PID,D2_resample_Ti_Td,E_original5_retuned,reverse_off_anchor,noise_0.01_seed155921,-63.4561916064772,0,0
IMC_PID,D2_resample_Ti_Td,E_original5_retuned,reverse_off_anchor,noise_0.01_seed196613,-64.38170338095117,0,0
IMC_PID,D2_resample_Ti_Td,E_original5_retuned,reverse_off_anchor,noise_0.01_seed262147,-63.7925229435175,0,0
IMC_PID,D2_resample_Ti_Td,E_original5_retuned,reverse_off_anchor,noise_0.05_seed104729,-59.05043296779209,0,1
IMC_PID,D2_resample_Ti_Td,E_original5_retuned,reverse_off_anchor,noise_0.05_seed130363,-60.63442659473678,0,2
IMC_PID,D2_resample_Ti_Td,E_original5_retuned,reverse_off_anchor,noise_0.05_seed155921,-53.76252790089261,0,0
IMC_PID,D2_resample_Ti_Td,E_original5_retuned,reverse_off_anchor,noise_0.05_seed196613,-56.98424815005505,0,0
IMC_PID,D2_resample_Ti_Td,E_original5_retuned,reverse_off_anchor,noise_0.05_seed262147,-54.42011546617187,0,0
IMC_PID,D2_resample_Ti_Td,E_original5_retuned,reverse_off_anchor,combined_seed104729,-59.80013073173982,4,2
IMC_PID,D2_resample_Ti_Td,E_original5_retuned,reverse_off_anchor,combined_seed130363,-62.55265800708432,4,2
IMC_PID,D2_resample_Ti_Td,E_original5_retuned,reverse_off_anchor,combined_seed155921,-58.77503068427592,4,2
IMC_PID,D2_resample_Ti_Td,E_original5_retuned,reverse_off_anchor,combined_seed196613,-59.34823238363845,4,2
IMC_PID,D2_resample_Ti_Td,E_original5_retuned,reverse_off_anchor,combined_seed262147,-73.26453429855162,4,1
IMC_PID,D2_resample_Ti_Td,E_original5_retuned,cross_equivalence,nominal,18.116175798633492,5,3
IMC_PID,D2_resample_Ti_Td,E_original5_retuned,cross_equivalence,delay_minus30,0.3366720976110127,5,2
IMC_PID,D2_resample_Ti_Td,E_original5_retuned,cross_equivalence,delay_plus50,38.759773720853794,4,5
IMC_PID,D2_resample_Ti_Td,E_original5_retuned,cross_equivalence,acid_plus15,-24.6820480816474,7,2
IMC_PID,D2_resample_Ti_Td,E_original5_retuned,cross_equivalence,acid_minus15,-20.39561765649215,7,2
IMC_PID,D2_resample_Ti_Td,E_original5_retuned,cross_equivalence,base_minus15,-39.433443917966336,7,2
IMC_PID,D2_resample_Ti_Td,E_original5_retuned,cross_equivalence,base_plus15,-12.830779053803276,7,3
IMC_PID,D2_resample_Ti_Td,E_original5_retuned,cross_equivalence,Kw_half,23.975704909636917,5,4
IMC_PID,D2_resample_Ti_Td,E_original5_retuned,cross_equivalence,Kw_double,-1.7136507605412965,6,2
IMC_PID,D2_resample_Ti_Td,E_original5_retuned,cross_equivalence,volume_plus20,3.3045662643239604,5,3
IMC_PID,D2_resample_Ti_Td,E_original5_retuned,cross_equivalence,volume_minus20,15.606729245680917,4,2
IMC_PID,D2_resample_Ti_Td,E_original5_retuned,cross_equivalence,noise_0.01_seed104729,17.79602897708028,5,3
IMC_PID,D2_resample_Ti_Td,E_original5_retuned,cross_equivalence,noise_0.01_seed130363,17.557096541741714,5,3
IMC_PID,D2_resample_Ti_Td,E_original5_retuned,cross_equivalence,noise_0.01_seed155921,20.55887873988247,5,3
IMC_PID,D2_resample_Ti_Td,E_original5_retuned,cross_equivalence,noise_0.01_seed196613,17.73088123575668,5,3
IMC_PID,D2_resample_Ti_Td,E_original5_retuned,cross_equivalence,noise_0.01_seed262147,0.2125475461815851,5,2
IMC_PID,D2_resample_Ti_Td,E_original5_retuned,cross_equivalence,noise_0.05_seed104729,15.133480033456381,5,3
IMC_PID,D2_resample_Ti_Td,E_original5_retuned,cross_equivalence,noise_0.05_seed130363,-0.43522693252462386,6,7
IMC_PID,D2_resample_Ti_Td,E_original5_retuned,cross_equivalence,noise_0.05_seed155921,3.2678292670744735,5,4
IMC_PID,D2_resample_Ti_Td,E_original5_retuned,cross_equivalence,noise_0.05_seed196613,15.310967642620765,5,3
IMC_PID,D2_resample_Ti_Td,E_original5_retuned,cross_equivalence,noise_0.05_seed262147,42.80360676150994,6,7
IMC_PID,D2_resample_Ti_Td,E_original5_retuned,cross_equivalence,combined_seed104729,-37.538588807016794,7,5
IMC_PID,D2_resample_Ti_Td,E_original5_retuned,cross_equivalence,combined_seed130363,-43.00719117282688,7,6
IMC_PID,D2_resample_Ti_Td,E_original5_retuned,cross_equivalence,combined_seed155921,-42.104744624581805,6,5
IMC_PID,D2_resample_Ti_Td,E_original5_retuned,cross_equivalence,combined_seed196613,-34.318887861472625,7,6
IMC_PID,D2_resample_Ti_Td,E_original5_retuned,cross_equivalence,combined_seed262147,-35.98515094262488,6,6
IMC_PID,D2_resample_Ti_Td,E_original5_retuned,regulatory_off_anchor,nominal,-11.097515210761589,2,2
IMC_PID,D2_resample_Ti_Td,E_original5_retuned,regulatory_off_anchor,delay_minus30,-71.08110871213809,2,0
IMC_PID,D2_resample_Ti_Td,E_original5_retuned,regulatory_off_anchor,delay_plus50,40.03010579998478,2,3
IMC_PID,D2_resample_Ti_Td,E_original5_retuned,regulatory_off_anchor,acid_plus15,-36.05587347811423,4,2
IMC_PID,D2_resample_Ti_Td,E_original5_retuned,regulatory_off_anchor,acid_minus15,-15.136226361397508,4,2
IMC_PID,D2_resample_Ti_Td,E_original5_retuned,regulatory_off_anchor,base_minus15,-56.500852769952424,4,1
IMC_PID,D2_resample_Ti_Td,E_original5_retuned,regulatory_off_anchor,base_plus15,50.2521730027216,3,4
IMC_PID,D2_resample_Ti_Td,E_original5_retuned,regulatory_off_anchor,Kw_half,39.217682876352015,2,3
IMC_PID,D2_resample_Ti_Td,E_original5_retuned,regulatory_off_anchor,Kw_double,-43.428952135412466,2,0
IMC_PID,D2_resample_Ti_Td,E_original5_retuned,regulatory_off_anchor,volume_plus20,-31.616794791761993,3,0
IMC_PID,D2_resample_Ti_Td,E_original5_retuned,regulatory_off_anchor,volume_minus20,-44.730606409338414,3,0
IMC_PID,D2_resample_Ti_Td,E_original5_retuned,regulatory_off_anchor,noise_0.01_seed104729,-14.620853637162657,2,1
IMC_PID,D2_resample_Ti_Td,E_original5_retuned,regulatory_off_anchor,noise_0.01_seed130363,-17.489932556592937,2,1
IMC_PID,D2_resample_Ti_Td,E_original5_retuned,regulatory_off_anchor,noise_0.01_seed155921,-19.553313167513586,2,1
IMC_PID,D2_resample_Ti_Td,E_original5_retuned,regulatory_off_anchor,noise_0.01_seed196613,-17.789419368840075,2,1
IMC_PID,D2_resample_Ti_Td,E_original5_retuned,regulatory_off_anchor,noise_0.01_seed262147,-25.104979040628052,2,0
IMC_PID,D2_resample_Ti_Td,E_original5_retuned,regulatory_off_anchor,noise_0.05_seed104729,-24.741929805676854,2,1
IMC_PID,D2_resample_Ti_Td,E_original5_retuned,regulatory_off_anchor,noise_0.05_seed130363,-39.06509925740923,2,1
IMC_PID,D2_resample_Ti_Td,E_original5_retuned,regulatory_off_anchor,noise_0.05_seed155921,-51.96833314937541,2,0
IMC_PID,D2_resample_Ti_Td,E_original5_retuned,regulatory_off_anchor,noise_0.05_seed196613,-57.96024171315823,2,0
IMC_PID,D2_resample_Ti_Td,E_original5_retuned,regulatory_off_anchor,noise_0.05_seed262147,-46.88021688597376,2,0
IMC_PID,D2_resample_Ti_Td,E_original5_retuned,regulatory_off_anchor,combined_seed104729,-40.92528890579143,4,1
IMC_PID,D2_resample_Ti_Td,E_original5_retuned,regulatory_off_anchor,combined_seed130363,-36.43920020502238,4,3
IMC_PID,D2_resample_Ti_Td,E_original5_retuned,regulatory_off_anchor,combined_seed155921,-44.465519667853094,4,1
IMC_PID,D2_resample_Ti_Td,E_original5_retuned,regulatory_off_anchor,combined_seed196613,-33.77556074639392,4,2
IMC_PID,D2_resample_Ti_Td,E_original5_retuned,regulatory_off_anchor,combined_seed262147,-46.17332817959374,4,2
IMC_PID,D_add8,P_move_interior_Kc,reverse_off_anchor,nominal,-22.46746504153212,0,1
IMC_PID,D_add8,P_move_interior_Kc,reverse_off_anchor,delay_minus30,-24.124448900288286,0,1
IMC_PID,D_add8,P_move_interior_Kc,reverse_off_anchor,delay_plus50,-22.033001401041375,0,1
IMC_PID,D_add8,P_move_interior_Kc,reverse_off_anchor,acid_plus15,-3.5876786388464588,2,3
IMC_PID,D_add8,P_move_interior_Kc,reverse_off_anchor,acid_minus15,-1.2756330741371613,2,2
IMC_PID,D_add8,P_move_interior_Kc,reverse_off_anchor,base_minus15,2.8112609359857155,2,3
IMC_PID,D_add8,P_move_interior_Kc,reverse_off_anchor,base_plus15,-1.8314963892817282,2,2
IMC_PID,D_add8,P_move_interior_Kc,reverse_off_anchor,Kw_half,-22.123211207500415,0,1
IMC_PID,D_add8,P_move_interior_Kc,reverse_off_anchor,Kw_double,-31.665506978738577,1,2
IMC_PID,D_add8,P_move_interior_Kc,reverse_off_anchor,volume_plus20,-19.795027267426647,0,0
IMC_PID,D_add8,P_move_interior_Kc,reverse_off_anchor,volume_minus20,-23.76482268910375,0,1
IMC_PID,D_add8,P_move_interior_Kc,reverse_off_anchor,noise_0.01_seed104729,-22.53134033449117,0,1
IMC_PID,D_add8,P_move_interior_Kc,reverse_off_anchor,noise_0.01_seed130363,-22.286564279805543,0,1
IMC_PID,D_add8,P_move_interior_Kc,reverse_off_anchor,noise_0.01_seed155921,-22.423104887058688,0,0
IMC_PID,D_add8,P_move_interior_Kc,reverse_off_anchor,noise_0.01_seed196613,-22.473620746367253,0,1
IMC_PID,D_add8,P_move_interior_Kc,reverse_off_anchor,noise_0.01_seed262147,-22.00185963517406,0,1
IMC_PID,D_add8,P_move_interior_Kc,reverse_off_anchor,noise_0.05_seed104729,-21.53022933111052,0,1
IMC_PID,D_add8,P_move_interior_Kc,reverse_off_anchor,noise_0.05_seed130363,-23.346635900830893,0,1
IMC_PID,D_add8,P_move_interior_Kc,reverse_off_anchor,noise_0.05_seed155921,-20.73326040706839,0,1
IMC_PID,D_add8,P_move_interior_Kc,reverse_off_anchor,noise_0.05_seed196613,-19.16302794170608,0,1
IMC_PID,D_add8,P_move_interior_Kc,reverse_off_anchor,noise_0.05_seed262147,-18.47354301176192,0,1
IMC_PID,D_add8,P_move_interior_Kc,reverse_off_anchor,combined_seed104729,-0.33194001465283174,3,3
IMC_PID,D_add8,P_move_interior_Kc,reverse_off_anchor,combined_seed130363,0.4473712805904695,3,3
IMC_PID,D_add8,P_move_interior_Kc,reverse_off_anchor,combined_seed155921,-0.3455591311656736,3,3
IMC_PID,D_add8,P_move_interior_Kc,reverse_off_anchor,combined_seed196613,-0.5983342512132395,3,3
IMC_PID,D_add8,P_move_interior_Kc,reverse_off_anchor,combined_seed262147,0.18005808001879675,3,3
IMC_PID,D_add8,P_move_interior_Kc,cross_equivalence,nominal,2.832381315249677,4,5
IMC_PID,D_add8,P_move_interior_Kc,cross_equivalence,delay_minus30,3.3413667586443596,4,5
IMC_PID,D_add8,P_move_interior_Kc,cross_equivalence,delay_plus50,1.7479220293668218,5,5
IMC_PID,D_add8,P_move_interior_Kc,cross_equivalence,acid_plus15,1.9649814353091877,7,7
IMC_PID,D_add8,P_move_interior_Kc,cross_equivalence,acid_minus15,7.49790632262608,7,6
IMC_PID,D_add8,P_move_interior_Kc,cross_equivalence,base_minus15,1.1875866686454017,7,6
IMC_PID,D_add8,P_move_interior_Kc,cross_equivalence,base_plus15,4.46099746286599,6,6
IMC_PID,D_add8,P_move_interior_Kc,cross_equivalence,Kw_half,2.5943507650066255,5,5
IMC_PID,D_add8,P_move_interior_Kc,cross_equivalence,Kw_double,1.3003796005182755,6,5
IMC_PID,D_add8,P_move_interior_Kc,cross_equivalence,volume_plus20,1.3288133270794589,6,5
IMC_PID,D_add8,P_move_interior_Kc,cross_equivalence,volume_minus20,2.4887428991669402,5,4
IMC_PID,D_add8,P_move_interior_Kc,cross_equivalence,noise_0.01_seed104729,2.8614134024606885,4,5
IMC_PID,D_add8,P_move_interior_Kc,cross_equivalence,noise_0.01_seed130363,2.839393835169557,4,5
IMC_PID,D_add8,P_move_interior_Kc,cross_equivalence,noise_0.01_seed155921,2.822866831496351,4,5
IMC_PID,D_add8,P_move_interior_Kc,cross_equivalence,noise_0.01_seed196613,2.8085173563690002,4,5
IMC_PID,D_add8,P_move_interior_Kc,cross_equivalence,noise_0.01_seed262147,2.8472424685085818,4,5
IMC_PID,D_add8,P_move_interior_Kc,cross_equivalence,noise_0.05_seed104729,3.5517823047317876,4,6
IMC_PID,D_add8,P_move_interior_Kc,cross_equivalence,noise_0.05_seed130363,3.2173110105770952,5,6
IMC_PID,D_add8,P_move_interior_Kc,cross_equivalence,noise_0.05_seed155921,2.4158468322023507,4,6
IMC_PID,D_add8,P_move_interior_Kc,cross_equivalence,noise_0.05_seed196613,2.364345432675319,4,5
IMC_PID,D_add8,P_move_interior_Kc,cross_equivalence,noise_0.05_seed262147,2.849349492514075,5,6
IMC_PID,D_add8,P_move_interior_Kc,cross_equivalence,combined_seed104729,1.8712793968004737,7,7
IMC_PID,D_add8,P_move_interior_Kc,cross_equivalence,combined_seed130363,1.944053360589404,7,7
IMC_PID,D_add8,P_move_interior_Kc,cross_equivalence,combined_seed155921,1.8570066697256582,7,7
IMC_PID,D_add8,P_move_interior_Kc,cross_equivalence,combined_seed196613,2.0023796201486865,7,7
IMC_PID,D_add8,P_move_interior_Kc,cross_equivalence,combined_seed262147,2.1563542354634757,7,7
IMC_PID,D_add8,P_move_interior_Kc,regulatory_off_anchor,nominal,0.6438555334163043,1,1
IMC_PID,D_add8,P_move_interior_Kc,regulatory_off_anchor,delay_minus30,-0.9433089477036694,2,2
IMC_PID,D_add8,P_move_interior_Kc,regulatory_off_anchor,delay_plus50,1.518377125525694,2,2
IMC_PID,D_add8,P_move_interior_Kc,regulatory_off_anchor,acid_plus15,-0.8526302896716409,4,3
IMC_PID,D_add8,P_move_interior_Kc,regulatory_off_anchor,acid_minus15,1.7119069633940498,3,3
IMC_PID,D_add8,P_move_interior_Kc,regulatory_off_anchor,base_minus15,-0.7282929685211048,4,4
IMC_PID,D_add8,P_move_interior_Kc,regulatory_off_anchor,base_plus15,1.5675096116782639,3,3
IMC_PID,D_add8,P_move_interior_Kc,regulatory_off_anchor,Kw_half,2.748874484627617,1,2
IMC_PID,D_add8,P_move_interior_Kc,regulatory_off_anchor,Kw_double,1.4223154011756556,4,2
IMC_PID,D_add8,P_move_interior_Kc,regulatory_off_anchor,volume_plus20,2.8332422598699614,3,3
IMC_PID,D_add8,P_move_interior_Kc,regulatory_off_anchor,volume_minus20,-0.8791366669242184,2,2
IMC_PID,D_add8,P_move_interior_Kc,regulatory_off_anchor,noise_0.01_seed104729,0.664931816787151,1,1
IMC_PID,D_add8,P_move_interior_Kc,regulatory_off_anchor,noise_0.01_seed130363,0.6521730068279386,1,1
IMC_PID,D_add8,P_move_interior_Kc,regulatory_off_anchor,noise_0.01_seed155921,0.623259234617124,1,1
IMC_PID,D_add8,P_move_interior_Kc,regulatory_off_anchor,noise_0.01_seed196613,0.5906366698744447,1,1
IMC_PID,D_add8,P_move_interior_Kc,regulatory_off_anchor,noise_0.01_seed262147,0.6588437156280991,2,1
IMC_PID,D_add8,P_move_interior_Kc,regulatory_off_anchor,noise_0.05_seed104729,1.2260825902815409,2,1
IMC_PID,D_add8,P_move_interior_Kc,regulatory_off_anchor,noise_0.05_seed130363,0.5193790565772849,1,2
IMC_PID,D_add8,P_move_interior_Kc,regulatory_off_anchor,noise_0.05_seed155921,-0.0675734025505581,2,1
IMC_PID,D_add8,P_move_interior_Kc,regulatory_off_anchor,noise_0.05_seed196613,-0.2595369399472136,2,2
IMC_PID,D_add8,P_move_interior_Kc,regulatory_off_anchor,noise_0.05_seed262147,0.6933051460348283,2,1
IMC_PID,D_add8,P_move_interior_Kc,regulatory_off_anchor,combined_seed104729,0.054885152690697936,4,4
IMC_PID,D_add8,P_move_interior_Kc,regulatory_off_anchor,combined_seed130363,0.05809429904488628,4,4
IMC_PID,D_add8,P_move_interior_Kc,regulatory_off_anchor,combined_seed155921,0.08821690976930086,4,4
IMC_PID,D_add8,P_move_interior_Kc,regulatory_off_anchor,combined_seed196613,0.08814564889263465,4,4
IMC_PID,D_add8,P_move_interior_Kc,regulatory_off_anchor,combined_seed262147,0.1209510174292161,4,4
IMC_PID,A_original3,E_original5_retuned,reverse_off_anchor,nominal,48.32917154303213,0,0
IMC_PID,A_original3,E_original5_retuned,reverse_off_anchor,delay_minus30,138.7654949647933,0,0
IMC_PID,A_original3,E_original5_retuned,reverse_off_anchor,delay_plus50,-70.10180873669192,2,0
IMC_PID,A_original3,E_original5_retuned,reverse_off_anchor,acid_plus15,-34.228515312073306,2,1
IMC_PID,A_original3,E_original5_retuned,reverse_off_anchor,acid_minus15,-23.571762829672682,2,1
IMC_PID,A_original3,E_original5_retuned,reverse_off_anchor,base_minus15,-62.018560773704266,2,1
IMC_PID,A_original3,E_original5_retuned,reverse_off_anchor,base_plus15,-29.494747016518687,2,1
IMC_PID,A_original3,E_original5_retuned,reverse_off_anchor,Kw_half,-59.31680219491358,0,0
IMC_PID,A_original3,E_original5_retuned,reverse_off_anchor,Kw_double,106.02847000457172,0,0
IMC_PID,A_original3,E_original5_retuned,reverse_off_anchor,volume_plus20,88.73519668489746,0,0
IMC_PID,A_original3,E_original5_retuned,reverse_off_anchor,volume_minus20,-9.109068444338176,1,0
IMC_PID,A_original3,E_original5_retuned,reverse_off_anchor,noise_0.01_seed104729,43.10697577883589,0,0
IMC_PID,A_original3,E_original5_retuned,reverse_off_anchor,noise_0.01_seed130363,46.208293699649914,0,0
IMC_PID,A_original3,E_original5_retuned,reverse_off_anchor,noise_0.01_seed155921,46.11655311877707,0,0
IMC_PID,A_original3,E_original5_retuned,reverse_off_anchor,noise_0.01_seed196613,52.140661897167085,1,0
IMC_PID,A_original3,E_original5_retuned,reverse_off_anchor,noise_0.01_seed262147,46.45772039892713,0,0
IMC_PID,A_original3,E_original5_retuned,reverse_off_anchor,noise_0.05_seed104729,42.29418462117813,1,1
IMC_PID,A_original3,E_original5_retuned,reverse_off_anchor,noise_0.05_seed130363,34.217041451188244,0,2
IMC_PID,A_original3,E_original5_retuned,reverse_off_anchor,noise_0.05_seed155921,60.5587570907121,0,0
IMC_PID,A_original3,E_original5_retuned,reverse_off_anchor,noise_0.05_seed196613,56.450177848891926,1,0
IMC_PID,A_original3,E_original5_retuned,reverse_off_anchor,noise_0.05_seed262147,61.28491781795038,0,0
IMC_PID,A_original3,E_original5_retuned,reverse_off_anchor,combined_seed104729,-68.23011455682087,4,2
IMC_PID,A_original3,E_original5_retuned,reverse_off_anchor,combined_seed130363,-70.6704975561529,4,2
IMC_PID,A_original3,E_original5_retuned,reverse_off_anchor,combined_seed155921,-67.4850157105085,4,2
IMC_PID,A_original3,E_original5_retuned,reverse_off_anchor,combined_seed196613,-67.85615684757327,4,2
IMC_PID,A_original3,E_original5_retuned,reverse_off_anchor,combined_seed262147,-78.8900963593708,4,1
IMC_PID,A_original3,E_original5_retuned,cross_equivalence,nominal,72.80453893748955,4,3
IMC_PID,A_original3,E_original5_retuned,cross_equivalence,delay_minus30,57.899082034001225,2,2
IMC_PID,A_original3,E_original5_retuned,cross_equivalence,delay_plus50,72.18482887907815,4,5
IMC_PID,A_original3,E_original5_retuned,cross_equivalence,acid_plus15,-27.719401433400982,7,2
IMC_PID,A_original3,E_original5_retuned,cross_equivalence,acid_minus15,15.124456772878503,5,2
IMC_PID,A_original3,E_original5_retuned,cross_equivalence,base_minus15,-40.7311177789983,6,2
IMC_PID,A_original3,E_original5_retuned,cross_equivalence,base_plus15,18.663543839317185,4,3
IMC_PID,A_original3,E_original5_retuned,cross_equivalence,Kw_half,60.786149498614115,4,4
IMC_PID,A_original3,E_original5_retuned,cross_equivalence,Kw_double,45.34992593459437,2,2
IMC_PID,A_original3,E_original5_retuned,cross_equivalence,volume_plus20,59.286615907948324,2,3
IMC_PID,A_original3,E_original5_retuned,cross_equivalence,volume_minus20,57.92979422326947,4,2
IMC_PID,A_original3,E_original5_retuned,cross_equivalence,noise_0.01_seed104729,72.3310276491744,4,3
IMC_PID,A_original3,E_original5_retuned,cross_equivalence,noise_0.01_seed130363,72.04542591862494,4,3
IMC_PID,A_original3,E_original5_retuned,cross_equivalence,noise_0.01_seed155921,76.3563868193573,4,3
IMC_PID,A_original3,E_original5_retuned,cross_equivalence,noise_0.01_seed196613,72.41297565618281,4,3
IMC_PID,A_original3,E_original5_retuned,cross_equivalence,noise_0.01_seed262147,46.496192558692954,4,2
IMC_PID,A_original3,E_original5_retuned,cross_equivalence,noise_0.05_seed104729,67.43300384424565,3,3
IMC_PID,A_original3,E_original5_retuned,cross_equivalence,noise_0.05_seed130363,45.39996967175786,4,7
IMC_PID,A_original3,E_original5_retuned,cross_equivalence,noise_0.05_seed155921,52.05350557499664,4,4
IMC_PID,A_original3,E_original5_retuned,cross_equivalence,noise_0.05_seed196613,69.73855234032098,4,3
IMC_PID,A_original3,E_original5_retuned,cross_equivalence,noise_0.05_seed262147,108.48053558345083,5,7
IMC_PID,A_original3,E_original5_retuned,cross_equivalence,combined_seed104729,-45.3159875594805,7,5
IMC_PID,A_original3,E_original5_retuned,cross_equivalence,combined_seed130363,-50.15931788432051,7,6
IMC_PID,A_original3,E_original5_retuned,cross_equivalence,combined_seed155921,-49.24611788787169,7,5
IMC_PID,A_original3,E_original5_retuned,cross_equivalence,combined_seed196613,-42.25793885561856,7,6
IMC_PID,A_original3,E_original5_retuned,cross_equivalence,combined_seed262147,-43.90836087218045,7,6
IMC_PID,A_original3,E_original5_retuned,regulatory_off_anchor,nominal,1.7509890840184505,2,2
IMC_PID,A_original3,E_original5_retuned,regulatory_off_anchor,delay_minus30,-66.78291358956908,0,0
IMC_PID,A_original3,E_original5_retuned,regulatory_off_anchor,delay_plus50,37.378510058663885,2,3
IMC_PID,A_original3,E_original5_retuned,regulatory_off_anchor,acid_plus15,-26.951520682710704,2,2
IMC_PID,A_original3,E_original5_retuned,regulatory_off_anchor,acid_minus15,1.8947332676221507,3,2
IMC_PID,A_original3,E_original5_retuned,regulatory_off_anchor,base_minus15,-49.818100665261625,2,1
IMC_PID,A_original3,E_original5_retuned,regulatory_off_anchor,base_plus15,66.33291753072834,4,4
IMC_PID,A_original3,E_original5_retuned,regulatory_off_anchor,Kw_half,54.21237128578109,4,3
IMC_PID,A_original3,E_original5_retuned,regulatory_off_anchor,Kw_double,-41.334298884609254,0,0
IMC_PID,A_original3,E_original5_retuned,regulatory_off_anchor,volume_plus20,-24.514010483880323,0,0
IMC_PID,A_original3,E_original5_retuned,regulatory_off_anchor,volume_minus20,-39.17542501813834,3,0
IMC_PID,A_original3,E_original5_retuned,regulatory_off_anchor,noise_0.01_seed104729,-2.289788566873352,1,1
IMC_PID,A_original3,E_original5_retuned,regulatory_off_anchor,noise_0.01_seed130363,-5.650779893973068,2,1
IMC_PID,A_original3,E_original5_retuned,regulatory_off_anchor,noise_0.01_seed155921,-7.977999816680681,2,1
IMC_PID,A_original3,E_original5_retuned,regulatory_off_anchor,noise_0.01_seed196613,-5.847313640445895,3,1
IMC_PID,A_original3,E_original5_retuned,regulatory_off_anchor,noise_0.01_seed262147,-14.358256369466405,1,0
IMC_PID,A_original3,E_original5_retuned,regulatory_off_anchor,noise_0.05_seed104729,-14.204601133549078,3,1
IMC_PID,A_original3,E_original5_retuned,regulatory_off_anchor,noise_0.05_seed130363,-30.95969069127824,2,1
IMC_PID,A_original3,E_original5_retuned,regulatory_off_anchor,noise_0.05_seed155921,-45.40703148435635,2,0
IMC_PID,A_original3,E_original5_retuned,regulatory_off_anchor,noise_0.05_seed196613,-52.11316974754521,3,0
IMC_PID,A_original3,E_original5_retuned,regulatory_off_anchor,noise_0.05_seed262147,-39.76510913268486,4,0
IMC_PID,A_original3,E_original5_retuned,regulatory_off_anchor,combined_seed104729,-54.4758877492787,4,1
IMC_PID,A_original3,E_original5_retuned,regulatory_off_anchor,combined_seed130363,-50.97921799581344,3,3
IMC_PID,A_original3,E_original5_retuned,regulatory_off_anchor,combined_seed155921,-57.33370124107784,3,1
IMC_PID,A_original3,E_original5_retuned,regulatory_off_anchor,combined_seed196613,-49.06232821097802,4,2
IMC_PID,A_original3,E_original5_retuned,regulatory_off_anchor,combined_seed262147,-58.671915721469205,3,2
