set,design,scenario,condition,dt,dt_actual,requested_delay,implemented_delay,status,IAE,ISE,max_abs_error,actuator_TV,saturation_fraction,segments,unsettled_segments,worst_settling_s,worst_final_error,pH_min,pH_max,delay_factor,Ca_factor,Cb_factor,Kw_factor,V_factor,noise_sd,seed
unseen,reference_PI/A_original3,reverse_off_anchor,nominal,5.0,5.0,109.59723737472511,105.0,ok,60945.49026900114,106160.84411714794,3.688719513720308,19.298142906617606,0.0,4,2,inf,1.535874161060292,4.591415516411581,9.159475915869034,,,,,,,
unseen,reference_PI/A_original3,reverse_off_anchor,delay_minus30,5.0,5.0,76.71806616230758,75.0,ok,87280.28187479786,179545.60749796423,3.313192623662328,30.252611964794585,0.0,4,3,inf,2.1844957183285327,5.133658523904212,9.115558740947522,0.7,,,,,,
unseen,reference_PI/A_original3,reverse_off_anchor,delay_plus50,5.0,5.0,164.39585606208766,160.0,ok,65689.26551952942,117757.09901752947,3.6670909062482924,14.764135985751555,0.0,4,2,inf,1.8030111573112295,4.2140084434280505,9.122584978687673,1.5,,,,,,
unseen,reference_PI/A_original3,reverse_off_anchor,acid_plus15,5.0,5.0,109.59723737472511,105.0,ok,85376.15672654912,219111.92082709185,5.159423639696475,20.375743476992728,0.0,4,3,inf,2.1092405000111043,3.5405763603035245,9.156710865707579,,1.15,,,,,
unseen,reference_PI/A_original3,reverse_off_anchor,acid_minus15,5.0,5.0,109.59723737472511,105.0,ok,66280.44244004987,121178.19530751019,4.151556638110213,20.745631484532858,0.0,4,2,inf,1.2562354345470537,4.548443361889786,10.457382915840423,,0.85,,,,,
unseen,reference_PI/A_original3,reverse_off_anchor,base_minus15,5.0,5.0,109.59723737472511,105.0,ok,84160.24329033183,231570.3169052805,5.21749055911148,18.514737042426315,0.0,4,3,inf,1.9755067501153674,3.4825094408885184,9.085427405779079,,,0.85,,,,
unseen,reference_PI/A_original3,reverse_off_anchor,base_plus15,5.0,5.0,109.59723737472511,105.0,ok,70467.055691199,129915.99831958162,4.1745289005044866,22.374106365291716,0.0,4,2,inf,1.7758090865320764,4.290468452084087,10.425321756678109,,,1.15,,,,
unseen,reference_PI/A_original3,reverse_off_anchor,Kw_half,5.0,5.0,109.59723737472511,105.0,ok,71394.77507591955,140397.2957998503,3.3311634667789,24.935032358149,0.0,4,2,inf,1.4663072145927138,4.369342548404779,9.534559790589975,,,,0.5,,,
unseen,reference_PI/A_original3,reverse_off_anchor,Kw_double,5.0,5.0,109.59723737472511,105.0,ok,49620.308147828386,73218.28353218493,3.2936702713068957,13.86341842789831,0.0,4,2,inf,1.503803538377328,4.817205062282192,8.7816459928494,,,,2.0,,,
unseen,reference_PI/A_original3,reverse_off_anchor,volume_plus20,5.0,5.0,109.59723737472511,105.0,ok,56022.37528839009,90619.0625206857,2.3254765928980854,17.065944236205322,0.0,4,2,inf,1.3615783026990682,4.7414281906418845,9.05699044109399,,,,,1.2,,
unseen,reference_PI/A_original3,reverse_off_anchor,volume_minus20,5.0,5.0,109.59723737472511,105.0,ok,87542.78332684952,180928.5316965421,3.08305971566433,28.9643431046486,0.0,4,3,inf,2.0760949104347537,4.8305607328830344,9.277938564639603,,,,,0.8,,
unseen,reference_PI/A_original3,reverse_off_anchor,noise_0.01_seed104729,5.0,5.0,109.59723737472511,105.0,ok,61014.53498060041,106191.94719674363,3.6913432782003675,20.988715946310467,0.0,4,2,inf,1.5458297240267402,4.578435490210274,9.15825471575927,,,,,,0.01,104729.0
unseen,reference_PI/A_original3,reverse_off_anchor,noise_0.01_seed130363,5.0,5.0,109.59723737472511,105.0,ok,60909.9431675192,106116.7243823318,3.687082179114755,21.00676936766608,0.0,4,2,inf,1.5300528468306993,4.600663274677348,9.16011121394319,,,,,,0.01,130363.0
unseen,reference_PI/A_original3,reverse_off_anchor,noise_0.01_seed155921,5.0,5.0,109.59723737472511,105.0,ok,60993.24383082798,106184.70481728655,3.690459105433538,20.971388397271173,0.0,4,2,inf,1.5427567145916647,4.583093351633329,9.159479986213194,,,,,,0.01,155921.0
unseen,reference_PI/A_original3,reverse_off_anchor,noise_0.01_seed196613,5.0,5.0,109.59723737472511,105.0,ok,60995.30980002957,106175.45185020415,3.6903873692828153,20.954524303144293,0.0,4,2,inf,1.5410427533666677,4.584908458336879,9.158164145853643,,,,,,0.01,196613.0
unseen,reference_PI/A_original3,reverse_off_anchor,noise_0.01_seed262147,5.0,5.0,109.59723737472511,105.0,ok,60955.404870100334,106149.05247902752,3.689117783872206,20.988293333183638,0.0,4,2,inf,1.5358640144277729,4.592697224397021,9.158930509317505,,,,,,0.01,262147.0
unseen,reference_PI/A_original3,reverse_off_anchor,noise_0.05_seed104729,5.0,5.0,109.59723737472511,105.0,ok,61085.79285612529,106107.39805073378,3.690834907426874,34.37629392032656,0.0,4,2,inf,1.7111813220459116,4.578465406113064,9.153409476051184,,,,,,0.05,104729.0
unseen,reference_PI/A_original3,reverse_off_anchor,noise_0.05_seed130363,5.0,5.0,109.59723737472511,105.0,ok,60806.231407506915,105958.80057318638,3.6799658693387762,33.95945200017543,0.0,4,2,inf,1.506481657278,4.634804543337454,9.162676350348326,,,,,,0.05,130363.0
unseen,reference_PI/A_original3,reverse_off_anchor,noise_0.05_seed155921,5.0,5.0,109.59723737472511,105.0,ok,61133.17627085966,106224.10484501816,3.694658213556428,34.282811546936244,0.0,4,2,inf,1.5602097942780233,4.563443726014258,9.161725807336246,,,,,,0.05,155921.0
unseen,reference_PI/A_original3,reverse_off_anchor,noise_0.05_seed196613,5.0,5.0,109.59723737472511,105.0,ok,61191.05619566105,106200.91131999227,3.695394438610565,33.71433168293005,0.0,4,2,inf,1.8103501168496425,4.561371285605798,9.153792982282125,,,,,,0.05,196613.0
unseen,reference_PI/A_original3,reverse_off_anchor,noise_0.05_seed262147,5.0,5.0,109.59723737472511,105.0,ok,61020.20917308055,106084.30310184736,3.6906519672078932,34.41350799916555,0.0,4,2,inf,1.5964138105579604,4.596257162062575,9.156876665843399,,,,,,0.05,262147.0
unseen,reference_PI/A_original3,reverse_off_anchor,combined_seed104729,5.0,5.0,164.39585606208766,160.0,ok,97750.7451093629,337071.50804681994,5.658681334452126,20.73355867926746,0.0,4,3,inf,5.475660008667153,3.0413186655478737,8.7,1.5,1.15,0.85,2.0,1.2,0.05,104729.0
unseen,reference_PI/A_original3,reverse_off_anchor,combined_seed130363,5.0,5.0,164.39585606208766,160.0,ok,97965.60466637873,337055.92477904685,5.657599554233151,20.676896805631117,0.0,4,3,inf,5.473817173591357,3.0424004457668485,8.7,1.5,1.15,0.85,2.0,1.2,0.05,130363.0
unseen,reference_PI/A_original3,reverse_off_anchor,combined_seed155921,5.0,5.0,164.39585606208766,160.0,ok,97886.2956798237,336921.28855749744,5.6575338815855165,20.839251511791538,0.0,4,3,inf,5.473518150093431,3.0424661184144832,8.7,1.5,1.15,0.85,2.0,1.2,0.05,155921.0
unseen,reference_PI/A_original3,reverse_off_anchor,combined_seed196613,5.0,5.0,164.39585606208766,160.0,ok,96812.3175073223,337187.8471207517,5.663247483350579,20.27152423031765,0.0,4,3,inf,5.482670915463084,3.03675251664942,8.7,1.5,1.15,0.85,2.0,1.2,0.05,196613.0
unseen,reference_PI/A_original3,reverse_off_anchor,combined_seed262147,5.0,5.0,164.39585606208766,160.0,ok,98048.64397208224,336856.3364972756,5.6565976600845715,20.890213754490897,0.0,4,3,inf,5.4721137029551095,3.0434023399154277,8.7,1.5,1.15,0.85,2.0,1.2,0.05,262147.0
unseen,reference_PI/A_original3,cross_equivalence,nominal,5.0,5.0,109.59723737472511,105.0,ok,66145.05021317692,128602.7694505594,3.5694802746968097,18.059424664836182,0.0,7,4,inf,2.098304185219834,4.122809356637635,9.766445730949624,,,,,,,
unseen,reference_PI/A_original3,cross_equivalence,delay_minus30,5.0,5.0,76.71806616230758,75.0,ok,62096.72318634519,114553.10838958912,3.4319339010588203,21.134046903310907,0.0,7,4,inf,1.926562667787084,4.417569780539326,9.538376001126913,0.7,,,,,,
unseen,reference_PI/A_original3,cross_equivalence,delay_plus50,5.0,5.0,164.39585606208766,160.0,ok,90940.84820963573,188912.94132942625,3.5704517052571605,20.660533529667422,0.0,7,6,inf,2.8249472065952466,4.092682961668361,9.93288448662815,1.5,,,,,,
unseen,reference_PI/A_original3,cross_equivalence,acid_plus15,5.0,5.0,109.59723737472511,105.0,ok,106619.43573008847,239859.9550234861,4.993140913867142,23.905190231944225,0.0,7,7,inf,1.843412914151116,3.24038213239439,9.937499743183757,,1.15,,,,,
unseen,reference_PI/A_original3,cross_equivalence,acid_minus15,5.0,5.0,109.59723737472511,105.0,ok,102276.65900924605,220352.05519476265,5.037359782908146,25.791318613059328,0.0,7,7,inf,2.0453692530263385,3.4852880159202386,10.287359782908146,,0.85,,,,,
unseen,reference_PI/A_original3,cross_equivalence,base_minus15,5.0,5.0,109.59723737472511,105.0,ok,97002.75498059245,238063.68765133244,5.041781006296539,17.09544924196669,0.0,7,5,inf,2.0186659767398316,3.2278900533365187,9.756129432340783,,,0.85,,,,
unseen,reference_PI/A_original3,cross_equivalence,base_plus15,5.0,5.0,109.59723737472511,105.0,ok,104319.558672275,222174.1135365737,5.009779015131501,27.93208751524388,0.0,7,7,inf,2.193235539456709,3.507520124335127,10.259779015131501,,,1.15,,,,
unseen,reference_PI/A_original3,cross_equivalence,Kw_half,5.0,5.0,109.59723737472511,105.0,ok,96322.5171847215,200481.17352158893,3.699813063039623,32.452121874537895,0.0,7,6,inf,3.0614614564001306,4.329574053635611,10.044661952695948,,,,0.5,,,
unseen,reference_PI/A_original3,cross_equivalence,Kw_double,5.0,5.0,109.59723737472511,105.0,ok,58649.75606063794,108916.63326872155,3.547702759051468,12.759767787119092,0.0,7,4,inf,1.8440814310833629,4.038387360193943,9.597257459635442,,,,2.0,,,
unseen,reference_PI/A_original3,cross_equivalence,volume_plus20,5.0,5.0,109.59723737472511,105.0,ok,62864.625851880555,117816.86122227865,3.4928811967211937,16.147492750447135,0.0,7,4,inf,2.0246849292999194,4.302700387058295,9.8544800163863,,,,,1.2,,
unseen,reference_PI/A_original3,cross_equivalence,volume_minus20,5.0,5.0,109.59723737472511,105.0,ok,87580.63794919441,174360.13255821395,3.83726233946118,27.8427629316784,0.0,7,6,inf,2.182953359482503,4.0526241785781245,9.872172301402923,,,,,0.8,,
unseen,reference_PI/A_original3,cross_equivalence,noise_0.01_seed104729,5.0,5.0,109.59723737472511,105.0,ok,66108.79860049063,128324.27005120262,3.569894884240031,20.487693016252223,0.0,7,4,inf,2.0959585220622516,4.131863076428906,9.76775691082207,,,,,,0.01,104729.0
unseen,reference_PI/A_original3,cross_equivalence,noise_0.01_seed130363,5.0,5.0,109.59723737472511,105.0,ok,66045.7137439461,127975.49119593155,3.5703063699989546,20.44686925243717,0.0,7,4,inf,2.0938905862263093,4.144235356683814,9.7696120838845,,,,,,0.01,130363.0
unseen,reference_PI/A_original3,cross_equivalence,noise_0.01_seed155921,5.0,5.0,109.59723737472511,105.0,ok,66186.92804221582,128557.7177050968,3.5700167168472534,20.429743298837472,0.0,7,4,inf,2.0963083461492777,4.124865714671179,9.767905285109789,,,,,,0.01,155921.0
unseen,reference_PI/A_original3,cross_equivalence,noise_0.01_seed196613,5.0,5.0,109.59723737472511,105.0,ok,66355.6679544745,129408.72461963531,3.568847260655363,20.389432219537625,0.0,7,4,inf,2.0998437504246015,4.099554887455767,9.764806689106898,,,,,,0.01,196613.0
unseen,reference_PI/A_original3,cross_equivalence,noise_0.01_seed262147,5.0,5.0,109.59723737472511,105.0,ok,65968.1832633104,127550.49867081651,3.567563378629166,20.579533576394304,0.0,7,4,inf,2.093957128085054,4.16218276910615,9.771655969922865,,,,,,0.01,262147.0
unseen,reference_PI/A_original3,cross_equivalence,noise_0.05_seed104729,5.0,5.0,109.59723737472511,105.0,ok,65741.71607007505,125850.16782122957,3.571736872084731,37.542112546261656,0.0,7,4,inf,2.072428620089739,4.224895889220588,9.784592712803292,,,,,,0.05,104729.0
unseen,reference_PI/A_original3,cross_equivalence,noise_0.05_seed130363,5.0,5.0,109.59723737472511,105.0,ok,65715.28476623601,125651.51763037566,3.573355719488986,37.49750201696337,0.0,7,4,inf,2.0735950762972495,4.228845316813979,9.780749893657994,,,,,,0.05,130363.0
unseen,reference_PI/A_original3,cross_equivalence,noise_0.05_seed155921,5.0,5.0,109.59723737472511,105.0,ok,66223.53020426175,127403.65259119768,3.572116432864119,37.26681042388874,0.0,7,4,inf,2.083858772802496,4.168555999263504,9.777948493233882,,,,,,0.05,155921.0
unseen,reference_PI/A_original3,cross_equivalence,noise_0.05_seed196613,5.0,5.0,109.59723737472511,105.0,ok,66798.16821469515,130341.29675110504,3.566377580754196,36.977669178578125,0.0,7,4,inf,2.187791526671825,4.070100281160729,9.756115928862135,,,,,,0.05,196613.0
unseen,reference_PI/A_original3,cross_equivalence,noise_0.05_seed262147,5.0,5.0,109.59723737472511,105.0,ok,65317.40625712971,123742.97126180276,3.5582423794365177,37.86324337297009,0.0,7,6,inf,2.063446617114651,4.326343881795626,9.787141631358727,,,,,,0.05,262147.0
unseen,reference_PI/A_original3,cross_equivalence,combined_seed104729,5.0,5.0,164.39585606208766,160.0,ok,132635.65690183942,436004.44604398974,5.447995766593525,27.004599100636696,0.0,7,6,inf,4.364072140826857,2.9028378460926936,9.67165213388936,1.5,1.15,0.85,2.0,1.2,0.05,104729.0
unseen,reference_PI/A_original3,cross_equivalence,combined_seed130363,5.0,5.0,164.39585606208766,160.0,ok,132666.51175866043,435974.4199351981,5.447896972651831,26.94690583560142,0.0,7,6,inf,4.363070307069767,2.902883948110502,9.670030193755332,1.5,1.15,0.85,2.0,1.2,0.05,130363.0
unseen,reference_PI/A_original3,cross_equivalence,combined_seed155921,5.0,5.0,164.39585606208766,160.0,ok,132649.0130065186,436013.4006720268,5.447821492455368,26.953601640610717,0.0,7,6,inf,4.362897471524015,2.9029401131181074,9.668419541336986,1.5,1.15,0.85,2.0,1.2,0.05,155921.0
unseen,reference_PI/A_original3,cross_equivalence,combined_seed196613,5.0,5.0,164.39585606208766,160.0,ok,132592.8381510382,435691.00261810754,5.447976101009248,26.7006695927832,0.0,7,6,inf,4.362033056932134,2.9027520916653287,9.669630149255607,1.5,1.15,0.85,2.0,1.2,0.05,196613.0
unseen,reference_PI/A_original3,cross_equivalence,combined_seed262147,5.0,5.0,164.39585606208766,160.0,ok,132510.0489470049,435676.13742175,5.44788947552758,27.08471755693642,0.0,7,6,inf,4.364646916826984,2.9028398858145437,9.655819959218341,1.5,1.15,0.85,2.0,1.2,0.05,262147.0
unseen,reference_PI/A_original3,regulatory_off_anchor,nominal,5.0,5.0,109.59723737472511,105.0,ok,102686.70761133783,222642.9531930262,3.526355692816561,25.933209694261706,0.0,4,3,inf,1.7374042923867847,3.8236443071834385,10.360965208959211,,,,,,,
unseen,reference_PI/A_original3,regulatory_off_anchor,delay_minus30,5.0,5.0,76.71806616230758,75.0,ok,99896.52603572427,213964.9209838425,3.518761557970496,27.702032318685713,0.0,4,3,inf,2.114434618366735,3.8312384420295036,10.351735442602342,0.7,,,,,,
unseen,reference_PI/A_original3,regulatory_off_anchor,delay_plus50,5.0,5.0,164.39585606208766,160.0,ok,109643.93952476562,251139.04593788396,3.5397954551344646,21.259685471276846,0.0,4,3,inf,2.2161623744341785,3.810204544865535,10.208103350549797,1.5,,,,,,
unseen,reference_PI/A_original3,regulatory_off_anchor,acid_plus15,5.0,5.0,109.59723737472511,105.0,ok,130416.39856206047,337296.7000592101,4.001739995925589,25.675065359996452,0.0,4,4,inf,3.477000873983191,3.348260004074411,10.24233752556909,,1.15,,,,,
unseen,reference_PI/A_original3,regulatory_off_anchor,acid_minus15,5.0,5.0,109.59723737472511,105.0,ok,113865.63741703152,243836.00600591948,3.315438627034645,29.118637919384796,0.0,4,4,inf,2.3398936202771896,4.034561372965355,10.332444818437764,,0.85,,,,,
unseen,reference_PI/A_original3,regulatory_off_anchor,base_minus15,5.0,5.0,109.59723737472511,105.0,ok,130767.38266478053,347486.250825546,4.027310950139782,22.650402268277816,0.0,4,3,inf,3.6746892103997886,3.322689049860218,10.216983099707047,,,0.85,,,,
unseen,reference_PI/A_original3,regulatory_off_anchor,base_plus15,5.0,5.0,109.59723737472511,105.0,ok,115328.56975168845,245527.57342342933,3.2377993708554005,32.01588506860083,0.0,4,4,inf,1.815543102554651,4.112200629144599,10.296977327766898,,,1.15,,,,
unseen,reference_PI/A_original3,regulatory_off_anchor,Kw_half,5.0,5.0,109.59723737472511,105.0,ok,127010.29509659219,292788.33936191694,3.453849120014272,36.413888716182925,0.0,4,4,inf,2.4659122923287713,3.896150879985728,10.65160221623852,,,,0.5,,,
unseen,reference_PI/A_original3,regulatory_off_anchor,Kw_double,5.0,5.0,109.59723737472511,105.0,ok,92692.12283273652,178284.0792147155,3.3306823145278415,21.534438682387766,0.0,4,4,inf,2.070052626429689,4.019317685472158,10.076581953370392,,,,2.0,,,
unseen,reference_PI/A_original3,regulatory_off_anchor,volume_plus20,5.0,5.0,109.59723737472511,105.0,ok,98215.32078462763,207455.48085052846,3.4992159507036216,23.28308980878178,0.0,4,3,inf,1.6457255229155336,3.850784049296378,10.1742354262892,,,,,1.2,,
unseen,reference_PI/A_original3,regulatory_off_anchor,volume_minus20,5.0,5.0,109.59723737472511,105.0,ok,104996.81853296128,226701.55581023835,3.5569182007487568,29.95811035449276,0.0,4,3,inf,2.2613705376607545,3.793081799251243,10.37874678216036,,,,,0.8,,
unseen,reference_PI/A_original3,regulatory_off_anchor,noise_0.01_seed104729,5.0,5.0,109.59723737472511,105.0,ok,109624.96871301423,228497.40002053336,3.476163726143423,29.65758386092148,0.0,4,4,inf,1.7551418161638015,3.873836273856577,10.243867494963832,,,,,,0.01,104729.0
unseen,reference_PI/A_original3,regulatory_off_anchor,noise_0.01_seed130363,5.0,5.0,109.59723737472511,105.0,ok,105824.38868387058,209983.28721437347,3.272749742870695,30.29237314637121,0.0,4,4,inf,1.899857016354094,4.077250257129305,10.154054694388817,,,,,,0.01,130363.0
unseen,reference_PI/A_original3,regulatory_off_anchor,noise_0.01_seed155921,5.0,5.0,109.59723737472511,105.0,ok,110971.80758644485,235553.01870543923,3.4573391963090097,29.189616015880095,0.0,4,4,inf,2.2780948440926982,3.89266080369099,10.200684806236728,,,,,,0.01,155921.0
unseen,reference_PI/A_original3,regulatory_off_anchor,noise_0.01_seed196613,5.0,5.0,109.59723737472511,105.0,ok,109080.49543934711,225738.45515330436,3.492633948068875,29.88811676163646,0.0,4,4,inf,2.3398587651945446,3.8573660519311246,10.264963134923935,,,,,,0.01,196613.0
unseen,reference_PI/A_original3,regulatory_off_anchor,noise_0.01_seed262147,5.0,5.0,109.59723737472511,105.0,ok,108027.72686595707,220947.9661784115,3.3851460168612495,29.991179508156485,0.0,4,4,inf,1.7350039384772522,3.96485398313875,10.215162646455326,,,,,,0.01,262147.0
unseen,reference_PI/A_original3,regulatory_off_anchor,noise_0.05_seed104729,5.0,5.0,109.59723737472511,105.0,ok,109243.4629193356,226420.8518593561,3.5010603056911385,44.46774362596842,0.0,4,4,inf,2.0190249091271752,3.848939694308861,10.274640877311779,,,,,,0.05,104729.0
unseen,reference_PI/A_original3,regulatory_off_anchor,noise_0.05_seed130363,5.0,5.0,109.59723737472511,105.0,ok,108947.17319419511,225140.38830046277,3.4904192157231964,43.945717339999405,0.0,4,4,inf,2.330278140444668,3.8595807842768033,10.26959489909582,,,,,,0.05,130363.0
unseen,reference_PI/A_original3,regulatory_off_anchor,noise_0.05_seed155921,5.0,5.0,109.59723737472511,105.0,ok,109203.6010468231,226375.64477498442,3.500338349678472,44.0449988388617,0.0,4,4,inf,2.2431578463466337,3.8496616503215275,10.275346778521323,,,,,,0.05,155921.0
unseen,reference_PI/A_original3,regulatory_off_anchor,noise_0.05_seed196613,5.0,5.0,109.59723737472511,105.0,ok,110490.6542849654,231194.77806591755,3.4031741503570165,44.104956302754694,0.0,4,4,inf,2.050905748453178,3.946825849642983,10.359139413597266,,,,,,0.05,196613.0
unseen,reference_PI/A_original3,regulatory_off_anchor,noise_0.05_seed262147,5.0,5.0,109.59723737472511,105.0,ok,109364.8936667387,226922.51497130276,3.480687533385834,44.493557481311456,0.0,4,4,inf,1.981489870336496,3.869312466614166,10.252275947027389,,,,,,0.05,262147.0
unseen,reference_PI/A_original3,regulatory_off_anchor,combined_seed104729,5.0,5.0,164.39585606208766,160.0,ok,153044.85722086,500013.55031236936,4.389298026820841,28.566586106196173,0.0,4,4,inf,4.294659151671976,2.9607019731791584,10.035894124815547,1.5,1.15,0.85,2.0,1.2,0.05,104729.0
unseen,reference_PI/A_original3,regulatory_off_anchor,combined_seed130363,5.0,5.0,164.39585606208766,160.0,ok,151614.10823474708,493267.04710289533,4.388751370628188,28.48634238925954,0.0,4,4,inf,4.293895269541756,2.961248629371812,10.033547797739532,1.5,1.15,0.85,2.0,1.2,0.05,130363.0
unseen,reference_PI/A_original3,regulatory_off_anchor,combined_seed155921,5.0,5.0,164.39585606208766,160.0,ok,152458.0267748098,497149.8358644693,4.388661782674921,28.633261090286403,0.0,4,4,inf,4.293607312749622,2.961338217325078,10.032697442482823,1.5,1.15,0.85,2.0,1.2,0.05,155921.0
unseen,reference_PI/A_original3,regulatory_off_anchor,combined_seed196613,5.0,5.0,164.39585606208766,160.0,ok,153189.80375470515,500894.08751886425,4.391658714007893,28.15558947991541,0.0,4,4,inf,4.297609191801193,2.9583412859921063,10.0471015006808,1.5,1.15,0.85,2.0,1.2,0.05,196613.0
unseen,reference_PI/A_original3,regulatory_off_anchor,combined_seed262147,5.0,5.0,164.39585606208766,160.0,ok,152005.40108048942,494992.90708499524,4.388534196392838,28.96275443197814,0.0,4,4,inf,4.293455037367558,2.9614658036071613,10.033828694520835,1.5,1.15,0.85,2.0,1.2,0.05,262147.0
unseen,reference_PI/B_analytic3,reverse_off_anchor,nominal,5.0,5.0,109.59723737472511,105.0,ok,4616.058028569811,5453.644935028135,1.9500000000002036,0.1603463078291254,0.0,4,0,3050.0,2.5837110229076643e-12,5.349286646598323,8.7,,,,,,,
unseen,reference_PI/B_analytic3,reverse_off_anchor,delay_minus30,5.0,5.0,76.71806616230758,75.0,ok,4089.76134151545,4567.4601066763735,1.9500000000039837,0.1253645455100978,0.0,4,0,3130.0,3.693045869113121e-12,5.369914629338268,8.7,0.7,,,,,,
unseen,reference_PI/B_analytic3,reverse_off_anchor,delay_plus50,5.0,5.0,164.39585606208766,160.0,ok,11389.302812322578,10946.739119790578,2.1984704663769676,0.38950367168448174,0.0,4,1,inf,0.25142189318957087,5.237226379372228,8.7,1.5,,,,,,
unseen,reference_PI/B_analytic3,reverse_off_anchor,acid_plus15,5.0,5.0,109.59723737472511,105.0,ok,31048.375776292938,123117.1045923439,5.304297478846426,1.272626794162452,0.0,4,1,inf,0.8780855801073741,3.3957025211535736,9.617265528963648,,1.15,,,,,
unseen,reference_PI/B_analytic3,reverse_off_anchor,acid_minus15,5.0,5.0,109.59723737472511,105.0,ok,30277.990424481082,65741.27140561695,3.211268538635828,1.2023476458203417,0.0,4,1,inf,1.8617215761939185,4.534572380441074,10.759783695632208,,0.85,,,,,
unseen,reference_PI/B_analytic3,reverse_off_anchor,base_minus15,5.0,5.0,109.59723737472511,105.0,ok,34615.84853790703,140790.2766379169,5.329734772641612,1.394289275332345,0.0,4,1,inf,0.8799191441629493,3.370265227358387,9.587195488325527,,,0.85,,,,
unseen,reference_PI/B_analytic3,reverse_off_anchor,base_plus15,5.0,5.0,109.59723737472511,105.0,ok,27394.542011721067,57594.44697828112,3.1366099485447485,1.101403012625,0.0,4,1,inf,1.7872188508017341,4.4980658245152645,10.747682909526388,,,1.15,,,,
unseen,reference_PI/B_analytic3,reverse_off_anchor,Kw_half,5.0,5.0,109.59723737472511,105.0,ok,7347.295313379126,5809.01601813374,2.0642608420034225,0.35718770169642244,0.0,4,1,inf,0.27108932986922163,5.379371813015958,8.805241041523397,,,,0.5,,,
unseen,reference_PI/B_analytic3,reverse_off_anchor,Kw_double,5.0,5.0,109.59723737472511,105.0,ok,5440.921362131257,5990.276654617242,1.95000000000063,0.1709692790216737,0.0,4,0,3005.0,0.0013026370705802037,5.341921531673606,8.715649434433535,,,,2.0,,,
unseen,reference_PI/B_analytic3,reverse_off_anchor,volume_plus20,5.0,5.0,109.59723737472511,105.0,ok,5294.10229783871,6193.148032192539,1.9499999999997772,0.17111632963964496,0.0,4,0,3095.0,9.78594982825598e-12,5.34170437638787,8.7,,,,,1.2,,
unseen,reference_PI/B_analytic3,reverse_off_anchor,volume_minus20,5.0,5.0,109.59723737472511,105.0,ok,3916.898779028087,4668.658507977069,1.9500000000002125,0.15117074341470094,0.0,4,0,2720.0,9.2148511043888e-12,5.356001881797701,8.7,,,,,0.8,,
unseen,reference_PI/B_analytic3,reverse_off_anchor,noise_0.01_seed104729,5.0,5.0,109.59723737472511,105.0,ok,4671.83066407727,5445.877480925446,1.950827128364958,1.2599114981053843,0.0,4,0,3045.0,0.001623994362034864,5.34817105395042,8.70046503591761,,,,,,0.01,104729.0
unseen,reference_PI/B_analytic3,reverse_off_anchor,noise_0.01_seed130363,5.0,5.0,109.59723737472511,105.0,ok,4670.263483565279,5439.155501440644,1.9548056148082527,1.253364545552075,0.0,4,0,3035.0,0.00423216170746521,5.348948812829837,8.701062426282999,,,,,,0.01,130363.0
unseen,reference_PI/B_analytic3,reverse_off_anchor,noise_0.01_seed155921,5.0,5.0,109.59723737472511,105.0,ok,4676.184381343557,5445.7460749713955,1.954030449349652,1.2444383705400366,0.0,4,0,3065.0,0.0030802519615029667,5.348595144909026,8.701224439428058,,,,,,0.01,155921.0
unseen,reference_PI/B_analytic3,reverse_off_anchor,noise_0.01_seed196613,5.0,5.0,109.59723737472511,105.0,ok,4677.723711908726,5433.008559277894,1.9483850745980726,1.2469088303283726,0.0,4,0,3030.0,0.0023093945878649436,5.349585366100801,8.702779930418629,,,,,,0.01,196613.0
unseen,reference_PI/B_analytic3,reverse_off_anchor,noise_0.01_seed262147,5.0,5.0,109.59723737472511,105.0,ok,4670.307229091685,5434.590197012962,1.9571293966330856,1.249916623704756,0.0,4,0,3035.0,0.005444210419675244,5.348476940538906,8.7010866223363,,,,,,0.01,262147.0
unseen,reference_PI/B_analytic3,reverse_off_anchor,noise_0.05_seed104729,5.0,5.0,109.59723737472511,105.0,ok,4903.746621120981,5405.234346184616,1.954052512207289,5.788156786887048,0.0,4,0,3125.0,0.005966703104275162,5.346463058558723,8.702080926966893,,,,,,0.05,104729.0
unseen,reference_PI/B_analytic3,reverse_off_anchor,noise_0.05_seed130363,5.0,5.0,109.59723737472511,105.0,ok,4902.915176525522,5348.7143309915355,1.972982927834365,5.773287169387461,0.0,4,0,2480.0,0.019672000649137544,5.349127442111558,8.705186433207768,,,,,,0.05,130363.0
unseen,reference_PI/B_analytic3,reverse_off_anchor,noise_0.05_seed155921,5.0,5.0,109.59723737472511,105.0,ok,4914.85231311616,5402.212525940702,1.9691828583393027,5.732548253619467,0.0,4,0,13945.0,0.014647014086733634,5.345866880860779,8.705768252633352,,,,,,0.05,155921.0
unseen,reference_PI/B_analytic3,reverse_off_anchor,noise_0.05_seed196613,5.0,5.0,109.59723737472511,105.0,ok,4917.715842022757,5315.220907119081,1.9400422148985177,5.731532142797762,0.0,4,0,2960.0,0.010205012731984375,5.349417166506772,8.713156297707165,,,,,,0.05,196613.0
unseen,reference_PI/B_analytic3,reverse_off_anchor,noise_0.05_seed262147,5.0,5.0,109.59723737472511,105.0,ok,4905.839034258979,5348.9028763008355,1.9842732671120968,5.746035470183499,0.0,4,0,2975.0,0.025713572155532383,5.344871454582231,8.705362731540546,,,,,,0.05,262147.0
unseen,reference_PI/B_analytic3,reverse_off_anchor,combined_seed104729,5.0,5.0,164.39585606208766,160.0,ok,59035.34103756101,249839.9094494921,5.693116281988929,11.707153681267398,0.0,4,1,inf,5.357586138732209,3.0068837180110703,9.03870252453075,1.5,1.15,0.85,2.0,1.2,0.05,104729.0
unseen,reference_PI/B_analytic3,reverse_off_anchor,combined_seed130363,5.0,5.0,164.39585606208766,160.0,ok,59062.86226925364,249759.7008021991,5.692996553737716,11.614657781243276,0.0,4,1,inf,5.357165087320538,3.0070034462622837,9.038737548501649,1.5,1.15,0.85,2.0,1.2,0.05,130363.0
unseen,reference_PI/B_analytic3,reverse_off_anchor,combined_seed155921,5.0,5.0,164.39585606208766,160.0,ok,58979.06285192261,249646.09294636303,5.692899807736661,11.71565712757923,0.0,4,1,inf,5.356637933272033,3.007100192263338,9.034455855570734,1.5,1.15,0.85,2.0,1.2,0.05,155921.0
unseen,reference_PI/B_analytic3,reverse_off_anchor,combined_seed196613,5.0,5.0,164.39585606208766,160.0,ok,58984.10259861231,249820.14453693456,5.693585337573219,11.49893450264727,0.0,4,1,inf,5.358249458998299,3.0064146624267805,9.036197432800803,1.5,1.15,0.85,2.0,1.2,0.05,196613.0
unseen,reference_PI/B_analytic3,reverse_off_anchor,combined_seed262147,5.0,5.0,164.39585606208766,160.0,ok,59054.694030582235,249791.06135497915,5.69299491613659,11.574099077455983,0.0,4,1,inf,5.356881761436714,3.007005083863409,9.039049402103537,1.5,1.15,0.85,2.0,1.2,0.05,262147.0
unseen,reference_PI/B_analytic3,cross_equivalence,nominal,5.0,5.0,109.59723737472511,105.0,ok,40439.88742968785,100615.99925596555,4.052821126265349,1.620205084272345,0.0,7,0,7830.0,0.011682132511236176,3.9579649892573143,10.170270421019671,,,,,,,
unseen,reference_PI/B_analytic3,cross_equivalence,delay_minus30,5.0,5.0,76.71806616230758,75.0,ok,37893.6677449425,95264.71398601367,4.031491151619721,1.5021302614124883,0.0,7,0,7540.0,0.0038601168881609027,3.9679234663156997,10.162507873047037,0.7,,,,,,
unseen,reference_PI/B_analytic3,cross_equivalence,delay_plus50,5.0,5.0,164.39585606208766,160.0,ok,52301.64962964827,118821.75800314028,4.088885168019309,1.990386673398743,0.0,7,3,inf,1.039953575388524,3.9425319272813892,10.184073703609247,1.5,,,,,,
unseen,reference_PI/B_analytic3,cross_equivalence,acid_plus15,5.0,5.0,109.59723737472511,105.0,ok,61793.205624016075,157436.99718104006,4.761308810617651,2.613551801296823,0.0,7,2,inf,1.6119158159292462,3.2848516143768984,10.23280702326813,,1.15,,,,,
unseen,reference_PI/B_analytic3,cross_equivalence,acid_minus15,5.0,5.0,109.59723737472511,105.0,ok,67633.82945511972,219968.92820967513,5.368151590933969,2.8935795216339555,0.0,7,1,inf,1.1228047534590937,4.004123127902862,10.61815159093397,,0.85,,,,,
unseen,reference_PI/B_analytic3,cross_equivalence,base_minus15,5.0,5.0,109.59723737472511,105.0,ok,65056.92946682751,169440.61843178183,4.866046237653935,2.7069023511732793,0.0,7,1,inf,1.7164839830192107,3.2678799309796367,10.175756243761729,,,0.85,,,,
unseen,reference_PI/B_analytic3,cross_equivalence,base_plus15,5.0,5.0,109.59723737472511,105.0,ok,64736.706778232656,206674.70696224945,5.341711362949328,2.815233741803838,0.0,7,1,inf,0.9981301840312806,3.971990165213868,10.591711362949328,,,1.15,,,,
unseen,reference_PI/B_analytic3,cross_equivalence,Kw_half,5.0,5.0,109.59723737472511,105.0,ok,43971.61567633107,109133.67895074125,4.057747834494951,1.8408405307836917,0.0,7,1,inf,0.224980686223061,3.9588346757666484,10.453449940177844,,,,0.5,,,
unseen,reference_PI/B_analytic3,cross_equivalence,Kw_double,5.0,5.0,109.59723737472511,105.0,ok,39238.33999741394,93669.37399829847,4.042433730964616,1.528552557132823,0.0,7,1,inf,0.07239361775544761,3.958410740845762,9.888186523724142,,,,2.0,,,
unseen,reference_PI/B_analytic3,cross_equivalence,volume_plus20,5.0,5.0,109.59723737472511,105.0,ok,45381.38285866502,109556.39736906235,4.008909085743879,1.75657689085003,0.0,7,1,inf,0.332790284596439,3.993358050591157,10.137076657994763,,,,,1.2,,
unseen,reference_PI/B_analytic3,cross_equivalence,volume_minus20,5.0,5.0,109.59723737472511,105.0,ok,35417.214786147386,91773.9427972869,4.1043707930400775,1.4645503646065308,0.0,7,0,6480.0,0.002483707285784398,3.9172113741589913,10.20760655429154,,,,,0.8,,
unseen,reference_PI/B_analytic3,cross_equivalence,noise_0.01_seed104729,5.0,5.0,109.59723737472511,105.0,ok,40475.16455016611,100605.7152047372,4.052863566771979,2.5382407586220825,0.0,7,0,7830.0,0.011466409084691875,3.957818762854347,10.17035918900555,,,,,,0.01,104729.0
unseen,reference_PI/B_analytic3,cross_equivalence,noise_0.01_seed130363,5.0,5.0,109.59723737472511,105.0,ok,40470.14796987358,100599.72795689602,4.052743234156439,2.5194675151094454,0.0,7,0,7820.0,0.015215205475266558,3.9581057180854446,10.170292489403055,,,,,,0.01,130363.0
unseen,reference_PI/B_analytic3,cross_equivalence,noise_0.01_seed155921,5.0,5.0,109.59723737472511,105.0,ok,40479.23492295105,100582.24821937433,4.052733160126377,2.5105646616559225,0.0,7,0,7830.0,0.011554297207146291,3.9582687722622274,10.170215386646905,,,,,,0.01,155921.0
unseen,reference_PI/B_analytic3,cross_equivalence,noise_0.01_seed196613,5.0,5.0,109.59723737472511,105.0,ok,40499.57105740631,100613.65662060607,4.052918303941453,2.5187046925726904,0.0,7,0,7835.0,0.013253103086459994,3.957991109498781,10.170154076817482,,,,,,0.01,196613.0
unseen,reference_PI/B_analytic3,cross_equivalence,noise_0.01_seed262147,5.0,5.0,109.59723737472511,105.0,ok,40464.72940544545,100603.38257223327,4.053009636397064,2.5380749383177506,0.0,7,0,7825.0,0.013732590467814276,3.957964911339643,10.170194595757083,,,,,,0.01,262147.0
unseen,reference_PI/B_analytic3,cross_equivalence,noise_0.05_seed104729,5.0,5.0,109.59723737472511,105.0,ok,40626.44556591298,100525.74042460311,4.0531708056130435,8.201487263987687,0.0,7,0,7815.0,0.01526247126425151,3.9574317125394862,10.170721707638819,,,,,,0.05,104729.0
unseen,reference_PI/B_analytic3,cross_equivalence,noise_0.05_seed130363,5.0,5.0,109.59723737472511,105.0,ok,40582.87678736944,100490.54739215993,4.052239289586565,8.16558381955423,0.0,7,0,7775.0,0.0292966849532057,3.9587039330827287,10.170397530282457,,,,,,0.05,130363.0
unseen,reference_PI/B_analytic3,cross_equivalence,noise_0.05_seed155921,5.0,5.0,109.59723737472511,105.0,ok,40655.71832105955,100406.40563083893,4.052211706068823,8.12420814108544,0.0,7,0,7820.0,0.016656952578385287,3.9595702055528155,10.16998956334036,,,,,,0.05,155921.0
unseen,reference_PI/B_analytic3,cross_equivalence,noise_0.05_seed196613,5.0,5.0,109.59723737472511,105.0,ok,40789.02428708623,100627.26606000197,4.053340899895661,8.113803676323833,0.0,7,0,7850.0,0.022143243200218876,3.9581183016182018,10.169697217697912,,,,,,0.05,196613.0
unseen,reference_PI/B_analytic3,cross_equivalence,noise_0.05_seed262147,5.0,5.0,109.59723737472511,105.0,ok,40568.06948215649,100507.87735093044,4.053916722935019,8.29798366508976,0.0,7,0,8530.0,0.04057556193226919,3.958094435167377,10.169895908153325,,,,,,0.05,262147.0
unseen,reference_PI/B_analytic3,cross_equivalence,combined_seed104729,5.0,5.0,164.39585606208766,160.0,ok,97183.23059946139,296481.21452538314,5.367100995655235,15.107943616183192,0.0,7,3,inf,2.2172830281394584,2.9335235638617094,9.930743160667557,1.5,1.15,0.85,2.0,1.2,0.05,104729.0
unseen,reference_PI/B_analytic3,cross_equivalence,combined_seed130363,5.0,5.0,164.39585606208766,160.0,ok,97186.25469509732,296451.88706600096,5.3669540816946455,14.958876327025308,0.0,7,3,inf,2.217147388273797,2.933559351518733,9.930646150842469,1.5,1.15,0.85,2.0,1.2,0.05,130363.0
unseen,reference_PI/B_analytic3,cross_equivalence,combined_seed155921,5.0,5.0,164.39585606208766,160.0,ok,97130.39569963345,296297.16524303914,5.366820679978139,14.930585772535014,0.0,7,3,inf,2.2170023440157354,2.9335618215731194,9.93020838055122,1.5,1.15,0.85,2.0,1.2,0.05,155921.0
unseen,reference_PI/B_analytic3,cross_equivalence,combined_seed196613,5.0,5.0,164.39585606208766,160.0,ok,97306.05132540359,296561.0606499056,5.366950972652784,14.738496681489853,0.0,7,4,inf,2.217131483014978,2.9334366111899115,9.93003313781087,1.5,1.15,0.85,2.0,1.2,0.05,196613.0
unseen,reference_PI/B_analytic3,cross_equivalence,combined_seed262147,5.0,5.0,164.39585606208766,160.0,ok,97317.40771216464,296699.26944811473,5.3669683703537086,15.208095689730289,0.0,7,4,inf,2.2171590372751075,2.933416375466655,9.930033542225933,1.5,1.15,0.85,2.0,1.2,0.05,262147.0
unseen,reference_PI/B_analytic3,regulatory_off_anchor,nominal,5.0,5.0,109.59723737472511,105.0,ok,53447.45563231284,147300.46407820843,3.573958741910591,2.097069861263539,0.0,4,0,10625.0,8.241407556397462e-12,3.7760412580894087,10.619017609055952,,,,,,,
unseen,reference_PI/B_analytic3,regulatory_off_anchor,delay_minus30,5.0,5.0,76.71806616230758,75.0,ok,50987.555901318774,142396.3246723747,3.5660065979675033,1.9914789969150606,0.0,4,0,9630.0,5.32107691242345e-12,3.7839934020324963,10.615838766626121,0.7,,,,,,
unseen,reference_PI/B_analytic3,regulatory_off_anchor,delay_plus50,5.0,5.0,164.39585606208766,160.0,ok,67618.4021572957,164082.88802589063,3.5881430705463035,2.608211732204637,0.0,4,3,inf,0.2628104649638683,3.761856929453696,10.625644212487051,1.5,,,,,,
unseen,reference_PI/B_analytic3,regulatory_off_anchor,acid_plus15,5.0,5.0,109.59723737472511,105.0,ok,76892.56595406652,234477.75058760948,4.003731191101705,3.076316703004058,0.0,4,1,inf,1.7066461372138146,3.346268808898294,10.670237851147885,,1.15,,,,,
unseen,reference_PI/B_analytic3,regulatory_off_anchor,acid_minus15,5.0,5.0,109.59723737472511,105.0,ok,70342.73190108653,197617.0885166363,3.553766228710224,2.8167229682962978,0.0,4,1,inf,2.6792118990636276,3.7962337712897756,10.706646342391442,,0.85,,,,,
unseen,reference_PI/B_analytic3,regulatory_off_anchor,base_minus15,5.0,5.0,109.59723737472511,105.0,ok,79334.96566213324,242353.85917908046,4.024686964346824,3.108666410522062,0.0,4,1,inf,3.0851544533486335,3.3253130356531764,10.610075503678546,,,0.85,,,,
unseen,reference_PI/B_analytic3,regulatory_off_anchor,base_plus15,5.0,5.0,109.59723737472511,105.0,ok,70711.55975687629,202492.74299524562,3.7036660122198595,2.8709956174220626,0.0,4,1,inf,1.9107058752985076,3.64633398778014,10.689541478346914,,,1.15,,,,
unseen,reference_PI/B_analytic3,regulatory_off_anchor,Kw_half,5.0,5.0,109.59723737472511,105.0,ok,61250.91401942469,158917.5072194511,3.5742688637186744,2.5919626450183975,0.0,4,2,inf,0.25941132437847525,3.7757311362813253,10.909058293725165,,,,0.5,,,
unseen,reference_PI/B_analytic3,regulatory_off_anchor,Kw_double,5.0,5.0,109.59723737472511,105.0,ok,52245.62885553139,137647.3836037481,3.5735251984110996,1.9917350862448808,0.0,4,0,10835.0,2.0023627200771443e-10,3.7764748015889,10.330566951390363,,,,2.0,,,
unseen,reference_PI/B_analytic3,regulatory_off_anchor,volume_plus20,5.0,5.0,109.59723737472511,105.0,ok,59334.877462155506,159397.30559848077,3.540872556210755,2.304693526093975,0.0,4,0,11795.0,3.284483796051063e-12,3.8091274437892446,10.597007514341248,,,,,1.2,,
unseen,reference_PI/B_analytic3,regulatory_off_anchor,volume_minus20,5.0,5.0,109.59723737472511,105.0,ok,47483.164181298285,135176.44152298901,3.611663270890787,1.8840874809810746,0.0,4,0,9325.0,4.244397722175108e-09,3.7383367291092124,10.64317627718047,,,,,0.8,,
unseen,reference_PI/B_analytic3,regulatory_off_anchor,noise_0.01_seed104729,5.0,5.0,109.59723737472511,105.0,ok,53476.292852558705,147238.88919220207,3.574086722487311,2.752185953745296,0.0,4,0,10610.0,0.003139239646870351,3.7759132775126885,10.618965443760725,,,,,,0.01,104729.0
unseen,reference_PI/B_analytic3,regulatory_off_anchor,noise_0.01_seed130363,5.0,5.0,109.59723737472511,105.0,ok,53524.244810433505,147299.74355401882,3.5739800036770695,2.746415142098072,0.0,4,0,10625.0,0.004207757478168261,3.77601999632293,10.619011720385425,,,,,,0.01,130363.0
unseen,reference_PI/B_analytic3,regulatory_off_anchor,noise_0.01_seed155921,5.0,5.0,109.59723737472511,105.0,ok,53521.5673589448,147296.2742104698,3.5740255257277576,2.7696095749256733,0.0,4,0,10625.0,0.004436142899407969,3.775974474272242,10.619006099469862,,,,,,0.01,155921.0
unseen,reference_PI/B_analytic3,regulatory_off_anchor,noise_0.01_seed196613,5.0,5.0,109.59723737472511,105.0,ok,53514.232862108656,147272.7641017732,3.573770620455246,2.7533743535320543,0.0,4,0,10615.0,0.0032615350009450594,3.7762293795447537,10.619005403096669,,,,,,0.01,196613.0
unseen,reference_PI/B_analytic3,regulatory_off_anchor,noise_0.01_seed262147,5.0,5.0,109.59723737472511,105.0,ok,53522.48816685402,147307.13134495108,3.574041148940647,2.7824052053220436,0.0,4,0,10635.0,0.005655746127398054,3.7759588510593525,10.619010560277443,,,,,,0.01,262147.0
unseen,reference_PI/B_analytic3,regulatory_off_anchor,noise_0.05_seed104729,5.0,5.0,109.59723737472511,105.0,ok,53627.25695618759,147013.15418171516,3.5746321738427502,7.898418829166269,0.0,4,0,10320.0,0.014124995862784928,3.7753678261572494,10.618761288016538,,,,,,0.05,104729.0
unseen,reference_PI/B_analytic3,regulatory_off_anchor,noise_0.05_seed130363,5.0,5.0,109.59723737472511,105.0,ok,53857.00494719083,147329.27745749813,3.5740428697970716,7.9270616292224005,0.0,4,0,12630.0,0.019559627576626326,3.775957130202928,10.618993469463003,,,,,,0.05,130363.0
unseen,reference_PI/B_analytic3,regulatory_off_anchor,noise_0.05_seed155921,5.0,5.0,109.59723737472511,105.0,ok,53831.49238901948,147278.34248872724,3.5742904943885594,8.098542507764073,0.0,4,0,13945.0,0.02115165021050114,3.7757095056114403,10.618958442790094,,,,,,0.05,155921.0
unseen,reference_PI/B_analytic3,regulatory_off_anchor,noise_0.05_seed196613,5.0,5.0,109.59723737472511,105.0,ok,53773.13852221405,147132.93087811206,3.5731202441623817,7.933232246881228,0.0,4,0,10575.0,0.016235534956229536,3.776879755837618,10.618954976835328,,,,,,0.05,196613.0
unseen,reference_PI/B_analytic3,regulatory_off_anchor,noise_0.05_seed262147,5.0,5.0,109.59723737472511,105.0,ok,53852.5667749304,147352.05174827515,3.5743108422746417,8.077414737704984,0.0,4,0,17530.0,0.02889365203632721,3.775689157725358,10.618986735846349,,,,,,0.05,262147.0
unseen,reference_PI/B_analytic3,regulatory_off_anchor,combined_seed104729,5.0,5.0,164.39585606208766,160.0,ok,113920.47748081264,368886.11294935603,4.374133646122079,15.268021655317927,0.0,4,1,inf,4.180217456417989,2.975866353877921,10.352352585493042,1.5,1.15,0.85,2.0,1.2,0.05,104729.0
unseen,reference_PI/B_analytic3,regulatory_off_anchor,combined_seed130363,5.0,5.0,164.39585606208766,160.0,ok,113981.62724604984,368982.11862627877,4.374150528164217,15.159782296314727,0.0,4,1,inf,4.18007524767653,2.975849471835783,10.35256057341822,1.5,1.15,0.85,2.0,1.2,0.05,130363.0
unseen,reference_PI/B_analytic3,regulatory_off_anchor,combined_seed155921,5.0,5.0,164.39585606208766,160.0,ok,113888.17265847865,368680.6976383545,4.374021726879702,15.181821241778735,0.0,4,1,inf,4.179598450053909,2.975978273120298,10.352528160079352,1.5,1.15,0.85,2.0,1.2,0.05,155921.0
unseen,reference_PI/B_analytic3,regulatory_off_anchor,combined_seed196613,5.0,5.0,164.39585606208766,160.0,ok,113884.20514008091,368770.2832516871,4.374347815853369,14.782759210044901,0.0,4,1,inf,4.180284200145803,2.97565218414663,10.35247117912475,1.5,1.15,0.85,2.0,1.2,0.05,196613.0
unseen,reference_PI/B_analytic3,regulatory_off_anchor,combined_seed262147,5.0,5.0,164.39585606208766,160.0,ok,113961.79493211576,369007.2772170167,4.374315616333245,15.42894661386065,0.0,4,1,inf,4.180186353473324,2.9756843836667546,10.352552014287403,1.5,1.15,0.85,2.0,1.2,0.05,262147.0
unseen,reference_PI/C_add7,reverse_off_anchor,nominal,5.0,5.0,109.59723737472511,105.0,ok,10243.363520317158,11222.411994027098,1.9499999999938487,0.17468121413043924,0.0,4,0,9025.0,2.7029251724819403e-05,5.398651507874404,8.7,,,,,,,
unseen,reference_PI/C_add7,reverse_off_anchor,delay_minus30,5.0,5.0,76.71806616230758,75.0,ok,8337.999178148664,8468.581383726696,1.9500000000000393,0.14018166061925008,0.0,4,0,7335.0,4.4551228040035085e-06,5.398633641594007,8.7,0.7,,,,,,
unseen,reference_PI/C_add7,reverse_off_anchor,delay_plus50,5.0,5.0,164.39585606208766,160.0,ok,21893.655485448675,25273.375897045516,2.0359177658728367,0.3766849046763072,0.0,4,0,17190.0,0.011583956379285887,5.230358543094412,8.7,1.5,,,,,,
unseen,reference_PI/C_add7,reverse_off_anchor,acid_plus15,5.0,5.0,109.59723737472511,105.0,ok,37092.94348138509,130520.5128280365,5.309736073278347,1.2958162836222424,0.0,4,1,inf,0.8972547584704067,3.3902639267216523,9.62931820816247,,1.15,,,,,
unseen,reference_PI/C_add7,reverse_off_anchor,acid_minus15,5.0,5.0,109.59723737472511,105.0,ok,36855.856385941945,73306.49443258593,3.2115960267392403,1.2349763728948808,0.0,4,1,inf,1.8620487616355366,4.505416421045567,10.75998323273058,,0.85,,,,,
unseen,reference_PI/C_add7,reverse_off_anchor,base_minus15,5.0,5.0,109.59723737472511,105.0,ok,41065.19858209314,148240.36012872038,5.334334380940579,1.4175872523471735,0.0,4,1,inf,0.886882255345034,3.365665619059421,9.596080403348527,,,0.85,,,,
unseen,reference_PI/C_add7,reverse_off_anchor,base_plus15,5.0,5.0,109.59723737472511,105.0,ok,33616.34435390948,64904.904950766686,3.1370468657497295,1.127810092568093,0.0,4,1,inf,1.787655238657882,4.4691480237072625,10.747916357652727,,,1.15,,,,
unseen,reference_PI/C_add7,reverse_off_anchor,Kw_half,5.0,5.0,109.59723737472511,105.0,ok,9012.210338002658,10077.620161725723,2.163436855753961,0.18294742729332203,0.0,4,0,8310.0,0.0005752577234225953,5.3986977979451485,8.813436855753961,,,,0.5,,,
unseen,reference_PI/C_add7,reverse_off_anchor,Kw_double,5.0,5.0,109.59723737472511,105.0,ok,11127.662951658516,11692.857678608718,1.9499999875956462,0.1778756203299814,0.0,4,0,8730.0,7.149629066205421e-05,5.398572413925119,8.714956349776314,,,,2.0,,,
unseen,reference_PI/C_add7,reverse_off_anchor,volume_plus20,5.0,5.0,109.59723737472511,105.0,ok,12315.1340142354,13331.89248600334,1.9500000006369165,0.19807093023765443,0.0,4,0,10335.0,0.00015029984030245913,5.393402984590128,8.7,,,,,1.2,,
unseen,reference_PI/C_add7,reverse_off_anchor,volume_minus20,5.0,5.0,109.59723737472511,105.0,ok,8114.497346635843,8820.182679930047,1.9500000000112578,0.15210191724384625,0.0,4,0,6640.0,6.08240915411784e-08,5.399999999997209,8.7,,,,,0.8,,
unseen,reference_PI/C_add7,reverse_off_anchor,noise_0.01_seed104729,5.0,5.0,109.59723737472511,105.0,ok,10272.981398010408,11219.294223448569,1.9507826194526094,1.0531963101573405,0.0,4,0,9035.0,0.0007754869660123731,5.397216628250597,8.70040951619211,,,,,,0.01,104729.0
unseen,reference_PI/C_add7,reverse_off_anchor,noise_0.01_seed130363,5.0,5.0,109.59723737472511,105.0,ok,10254.829323810292,11200.671588141848,1.9519543960827423,1.0564890398942985,0.0,4,0,8995.0,0.0011859542597472128,5.397958050536994,8.70096290433706,,,,,,0.01,130363.0
unseen,reference_PI/C_add7,reverse_off_anchor,noise_0.01_seed155921,5.0,5.0,109.59723737472511,105.0,ok,10250.104644802796,11210.967386323413,1.9526503820732506,1.042315327996537,0.0,4,0,9010.0,0.0022680795544500754,5.396923776085856,8.701132295084658,,,,,,0.01,155921.0
unseen,reference_PI/C_add7,reverse_off_anchor,noise_0.01_seed196613,5.0,5.0,109.59723737472511,105.0,ok,10252.777768104714,11180.52869529785,1.9487880605812888,1.0499048437413583,0.0,4,0,9025.0,0.001142248570423554,5.397574012193008,8.702655741472721,,,,,,0.01,196613.0
unseen,reference_PI/C_add7,reverse_off_anchor,noise_0.01_seed262147,5.0,5.0,109.59723737472511,105.0,ok,10266.347897337737,11197.285249639819,1.9509990796422532,1.041501171327992,0.0,4,0,9030.0,0.000919381045893175,5.397434928304264,8.701049042721749,,,,,,0.01,262147.0
unseen,reference_PI/C_add7,reverse_off_anchor,noise_0.05_seed104729,5.0,5.0,109.59723737472511,105.0,ok,10456.106851363866,11239.592268259916,1.9496980373268258,4.757506187530274,0.0,4,0,9085.0,0.005966703103956306,5.39077574361749,8.701494829090782,,,,,,0.05,104729.0
unseen,reference_PI/C_add7,reverse_off_anchor,noise_0.05_seed130363,5.0,5.0,109.59723737472511,105.0,ok,10394.359889556397,11120.366434817966,1.9552330783858718,4.776160548644057,0.0,4,0,8925.0,0.0036180134347203463,5.392439316698852,8.70464774708971,,,,,,0.05,130363.0
unseen,reference_PI/C_add7,reverse_off_anchor,noise_0.05_seed155921,5.0,5.0,109.59723737472511,105.0,ok,10333.321096281074,11171.57040745901,1.9616100555590616,4.723154527961206,0.0,4,0,9000.0,0.009811542828952469,5.39154042281009,8.705101806270129,,,,,,0.05,155921.0
unseen,reference_PI/C_add7,reverse_off_anchor,noise_0.05_seed196613,5.0,5.0,109.59723737472511,105.0,ok,10350.121793896695,11001.513928223634,1.938345756882665,4.737458351356096,0.0,4,0,9060.0,0.011269463838995186,5.392834207973729,8.712223262681647,,,,,,0.05,196613.0
unseen,reference_PI/C_add7,reverse_off_anchor,noise_0.05_seed262147,5.0,5.0,109.59723737472511,105.0,ok,10466.63100742894,11147.50301077604,1.9492926708521,4.697608926202319,0.0,4,0,9135.0,0.005540051396561552,5.388306589950017,8.705159604533003,,,,,,0.05,262147.0
unseen,reference_PI/C_add7,reverse_off_anchor,combined_seed104729,5.0,5.0,164.39585606208766,160.0,ok,67853.96277964367,259910.3100752161,5.6955726378168645,11.082627785287936,0.0,4,1,inf,5.362943519268381,3.0044273621831348,9.060960064684995,1.5,1.15,0.85,2.0,1.2,0.05,104729.0
unseen,reference_PI/C_add7,reverse_off_anchor,combined_seed130363,5.0,5.0,164.39585606208766,160.0,ok,67982.16124127203,259950.81380894937,5.695430677913569,10.969700004448068,0.0,4,1,inf,5.36247772393571,3.0045693220864305,9.062188511477332,1.5,1.15,0.85,2.0,1.2,0.05,130363.0
unseen,reference_PI/C_add7,reverse_off_anchor,combined_seed155921,5.0,5.0,164.39585606208766,160.0,ok,67804.00395938914,259793.9661078174,5.69531091895713,11.094325110334857,0.0,4,1,inf,5.361917887704818,3.0046890810428692,9.058049003708447,1.5,1.15,0.85,2.0,1.2,0.05,155921.0
unseen,reference_PI/C_add7,reverse_off_anchor,combined_seed196613,5.0,5.0,164.39585606208766,160.0,ok,67907.83762924354,260054.02449432533,5.6961585713882705,10.883026560806403,0.0,4,1,inf,5.363853666080248,3.0038414286117283,9.060336410644359,1.5,1.15,0.85,2.0,1.2,0.05,196613.0
unseen,reference_PI/C_add7,reverse_off_anchor,combined_seed262147,5.0,5.0,164.39585606208766,160.0,ok,67917.54897387531,259902.3587047768,5.695439645902528,10.941550130670729,0.0,4,1,inf,5.362229638269129,3.0045603540974715,9.061794225966409,1.5,1.15,0.85,2.0,1.2,0.05,262147.0
unseen,reference_PI/C_add7,cross_equivalence,nominal,5.0,5.0,109.59723737472511,105.0,ok,53129.724515807844,118976.19750239872,4.079712971136643,1.664835520425159,0.0,7,2,inf,0.7283749139173024,3.942212904408357,10.186980293384906,,,,,,,
unseen,reference_PI/C_add7,cross_equivalence,delay_minus30,5.0,5.0,76.71806616230758,75.0,ok,47867.641172610165,109072.19894081482,4.060041996654884,1.549424526913584,0.0,7,1,inf,0.5240157993214103,3.9516910491669814,10.179563292576626,0.7,,,,,,
unseen,reference_PI/C_add7,cross_equivalence,delay_plus50,5.0,5.0,164.39585606208766,160.0,ok,67874.51053485902,144257.91187746474,4.113787427623692,2.09128852994201,0.0,7,4,inf,1.3942823131563093,3.925850198811,10.201987070711564,1.5,,,,,,
unseen,reference_PI/C_add7,cross_equivalence,acid_plus15,5.0,5.0,109.59723737472511,105.0,ok,71413.54716231985,171373.46245109773,4.761308810617651,2.665590876953127,0.0,7,3,inf,1.6119158159292462,3.2848516143768984,10.247322183357388,,1.15,,,,,
unseen,reference_PI/C_add7,cross_equivalence,acid_minus15,5.0,5.0,109.59723737472511,105.0,ok,80800.11555213672,238590.08799400984,5.371182410317218,2.980200549385999,0.0,7,3,inf,1.1411530939323686,3.993229400035046,10.621182410317218,,0.85,,,,,
unseen,reference_PI/C_add7,cross_equivalence,base_minus15,5.0,5.0,109.59723737472511,105.0,ok,74590.94002605532,183528.19518783182,4.866046237653935,2.753686509235938,0.0,7,3,inf,1.7164839830192107,3.2678799309796367,10.189625881239321,,,0.85,,,,
unseen,reference_PI/C_add7,cross_equivalence,base_plus15,5.0,5.0,109.59723737472511,105.0,ok,77154.03634879502,224531.61047344457,5.3452710143486915,2.890701662849688,0.0,7,3,inf,1.023299196493764,3.9538681064435703,10.595271014348691,,,1.15,,,,
unseen,reference_PI/C_add7,cross_equivalence,Kw_half,5.0,5.0,109.59723737472511,105.0,ok,52263.27095026768,125156.49939760868,4.084084780611407,1.7654280430270024,0.0,7,1,inf,0.9293743095304956,3.94197593729601,10.471633460362597,,,,0.5,,,
unseen,reference_PI/C_add7,cross_equivalence,Kw_double,5.0,5.0,109.59723737472511,105.0,ok,48019.975113863846,104519.65538637794,4.071528923075236,1.5735913957660532,0.0,7,1,inf,1.105263891535035,3.9426741839238275,9.903555399620089,,,,2.0,,,
unseen,reference_PI/C_add7,cross_equivalence,volume_plus20,5.0,5.0,109.59723737472511,105.0,ok,58669.180136244504,130332.90565378524,4.036313371776874,1.8454851448094187,0.0,7,2,inf,1.4502391386965607,3.977752673017528,10.153974562436472,,,,,1.2,,
unseen,reference_PI/C_add7,cross_equivalence,volume_minus20,5.0,5.0,109.59723737472511,105.0,ok,43496.87262844782,102750.95865496784,4.130897765931471,1.4715066173300952,0.0,7,1,inf,0.6618321993036842,3.901309625646478,10.224198608338668,,,,,0.8,,
unseen,reference_PI/C_add7,cross_equivalence,noise_0.01_seed104729,5.0,5.0,109.59723737472511,105.0,ok,53123.82880542545,118923.81507605905,4.079811430467129,2.4018940833427918,0.0,7,2,inf,0.7256192183998351,3.9421253940310086,10.187072241674672,,,,,,0.01,104729.0
unseen,reference_PI/C_add7,cross_equivalence,noise_0.01_seed130363,5.0,5.0,109.59723737472511,105.0,ok,53124.142670490335,118943.29394769236,4.079562998421505,2.3760078277552346,0.0,7,2,inf,0.7291074426453763,3.9423529765805654,10.187023996092718,,,,,,0.01,130363.0
unseen,reference_PI/C_add7,cross_equivalence,noise_0.01_seed155921,5.0,5.0,109.59723737472511,105.0,ok,53098.538021202105,118930.02956920175,4.0796170570142785,2.3705320237017338,0.0,7,2,inf,0.7267986413457592,3.9424841847963146,10.186901617099995,,,,,,0.01,155921.0
unseen,reference_PI/C_add7,cross_equivalence,noise_0.01_seed196613,5.0,5.0,109.59723737472511,105.0,ok,53176.6170980897,119005.5131870335,4.079795528826918,2.378889905241075,0.0,7,2,inf,0.7298657943432785,3.942262569230647,10.186884822776042,,,,,,0.01,196613.0
unseen,reference_PI/C_add7,cross_equivalence,noise_0.01_seed262147,5.0,5.0,109.59723737472511,105.0,ok,53110.278458730965,118917.65646237091,4.079825949339254,2.3894399235270445,0.0,7,2,inf,0.7317233501301006,3.94217984192938,10.186903989343547,,,,,,0.01,262147.0
unseen,reference_PI/C_add7,cross_equivalence,noise_0.05_seed104729,5.0,5.0,109.59723737472511,105.0,ok,53188.05704057581,118807.51735130601,4.0804394259207735,7.503083609238069,0.0,7,2,inf,0.720015868846664,3.941891102700552,10.187427250742267,,,,,,0.05,104729.0
unseen,reference_PI/C_add7,cross_equivalence,noise_0.05_seed130363,5.0,5.0,109.59723737472511,105.0,ok,53130.6503599874,118817.99860875413,4.078741028680219,7.441124086820804,0.0,7,2,inf,0.7407470764866524,3.9429219915732654,10.187184511820949,,,,,,0.05,130363.0
unseen,reference_PI/C_add7,cross_equivalence,noise_0.05_seed155921,5.0,5.0,109.59723737472511,105.0,ok,53068.03809181393,118794.68141553193,4.0791841846193595,7.405918700125103,0.0,7,2,inf,0.7268461312519809,3.9436843567836073,10.186584175163226,,,,,,0.05,155921.0
unseen,reference_PI/C_add7,cross_equivalence,noise_0.05_seed196613,5.0,5.0,109.59723737472511,105.0,ok,53397.466869570184,119161.13065442797,4.080099771005981,7.404325620965648,0.0,7,2,inf,0.7360117662642232,3.942476022118804,10.186482928270681,,,,,,0.05,196613.0
unseen,reference_PI/C_add7,cross_equivalence,noise_0.05_seed262147,5.0,5.0,109.59723737472511,105.0,ok,53083.01573345342,118737.7614173518,4.080420538816856,7.540221526858168,0.0,7,2,inf,0.7489908287768898,3.94214073559964,10.186583024924092,,,,,,0.05,262147.0
unseen,reference_PI/C_add7,cross_equivalence,combined_seed104729,5.0,5.0,164.39585606208766,160.0,ok,106798.38699954812,309404.7706410664,5.367100995655235,14.88976874033704,0.0,7,6,inf,2.2172830281394584,2.9335235638617094,9.941294677950761,1.5,1.15,0.85,2.0,1.2,0.05,104729.0
unseen,reference_PI/C_add7,cross_equivalence,combined_seed130363,5.0,5.0,164.39585606208766,160.0,ok,106973.18252832728,309597.3665142397,5.3669540816946455,14.738709292096935,0.0,7,6,inf,2.217147388273797,2.933559351518733,9.941190717569999,1.5,1.15,0.85,2.0,1.2,0.05,130363.0
unseen,reference_PI/C_add7,cross_equivalence,combined_seed155921,5.0,5.0,164.39585606208766,160.0,ok,106948.77765631072,309531.08244734514,5.366820679978139,14.74905757627199,0.0,7,6,inf,2.2170023440157354,2.9335618215731194,9.940845049227182,1.5,1.15,0.85,2.0,1.2,0.05,155921.0
unseen,reference_PI/C_add7,cross_equivalence,combined_seed196613,5.0,5.0,164.39585606208766,160.0,ok,106818.63350864463,309371.8770600787,5.366950972652784,14.496950486545021,0.0,7,6,inf,2.217131483014978,2.9334366111899115,9.940580130891805,1.5,1.15,0.85,2.0,1.2,0.05,196613.0
unseen,reference_PI/C_add7,cross_equivalence,combined_seed262147,5.0,5.0,164.39585606208766,160.0,ok,107012.77296660098,309838.8742310831,5.3669683703537086,15.046146500361184,0.0,7,6,inf,2.2171590372751075,2.933416375466655,9.940833818150386,1.5,1.15,0.85,2.0,1.2,0.05,262147.0
unseen,reference_PI/C_add7,regulatory_off_anchor,nominal,5.0,5.0,109.59723737472511,105.0,ok,62595.482080268375,160627.26139024796,3.586792341645475,2.161386239910488,0.0,4,0,13865.0,1.298713607944535e-05,3.7632076583545246,10.62391190246393,,,,,,,
unseen,reference_PI/C_add7,regulatory_off_anchor,delay_minus30,5.0,5.0,76.71806616230758,75.0,ok,58823.607449893105,153722.28035284,3.579175833511378,2.049880640960109,0.0,4,0,12515.0,5.239811429191832e-07,3.7708241664886217,10.620786869241545,0.7,,,,,,
unseen,reference_PI/C_add7,regulatory_off_anchor,delay_plus50,5.0,5.0,164.39585606208766,160.0,ok,81157.93838561203,190040.45921091072,3.600420915007775,2.6075158544386996,0.0,4,1,inf,0.32842038372817406,3.7495790849922246,10.62955753927144,1.5,,,,,,
unseen,reference_PI/C_add7,regulatory_off_anchor,acid_plus15,5.0,5.0,109.59723737472511,105.0,ok,84977.52172095185,246928.7354354819,4.010421322992664,3.115917942950939,0.0,4,1,inf,1.6505616642725265,3.339578677007336,10.674466949774331,,1.15,,,,,
unseen,reference_PI/C_add7,regulatory_off_anchor,acid_minus15,5.0,5.0,109.59723737472511,105.0,ok,79987.63417014849,211333.3149316168,3.5545852135780014,2.886450089463332,0.0,4,1,inf,2.700599190250509,3.7954147864219983,10.710908001942489,,0.85,,,,,
unseen,reference_PI/C_add7,regulatory_off_anchor,base_minus15,5.0,5.0,109.59723737472511,105.0,ok,88010.36228913904,255419.38023559444,4.030357469382808,3.1669280700733173,0.0,4,1,inf,3.1247618147454315,3.319642530617192,10.614116041732688,,,0.85,,,,
unseen,reference_PI/C_add7,regulatory_off_anchor,base_plus15,5.0,5.0,109.59723737472511,105.0,ok,79343.84399168185,215464.70918716135,3.705392515722995,2.926357376253087,0.0,4,1,inf,2.026808020815242,3.6446074842770044,10.694531633805212,,,1.15,,,,
unseen,reference_PI/C_add7,regulatory_off_anchor,Kw_half,5.0,5.0,109.59723737472511,105.0,ok,62280.70790409813,169695.41404715445,3.587020629742737,2.2490065353697384,0.0,4,0,12165.0,7.835510018594505e-12,3.7629793702572627,10.913371510188012,,,,0.5,,,
unseen,reference_PI/C_add7,regulatory_off_anchor,Kw_double,5.0,5.0,109.59723737472511,105.0,ok,60953.757588746164,150035.4775300536,3.586345691155719,2.049811160940007,0.0,4,0,14970.0,0.0012249221384621478,3.7636543088442806,10.33501958558428,,,,2.0,,,
unseen,reference_PI/C_add7,regulatory_off_anchor,volume_plus20,5.0,5.0,109.59723737472511,105.0,ok,71681.50565661685,176932.88279313018,3.5536436172688797,2.4178256174723742,0.0,4,0,16330.0,0.002541032722040981,3.79635638273112,10.6019063821058,,,,,1.2,,
unseen,reference_PI/C_add7,regulatory_off_anchor,volume_minus20,5.0,5.0,109.59723737472511,105.0,ok,53915.456624204315,144969.10358842986,3.624560460480563,1.9112949457861088,0.0,4,0,11385.0,7.569944671104167e-10,3.725439539519437,10.648066967007484,,,,,0.8,,
unseen,reference_PI/C_add7,regulatory_off_anchor,noise_0.01_seed104729,5.0,5.0,109.59723737472511,105.0,ok,62583.39020537034,160572.49377132734,3.5869294342948153,2.549255743117265,0.0,4,0,13865.0,0.0009837409197590574,3.7630705657051844,10.623858944333586,,,,,,0.01,104729.0
unseen,reference_PI/C_add7,regulatory_off_anchor,noise_0.01_seed130363,5.0,5.0,109.59723737472511,105.0,ok,62604.05037095588,160627.65003946604,3.586798980251029,2.5500430031825454,0.0,4,0,13860.0,0.0011843673536082733,3.7632010197489705,10.623921413882835,,,,,,0.01,130363.0
unseen,reference_PI/C_add7,regulatory_off_anchor,noise_0.01_seed155921,5.0,5.0,109.59723737472511,105.0,ok,62626.38510272633,160621.57761559723,3.586863591143965,2.571762460505747,0.0,4,0,13855.0,0.002266251640728356,3.7631364088560346,10.62389821988993,,,,,,0.01,155921.0
unseen,reference_PI/C_add7,regulatory_off_anchor,noise_0.01_seed196613,5.0,5.0,109.59723737472511,105.0,ok,62613.629127099666,160590.9789905552,3.586603467040181,2.552330260905139,0.0,4,0,13860.0,0.0015852295196232546,3.7633965329598187,10.623900710188357,,,,,,0.01,196613.0
unseen,reference_PI/C_add7,regulatory_off_anchor,noise_0.01_seed262147,5.0,5.0,109.59723737472511,105.0,ok,62660.53529903808,160661.9046732593,3.5869089746755045,2.5794791647748587,0.0,4,0,13890.0,0.0023917483183959476,3.763091025324495,10.623922836150472,,,,,,0.01,262147.0
unseen,reference_PI/C_add7,regulatory_off_anchor,noise_0.05_seed104729,5.0,5.0,109.59723737472511,105.0,ok,62653.11611676823,160460.2699922701,3.5875310705146717,6.822309109061646,0.0,4,0,13875.0,0.010335093993766087,3.762468929485328,10.623681329774287,,,,,,0.05,104729.0
unseen,reference_PI/C_add7,regulatory_off_anchor,noise_0.05_seed130363,5.0,5.0,109.59723737472511,105.0,ok,62706.21494576815,160685.13635365132,3.5867963954623154,6.875474085255947,0.0,4,0,13895.0,0.006069063297434951,3.763203604537684,10.623993602399327,,,,,,0.05,130363.0
unseen,reference_PI/C_add7,regulatory_off_anchor,noise_0.05_seed155921,5.0,5.0,109.59723737472511,105.0,ok,62797.89919184789,160665.57410264257,3.587130964784827,7.033610715113952,0.0,4,0,13800.0,0.009752860225392013,3.762869035215173,10.623850349408949,,,,,,0.05,155921.0
unseen,reference_PI/C_add7,regulatory_off_anchor,noise_0.05_seed196613,5.0,5.0,109.59723737472511,105.0,ok,62720.55468520284,160469.36471868918,3.585915771534168,6.831181056812553,0.0,4,0,13870.0,0.011208939335091372,3.7640842284658316,10.623883546158728,,,,,,0.05,196613.0
unseen,reference_PI/C_add7,regulatory_off_anchor,noise_0.05_seed262147,5.0,5.0,109.59723737472511,105.0,ok,62903.65072399413,160769.61564150883,3.5873088079096704,6.997627533261201,0.0,4,0,13995.0,0.009234609322709808,3.762691192090329,10.624002523655996,,,,,,0.05,262147.0
unseen,reference_PI/C_add7,regulatory_off_anchor,combined_seed104729,5.0,5.0,164.39585606208766,160.0,ok,125619.6331547455,385719.0055506276,4.377181812750693,14.967042544851932,0.0,4,3,inf,4.185053497678921,2.972818187249307,10.356747271925643,1.5,1.15,0.85,2.0,1.2,0.05,104729.0
unseen,reference_PI/C_add7,regulatory_off_anchor,combined_seed130363,5.0,5.0,164.39585606208766,160.0,ok,125796.37289628279,386098.9116195228,4.377214808042046,14.901796413751114,0.0,4,3,inf,4.184930324913907,2.9727851919579535,10.35692425671569,1.5,1.15,0.85,2.0,1.2,0.05,130363.0
unseen,reference_PI/C_add7,regulatory_off_anchor,combined_seed155921,5.0,5.0,164.39585606208766,160.0,ok,125715.80742121357,385782.8744791861,4.377092242969333,14.895400327210087,0.0,4,3,inf,4.184468544681147,2.972907757030667,10.35680070781935,1.5,1.15,0.85,2.0,1.2,0.05,155921.0
unseen,reference_PI/C_add7,regulatory_off_anchor,combined_seed196613,5.0,5.0,164.39585606208766,160.0,ok,125698.9343147533,385838.26180729794,4.377302313449585,14.51259918313361,0.0,4,3,inf,4.184975028209246,2.9726976865504144,10.356851608085384,1.5,1.15,0.85,2.0,1.2,0.05,196613.0
unseen,reference_PI/C_add7,regulatory_off_anchor,combined_seed262147,5.0,5.0,164.39585606208766,160.0,ok,125746.77830385425,386043.19787937833,4.377377396907811,15.164244728229313,0.0,4,3,inf,4.185044319366121,2.9726226030921885,10.357010109059296,1.5,1.15,0.85,2.0,1.2,0.05,262147.0
unseen,reference_PI/D_add8,reverse_off_anchor,nominal,5.0,5.0,109.59723737472511,105.0,ok,16467.337052434217,18873.002184645935,1.9918019910712879,0.19383942658936437,0.0,4,0,10345.0,6.805903990425577e-05,5.360712207278375,8.7,,,,,,,
unseen,reference_PI/D_add8,reverse_off_anchor,delay_minus30,5.0,5.0,76.71806616230758,75.0,ok,13103.816527465271,14293.119705617562,1.950012624564395,0.14702482089419622,0.0,4,0,8300.0,1.1495268277705861e-05,5.398867296168693,8.7,0.7,,,,,,
unseen,reference_PI/D_add8,reverse_off_anchor,delay_plus50,5.0,5.0,164.39585606208766,160.0,ok,35744.60353339545,47283.85526197574,2.092128665254682,0.5741171989041431,0.0,4,1,inf,1.5444281793270855,5.154677567933449,8.742128665254683,1.5,,,,,,
unseen,reference_PI/D_add8,reverse_off_anchor,acid_plus15,5.0,5.0,109.59723737472511,105.0,ok,43815.70669143909,140514.9098109005,5.3170551963332695,1.3268498885124238,0.0,4,1,inf,0.912243581120979,3.3829448036667293,9.637200945108612,,1.15,,,,,
unseen,reference_PI/D_add8,reverse_off_anchor,acid_minus15,5.0,5.0,109.59723737472511,105.0,ok,45481.94789153477,84783.89886531861,3.2122792908453057,1.2893284427574327,0.0,4,2,inf,1.8627313948404627,4.470060924037991,10.760399696556588,,0.85,,,,,
unseen,reference_PI/D_add8,reverse_off_anchor,base_minus15,5.0,5.0,109.59723737472511,105.0,ok,46698.0777939269,157113.35020011585,5.340529244911085,1.4367337980475536,0.0,4,1,inf,0.8882436445297781,3.3594707550889136,9.599897204798998,,,0.85,,,,
unseen,reference_PI/D_add8,reverse_off_anchor,base_plus15,5.0,5.0,109.59723737472511,105.0,ok,42428.61202031745,76661.06392931734,3.137958145062642,1.1869880414973908,0.0,4,1,inf,1.7885654152340997,4.434237435001623,10.74840354384138,,,1.15,,,,
unseen,reference_PI/D_add8,reverse_off_anchor,Kw_half,5.0,5.0,109.59723737472511,105.0,ok,19961.94613449386,23723.50361876985,2.226283183702563,0.26062104321801094,0.0,4,0,11055.0,0.0003239764087403785,5.27227530689698,8.876283183702563,,,,0.5,,,
unseen,reference_PI/D_add8,reverse_off_anchor,Kw_double,5.0,5.0,109.59723737472511,105.0,ok,14790.692169264694,16124.179872240911,1.9581925501818471,0.16335188388239263,0.0,4,0,10205.0,0.004155955152043589,5.3918074498181525,8.713017222299635,,,,2.0,,,
unseen,reference_PI/D_add8,reverse_off_anchor,volume_plus20,5.0,5.0,109.59723737472511,105.0,ok,19920.556994647715,22499.970748584463,1.9891493502663842,0.22463694480131657,0.0,4,0,12820.0,0.0014792933616414317,5.357578539608503,8.7,,,,,1.2,,
unseen,reference_PI/D_add8,reverse_off_anchor,volume_minus20,5.0,5.0,109.59723737472511,105.0,ok,12926.442393135196,14561.468159403665,1.990473209832384,0.16062007658982935,0.0,4,0,7900.0,1.2927549999375287e-06,5.371051279779055,8.7,,,,,0.8,,
unseen,reference_PI/D_add8,reverse_off_anchor,noise_0.01_seed104729,5.0,5.0,109.59723737472511,105.0,ok,16502.126464094876,18897.01032177097,1.9907166802699585,0.9723989298882421,0.0,4,0,10350.0,0.0007754869649021501,5.361066963916247,8.700271933773193,,,,,,0.01,104729.0
unseen,reference_PI/D_add8,reverse_off_anchor,noise_0.01_seed130363,5.0,5.0,109.59723737472511,105.0,ok,16473.454648796207,18848.864238740076,1.9888053934008258,0.976869386903715,0.0,4,0,10340.0,0.00028600186642968595,5.361935785729513,8.700763805803447,,,,,,0.01,130363.0
unseen,reference_PI/D_add8,reverse_off_anchor,noise_0.01_seed155921,5.0,5.0,109.59723737472511,105.0,ok,16489.87359743849,18880.399401116527,1.9894563739787738,0.96373607583224,0.0,4,0,10360.0,0.0019573834578032745,5.363884282260238,8.700968114528997,,,,,,0.01,155921.0
unseen,reference_PI/D_add8,reverse_off_anchor,noise_0.01_seed196613,5.0,5.0,109.59723737472511,105.0,ok,16490.092898684168,18869.49506501924,1.9895587508849424,0.9724816292405825,0.0,4,0,10350.0,0.0009518545830591307,5.362688409458621,8.70219968595046,,,,,,0.01,196613.0
unseen,reference_PI/D_add8,reverse_off_anchor,noise_0.01_seed262147,5.0,5.0,109.59723737472511,105.0,ok,16439.830999226146,18801.366194438786,1.9892404897150122,0.9592052738832608,0.0,4,0,10355.0,0.0009539400887428329,5.363387253344318,8.700945040552131,,,,,,0.01,262147.0
unseen,reference_PI/D_add8,reverse_off_anchor,noise_0.05_seed104729,5.0,5.0,109.59723737472511,105.0,ok,16695.876803443625,19001.188353966463,1.985393200965019,4.333769248459056,0.0,4,0,10385.0,0.005966703103097437,5.362241741899779,8.700300273784704,,,,,,0.05,104729.0
unseen,reference_PI/D_add8,reverse_off_anchor,noise_0.05_seed130363,5.0,5.0,109.59723737472511,105.0,ok,16542.35144539162,18721.43106123632,1.9716070556082652,4.368937230263284,0.0,4,0,10320.0,0.0036180134338010816,5.371369891964536,8.703503234536678,,,,,,0.05,130363.0
unseen,reference_PI/D_add8,reverse_off_anchor,noise_0.05_seed155921,5.0,5.0,109.59723737472511,105.0,ok,16589.39314437663,18882.120096991457,1.9777444563807975,4.307509295161235,0.0,4,0,10420.0,0.00981154282784491,5.377776372075924,8.703743505050369,,,,,,0.05,155921.0
unseen,reference_PI/D_add8,reverse_off_anchor,noise_0.05_seed196613,5.0,5.0,109.59723737472511,105.0,ok,16620.473346292485,18851.695381537713,1.9760004439017962,4.341165541669615,0.0,4,0,10385.0,0.009045470278904233,5.374882926992413,8.70913570418482,,,,,,0.05,196613.0
unseen,reference_PI/D_add8,reverse_off_anchor,noise_0.05_seed262147,5.0,5.0,109.59723737472511,105.0,ok,16392.63617279708,18525.175405066275,1.9765516115000992,4.269195065916796,0.0,4,0,10405.0,0.0031851009502137373,5.376548232754876,8.704572622432305,,,,,,0.05,262147.0
unseen,reference_PI/D_add8,reverse_off_anchor,combined_seed104729,5.0,5.0,164.39585606208766,160.0,ok,71152.13915213449,266131.61515266064,5.698970224173132,10.635375319804368,0.0,4,2,inf,5.370290972973795,3.0010297758268676,9.079541430380369,1.5,1.15,0.85,2.0,1.2,0.05,104729.0
unseen,reference_PI/D_add8,reverse_off_anchor,combined_seed130363,5.0,5.0,164.39585606208766,160.0,ok,71283.04854632035,266272.4700382536,5.698762093519081,10.534190162569674,0.0,4,2,inf,5.369689576334175,3.0012379064809185,9.083523699088092,1.5,1.15,0.85,2.0,1.2,0.05,130363.0
unseen,reference_PI/D_add8,reverse_off_anchor,combined_seed155921,5.0,5.0,164.39585606208766,160.0,ok,71100.05701843607,265961.3350269203,5.6986516547479855,10.657098069662748,0.0,4,2,inf,5.369171832762305,3.001348345252014,9.0781614186229,1.5,1.15,0.85,2.0,1.2,0.05,155921.0
unseen,reference_PI/D_add8,reverse_off_anchor,combined_seed196613,5.0,5.0,164.39585606208766,160.0,ok,71196.41021507663,266291.2773770985,5.699737193602099,10.444775175447681,0.0,4,2,inf,5.37158151774954,3.000262806397901,9.079718658900072,1.5,1.15,0.85,2.0,1.2,0.05,196613.0
unseen,reference_PI/D_add8,reverse_off_anchor,combined_seed262147,5.0,5.0,164.39585606208766,160.0,ok,71298.34955553935,266250.2993840389,5.698738768924413,10.501385078477977,0.0,4,2,inf,5.369356074719647,3.001261231075586,9.083411922265356,1.5,1.15,0.85,2.0,1.2,0.05,262147.0
unseen,reference_PI/D_add8,cross_equivalence,nominal,5.0,5.0,109.59723737472511,105.0,ok,58044.30622121522,129442.45711290621,4.112122938815271,1.7125811025373423,0.0,7,3,inf,1.5522142932707057,3.9411336406076902,10.193459601074437,,,,,,,
unseen,reference_PI/D_add8,cross_equivalence,delay_minus30,5.0,5.0,76.71806616230758,75.0,ok,53980.18290937555,122239.87472543173,4.094805208324511,1.5897548779508988,0.0,7,2,inf,1.4056005862323842,3.950556598660987,10.186265745412655,0.7,,,,,,
unseen,reference_PI/D_add8,cross_equivalence,delay_plus50,5.0,5.0,164.39585606208766,160.0,ok,67657.29593423569,151112.65855518664,4.143956271523076,2.059062405928227,0.0,7,5,inf,1.781389591392971,3.973218072258308,10.206270354175414,1.5,,,,,,
unseen,reference_PI/D_add8,cross_equivalence,acid_plus15,5.0,5.0,109.59723737472511,105.0,ok,78353.54074449907,184290.1417811067,4.761308810617651,2.7058970825179616,0.0,7,5,inf,1.6119158159292462,3.2848516143768984,10.25285997617789,,1.15,,,,,
unseen,reference_PI/D_add8,cross_equivalence,acid_minus15,5.0,5.0,109.59723737472511,105.0,ok,89560.68632763687,255717.68387427324,5.373605315721699,3.03581677927591,0.0,7,5,inf,1.264232702427277,3.9791605675587443,10.623605315721699,,0.85,,,,,
unseen,reference_PI/D_add8,cross_equivalence,base_minus15,5.0,5.0,109.59723737472511,105.0,ok,81897.42161761134,197542.26711164942,4.866046237653935,2.7937134936079238,0.0,7,4,inf,1.7164839830192107,3.2678799309796367,10.195125910461593,,,0.85,,,,
unseen,reference_PI/D_add8,cross_equivalence,base_plus15,5.0,5.0,109.59723737472511,105.0,ok,88416.80366820832,244781.57585908804,5.348111875452856,2.9688044044875284,0.0,7,6,inf,1.05173244698761,3.950865772717535,10.598111875452856,,,1.15,,,,
unseen,reference_PI/D_add8,cross_equivalence,Kw_half,5.0,5.0,109.59723737472511,105.0,ok,67845.52489847183,149861.7698003098,4.11719083621453,1.9179162843218425,0.0,7,3,inf,1.3292870837223356,3.9393834324453167,10.477963127142209,,,,0.5,,,
unseen,reference_PI/D_add8,cross_equivalence,Kw_double,5.0,5.0,109.59723737472511,105.0,ok,53880.4976149639,114054.33944678516,4.102571001429662,1.512828175661224,0.0,7,3,inf,0.6872236401668701,3.941781451292848,9.91046139016922,,,,2.0,,,
unseen,reference_PI/D_add8,cross_equivalence,volume_plus20,5.0,5.0,109.59723737472511,105.0,ok,63908.5982403199,139842.27991605192,4.067630231416076,1.9002007637910516,0.0,7,4,inf,0.7236538175143945,3.9857508755507243,10.16064065031274,,,,,1.2,,
unseen,reference_PI/D_add8,cross_equivalence,volume_minus20,5.0,5.0,109.59723737472511,105.0,ok,52560.16205323803,119057.52562100053,4.164143584828997,1.5021425486304434,0.0,7,2,inf,0.7501214473051174,3.9003046751996,10.230443583847165,,,,,0.8,,
unseen,reference_PI/D_add8,cross_equivalence,noise_0.01_seed104729,5.0,5.0,109.59723737472511,105.0,ok,58057.52564807588,129439.64916896926,4.112202144672605,2.3979786204980496,0.0,7,3,inf,1.55298244051012,3.941044731515534,10.193536273914148,,,,,,0.01,104729.0
unseen,reference_PI/D_add8,cross_equivalence,noise_0.01_seed130363,5.0,5.0,109.59723737472511,105.0,ok,58103.87528533912,129508.35859598055,4.111912513754401,2.378719820041707,0.0,7,3,inf,1.553269103092295,3.9412620904643916,10.193540868969889,,,,,,0.01,130363.0
unseen,reference_PI/D_add8,cross_equivalence,noise_0.01_seed155921,5.0,5.0,109.59723737472511,105.0,ok,58087.69265530238,129484.5103720126,4.112082175582834,2.362735363072307,0.0,7,3,inf,1.553572763131533,3.9414070383244453,10.193407127102668,,,,,,0.01,155921.0
unseen,reference_PI/D_add8,cross_equivalence,noise_0.01_seed196613,5.0,5.0,109.59723737472511,105.0,ok,58100.8996312361,129476.75172907009,4.112187573732327,2.3741401708246386,0.0,7,3,inf,1.5525757749643203,3.941196370611615,10.193373087312372,,,,,,0.01,196613.0
unseen,reference_PI/D_add8,cross_equivalence,noise_0.01_seed262147,5.0,5.0,109.59723737472511,105.0,ok,58033.64464430517,129433.50936217693,4.112318156979557,2.3831689432025467,0.0,7,3,inf,1.5516987245081948,3.941097645795718,10.19335293259899,,,,,,0.01,262147.0
unseen,reference_PI/D_add8,cross_equivalence,noise_0.05_seed104729,5.0,5.0,109.59723737472511,105.0,ok,58167.17107877219,129519.31613833702,4.112668953609115,7.464741568354071,0.0,7,3,inf,1.5570252561761153,3.9408403861160357,10.193851009003033,,,,,,0.05,104729.0
unseen,reference_PI/D_add8,cross_equivalence,noise_0.05_seed130363,5.0,5.0,109.59723737472511,105.0,ok,58319.026931078275,129727.93581561366,4.1108694125155685,7.410879662628427,0.0,7,3,inf,1.5576051382782632,3.9418700806460225,10.19385325648111,,,,,,0.05,130363.0
unseen,reference_PI/D_add8,cross_equivalence,noise_0.05_seed155921,5.0,5.0,109.59723737472511,105.0,ok,58314.065868772486,129696.8314459992,4.111499950544863,7.3477582898407565,0.0,7,3,inf,1.5583086460047282,3.9426684276957884,10.193196021802482,,,,,,0.05,155921.0
unseen,reference_PI/D_add8,cross_equivalence,noise_0.05_seed196613,5.0,5.0,109.59723737472511,105.0,ok,58325.97579233938,129631.91647770727,4.112511982333318,7.391102581761931,0.0,7,3,inf,1.5570217223459286,3.9414949609837207,10.193021364838858,,,,,,0.05,196613.0
unseen,reference_PI/D_add8,cross_equivalence,noise_0.05_seed262147,5.0,5.0,109.59723737472511,105.0,ok,58010.66760333725,129437.83370803729,4.113068631657428,7.484407670608616,0.0,7,3,inf,1.548033831916892,3.941060791106702,10.192915413979257,,,,,,0.05,262147.0
unseen,reference_PI/D_add8,cross_equivalence,combined_seed104729,5.0,5.0,164.39585606208766,160.0,ok,102590.643575465,307334.80031061603,5.367100995655235,14.319995288881337,0.0,7,5,inf,2.2172830281394584,2.9335235638617094,9.946387611371248,1.5,1.15,0.85,2.0,1.2,0.05,104729.0
unseen,reference_PI/D_add8,cross_equivalence,combined_seed130363,5.0,5.0,164.39585606208766,160.0,ok,102619.3833637159,307861.791552816,5.3669540816946455,14.177495355472391,0.0,7,5,inf,2.217147388273797,2.933559351518733,9.946474055186906,1.5,1.15,0.85,2.0,1.2,0.05,130363.0
unseen,reference_PI/D_add8,cross_equivalence,combined_seed155921,5.0,5.0,164.39585606208766,160.0,ok,102445.48055795237,307258.2853820387,5.366820679978139,14.151782235832322,0.0,7,6,inf,2.2170023440157354,2.9335618215731194,9.946004729582809,1.5,1.15,0.85,2.0,1.2,0.05,155921.0
unseen,reference_PI/D_add8,cross_equivalence,combined_seed196613,5.0,5.0,164.39585606208766,160.0,ok,102529.48608489938,307429.43916142505,5.366950972652784,13.95800336672687,0.0,7,5,inf,2.217131483014978,2.9334366111899115,9.945891704915086,1.5,1.15,0.85,2.0,1.2,0.05,196613.0
unseen,reference_PI/D_add8,cross_equivalence,combined_seed262147,5.0,5.0,164.39585606208766,160.0,ok,102604.65674095086,307674.3321102092,5.3669683703537086,14.467466859488743,0.0,7,5,inf,2.2171590372751075,2.933416375466655,9.945964728490114,1.5,1.15,0.85,2.0,1.2,0.05,262147.0
unseen,reference_PI/D_add8,regulatory_off_anchor,nominal,5.0,5.0,109.59723737472511,105.0,ok,75807.48158069953,177807.4587515986,3.5890738812212257,2.274776041232733,0.0,4,1,inf,0.39675476123096853,3.760926118778774,10.628636462336221,,,,,,,
unseen,reference_PI/D_add8,regulatory_off_anchor,delay_minus30,5.0,5.0,76.71806616230758,75.0,ok,68112.5888912483,165791.24572436797,3.5815150076576248,2.119839590215438,0.0,4,0,17675.0,0.032579854256550966,3.768484992342375,10.625534362452328,0.7,,,,,,
unseen,reference_PI/D_add8,regulatory_off_anchor,delay_plus50,5.0,5.0,164.39585606208766,160.0,ok,98264.50441946436,221480.9450775577,3.6026057132848748,2.9616548591961616,0.0,4,3,inf,1.7409881106810472,3.747394286715125,10.628713765310547,1.5,,,,,,
unseen,reference_PI/D_add8,regulatory_off_anchor,acid_plus15,5.0,5.0,109.59723737472511,105.0,ok,96737.62688056094,262827.0893802969,4.011533719693151,3.201298795832221,0.0,4,1,inf,1.63843350489541,3.338466280306848,10.678520073449922,,1.15,,,,,
unseen,reference_PI/D_add8,regulatory_off_anchor,acid_minus15,5.0,5.0,109.59723737472511,105.0,ok,95864.2767889263,233376.5010629304,3.555957443131307,3.02392146836209,0.0,4,2,inf,2.7203983264722282,3.7940425568686926,10.714989664479592,,0.85,,,,,
unseen,reference_PI/D_add8,regulatory_off_anchor,base_minus15,5.0,5.0,109.59723737472511,105.0,ok,97828.39179728762,268073.74282341637,4.031301676777559,3.2410917485363147,0.0,4,2,inf,3.1310980421141537,3.3186983232224407,10.617990915269077,,,0.85,,,,
unseen,reference_PI/D_add8,regulatory_off_anchor,base_plus15,5.0,5.0,109.59723737472511,105.0,ok,96478.12982211396,238755.7326267942,3.7062799108414746,3.0799370585273262,0.0,4,2,inf,2.116578430611211,3.643720089158525,10.699304067394783,,,1.15,,,,
unseen,reference_PI/D_add8,regulatory_off_anchor,Kw_half,5.0,5.0,109.59723737472511,105.0,ok,86598.35053973392,203262.41841006922,3.589303937186978,2.5222581353486273,0.0,4,1,inf,0.2964740490909499,3.7606960628130217,10.918373370821342,,,,0.5,,,
unseen,reference_PI/D_add8,regulatory_off_anchor,Kw_double,5.0,5.0,109.59723737472511,105.0,ok,68095.30200146242,157840.73677687725,3.5886352428253834,2.07560872992846,0.0,4,0,17375.0,0.03890572882280985,3.7613647571746163,10.339369778830156,,,,2.0,,,
unseen,reference_PI/D_add8,regulatory_off_anchor,volume_plus20,5.0,5.0,109.59723737472511,105.0,ok,86218.1587601875,197206.6111244996,3.5559344620344167,2.564462232147922,0.0,4,3,inf,1.3244815149774904,3.794065537965583,10.607120038466997,,,,,1.2,,
unseen,reference_PI/D_add8,regulatory_off_anchor,volume_minus20,5.0,5.0,109.59723737472511,105.0,ok,63832.43712495412,157890.2173495127,3.6268189652007496,1.980273714989834,0.0,4,0,15955.0,0.0062241067900998814,3.72318103479925,10.652731469391298,,,,,0.8,,
unseen,reference_PI/D_add8,regulatory_off_anchor,noise_0.01_seed104729,5.0,5.0,109.59723737472511,105.0,ok,75805.47821127038,177786.8837880271,3.5891789396385603,2.5905322155372987,0.0,4,1,inf,0.39662053155989696,3.7608210603614394,10.628598451821617,,,,,,0.01,104729.0
unseen,reference_PI/D_add8,regulatory_off_anchor,noise_0.01_seed130363,5.0,5.0,109.59723737472511,105.0,ok,75738.22029797136,177743.197059803,3.5890864618355445,2.5923733219811096,0.0,4,1,inf,0.4165689658413969,3.760913538164455,10.628650618201933,,,,,,0.01,130363.0
unseen,reference_PI/D_add8,regulatory_off_anchor,noise_0.01_seed155921,5.0,5.0,109.59723737472511,105.0,ok,75794.17056024389,177796.94292381866,3.5891210962659317,2.6138188708374424,0.0,4,1,inf,0.4170971498043796,3.760878903734068,10.62863216713944,,,,,,0.01,155921.0
unseen,reference_PI/D_add8,regulatory_off_anchor,noise_0.01_seed196613,5.0,5.0,109.59723737472511,105.0,ok,75855.38175936494,177850.52644136592,3.5888574263063995,2.589979011867519,0.0,4,1,inf,0.39154861309839983,3.7611425736936,10.628628186077412,,,,,,0.01,196613.0
unseen,reference_PI/D_add8,regulatory_off_anchor,noise_0.01_seed262147,5.0,5.0,109.59723737472511,105.0,ok,75851.70970645474,177872.25030881134,3.5891607980514513,2.615690904852367,0.0,4,1,inf,0.395364417034906,3.7608392019485484,10.628624586830773,,,,,,0.01,262147.0
unseen,reference_PI/D_add8,regulatory_off_anchor,noise_0.05_seed104729,5.0,5.0,109.59723737472511,105.0,ok,76003.59141371859,178000.3353841006,3.5896202892900435,6.831101288561285,0.0,4,1,inf,0.33705320814083617,3.760379710709956,10.628448738905567,,,,,,0.05,104729.0
unseen,reference_PI/D_add8,regulatory_off_anchor,noise_0.05_seed130363,5.0,5.0,109.59723737472511,105.0,ok,75556.3077736229,177624.06909494413,3.5890828054527626,6.864302799740578,0.0,4,1,inf,0.41012475453160846,3.760917194547237,10.628712296461684,,,,,,0.05,130363.0
unseen,reference_PI/D_add8,regulatory_off_anchor,noise_0.05_seed155921,5.0,5.0,109.59723737472511,105.0,ok,75896.9438867727,177986.92864841913,3.5892744707820268,7.01273131383219,0.0,4,1,inf,0.4234584650991957,3.760725529217973,10.628629591276916,,,,,,0.05,155921.0
unseen,reference_PI/D_add8,regulatory_off_anchor,noise_0.05_seed196613,5.0,5.0,109.59723737472511,105.0,ok,76158.19883300806,178202.49528871715,3.588057586170013,6.8453701441832235,0.0,4,1,inf,0.3156270189317931,3.7619424138299866,10.628599229108778,,,,,,0.05,196613.0
unseen,reference_PI/D_add8,regulatory_off_anchor,noise_0.05_seed262147,5.0,5.0,109.59723737472511,105.0,ok,76148.24488372492,178286.8415478996,3.589474709545272,6.994417798420572,0.0,4,1,inf,0.34281478685511857,3.7605252904547277,10.628581097682446,,,,,,0.05,262147.0
unseen,reference_PI/D_add8,regulatory_off_anchor,combined_seed104729,5.0,5.0,164.39585606208766,160.0,ok,128931.15920984106,391000.2892359226,4.377541817279939,14.77276332774834,0.0,4,4,inf,4.185623412593031,2.9724581827200605,10.358883932758433,1.5,1.15,0.85,2.0,1.2,0.05,104729.0
unseen,reference_PI/D_add8,regulatory_off_anchor,combined_seed130363,5.0,5.0,164.39585606208766,160.0,ok,128859.67430072703,391048.5276462091,4.3776266702012165,14.728288847956787,0.0,4,4,inf,4.18558128296854,2.9723733297987835,10.359042710493023,1.5,1.15,0.85,2.0,1.2,0.05,130363.0
unseen,reference_PI/D_add8,regulatory_off_anchor,combined_seed155921,5.0,5.0,164.39585606208766,160.0,ok,128871.1765753402,390880.06478303665,4.3775032220183085,14.733783632365494,0.0,4,4,inf,4.185118941356984,2.9724967779816907,10.359116976878031,1.5,1.15,0.85,2.0,1.2,0.05,155921.0
unseen,reference_PI/D_add8,regulatory_off_anchor,combined_seed196613,5.0,5.0,164.39585606208766,160.0,ok,128806.51258788706,390744.56520835124,4.377474858979987,14.35395527403757,0.0,4,4,inf,4.185248311562917,2.972525141020013,10.35898405970958,1.5,1.15,0.85,2.0,1.2,0.05,196613.0
unseen,reference_PI/D_add8,regulatory_off_anchor,combined_seed262147,5.0,5.0,164.39585606208766,160.0,ok,128860.5388434638,391108.2901118355,4.377829868276848,14.98801997646119,0.0,4,4,inf,4.185759076983781,2.9721701317231517,10.35901897551993,1.5,1.15,0.85,2.0,1.2,0.05,262147.0
unseen,reference_PI/D2_resample_Ti_Td,reverse_off_anchor,nominal,5.0,5.0,109.59723737472511,105.0,ok,15378.8832411518,17276.124153768866,2.006322758273903,0.16800624648223028,0.0,4,0,9440.0,1.689713951158467e-05,5.398934639021249,8.7,,,,,,,
unseen,reference_PI/D2_resample_Ti_Td,reverse_off_anchor,delay_minus30,5.0,5.0,76.71806616230758,75.0,ok,12779.449436331055,14318.501192523227,1.959328323216921,0.13325216303256493,0.0,4,0,8330.0,1.2557855902706194e-05,5.398868267942603,8.7,0.7,,,,,,
unseen,reference_PI/D2_resample_Ti_Td,reverse_off_anchor,delay_plus50,5.0,5.0,164.39585606208766,160.0,ok,30758.09722766601,38153.423130988456,2.1027841872594006,0.3762792426707522,0.0,4,1,inf,0.10020224287172663,5.19773133552716,8.752784187259401,1.5,,,,,,
unseen,reference_PI/D2_resample_Ti_Td,reverse_off_anchor,acid_plus15,5.0,5.0,109.59723737472511,105.0,ok,42904.07664314066,139540.98529577587,5.317164800586013,1.3035300203701299,0.0,4,1,inf,0.9130886649615277,3.3828351994139867,9.637836790908697,,1.15,,,,,
unseen,reference_PI/D2_resample_Ti_Td,reverse_off_anchor,acid_minus15,5.0,5.0,109.59723737472511,105.0,ok,44045.23892941201,83258.12507659472,3.212316712225178,1.2588050467464091,0.0,4,1,inf,1.8627687816832061,4.470116653387361,10.760422488688246,,0.85,,,,,
unseen,reference_PI/D2_resample_Ti_Td,reverse_off_anchor,base_minus15,5.0,5.0,109.59723737472511,105.0,ok,46273.96860167174,157013.51048781228,5.340622107888816,1.4193844937601403,0.0,4,1,inf,0.888484128448118,3.359377892111184,9.600196819580747,,,0.85,,,,
unseen,reference_PI/D2_resample_Ti_Td,reverse_off_anchor,base_plus15,5.0,5.0,109.59723737472511,105.0,ok,41105.10977771922,74769.16422616529,3.1380080232039784,1.155757829820618,0.0,4,1,inf,1.788615233061842,4.434098116541465,10.748430189518741,,,1.15,,,,
unseen,reference_PI/D2_resample_Ti_Td,reverse_off_anchor,Kw_half,5.0,5.0,109.59723737472511,105.0,ok,17328.214733381225,20336.951510181127,2.237493538899505,0.2161119666499589,0.0,4,0,9965.0,0.0004190196007094471,5.297944996038778,8.887493538899506,,,,0.5,,,
unseen,reference_PI/D2_resample_Ti_Td,reverse_off_anchor,Kw_double,5.0,5.0,109.59723737472511,105.0,ok,14714.340974300876,16063.063573573858,1.949871749372206,0.1468500995020099,0.0,4,0,9435.0,0.006377949512584635,5.398927351805022,8.710269489422934,,,,2.0,,,
unseen,reference_PI/D2_resample_Ti_Td,reverse_off_anchor,volume_plus20,5.0,5.0,109.59723737472511,105.0,ok,18437.979440558986,20958.123337298497,2.005404207732571,0.19380619220320128,0.0,4,0,11870.0,0.00028341064450732034,5.3946965591019085,8.7,,,,,1.2,,
unseen,reference_PI/D2_resample_Ti_Td,reverse_off_anchor,volume_minus20,5.0,5.0,109.59723737472511,105.0,ok,12050.571750133031,13876.67711282168,2.0025362830417563,0.1418920181665264,0.0,4,0,7505.0,2.0337174877482767e-07,5.3999999999972195,8.7,,,,,0.8,,
unseen,reference_PI/D2_resample_Ti_Td,reverse_off_anchor,noise_0.01_seed104729,5.0,5.0,109.59723737472511,105.0,ok,15396.169480756142,17276.51636949015,2.0052657661639675,0.9414931772417976,0.0,4,0,9450.0,0.0007754869647378371,5.397336825140614,8.700161833171885,,,,,,0.01,104729.0
unseen,reference_PI/D2_resample_Ti_Td,reverse_off_anchor,noise_0.01_seed130363,5.0,5.0,109.59723737472511,105.0,ok,15402.066195456691,17266.65107522189,2.003288480209225,0.9450936631268352,0.0,4,0,9450.0,0.0002980407827397613,5.397958047122845,8.700612038593873,,,,,,0.01,130363.0
unseen,reference_PI/D2_resample_Ti_Td,reverse_off_anchor,noise_0.01_seed155921,5.0,5.0,109.59723737472511,105.0,ok,15389.40401053019,17267.182396185723,2.0040535801518473,0.9310361390865198,0.0,4,0,9420.0,0.0017920451501911572,5.3975936324242,8.700913529177745,,,,,,0.01,155921.0
unseen,reference_PI/D2_resample_Ti_Td,reverse_off_anchor,noise_0.01_seed196613,5.0,5.0,109.59723737472511,105.0,ok,15403.021075464327,17269.59411074876,2.0041637232520166,0.940403335535601,0.0,4,0,9445.0,0.0009657841196126782,5.397520035994168,8.701795651949272,,,,,,0.01,196613.0
unseen,reference_PI/D2_resample_Ti_Td,reverse_off_anchor,noise_0.01_seed262147,5.0,5.0,109.59723737472511,105.0,ok,15374.165821885676,17234.559220465053,2.0037432796152324,0.9273327962053317,0.0,4,0,9435.0,0.0009173791144805321,5.397434904594417,8.700867326943879,,,,,,0.01,262147.0
unseen,reference_PI/D2_resample_Ti_Td,reverse_off_anchor,noise_0.05_seed104729,5.0,5.0,109.59723737472511,105.0,ok,15557.112533565924,17326.50504222965,2.0000947342056214,4.2529732795340385,0.0,4,0,9420.0,0.005966703102892268,5.392595325082554,8.700012576421004,,,,,,0.05,104729.0
unseen,reference_PI/D2_resample_Ti_Td,reverse_off_anchor,noise_0.05_seed130363,5.0,5.0,109.59723737472511,105.0,ok,15587.678491568377,17273.051133315224,1.9858548773374451,4.2837003854788005,0.0,4,0,9470.0,0.003618013433817957,5.3924427890881175,8.702596246308058,,,,,,0.05,130363.0
unseen,reference_PI/D2_resample_Ti_Td,reverse_off_anchor,noise_0.05_seed155921,5.0,5.0,109.59723737472511,105.0,ok,15426.888176236294,17165.15948211332,1.9924671708095296,4.21423020404158,0.0,4,0,9335.0,0.009811542827859121,5.391464762918993,8.703362551959653,,,,,,0.05,155921.0
unseen,reference_PI/D2_resample_Ti_Td,reverse_off_anchor,noise_0.05_seed196613,5.0,5.0,109.59723737472511,105.0,ok,15505.461759000762,17181.61764542094,1.9910692480879355,4.2534479115184824,0.0,4,0,9420.0,0.009045470278933543,5.392374983164207,8.707071992485705,,,,,,0.05,196613.0
unseen,reference_PI/D2_resample_Ti_Td,reverse_off_anchor,noise_0.05_seed262147,5.0,5.0,109.59723737472511,105.0,ok,15348.30294622223,16983.17995524263,1.9909959099399224,4.179646096419932,0.0,4,0,9425.0,0.0030091343073692656,5.388306568351555,8.704070509801607,,,,,,0.05,262147.0
unseen,reference_PI/D2_resample_Ti_Td,reverse_off_anchor,combined_seed104729,5.0,5.0,164.39585606208766,160.0,ok,71181.19109598009,265766.60678805516,5.699014033108881,10.519416975074945,0.0,4,1,inf,5.37038521138804,3.000985966891118,9.084834961709058,1.5,1.15,0.85,2.0,1.2,0.05,104729.0
unseen,reference_PI/D2_resample_Ti_Td,reverse_off_anchor,combined_seed130363,5.0,5.0,164.39585606208766,160.0,ok,71280.52131254724,265831.8201257107,5.69880677742605,10.421235090548352,0.0,4,1,inf,5.369786011863626,3.001193222573949,9.089214965387805,1.5,1.15,0.85,2.0,1.2,0.05,130363.0
unseen,reference_PI/D2_resample_Ti_Td,reverse_off_anchor,combined_seed155921,5.0,5.0,164.39585606208766,160.0,ok,71007.77301994342,265475.3052938146,5.698696447480371,10.536578063411792,0.0,4,1,inf,5.369268421452272,3.001303552519628,9.083770787171822,1.5,1.15,0.85,2.0,1.2,0.05,155921.0
unseen,reference_PI/D2_resample_Ti_Td,reverse_off_anchor,combined_seed196613,5.0,5.0,164.39585606208766,160.0,ok,71110.34969502364,265707.18007938616,5.699776836019597,10.305822403388298,0.0,4,1,inf,5.371666704452716,3.000223163980403,9.085146228708249,1.5,1.15,0.85,2.0,1.2,0.05,196613.0
unseen,reference_PI/D2_resample_Ti_Td,reverse_off_anchor,combined_seed262147,5.0,5.0,164.39585606208766,160.0,ok,71184.05957461246,265651.33196474676,5.698784275272548,10.361246854462397,0.0,4,1,inf,5.369454024697307,3.001215724727451,9.088637252677794,1.5,1.15,0.85,2.0,1.2,0.05,262147.0
unseen,reference_PI/D2_resample_Ti_Td,cross_equivalence,nominal,5.0,5.0,109.59723737472511,105.0,ok,57173.160601836054,128603.63918410812,4.111951048609149,1.6860083670699302,0.0,7,3,inf,1.572011449899784,3.941158300304548,10.19432508579663,,,,,,,
unseen,reference_PI/D2_resample_Ti_Td,cross_equivalence,delay_minus30,5.0,5.0,76.71806616230758,75.0,ok,53973.35626663013,122341.01928128948,4.0948583983779425,1.5740691119734613,0.0,7,2,inf,1.4418017602704163,3.9506235922945483,10.187137398723298,0.7,,,,,,
unseen,reference_PI/D2_resample_Ti_Td,cross_equivalence,delay_plus50,5.0,5.0,164.39585606208766,160.0,ok,66971.14802629454,149957.28979782693,4.150992837337997,2.0058518890754016,0.0,7,5,inf,1.7481312037756842,3.940241291338909,10.20707715836401,1.5,,,,,,
unseen,reference_PI/D2_resample_Ti_Td,cross_equivalence,acid_plus15,5.0,5.0,109.59723737472511,105.0,ok,77792.80196783545,184103.33970959156,4.761308810617651,2.6832844829139075,0.0,7,5,inf,1.6119158159292462,3.2848516143768984,10.253575571137805,,1.15,,,,,
unseen,reference_PI/D2_resample_Ti_Td,cross_equivalence,acid_minus15,5.0,5.0,109.59723737472511,105.0,ok,87366.12786689118,253144.37466663157,5.37404323133979,2.9918257950528826,0.0,7,5,inf,1.4428303751528473,3.9792579511332993,10.62404323133979,,0.85,,,,,
unseen,reference_PI/D2_resample_Ti_Td,cross_equivalence,base_minus15,5.0,5.0,109.59723737472511,105.0,ok,81273.6162854803,197011.49794134588,4.866046237653935,2.7710062130546307,0.0,7,4,inf,1.7164839830192107,3.2678799309796367,10.19584122547922,,,0.85,,,,
unseen,reference_PI/D2_resample_Ti_Td,cross_equivalence,base_plus15,5.0,5.0,109.59723737472511,105.0,ok,86586.38855872989,242838.84153151826,5.348624803660945,2.9208880550073646,0.0,7,6,inf,1.0522797900789227,3.9509901483444114,10.598624803660945,,,1.15,,,,
unseen,reference_PI/D2_resample_Ti_Td,cross_equivalence,Kw_half,5.0,5.0,109.59723737472511,105.0,ok,64359.8712075205,145633.07094103197,4.117184713334942,1.851938494199901,0.0,7,4,inf,1.203182618644001,3.9425014313028175,10.478702138192054,,,,0.5,,,
unseen,reference_PI/D2_resample_Ti_Td,cross_equivalence,Kw_double,5.0,5.0,109.59723737472511,105.0,ok,53879.478875369496,114239.83481338262,4.107479126549334,1.4885828144268487,0.0,7,4,inf,0.3971308652229677,3.9414508501526426,9.911481620551184,,,,2.0,,,
unseen,reference_PI/D2_resample_Ti_Td,cross_equivalence,volume_plus20,5.0,5.0,109.59723737472511,105.0,ok,64251.00400176674,140748.42863024407,4.072488545864563,1.8808332563649808,0.0,7,5,inf,1.1110100114638533,3.9750564951721747,10.161553881628269,,,,,1.2,,
unseen,reference_PI/D2_resample_Ti_Td,cross_equivalence,volume_minus20,5.0,5.0,109.59723737472511,105.0,ok,51651.12948941264,118001.83519864151,4.164127286094449,1.4773509763550967,0.0,7,2,inf,0.46063792823751637,3.900270186585404,10.231224819814907,,,,,0.8,,
unseen,reference_PI/D2_resample_Ti_Td,cross_equivalence,noise_0.01_seed104729,5.0,5.0,109.59723737472511,105.0,ok,57202.50556021702,128616.35337292186,4.112028807701128,2.373550311244709,0.0,7,3,inf,1.5723764228886692,3.941078525548421,10.194403089403993,,,,,,0.01,104729.0
unseen,reference_PI/D2_resample_Ti_Td,cross_equivalence,noise_0.01_seed130363,5.0,5.0,109.59723737472511,105.0,ok,57198.940973138175,128623.56516377404,4.111745721980302,2.352802810774052,0.0,7,3,inf,1.5723021493979852,3.941270628659569,10.194407104007627,,,,,,0.01,130363.0
unseen,reference_PI/D2_resample_Ti_Td,cross_equivalence,noise_0.01_seed155921,5.0,5.0,109.59723737472511,105.0,ok,57215.54056085654,128619.78539253383,4.111900995651051,2.338426693698646,0.0,7,3,inf,1.573742444164199,3.941434297680362,10.194274351173949,,,,,,0.01,155921.0
unseen,reference_PI/D2_resample_Ti_Td,cross_equivalence,noise_0.01_seed196613,5.0,5.0,109.59723737472511,105.0,ok,57196.29776879254,128611.3595464529,4.11203882592525,2.3502471197186665,0.0,7,3,inf,1.5717365575568651,3.9412152019319873,10.194239302162627,,,,,,0.01,196613.0
unseen,reference_PI/D2_resample_Ti_Td,cross_equivalence,noise_0.01_seed262147,5.0,5.0,109.59723737472511,105.0,ok,57178.37478420262,128605.35133040468,4.112127338763028,2.36003759965019,0.0,7,3,inf,1.5724825985186195,3.9411275302347772,10.194217474710966,,,,,,0.01,262147.0
unseen,reference_PI/D2_resample_Ti_Td,cross_equivalence,noise_0.05_seed104729,5.0,5.0,109.59723737472511,105.0,ok,57345.740029002685,128651.18003508962,4.112521892557206,7.418278821636739,0.0,7,3,inf,1.5750232362282839,3.9408977035472996,10.194726267809088,,,,,,0.05,104729.0
unseen,reference_PI/D2_resample_Ti_Td,cross_equivalence,noise_0.05_seed130363,5.0,5.0,109.59723737472511,105.0,ok,57308.33188825579,128667.41452625181,4.110761656070672,7.358509688408515,0.0,7,3,inf,1.572055328017698,3.9417846348850567,10.19472493593691,,,,,,0.05,130363.0
unseen,reference_PI/D2_resample_Ti_Td,cross_equivalence,noise_0.05_seed155921,5.0,5.0,109.59723737472511,105.0,ok,57419.70999853544,128676.01539125128,4.111304448472768,7.303785315644177,0.0,7,3,inf,1.5775478668174783,3.942676295359631,10.194070745484295,,,,,,0.05,155921.0
unseen,reference_PI/D2_resample_Ti_Td,cross_equivalence,noise_0.05_seed196613,5.0,5.0,109.59723737472511,105.0,ok,57342.27537378839,128637.24027640217,4.112496392057396,7.344898794820979,0.0,7,3,inf,1.571331839340222,3.9414841422752356,10.193890772655351,,,,,,0.05,196613.0
unseen,reference_PI/D2_resample_Ti_Td,cross_equivalence,noise_0.05_seed262147,5.0,5.0,109.59723737472511,105.0,ok,57256.70979108418,128616.25621705272,4.112845441745055,7.445194657849164,0.0,7,3,inf,1.5719209355648767,3.9411316489787493,10.193778632246351,,,,,,0.05,262147.0
unseen,reference_PI/D2_resample_Ti_Td,cross_equivalence,combined_seed104729,5.0,5.0,164.39585606208766,160.0,ok,101791.35461692169,306269.8960613146,5.367100995655235,14.252907138609707,0.0,7,6,inf,2.2172830281394584,2.9335235638617094,9.947140527756195,1.5,1.15,0.85,2.0,1.2,0.05,104729.0
unseen,reference_PI/D2_resample_Ti_Td,cross_equivalence,combined_seed130363,5.0,5.0,164.39585606208766,160.0,ok,101797.67359435906,306687.86214861384,5.3669540816946455,14.091433862041571,0.0,7,6,inf,2.217147388273797,2.933559351518733,9.947203643769068,1.5,1.15,0.85,2.0,1.2,0.05,130363.0
unseen,reference_PI/D2_resample_Ti_Td,cross_equivalence,combined_seed155921,5.0,5.0,164.39585606208766,160.0,ok,101655.811174752,306095.12510057614,5.366820679978139,14.08622846387148,0.0,7,5,inf,2.2170023440157354,2.9335618215731194,9.946741242547409,1.5,1.15,0.85,2.0,1.2,0.05,155921.0
unseen,reference_PI/D2_resample_Ti_Td,cross_equivalence,combined_seed196613,5.0,5.0,164.39585606208766,160.0,ok,101723.97788588828,306284.6170790324,5.366950972652784,13.891661831432753,0.0,7,5,inf,2.217131483014978,2.9334366111899115,9.94662059557254,1.5,1.15,0.85,2.0,1.2,0.05,196613.0
unseen,reference_PI/D2_resample_Ti_Td,cross_equivalence,combined_seed262147,5.0,5.0,164.39585606208766,160.0,ok,101808.61034607809,306511.70910717285,5.3669683703537086,14.399529498032763,0.0,7,5,inf,2.2171590372751075,2.933416375466655,9.946684989896958,1.5,1.15,0.85,2.0,1.2,0.05,262147.0
unseen,reference_PI/D2_resample_Ti_Td,regulatory_off_anchor,nominal,5.0,5.0,109.59723737472511,105.0,ok,73533.58823524733,175675.06170481147,3.58909064926422,2.2298821391691153,0.0,4,0,17710.0,0.014042452082817292,3.76090935073578,10.628858137503384,,,,,,,
unseen,reference_PI/D2_resample_Ti_Td,regulatory_off_anchor,delay_minus30,5.0,5.0,76.71806616230758,75.0,ok,67242.92126378922,164473.66872845133,3.5815322029636207,2.0961837606769196,0.0,4,0,17315.0,0.000766169167501829,3.768467797036379,10.625801877074403,0.7,,,,,,
unseen,reference_PI/D2_resample_Ti_Td,regulatory_off_anchor,delay_plus50,5.0,5.0,164.39585606208766,160.0,ok,96488.6384356901,217009.69516727666,3.602621754248692,2.824289050902652,0.0,4,3,inf,0.9618621001042325,3.7473782457513076,10.631839969695585,1.5,,,,,,
unseen,reference_PI/D2_resample_Ti_Td,regulatory_off_anchor,acid_plus15,5.0,5.0,109.59723737472511,105.0,ok,95128.5301334468,260277.46702014096,4.011541237299623,3.1670481903223235,0.0,4,2,inf,1.6383445875604945,3.3384587627003772,10.678730975542596,,1.15,,,,,
unseen,reference_PI/D2_resample_Ti_Td,regulatory_off_anchor,acid_minus15,5.0,5.0,109.59723737472511,105.0,ok,93017.06586774228,228623.20689284423,3.5561979903549177,2.967554837279696,0.0,4,2,inf,2.721453266694981,3.793802009645082,10.715209452049946,,0.85,,,,,
unseen,reference_PI/D2_resample_Ti_Td,regulatory_off_anchor,base_minus15,5.0,5.0,109.59723737472511,105.0,ok,96343.92297131779,265561.7896669599,4.031308062871445,3.2082691016146327,0.0,4,2,inf,3.1311408266354492,3.3186919371285546,10.618222237968245,,,0.85,,,,
unseen,reference_PI/D2_resample_Ti_Td,regulatory_off_anchor,base_plus15,5.0,5.0,109.59723737472511,105.0,ok,93512.30147177223,234432.1782520048,3.7059783252219076,3.0231379693003397,0.0,4,2,inf,2.121000232485649,3.644021674778092,10.699560898139516,,,1.15,,,,
unseen,reference_PI/D2_resample_Ti_Td,regulatory_off_anchor,Kw_half,5.0,5.0,109.59723737472511,105.0,ok,81700.30676619647,195848.51568630038,3.589321156122807,2.435200613270723,0.0,4,1,inf,0.4142871039973146,3.7606788438771925,10.918700586362695,,,,0.5,,,
unseen,reference_PI/D2_resample_Ti_Td,regulatory_off_anchor,Kw_double,5.0,5.0,109.59723737472511,105.0,ok,66687.90452793322,156575.49578646885,3.588658827177162,2.0432847938022913,0.0,4,1,inf,0.06757313082944627,3.7613411728228376,10.339686594244139,,,,2.0,,,
unseen,reference_PI/D2_resample_Ti_Td,regulatory_off_anchor,volume_plus20,5.0,5.0,109.59723737472511,105.0,ok,83915.21682110346,194342.00123586017,3.555951771297868,2.5167327689526457,0.0,4,2,inf,0.4809951503428369,3.7940482287021315,10.60685559326299,,,,,1.2,,
unseen,reference_PI/D2_resample_Ti_Td,regulatory_off_anchor,volume_minus20,5.0,5.0,109.59723737472511,105.0,ok,62193.061900529174,155470.50941525758,3.626835086433853,1.9484457321862427,0.0,4,0,15685.0,0.004112722712289241,3.7231649135661464,10.652977041362545,,,,,0.8,,
unseen,reference_PI/D2_resample_Ti_Td,regulatory_off_anchor,noise_0.01_seed104729,5.0,5.0,109.59723737472511,105.0,ok,73543.97725933688,175649.42225655227,3.5891947113081284,2.5472071578893036,0.0,4,0,17720.0,0.01112051688754434,3.7608052886918713,10.628820505405898,,,,,,0.01,104729.0
unseen,reference_PI/D2_resample_Ti_Td,regulatory_off_anchor,noise_0.01_seed130363,5.0,5.0,109.59723737472511,105.0,ok,73528.75289208646,175670.13342123132,3.5891026013075313,2.5507826678343646,0.0,4,0,17715.0,0.013149251244950477,3.7608973986924683,10.628871915987267,,,,,,0.01,130363.0
unseen,reference_PI/D2_resample_Ti_Td,regulatory_off_anchor,noise_0.01_seed155921,5.0,5.0,109.59723737472511,105.0,ok,73561.013670219,175680.12071474965,3.5891378302913903,2.573027258650881,0.0,4,0,17715.0,0.012259056494499987,3.7608621697086093,10.628855860692905,,,,,,0.01,155921.0
unseen,reference_PI/D2_resample_Ti_Td,regulatory_off_anchor,noise_0.01_seed196613,5.0,5.0,109.59723737472511,105.0,ok,73586.91799499572,175705.61250862782,3.5888743030053605,2.5475382075263164,0.0,4,0,17710.0,0.014557016658167221,3.761125696994639,10.628850623157534,,,,,,0.01,196613.0
unseen,reference_PI/D2_resample_Ti_Td,regulatory_off_anchor,noise_0.01_seed262147,5.0,5.0,109.59723737472511,105.0,ok,73574.82877400286,175749.72008535292,3.5891782688807288,2.5743356359595477,0.0,4,0,17705.0,0.016252487881504685,3.760821731119271,10.628845947418617,,,,,,0.01,262147.0
unseen,reference_PI/D2_resample_Ti_Td,regulatory_off_anchor,noise_0.05_seed104729,5.0,5.0,109.59723737472511,105.0,ok,73596.85758072708,175501.9034305169,3.5896330993388164,6.72532841866956,0.0,4,0,17745.0,0.00427576438698285,3.7603669006611833,10.628675084471263,,,,,,0.05,104729.0
unseen,reference_PI/D2_resample_Ti_Td,regulatory_off_anchor,noise_0.05_seed130363,5.0,5.0,109.59723737472511,105.0,ok,73524.14257675892,175688.32089397343,3.5890940906497706,6.776066900821905,0.0,4,0,17695.0,0.017434404645802815,3.760905909350229,10.62893699135218,,,,,,0.05,130363.0
unseen,reference_PI/D2_resample_Ti_Td,regulatory_off_anchor,noise_0.05_seed155921,5.0,5.0,109.59723737472511,105.0,ok,73811.64675685568,175806.84814192294,3.5892898539462843,6.940398675005095,0.0,4,0,17730.0,0.009675908759386509,3.7607101460537153,10.628854015497256,,,,,,0.05,155921.0
unseen,reference_PI/D2_resample_Ti_Td,regulatory_off_anchor,noise_0.05_seed196613,5.0,5.0,109.59723737472511,105.0,ok,73806.54011177084,175816.6414204483,3.5880725384724323,6.758789722261164,0.0,4,0,17680.0,0.022382885037863787,3.7619274615275673,10.62882601286648,,,,,,0.05,196613.0
unseen,reference_PI/D2_resample_Ti_Td,regulatory_off_anchor,noise_0.05_seed262147,5.0,5.0,109.59723737472511,105.0,ok,73868.87017254952,176106.37872194272,3.5894942260348506,6.907849304754226,0.0,4,0,17680.0,0.02988997977632568,3.760505773965149,10.628802573506452,,,,,,0.05,262147.0
unseen,reference_PI/D2_resample_Ti_Td,regulatory_off_anchor,combined_seed104729,5.0,5.0,164.39585606208766,160.0,ok,128453.48115552808,389021.24417372176,4.377544790328809,14.678937533366575,0.0,4,4,inf,4.185628126437278,2.9724552096711907,10.357594533117418,1.5,1.15,0.85,2.0,1.2,0.05,104729.0
unseen,reference_PI/D2_resample_Ti_Td,regulatory_off_anchor,combined_seed130363,5.0,5.0,164.39585606208766,160.0,ok,128613.61818211558,389323.41323091346,4.377629718406363,14.627061643964193,0.0,4,4,inf,4.185586108113874,2.972370281593637,10.357823544366095,1.5,1.15,0.85,2.0,1.2,0.05,130363.0
unseen,reference_PI/D2_resample_Ti_Td,regulatory_off_anchor,combined_seed155921,5.0,5.0,164.39585606208766,160.0,ok,128451.6937454589,388950.91795857355,4.37750625287086,14.63162075998478,0.0,4,4,inf,4.185123745141196,2.97249374712914,10.357761654186593,1.5,1.15,0.85,2.0,1.2,0.05,155921.0
unseen,reference_PI/D2_resample_Ti_Td,regulatory_off_anchor,combined_seed196613,5.0,5.0,164.39585606208766,160.0,ok,128475.37195239929,389035.1625020712,4.377477626128567,14.256718874376183,0.0,4,4,inf,4.185252701271117,2.9725223738714335,10.357701341881233,1.5,1.15,0.85,2.0,1.2,0.05,196613.0
unseen,reference_PI/D2_resample_Ti_Td,regulatory_off_anchor,combined_seed262147,5.0,5.0,164.39585606208766,160.0,ok,128589.88991659759,389310.90496412327,4.377832968052188,14.884343716803425,0.0,4,3,inf,4.185763981088739,2.9721670319478113,10.357761695464067,1.5,1.15,0.85,2.0,1.2,0.05,262147.0
unseen,reference_PI/E_original5_retuned,reverse_off_anchor,nominal,5.0,5.0,109.59723737472511,105.0,ok,63518.656923155824,123476.61812900669,2.7060702159747425,14.224225389408787,0.0,4,2,inf,2.265327306816478,4.563143065130228,9.041336869903958,,,,,,,
unseen,reference_PI/E_original5_retuned,reverse_off_anchor,delay_minus30,5.0,5.0,76.71806616230758,75.0,ok,5789.3508597798145,7590.885822274769,2.228405441458378,0.7104985839396507,0.0,4,0,3045.0,6.683542608243442e-12,5.245131453752404,8.878405441458378,0.7,,,,,,
unseen,reference_PI/E_original5_retuned,reverse_off_anchor,delay_plus50,5.0,5.0,164.39585606208766,160.0,ok,76568.08262764582,163779.6847548705,3.5477661711315687,21.118315189889756,0.0,4,3,inf,1.7475192097037615,4.204105193512964,9.19348599871748,1.5,,,,,,
unseen,reference_PI/E_original5_retuned,reverse_off_anchor,acid_plus15,5.0,5.0,109.59723737472511,105.0,ok,74992.74707534586,167846.18471836415,5.010908574632888,17.12802666874628,0.0,4,2,inf,2.6618089747643694,3.689091425367111,9.499992815642758,,1.15,,,,,
unseen,reference_PI/E_original5_retuned,reverse_off_anchor,acid_minus15,5.0,5.0,109.59723737472511,105.0,ok,77467.85916693235,161357.58922275566,4.1666527583179604,18.03812399409357,0.0,4,3,inf,2.4358492327471746,4.166546953309943,10.550999242322836,,0.85,,,,,
unseen,reference_PI/E_original5_retuned,reverse_off_anchor,base_minus15,5.0,5.0,109.59723737472511,105.0,ok,19184.597283918407,52007.37094750203,5.0444690067309255,3.4149098994961715,0.0,4,0,5930.0,0.0017839066915854573,3.655530993269074,9.472769538962329,,,0.85,,,,
unseen,reference_PI/E_original5_retuned,reverse_off_anchor,base_plus15,5.0,5.0,109.59723737472511,105.0,ok,90978.31071126764,215188.94378132827,4.171676467187454,24.06532070232831,0.0,4,3,inf,2.887870188027488,3.8574847171004976,10.524019411558509,,,1.15,,,,
unseen,reference_PI/E_original5_retuned,reverse_off_anchor,Kw_half,5.0,5.0,109.59723737472511,105.0,ok,30610.901118121787,48354.1265350076,2.6918026746173283,6.326508585846659,0.0,4,1,inf,1.7962228452024167,4.7991913843052645,9.341802674617329,,,,0.5,,,
unseen,reference_PI/E_original5_retuned,reverse_off_anchor,Kw_double,5.0,5.0,109.59723737472511,105.0,ok,60983.87262974809,115468.08359036461,2.657601807381118,13.62159128175934,0.0,4,2,inf,2.422737617929654,4.259951406342641,8.741897791007183,,,,2.0,,,
unseen,reference_PI/E_original5_retuned,reverse_off_anchor,volume_plus20,5.0,5.0,109.59723737472511,105.0,ok,10149.47016494087,13695.511889959958,2.3139022822837365,1.3931105008357374,0.0,4,0,5675.0,6.722622458710248e-12,4.923030928623695,8.963902282283737,,,,,1.2,,
unseen,reference_PI/E_original5_retuned,reverse_off_anchor,volume_minus20,5.0,5.0,109.59723737472511,105.0,ok,77256.18708881112,172881.08021933597,3.2984041009860796,20.394591824087133,0.0,4,2,inf,2.265835647858851,3.686396826896474,9.134053377519725,,,,,0.8,,
unseen,reference_PI/E_original5_retuned,reverse_off_anchor,noise_0.01_seed104729,5.0,5.0,109.59723737472511,105.0,ok,63565.2993947473,123476.60796424498,2.7114677656420607,21.094706677290773,0.0,4,2,inf,2.2643334502075865,4.5617244710194615,9.040214351432667,,,,,,0.01,104729.0
unseen,reference_PI/E_original5_retuned,reverse_off_anchor,noise_0.01_seed130363,5.0,5.0,109.59723737472511,105.0,ok,64135.02673645722,123649.21454648917,2.711276840277672,21.257334406210596,0.0,4,2,inf,2.481574392472994,4.215549654688937,9.037680195404983,,,,,,0.01,130363.0
unseen,reference_PI/E_original5_retuned,reverse_off_anchor,noise_0.01_seed155921,5.0,5.0,109.59723737472511,105.0,ok,63732.561703171195,123457.75434034206,2.7056603408301703,20.961639978234068,0.0,4,2,inf,2.364891744385635,4.434525114685559,9.035679822212005,,,,,,0.01,155921.0
unseen,reference_PI/E_original5_retuned,reverse_off_anchor,noise_0.01_seed196613,5.0,5.0,109.59723737472511,105.0,ok,63666.519910210074,123886.77923892676,2.711522927886465,20.879698582920497,0.0,4,2,inf,2.0635887862925815,4.581446008683675,9.044118379871332,,,,,,0.01,196613.0
unseen,reference_PI/E_original5_retuned,reverse_off_anchor,noise_0.01_seed262147,5.0,5.0,109.59723737472511,105.0,ok,63447.80789932769,123205.9969716102,2.7119370955960074,21.059717975178092,0.0,4,2,inf,2.2440639081375453,4.570366690936203,9.04069366861461,,,,,,0.01,262147.0
unseen,reference_PI/E_original5_retuned,reverse_off_anchor,noise_0.05_seed104729,5.0,5.0,109.59723737472511,105.0,ok,63444.33231098158,121114.3171807569,2.7380815212733065,64.1922566039495,0.0,4,2,inf,2.512507735256955,4.186708120468733,9.03507646638548,,,,,,0.05,104729.0
unseen,reference_PI/E_original5_retuned,reverse_off_anchor,noise_0.05_seed130363,5.0,5.0,109.59723737472511,105.0,ok,63984.39548618203,121723.85136551279,2.722648103194868,64.48781012825602,0.0,4,2,inf,2.658016023728191,4.088228475119585,9.022562903191037,,,,,,0.05,130363.0
unseen,reference_PI/E_original5_retuned,reverse_off_anchor,noise_0.05_seed155921,5.0,5.0,109.59723737472511,105.0,ok,64152.19473816938,123262.26224940675,2.7050340109453384,64.72686714559984,0.0,4,2,inf,2.4986577554332996,4.194003792382411,9.010571619929125,,,,,,0.05,155921.0
unseen,reference_PI/E_original5_retuned,reverse_off_anchor,noise_0.05_seed196613,5.0,5.0,109.59723737472511,105.0,ok,64016.820228600176,124332.23051598694,2.737134258348438,63.71757483188594,0.0,4,2,inf,2.2443111497158013,4.5827729538431035,9.053899797397468,,,,,,0.05,196613.0
unseen,reference_PI/E_original5_retuned,reverse_off_anchor,noise_0.05_seed262147,5.0,5.0,109.59723737472511,105.0,ok,63537.17442566234,123182.8529856501,2.715667599204272,64.7642434783774,0.0,4,2,inf,2.023113747408882,4.5915017590077,9.037843625631469,,,,,,0.05,262147.0
unseen,reference_PI/E_original5_retuned,reverse_off_anchor,combined_seed104729,5.0,5.0,164.39585606208766,160.0,ok,48425.338132033794,117466.82062499531,5.447579432754869,39.62058090897304,0.0,4,2,inf,1.7554639385624036,3.2524205672451294,9.541246920504065,1.5,1.15,0.85,2.0,1.2,0.05,104729.0
unseen,reference_PI/E_original5_retuned,reverse_off_anchor,combined_seed130363,5.0,5.0,164.39585606208766,160.0,ok,48803.40071551238,117819.75085391529,5.447118496202181,39.880008014984185,0.0,4,2,inf,1.9020539945916957,3.2528815037978176,9.540084681379147,1.5,1.15,0.85,2.0,1.2,0.05,130363.0
unseen,reference_PI/E_original5_retuned,reverse_off_anchor,combined_seed155921,5.0,5.0,164.39585606208766,160.0,ok,49898.1094040296,119431.29242451135,5.446770962626532,40.30485048139551,0.0,4,2,inf,1.8672725544400866,3.2532290373734667,9.540220205041969,1.5,1.15,0.85,2.0,1.2,0.05,155921.0
unseen,reference_PI/E_original5_retuned,reverse_off_anchor,combined_seed196613,5.0,5.0,164.39585606208766,160.0,ok,49338.52148071201,119302.56480482858,5.451814000706693,40.101948417456825,0.0,4,2,inf,1.9257936614878082,3.248185999293306,9.543581678387614,1.5,1.15,0.85,2.0,1.2,0.05,196613.0
unseen,reference_PI/E_original5_retuned,reverse_off_anchor,combined_seed262147,5.0,5.0,164.39585606208766,160.0,ok,48626.05223236176,117687.04734109741,5.446963555932076,39.80698046304012,0.0,4,2,inf,1.7838691879343642,3.253036444067923,9.538710744126444,1.5,1.15,0.85,2.0,1.2,0.05,262147.0
unseen,reference_PI/E_original5_retuned,cross_equivalence,nominal,5.0,5.0,109.59723737472511,105.0,ok,80201.05592467406,174092.29119268298,3.850297281512341,18.633606895651255,0.0,7,4,inf,2.3959537635163564,4.021378675769952,9.806870997713483,,,,,,,
unseen,reference_PI/E_original5_retuned,cross_equivalence,delay_minus30,5.0,5.0,76.71806616230758,75.0,ok,39762.761584941574,96501.5443819304,3.7982272002832076,7.316733093905072,0.0,7,0,7685.0,0.00434682502150352,4.245108949730927,9.906484493077755,0.7,,,,,,
unseen,reference_PI/E_original5_retuned,cross_equivalence,delay_plus50,5.0,5.0,164.39585606208766,160.0,ok,98116.46582954476,226678.7669998105,3.9279350505054103,25.613756170729555,0.0,7,4,inf,2.706163737224008,4.206826313789002,9.921551674833077,1.5,,,,,,
unseen,reference_PI/E_original5_retuned,cross_equivalence,acid_plus15,5.0,5.0,109.59723737472511,105.0,ok,83535.27879725932,177236.81828334866,3.9200197763955265,19.538682591460812,0.0,7,4,inf,2.5168282653008447,3.608061960394459,9.7968416121898,,1.15,,,,,
unseen,reference_PI/E_original5_retuned,cross_equivalence,acid_minus15,5.0,5.0,109.59723737472511,105.0,ok,89831.18500084503,205766.01264559728,4.974123651354251,20.92863566438603,0.0,7,4,inf,2.5343817723520363,3.872393809218538,10.224123651354251,,0.85,,,,,
unseen,reference_PI/E_original5_retuned,cross_equivalence,base_minus15,5.0,5.0,109.59723737472511,105.0,ok,41911.31868483703,82389.82567282116,3.8683438970835144,7.8601672793370865,0.0,7,1,inf,0.13827518058719868,3.564330308415328,9.94904680363333,,,0.85,,,,
unseen,reference_PI/E_original5_retuned,cross_equivalence,base_plus15,5.0,5.0,109.59723737472511,105.0,ok,125630.00515236855,332480.5042417811,4.9248929939090065,32.386721991926365,0.0,7,6,inf,3.5597331954552818,3.8953144473072157,10.174892993909006,,,1.15,,,,
unseen,reference_PI/E_original5_retuned,cross_equivalence,Kw_half,5.0,5.0,109.59723737472511,105.0,ok,79997.82863212615,170882.67251508118,3.8508508405471398,18.941552889628607,0.0,7,4,inf,2.499738475232671,4.424701485184672,10.061972287812162,,,,0.5,,,
unseen,reference_PI/E_original5_retuned,cross_equivalence,Kw_double,5.0,5.0,109.59723737472511,105.0,ok,79447.26033415705,169525.28886180036,3.847559120024316,18.113202728326783,0.0,7,4,inf,2.415356847969937,4.370994441827207,9.560538815716528,,,,2.0,,,
unseen,reference_PI/E_original5_retuned,cross_equivalence,volume_plus20,5.0,5.0,109.59723737472511,105.0,ok,39004.094699564215,76942.7395843231,3.7938730059475843,6.9575898482705405,0.0,7,1,inf,0.7958609214958194,4.2636716595520285,9.88296419820102,,,,,1.2,,
unseen,reference_PI/E_original5_retuned,cross_equivalence,volume_minus20,5.0,5.0,109.59723737472511,105.0,ok,111094.58915521752,292017.5292136584,3.94710190331368,29.87753283189405,0.0,7,5,inf,3.110112721651695,3.8491288660899743,9.844324699823574,,,,,0.8,,
unseen,reference_PI/E_original5_retuned,cross_equivalence,noise_0.01_seed104729,5.0,5.0,109.59723737472511,105.0,ok,67611.04450014506,142618.06502236667,3.851248514307236,19.87040435222768,0.0,7,3,inf,2.5048338454313095,4.210068666319811,9.801205574928453,,,,,,0.01,104729.0
unseen,reference_PI/E_original5_retuned,cross_equivalence,noise_0.01_seed130363,5.0,5.0,109.59723737472511,105.0,ok,80059.57253570559,173297.18066409224,3.850036134036322,23.97985321701172,0.0,7,4,inf,2.429690150419561,4.021879993631775,9.806440636868237,,,,,,0.01,130363.0
unseen,reference_PI/E_original5_retuned,cross_equivalence,noise_0.01_seed155921,5.0,5.0,109.59723737472511,105.0,ok,80146.21967503265,173670.66115053045,3.8499600105567886,23.939891856929407,0.0,7,4,inf,2.376966121274908,4.014544691270374,9.807571935715636,,,,,,0.01,155921.0
unseen,reference_PI/E_original5_retuned,cross_equivalence,noise_0.01_seed196613,5.0,5.0,109.59723737472511,105.0,ok,80405.80352600066,174256.7074620594,3.8504725366898116,23.833036404065396,0.0,7,4,inf,2.426201133005905,4.026325268561688,9.807404936370691,,,,,,0.01,196613.0
unseen,reference_PI/E_original5_retuned,cross_equivalence,noise_0.01_seed262147,5.0,5.0,109.59723737472511,105.0,ok,79791.58405989203,171622.76707745309,3.850945474946994,23.9673371854612,0.0,7,4,inf,1.7815288049501161,4.3932500986635645,9.807113927176625,,,,,,0.01,262147.0
unseen,reference_PI/E_original5_retuned,cross_equivalence,noise_0.05_seed104729,5.0,5.0,109.59723737472511,105.0,ok,81021.20211724,176586.6894646769,3.8556194213520856,66.01360958365333,0.0,7,4,inf,2.489836181356692,4.173150231115939,9.777230005686489,,,,,,0.05,104729.0
unseen,reference_PI/E_original5_retuned,cross_equivalence,noise_0.05_seed130363,5.0,5.0,109.59723737472511,105.0,ok,79647.05833046939,170434.19872337295,3.848655031486709,63.97587611934607,0.0,7,4,inf,2.5589559262823105,4.193068113440201,9.805428364425957,,,,,,0.05,130363.0
unseen,reference_PI/E_original5_retuned,cross_equivalence,noise_0.05_seed155921,5.0,5.0,109.59723737472511,105.0,ok,68275.05026880837,143045.89545525284,3.848833174359145,54.695861216365046,0.0,7,3,inf,2.283967060403196,4.208918511546358,9.809873838024327,,,,,,0.05,155921.0
unseen,reference_PI/E_original5_retuned,cross_equivalence,noise_0.05_seed196613,5.0,5.0,109.59723737472511,105.0,ok,81576.84975281647,176869.66513167945,3.851645887276578,64.35116965235346,0.0,7,4,inf,2.463891517933744,3.9969578348241095,9.808809288127128,,,,,,0.05,196613.0
unseen,reference_PI/E_original5_retuned,cross_equivalence,noise_0.05_seed262147,5.0,5.0,109.59723737472511,105.0,ok,80603.68617649091,174096.67003021765,3.8547692633470385,65.30564047857669,0.0,7,4,inf,2.4251123673174,4.023037914603013,9.80910806262054,,,,,,0.05,262147.0
unseen,reference_PI/E_original5_retuned,cross_equivalence,combined_seed104729,5.0,5.0,164.39585606208766,160.0,ok,67965.470541952,117917.97045317551,3.949811142806488,44.4859756982393,0.0,7,5,inf,1.5032629949708083,3.163770707426961,9.731070686045799,1.5,1.15,0.85,2.0,1.2,0.05,104729.0
unseen,reference_PI/E_original5_retuned,cross_equivalence,combined_seed130363,5.0,5.0,164.39585606208766,160.0,ok,59350.478158221704,108052.8234112603,3.948303702645587,43.007641391753566,0.0,7,2,inf,1.3029561437239403,3.1640367518344625,9.731928395566039,1.5,1.15,0.85,2.0,1.2,0.05,130363.0
unseen,reference_PI/E_original5_retuned,cross_equivalence,combined_seed155921,5.0,5.0,164.39585606208766,160.0,ok,69596.39292288398,122820.67046046541,3.9475965666555997,45.18355883468527,0.0,7,5,inf,1.2184726757376323,3.1638747559042,9.72760650434846,1.5,1.15,0.85,2.0,1.2,0.05,155921.0
unseen,reference_PI/E_original5_retuned,cross_equivalence,combined_seed196613,5.0,5.0,164.39585606208766,160.0,ok,69368.8346248526,121641.5461493308,3.947508496934849,44.74416381487906,0.0,7,4,inf,1.2114168839392514,3.162831731336939,9.718867512534159,1.5,1.15,0.85,2.0,1.2,0.05,196613.0
unseen,reference_PI/E_original5_retuned,cross_equivalence,combined_seed262147,5.0,5.0,164.39585606208766,160.0,ok,67617.60157500315,117874.6497647016,3.9500234913967756,44.90687635931707,0.0,7,5,inf,1.5015504744838637,3.1631944045923523,9.710827095361653,1.5,1.15,0.85,2.0,1.2,0.05,262147.0
unseen,reference_PI/E_original5_retuned,regulatory_off_anchor,nominal,5.0,5.0,109.59723737472511,105.0,ok,119688.82164756338,289151.2547511016,3.38439904806392,28.557518927969216,0.0,4,3,inf,2.5048159917760744,3.9656009519360795,10.313582787562707,,,,,,,
unseen,reference_PI/E_original5_retuned,regulatory_off_anchor,delay_minus30,5.0,5.0,76.71806616230758,75.0,ok,46874.91336339983,104424.51232326496,3.282720682373327,8.576500650773637,0.0,4,0,10325.0,8.357758929378178e-12,4.067279317626673,10.374269521290286,0.7,,,,,,
unseen,reference_PI/E_original5_retuned,regulatory_off_anchor,delay_plus50,5.0,5.0,164.39585606208766,160.0,ok,124023.87488769981,305805.98365840584,3.3644481479547688,34.35454396394357,0.0,4,3,inf,2.826781870800505,3.985551852045231,9.996654342264971,1.5,,,,,,
unseen,reference_PI/E_original5_retuned,regulatory_off_anchor,acid_plus15,5.0,5.0,109.59723737472511,105.0,ok,133533.22543881647,325756.10373360914,3.7364712012506107,32.01362943232144,0.0,4,4,inf,2.665373019858758,3.613528798749389,10.154636417474363,,1.15,,,,,
unseen,reference_PI/E_original5_retuned,regulatory_off_anchor,acid_minus15,5.0,5.0,109.59723737472511,105.0,ok,134613.7692659852,328369.3466353408,3.296489798811405,32.392151547109926,0.0,4,4,inf,2.6882630612527088,4.053510201188595,10.479714527864415,,0.85,,,,,
unseen,reference_PI/E_original5_retuned,regulatory_off_anchor,base_minus15,5.0,5.0,109.59723737472511,105.0,ok,58359.935667886326,134945.9162926005,3.7664749989087745,10.836636932254999,0.0,4,1,inf,0.6023061358864696,3.583525001091225,10.402583478964603,,,0.85,,,,
unseen,reference_PI/E_original5_retuned,regulatory_off_anchor,base_plus15,5.0,5.0,109.59723737472511,105.0,ok,146812.57796588907,385237.4339099792,3.481507497002424,39.97087608482768,0.0,4,4,inf,2.9525878682980915,3.868492502997576,10.453269268114232,,,1.15,,,,
unseen,reference_PI/E_original5_retuned,regulatory_off_anchor,Kw_half,5.0,5.0,109.59723737472511,105.0,ok,117749.67822440382,275234.71291121247,3.369972424970026,28.83117166073562,0.0,4,3,inf,2.467688556049369,3.9800275750299736,10.375488281927023,,,,0.5,,,
unseen,reference_PI/E_original5_retuned,regulatory_off_anchor,Kw_double,5.0,5.0,109.59723737472511,105.0,ok,112544.89740802137,263760.7313910498,3.3121904222149814,26.134305831852046,0.0,4,3,inf,2.553473390142777,4.037809577785018,9.820777166011478,,,,2.0,,,
unseen,reference_PI/E_original5_retuned,regulatory_off_anchor,volume_plus20,5.0,5.0,109.59723737472511,105.0,ok,39211.68064034266,87226.14883557188,3.2610214167931835,7.397124713462197,0.0,4,0,9615.0,1.1111023212606597e-10,4.088978583206816,10.346744553047433,,,,,1.2,,
unseen,reference_PI/E_original5_retuned,regulatory_off_anchor,volume_minus20,5.0,5.0,109.59723737472511,105.0,ok,134962.56691850367,360609.20585036173,3.374543986768022,36.39847706233116,0.0,4,3,inf,3.0157393240303634,3.9754560132319776,10.188071618076759,,,,,0.8,,
unseen,reference_PI/E_original5_retuned,regulatory_off_anchor,noise_0.01_seed104729,5.0,5.0,109.59723737472511,105.0,ok,119629.5219771954,288917.7373847144,3.394153755903563,32.80025649937163,0.0,4,3,inf,2.476373829662295,3.9558462440964366,10.313858604292493,,,,,,0.01,104729.0
unseen,reference_PI/E_original5_retuned,regulatory_off_anchor,noise_0.01_seed130363,5.0,5.0,109.59723737472511,105.0,ok,119740.67775959583,289376.571804058,3.380458616653575,32.991748815413736,0.0,4,3,inf,2.494792194334509,3.969541383346425,10.309171524397318,,,,,,0.01,130363.0
unseen,reference_PI/E_original5_retuned,regulatory_off_anchor,noise_0.01_seed155921,5.0,5.0,109.59723737472511,105.0,ok,119619.41761217313,288882.0119754522,3.3909083635097024,32.76075261411026,0.0,4,3,inf,2.445438692150298,3.9590916364902973,10.311146893813829,,,,,,0.01,155921.0
unseen,reference_PI/E_original5_retuned,regulatory_off_anchor,noise_0.01_seed196613,5.0,5.0,109.59723737472511,105.0,ok,119672.58828539107,289063.87293899665,3.3841057519735607,32.71898557716593,0.0,4,3,inf,2.500241783789276,3.965894248026439,10.313922393754812,,,,,,0.01,196613.0
unseen,reference_PI/E_original5_retuned,regulatory_off_anchor,noise_0.01_seed262147,5.0,5.0,109.59723737472511,105.0,ok,119583.73219723573,288545.1249640136,3.3465458009173075,32.90535301575859,0.0,4,3,inf,2.0767877843118576,4.003454199082692,10.310960951351252,,,,,,0.01,262147.0
unseen,reference_PI/E_original5_retuned,regulatory_off_anchor,noise_0.05_seed104729,5.0,5.0,109.59723737472511,105.0,ok,119111.03627654877,286550.97475571156,3.4107269057990925,78.49850064405399,0.0,4,3,inf,2.2376019290389513,3.939273094200907,10.261284319416719,,,,,,0.05,104729.0
unseen,reference_PI/E_original5_retuned,regulatory_off_anchor,noise_0.05_seed130363,5.0,5.0,109.59723737472511,105.0,ok,119747.73064708698,289358.64983209316,3.3975235866674076,79.52677813223974,0.0,4,3,inf,2.608237676827452,3.952476413332592,10.304770826856782,,,,,,0.05,130363.0
unseen,reference_PI/E_original5_retuned,regulatory_off_anchor,noise_0.05_seed155921,5.0,5.0,109.59723737472511,105.0,ok,118677.91287214153,284033.4518831293,3.312683786049422,78.97613461626462,0.0,4,3,inf,2.729564598501428,4.037316213950578,10.177355868709387,,,,,,0.05,155921.0
unseen,reference_PI/E_original5_retuned,regulatory_off_anchor,noise_0.05_seed196613,5.0,5.0,109.59723737472511,105.0,ok,119565.03702086536,288373.4551871865,3.402953153053506,78.17799490893921,0.0,4,3,inf,2.588119082304962,3.9470468469464937,10.319118238391136,,,,,,0.05,196613.0
unseen,reference_PI/E_original5_retuned,regulatory_off_anchor,noise_0.05_seed262147,5.0,5.0,109.59723737472511,105.0,ok,118410.06784062437,282829.8127458622,3.310668531916992,77.83136000378711,0.0,4,3,inf,2.708385133982186,4.039331468083008,10.285753942699783,,,,,,0.05,262147.0
unseen,reference_PI/E_original5_retuned,regulatory_off_anchor,combined_seed104729,5.0,5.0,164.39585606208766,160.0,ok,96364.35823499334,202706.6917631001,4.149658729865509,45.27085630406912,0.0,4,4,inf,1.8858145059169464,3.2003412701344907,10.130200832404833,1.5,1.15,0.85,2.0,1.2,0.05,104729.0
unseen,reference_PI/E_original5_retuned,regulatory_off_anchor,combined_seed130363,5.0,5.0,164.39585606208766,160.0,ok,96498.6655575425,203052.17345383772,4.150105112986294,45.66456172759102,0.0,4,4,inf,1.944688364524776,3.199894887013705,10.114768766199312,1.5,1.15,0.85,2.0,1.2,0.05,130363.0
unseen,reference_PI/E_original5_retuned,regulatory_off_anchor,combined_seed155921,5.0,5.0,164.39585606208766,160.0,ok,96409.36381868146,202772.5042326449,4.149765460274343,45.59568773037251,0.0,4,4,inf,1.8668746891825911,3.200234539725657,10.132663356652149,1.5,1.15,0.85,2.0,1.2,0.05,155921.0
unseen,reference_PI/E_original5_retuned,regulatory_off_anchor,combined_seed196613,5.0,5.0,164.39585606208766,160.0,ok,96258.3869165135,202101.85015394125,4.149923365357225,44.40713447250343,0.0,4,4,inf,1.8968294169580373,3.200076634642775,10.12797657589201,1.5,1.15,0.85,2.0,1.2,0.05,196613.0
unseen,reference_PI/E_original5_retuned,regulatory_off_anchor,combined_seed262147,5.0,5.0,164.39585606208766,160.0,ok,96607.69940043104,203613.6101910808,4.151365976096431,45.63796237435123,0.0,4,4,inf,1.853083698531738,3.198634023903568,10.136021693883741,1.5,1.15,0.85,2.0,1.2,0.05,262147.0
unseen,reference_PI/P_move_interior_Kc,reverse_off_anchor,nominal,5.0,5.0,109.59723737472511,105.0,ok,9717.678508293555,10445.149049755495,1.9499999361603244,0.06242052295505918,0.0,4,0,5865.0,3.505042069917863e-07,5.398587508267114,8.7,,,,,,,
unseen,reference_PI/P_move_interior_Kc,reverse_off_anchor,delay_minus30,5.0,5.0,76.71806616230758,75.0,ok,8658.07155499396,9000.70263010153,1.9499999504434635,0.05672436818418447,0.0,4,0,6215.0,1.7990737699591364e-07,5.398810777111114,8.7,0.7,,,,,,
unseen,reference_PI/P_move_interior_Kc,reverse_off_anchor,delay_plus50,5.0,5.0,164.39585606208766,160.0,ok,11364.823186645372,12509.11526353308,1.9633413274453337,0.08197586637232401,0.0,4,0,7620.0,2.0322521541160654e-06,5.386658672554666,8.7,1.5,,,,,,
unseen,reference_PI/P_move_interior_Kc,reverse_off_anchor,acid_plus15,5.0,5.0,109.59723737472511,105.0,ok,40504.53430925888,140679.0172610909,5.32564932066143,1.2389522029696103,0.0,4,1,inf,1.065717019545664,3.3743506793385687,9.771872693597517,,1.15,,,,,
unseen,reference_PI/P_move_interior_Kc,reverse_off_anchor,acid_minus15,5.0,5.0,109.59723737472511,105.0,ok,39924.21436414231,80148.24705261589,3.213033991727995,1.17413072509639,0.0,4,1,inf,1.8634853997482494,4.4154620503948125,10.760860127291911,,0.85,,,,,
unseen,reference_PI/P_move_interior_Kc,reverse_off_anchor,base_minus15,5.0,5.0,109.59723737472511,105.0,ok,43952.01236963598,157486.36327986492,5.347840202120132,1.3456436426131946,0.0,4,1,inf,0.9784371511616197,3.352159797879867,9.698304868007748,,,0.85,,,,
unseen,reference_PI/P_move_interior_Kc,reverse_off_anchor,base_plus15,5.0,5.0,109.59723737472511,105.0,ok,37200.51788826237,72866.14319753171,3.1389642374257427,1.0782393953642444,0.0,4,1,inf,1.789570292208996,4.378638997171915,10.74894186289255,,,1.15,,,,
unseen,reference_PI/P_move_interior_Kc,reverse_off_anchor,Kw_half,5.0,5.0,109.59723737472511,105.0,ok,9045.299852305641,9559.895529953272,1.9500000000161544,0.06642129231475558,0.0,4,0,5305.0,0.0014027209405291785,5.398625627664516,8.819063902548304,,,,0.5,,,
unseen,reference_PI/P_move_interior_Kc,reverse_off_anchor,Kw_double,5.0,5.0,109.59723737472511,105.0,ok,10293.246383608466,10575.193088176558,1.9500199481523115,0.07228440891299837,0.0,4,0,7920.0,0.008641534366143233,5.39852197305275,8.709794434934011,,,,2.0,,,
unseen,reference_PI/P_move_interior_Kc,reverse_off_anchor,volume_plus20,5.0,5.0,109.59723737472511,105.0,ok,10973.815396648633,11872.249528890707,1.949996576510312,0.06986030355779693,0.0,4,0,7235.0,3.398713270819087e-06,5.393900760809441,8.7,,,,,1.2,,
unseen,reference_PI/P_move_interior_Kc,reverse_off_anchor,volume_minus20,5.0,5.0,109.59723737472511,105.0,ok,7923.331956298575,8567.881533931992,1.9500000005030396,0.055877885843409913,0.0,4,0,5325.0,1.4622631105964956e-08,5.399956267704568,8.7,,,,,0.8,,
unseen,reference_PI/P_move_interior_Kc,reverse_off_anchor,noise_0.01_seed104729,5.0,5.0,109.59723737472511,105.0,ok,9685.672572735928,10360.40730269523,1.9505773810021072,0.40786644033568553,0.0,4,0,5880.0,0.0011822349291987777,5.398473465193914,8.70007026976667,,,,,,0.01,104729.0
unseen,reference_PI/P_move_interior_Kc,reverse_off_anchor,noise_0.01_seed130363,5.0,5.0,109.59723737472511,105.0,ok,9696.89224826826,10384.008670469517,1.9510956269073318,0.40691702736086555,0.0,4,0,5920.0,0.0006999208200433316,5.399128111921703,8.700578619013589,,,,,,0.01,130363.0
unseen,reference_PI/P_move_interior_Kc,reverse_off_anchor,noise_0.01_seed155921,5.0,5.0,109.59723737472511,105.0,ok,9702.014902103627,10397.669464282659,1.9523566517337354,0.40228561632017534,0.0,4,0,5895.0,0.0021655653692302934,5.397739464587635,8.700770283117043,,,,,,0.01,155921.0
unseen,reference_PI/P_move_interior_Kc,reverse_off_anchor,noise_0.01_seed196613,5.0,5.0,109.59723737472511,105.0,ok,9715.340732921628,10385.437341366604,1.9493731529675395,0.403881899704996,0.0,4,0,5880.0,0.0010048626702339192,5.39830214805929,8.701379581344401,,,,,,0.01,196613.0
unseen,reference_PI/P_move_interior_Kc,reverse_off_anchor,noise_0.01_seed262147,5.0,5.0,109.59723737472511,105.0,ok,9705.799798565236,10379.160573909798,1.9507916464581454,0.4030615112702751,0.0,4,0,5880.0,0.0014619957219483837,5.399260532167447,8.700791961245063,,,,,,0.01,262147.0
unseen,reference_PI/P_move_interior_Kc,reverse_off_anchor,noise_0.05_seed104729,5.0,5.0,109.59723737472511,105.0,ok,9460.776989834048,9727.54697372022,1.9496024620248553,1.7990751097579905,0.0,4,0,5805.0,0.01748360285745676,5.406514620629654,8.700010520996566,,,,,,0.05,104729.0
unseen,reference_PI/P_move_interior_Kc,reverse_off_anchor,noise_0.05_seed130363,5.0,5.0,109.59723737472511,105.0,ok,9395.92750145681,9788.271680232046,1.9506687380939374,1.785547140161217,0.0,4,0,5795.0,0.02277057012770367,5.400890399962009,8.702266754229798,,,,,,0.05,130363.0
unseen,reference_PI/P_move_interior_Kc,reverse_off_anchor,noise_0.05_seed155921,5.0,5.0,109.59723737472511,105.0,ok,9495.767919011412,9963.192645013085,1.9601130722455942,1.79777413935604,0.0,4,0,5860.0,0.014665641186129896,5.400667695398209,8.701993167781257,,,,,,0.05,155921.0
unseen,reference_PI/P_move_interior_Kc,reverse_off_anchor,noise_0.05_seed196613,5.0,5.0,109.59723737472511,105.0,ok,9378.323264077253,9684.047739645264,1.9424027895135758,1.7776610344739945,0.0,4,0,5825.0,0.028251510301068983,5.399335409424683,8.704089587222908,,,,,,0.05,196613.0
unseen,reference_PI/P_move_interior_Kc,reverse_off_anchor,noise_0.05_seed262147,5.0,5.0,109.59723737472511,105.0,ok,9658.630818370391,9927.99744279394,1.9501307461303545,1.775329750885608,0.0,4,0,5820.0,0.011054867994372941,5.401560612100566,8.70357084061402,,,,,,0.05,262147.0
unseen,reference_PI/P_move_interior_Kc,reverse_off_anchor,combined_seed104729,5.0,5.0,164.39585606208766,160.0,ok,66028.00218312825,261542.44259463096,5.702433580513224,8.28739980207743,0.0,4,1,inf,5.377776999091086,2.9975664194867746,9.180121467715669,1.5,1.15,0.85,2.0,1.2,0.05,104729.0
unseen,reference_PI/P_move_interior_Kc,reverse_off_anchor,combined_seed130363,5.0,5.0,164.39585606208766,160.0,ok,65964.00563581983,261329.6128247499,5.702141789381536,8.155938345292288,0.0,4,1,inf,5.377009626629042,2.997858210618463,9.179857485196072,1.5,1.15,0.85,2.0,1.2,0.05,130363.0
unseen,reference_PI/P_move_interior_Kc,reverse_off_anchor,combined_seed155921,5.0,5.0,164.39585606208766,160.0,ok,65865.54868028432,261313.86105560177,5.702072716878337,8.34803649782295,0.0,4,1,inf,5.3765878895661885,2.9979272831216615,9.18003392592905,1.5,1.15,0.85,2.0,1.2,0.05,155921.0
unseen,reference_PI/P_move_interior_Kc,reverse_off_anchor,combined_seed196613,5.0,5.0,164.39585606208766,160.0,ok,65899.33119553592,261435.54795012664,5.702665814208545,8.106723231796602,0.0,4,1,inf,5.377921921369115,2.9973341857914546,9.179934779376635,1.5,1.15,0.85,2.0,1.2,0.05,196613.0
unseen,reference_PI/P_move_interior_Kc,reverse_off_anchor,combined_seed262147,5.0,5.0,164.39585606208766,160.0,ok,66049.33179197904,261453.44558905362,5.7022664238842475,8.170052644771152,0.0,4,1,inf,5.376982909054018,2.9977335761157518,9.179470988649724,1.5,1.15,0.85,2.0,1.2,0.05,262147.0
unseen,reference_PI/P_move_interior_Kc,cross_equivalence,nominal,5.0,5.0,109.59723737472511,105.0,ok,62678.09236305553,146095.90647177715,4.146246841961005,1.5851826994636617,0.0,7,3,inf,0.9813035488811002,3.922622315179937,10.19388340561859,,,,,,,
unseen,reference_PI/P_move_interior_Kc,cross_equivalence,delay_minus30,5.0,5.0,76.71806616230758,75.0,ok,57940.74543072686,135079.09923127858,4.130963194496883,1.4916587487763948,0.0,7,3,inf,0.9197874170117633,3.9315213359162153,10.186691353870449,0.7,,,,,,
unseen,reference_PI/P_move_interior_Kc,cross_equivalence,delay_plus50,5.0,5.0,164.39585606208766,160.0,ok,71489.58152786884,166073.54216372815,4.173020564014048,1.8619638000736467,0.0,7,4,inf,1.5344017735356275,3.913598429293834,10.206652430690163,1.5,,,,,,
unseen,reference_PI/P_move_interior_Kc,cross_equivalence,acid_plus15,5.0,5.0,109.59723737472511,105.0,ok,84893.85610884041,205982.00245012256,4.775990840496894,2.680721071894385,0.0,7,5,inf,1.6265841812685289,3.277281522463961,10.253191846432925,,1.15,,,,,
unseen,reference_PI/P_move_interior_Kc,cross_equivalence,acid_minus15,5.0,5.0,109.59723737472511,105.0,ok,94582.54573078293,280548.1300584139,5.401104021695433,3.0082715750776368,0.0,7,5,inf,1.3127036671817711,3.9524576828067914,10.651104021695433,,0.85,,,,,
unseen,reference_PI/P_move_interior_Kc,cross_equivalence,base_minus15,5.0,5.0,109.59723737472511,105.0,ok,86592.85604884454,214903.39980609893,4.876689588061286,2.733860219161813,0.0,7,5,inf,1.7271201745208504,3.261464673200839,10.195466936503927,,,0.85,,,,
unseen,reference_PI/P_move_interior_Kc,cross_equivalence,base_plus15,5.0,5.0,109.59723737472511,105.0,ok,91603.97666211677,267819.9433408475,5.380343293656804,2.9560884760581123,0.0,7,5,inf,1.7052639893665775,3.9224220980463844,10.630343293656804,,,1.15,,,,
unseen,reference_PI/P_move_interior_Kc,cross_equivalence,Kw_half,5.0,5.0,109.59723737472511,105.0,ok,63837.77156508229,155666.60691672078,4.150656269358283,1.704921571207123,0.0,7,3,inf,1.8304810299115308,3.9224549459450846,10.478201462169388,,,,0.5,,,
unseen,reference_PI/P_move_interior_Kc,cross_equivalence,Kw_double,5.0,5.0,109.59723737472511,105.0,ok,55266.96958206586,122336.41347100874,4.136685019522107,1.448883786497709,0.0,7,3,inf,1.5047668211670135,3.9232194920028216,9.911166493416173,,,,2.0,,,
unseen,reference_PI/P_move_interior_Kc,cross_equivalence,volume_plus20,5.0,5.0,109.59723737472511,105.0,ok,70937.57602251395,162934.31623261198,4.106581495228872,1.8099867012997102,0.0,7,4,inf,1.7564570722335802,3.9556917256264543,10.161051983564594,,,,,1.2,,
unseen,reference_PI/P_move_interior_Kc,cross_equivalence,volume_minus20,5.0,5.0,109.59723737472511,105.0,ok,52502.9186926733,125205.45849161103,4.193425889448435,1.3952042393065662,0.0,7,1,inf,1.2057632766822577,3.8836653722104604,10.230772785784833,,,,,0.8,,
unseen,reference_PI/P_move_interior_Kc,cross_equivalence,noise_0.01_seed104729,5.0,5.0,109.59723737472511,105.0,ok,62650.29847105219,145969.22841980177,4.146319961930168,2.0797669093628413,0.0,7,3,inf,0.9893214275520661,3.922476882712839,10.193945540007503,,,,,,0.01,104729.0
unseen,reference_PI/P_move_interior_Kc,cross_equivalence,noise_0.01_seed130363,5.0,5.0,109.59723737472511,105.0,ok,62674.08445702166,146080.0965188528,4.146032182918909,2.0640948861755852,0.0,7,3,inf,0.9921561093906357,3.9226603767120185,10.193932071924564,,,,,,0.01,130363.0
unseen,reference_PI/P_move_interior_Kc,cross_equivalence,noise_0.01_seed155921,5.0,5.0,109.59723737472511,105.0,ok,62694.423014782966,146100.39668516445,4.146352152970598,2.046830357551398,0.0,7,3,inf,0.9838236107494822,3.9228924638693488,10.193819040566297,,,,,,0.01,155921.0
unseen,reference_PI/P_move_interior_Kc,cross_equivalence,noise_0.01_seed196613,5.0,5.0,109.59723737472511,105.0,ok,62693.93926998135,146079.89714547753,4.146328782716802,2.0655593663755107,0.0,7,3,inf,0.975814573199008,3.9226850089525844,10.193813109719917,,,,,,0.01,196613.0
unseen,reference_PI/P_move_interior_Kc,cross_equivalence,noise_0.01_seed262147,5.0,5.0,109.59723737472511,105.0,ok,62605.06441232108,145900.0443188224,4.146474368500553,2.0685639754848824,0.0,7,3,inf,0.9749326319288789,3.9226483539407813,10.1938164491382,,,,,,0.01,262147.0
unseen,reference_PI/P_move_interior_Kc,cross_equivalence,noise_0.05_seed104729,5.0,5.0,109.59723737472511,105.0,ok,62579.00537470829,145464.36359019615,4.146798153414979,6.241920639309988,0.0,7,3,inf,1.0090690537411682,3.9221028644188682,10.194191676711961,,,,,,0.05,104729.0
unseen,reference_PI/P_move_interior_Kc,cross_equivalence,noise_0.05_seed130363,5.0,5.0,109.59723737472511,105.0,ok,62659.34821516409,145937.00721018497,4.145082696684462,6.21112876259313,0.0,7,3,inf,1.019084269437271,3.9228993637488574,10.194109371122492,,,,,,0.05,130363.0
unseen,reference_PI/P_move_interior_Kc,cross_equivalence,noise_0.05_seed155921,5.0,5.0,109.59723737472511,105.0,ok,62692.10469825601,145817.11686852586,4.1463994527906864,6.120336483493206,0.0,7,3,inf,0.9853025542708576,3.924063724921384,10.193582913617751,,,,,,0.05,155921.0
unseen,reference_PI/P_move_interior_Kc,cross_equivalence,noise_0.05_seed196613,5.0,5.0,109.59723737472511,105.0,ok,62781.33327963304,146036.19760127013,4.146528267604389,6.194987893266144,0.0,7,3,inf,0.9490997755805939,3.9229058383509834,10.193521231747917,,,,,,0.05,196613.0
unseen,reference_PI/P_move_interior_Kc,cross_equivalence,noise_0.05_seed262147,5.0,5.0,109.59723737472511,105.0,ok,62366.50457985232,145161.40383637816,4.147481065654654,6.274458779018584,0.0,7,3,inf,0.9392286084474879,3.922787464080359,10.193532875352426,,,,,,0.05,262147.0
unseen,reference_PI/P_move_interior_Kc,cross_equivalence,combined_seed104729,5.0,5.0,164.39585606208766,160.0,ok,104024.93990822765,314793.591419666,5.371284536142031,14.03447888518204,0.0,7,5,inf,2.221465461289708,2.930151391792603,9.947001987877288,1.5,1.15,0.85,2.0,1.2,0.05,104729.0
unseen,reference_PI/P_move_interior_Kc,cross_equivalence,combined_seed130363,5.0,5.0,164.39585606208766,160.0,ok,103964.64779791498,315178.43862986646,5.371270781643858,13.86792399166091,0.0,7,5,inf,2.221462845429062,2.9300815610010917,9.946912315843925,1.5,1.15,0.85,2.0,1.2,0.05,130363.0
unseen,reference_PI/P_move_interior_Kc,cross_equivalence,combined_seed155921,5.0,5.0,164.39585606208766,160.0,ok,103781.22925953861,314921.0714211945,5.371118625424147,13.862036463004817,0.0,7,6,inf,2.2212991551662524,2.930096234496511,9.9465718439889,1.5,1.15,0.85,2.0,1.2,0.05,155921.0
unseen,reference_PI/P_move_interior_Kc,cross_equivalence,combined_seed196613,5.0,5.0,164.39585606208766,160.0,ok,103908.80902211135,314682.366958137,5.370628946053624,13.666650809143192,0.0,7,6,inf,2.220808494322406,2.930471468941716,9.94643124526479,1.5,1.15,0.85,2.0,1.2,0.05,196613.0
unseen,reference_PI/P_move_interior_Kc,cross_equivalence,combined_seed262147,5.0,5.0,164.39585606208766,160.0,ok,103973.39911455456,315345.3569206905,5.371411727511353,14.157865272351042,0.0,7,6,inf,2.221601139348401,2.9298372258763616,9.946557801617946,1.5,1.15,0.85,2.0,1.2,0.05,262147.0
unseen,reference_PI/P_move_interior_Kc,regulatory_off_anchor,nominal,5.0,5.0,109.59723737472511,105.0,ok,75985.99187350155,188262.89158954154,3.600956592185059,2.224365192209347,0.0,4,0,17095.0,0.027487431662301276,3.749043407814941,10.628206842196445,,,,,,,
unseen,reference_PI/P_move_interior_Kc,regulatory_off_anchor,delay_minus30,5.0,5.0,76.71806616230758,75.0,ok,69747.33511250961,176707.6776367955,3.5936970676185194,2.118859464092653,0.0,4,0,15990.0,0.0029197118902111185,3.7563029323814803,10.625130384471827,0.7,,,,,,
unseen,reference_PI/P_move_interior_Kc,regulatory_off_anchor,delay_plus50,5.0,5.0,164.39585606208766,160.0,ok,89085.8920663776,214327.89620195734,3.613951883031956,2.535887115703284,0.0,4,1,inf,0.31272762085405414,3.7360481169680435,10.633806042248567,1.5,,,,,,
unseen,reference_PI/P_move_interior_Kc,regulatory_off_anchor,acid_plus15,5.0,5.0,109.59723737472511,105.0,ok,96215.15931659652,269357.934441954,4.0162476096974125,3.108449746858226,0.0,4,1,inf,1.602922718235133,3.3337523903025876,10.678154016108424,,1.15,,,,,
unseen,reference_PI/P_move_interior_Kc,regulatory_off_anchor,acid_minus15,5.0,5.0,109.59723737472511,105.0,ok,94775.10361242974,242968.0008447327,3.5710647566535307,2.961719739792355,0.0,4,1,inf,2.7186763691249105,3.778935243346469,10.714622857708225,,0.85,,,,,
unseen,reference_PI/P_move_interior_Kc,regulatory_off_anchor,base_minus15,5.0,5.0,109.59723737472511,105.0,ok,96708.19966780461,274031.84915729193,4.035318276676625,3.174960947118228,0.0,4,1,inf,3.1579864767442007,3.314681723323375,10.617667937540793,,,0.85,,,,
unseen,reference_PI/P_move_interior_Kc,regulatory_off_anchor,base_plus15,5.0,5.0,109.59723737472511,105.0,ok,95567.87246463311,249820.90417494986,3.7184593638270997,3.0467650764421172,0.0,4,1,inf,2.109298500491203,3.6315406361729,10.69887453035125,,,1.15,,,,
unseen,reference_PI/P_move_interior_Kc,regulatory_off_anchor,Kw_half,5.0,5.0,109.59723737472511,105.0,ok,79337.25331286456,204538.1841785788,3.601173974313228,2.3580629811694367,0.0,4,0,16130.0,0.0042754764537082934,3.7488260256867716,10.917893203155723,,,,0.5,,,
unseen,reference_PI/P_move_interior_Kc,regulatory_off_anchor,Kw_double,5.0,5.0,109.59723737472511,105.0,ok,69780.65719268146,168152.46935860367,3.60052691798099,2.0706262749802393,0.0,4,0,17435.0,0.013690706208824288,3.74947308201901,10.339167485403477,,,,2.0,,,
unseen,reference_PI/P_move_interior_Kc,regulatory_off_anchor,volume_plus20,5.0,5.0,109.59723737472511,105.0,ok,85655.37738537989,208277.75207859467,3.56892026602066,2.476603340819997,0.0,4,1,inf,0.26668783388029915,3.7810797339793396,10.606242505479674,,,,,1.2,,
unseen,reference_PI/P_move_interior_Kc,regulatory_off_anchor,volume_minus20,5.0,5.0,109.59723737472511,105.0,ok,64144.83710389547,166056.2600316397,3.637577661164245,1.9698292997893025,0.0,4,0,13685.0,7.46467623660152e-05,3.7124223388357547,10.652293751672575,,,,,0.8,,
unseen,reference_PI/P_move_interior_Kc,regulatory_off_anchor,noise_0.01_seed104729,5.0,5.0,109.59723737472511,105.0,ok,76018.12146155884,188281.93620846025,3.6011124428631938,2.5444469326079133,0.0,4,0,17135.0,0.02848298287224349,3.748887557136806,10.62815313759477,,,,,,0.01,104729.0
unseen,reference_PI/P_move_interior_Kc,regulatory_off_anchor,noise_0.01_seed130363,5.0,5.0,109.59723737472511,105.0,ok,76006.63715083893,188310.2615607701,3.600933873527882,2.548947957352535,0.0,4,0,17085.0,0.026486853090382567,3.7490661264721177,10.628212300822224,,,,,,0.01,130363.0
unseen,reference_PI/P_move_interior_Kc,regulatory_off_anchor,noise_0.01_seed155921,5.0,5.0,109.59723737472511,105.0,ok,76010.97734690012,188304.1548598206,3.6010680463104605,2.567653276351418,0.0,4,0,17090.0,0.028232577731956532,3.748931953689539,10.628196958553296,,,,,,0.01,155921.0
unseen,reference_PI/P_move_interior_Kc,regulatory_off_anchor,noise_0.01_seed196613,5.0,5.0,109.59723737472511,105.0,ok,75999.33962305292,188250.78855271,3.600820687333151,2.538823839160128,0.0,4,0,17095.0,0.0276297331808264,3.7491793126668487,10.628188748341396,,,,,,0.01,196613.0
unseen,reference_PI/P_move_interior_Kc,regulatory_off_anchor,noise_0.01_seed262147,5.0,5.0,109.59723737472511,105.0,ok,76054.3455098987,188373.59584686236,3.601073990700633,2.5638909251708206,0.0,4,0,17125.0,0.027982168613512215,3.7489260092993666,10.6281919249331,,,,,,0.01,262147.0
unseen,reference_PI/P_move_interior_Kc,regulatory_off_anchor,noise_0.05_seed104729,5.0,5.0,109.59723737472511,105.0,ok,76140.59539462623,188302.08063904196,3.6017785014182397,6.708814669142461,0.0,4,0,17290.0,0.02693702056390812,3.74822149858176,10.627946759406022,,,,,,0.05,104729.0
unseen,reference_PI/P_move_interior_Kc,regulatory_off_anchor,noise_0.05_seed130363,5.0,5.0,109.59723737472511,105.0,ok,76182.43021778931,188598.28681185492,3.6008502390569066,6.7818614855268535,0.0,4,0,17175.0,0.01912789629706957,3.749149760943093,10.628252184990522,,,,,,0.05,130363.0
unseen,reference_PI/P_move_interior_Kc,regulatory_off_anchor,noise_0.05_seed155921,5.0,5.0,109.59723737472511,105.0,ok,76117.63657631045,188463.36373416032,3.6014902372706628,6.9281956651994845,0.0,4,0,17095.0,0.027331965502146893,3.748509762729337,10.628168586091792,,,,,,0.05,155921.0
unseen,reference_PI/P_move_interior_Kc,regulatory_off_anchor,noise_0.05_seed196613,5.0,5.0,109.59723737472511,105.0,ok,76098.10500732498,188220.20726117873,3.600394905169561,6.691964277785784,0.0,4,0,17235.0,0.023123375195172713,3.7496050948304385,10.628125900399388,,,,,,0.05,196613.0
unseen,reference_PI/P_move_interior_Kc,regulatory_off_anchor,noise_0.05_seed262147,5.0,5.0,109.59723737472511,105.0,ok,76441.1790512367,188990.77610942317,3.6014588899637614,6.8290369981201025,0.0,4,0,17335.0,0.025496976120419568,3.7485411100362382,10.628142842972569,,,,,,0.05,262147.0
unseen,reference_PI/P_move_interior_Kc,regulatory_off_anchor,combined_seed104729,5.0,5.0,164.39585606208766,160.0,ok,129189.39181986178,397445.7572622076,4.379579862006439,14.445821626091435,0.0,4,3,inf,4.188878621532497,2.9704201379935604,10.357775467875706,1.5,1.15,0.85,2.0,1.2,0.05,104729.0
unseen,reference_PI/P_move_interior_Kc,regulatory_off_anchor,combined_seed130363,5.0,5.0,164.39585606208766,160.0,ok,129250.3361078781,397670.71830396855,4.379563887534163,14.359817518156536,0.0,4,3,inf,4.188671777733894,2.970436112465837,10.358009623839923,1.5,1.15,0.85,2.0,1.2,0.05,130363.0
unseen,reference_PI/P_move_interior_Kc,regulatory_off_anchor,combined_seed155921,5.0,5.0,164.39585606208766,160.0,ok,129045.21551439771,397162.4127179756,4.379448671039555,14.380495745534414,0.0,4,3,inf,4.188227287762984,2.9705513289604446,10.357965309618423,1.5,1.15,0.85,2.0,1.2,0.05,155921.0
unseen,reference_PI/P_move_interior_Kc,regulatory_off_anchor,combined_seed196613,5.0,5.0,164.39585606208766,160.0,ok,129035.16074214119,397090.9636808335,4.37952134733494,13.98208878724291,0.0,4,3,inf,4.18851422789305,2.9704786526650597,10.357892930889676,1.5,1.15,0.85,2.0,1.2,0.05,196613.0
unseen,reference_PI/P_move_interior_Kc,regulatory_off_anchor,combined_seed262147,5.0,5.0,164.39585606208766,160.0,ok,129184.61413976696,397459.69962693163,4.379637143615387,14.63408561112706,0.0,4,3,inf,4.188640260543442,2.9703628563846127,10.357909071872164,1.5,1.15,0.85,2.0,1.2,0.05,262147.0
unseen,IMC_PID/A_original3,reverse_off_anchor,nominal,5.0,5.0,109.59723737472511,105.0,ok,4666.198282572758,2928.7907194303007,1.9298948914355947,0.3926433103329563,0.0,4,0,17930.0,0.0495350975592066,5.174115170793844,8.7,,,,,,,
unseen,IMC_PID/A_original3,reverse_off_anchor,delay_minus30,5.0,5.0,76.71806616230758,75.0,ok,2981.252713454376,2065.3302113355862,1.9500000000000588,0.1505894131704535,0.0,4,0,6185.0,6.283579287469365e-05,5.221007028735034,8.7,0.7,,,,,,
unseen,IMC_PID/A_original3,reverse_off_anchor,delay_plus50,5.0,5.0,164.39585606208766,160.0,ok,39645.953117227626,47022.0980398822,2.5320243020914575,2.245252705122587,0.0,4,2,inf,1.5327285683833427,5.400053070348664,8.7,1.5,,,,,,
unseen,IMC_PID/A_original3,reverse_off_anchor,acid_plus15,5.0,5.0,109.59723737472511,105.0,ok,91462.20592667161,372575.6831654551,5.422724346105296,1.166865514731887,0.0,4,2,inf,5.329578535257843,3.2772756538947037,8.7,,1.15,,,,,
unseen,IMC_PID/A_original3,reverse_off_anchor,acid_minus15,5.0,5.0,109.59723737472511,105.0,ok,28960.40449688724,60070.90642045656,2.947585249082916,1.3454134590721045,0.0,4,2,inf,1.5986750475394977,4.483508249088414,10.71677918794221,,0.85,,,,,
unseen,IMC_PID/A_original3,reverse_off_anchor,base_minus15,5.0,5.0,109.59723737472511,105.0,ok,107194.0832497041,421220.93239041214,5.442417155063783,1.2511771462844274,0.0,4,2,inf,5.372258050267682,3.2575828449362167,8.7,,,0.85,,,,
unseen,IMC_PID/A_original3,reverse_off_anchor,base_plus15,5.0,5.0,109.59723737472511,105.0,ok,27009.595841735194,49671.336038092864,2.7916175730024513,1.5955423675009657,0.0,4,2,inf,1.3963782338030502,4.558382426997548,10.700133130791718,,,1.15,,,,
unseen,IMC_PID/A_original3,reverse_off_anchor,Kw_half,5.0,5.0,109.59723737472511,105.0,ok,15515.917463781447,12733.553078482973,2.788356253960055,1.6811712773325755,0.0,4,0,17990.0,0.03168294887064249,5.400098534397232,8.855520607351204,,,,0.5,,,
unseen,IMC_PID/A_original3,reverse_off_anchor,Kw_double,5.0,5.0,109.59723737472511,105.0,ok,3677.6315389290335,2735.6785751841016,1.9499999999976012,0.14518262136467008,0.0,4,0,6700.0,0.0007441214008707675,5.169795021399743,8.707312153455756,,,,2.0,,,
unseen,IMC_PID/A_original3,reverse_off_anchor,volume_plus20,5.0,5.0,109.59723737472511,105.0,ok,3827.31917950538,2848.1189681672754,1.950000000001264,0.1654413585854897,0.0,4,0,7050.0,8.513508698904104e-05,5.162799123444491,8.7,,,,,1.2,,
unseen,IMC_PID/A_original3,reverse_off_anchor,volume_minus20,5.0,5.0,109.59723737472511,105.0,ok,7154.536472009722,4687.064766040444,2.417413400539494,0.9869902533015198,0.0,4,1,inf,0.429289386174708,5.364123876729991,8.7,,,,,0.8,,
unseen,IMC_PID/A_original3,reverse_off_anchor,noise_0.01_seed104729,5.0,5.0,109.59723737472511,105.0,ok,4827.216867163832,2942.994313485995,1.9080878720836987,12.69388123490996,0.0,4,0,17955.0,0.03451896584083336,5.159703030437906,8.701304415016617,,,,,,0.01,104729.0
unseen,IMC_PID/A_original3,reverse_off_anchor,noise_0.01_seed130363,5.0,5.0,109.59723737472511,105.0,ok,4822.157820934864,2964.5082170058513,1.9275408434272459,12.588643864962943,0.0,4,0,17955.0,0.019736440065425853,5.160557460970672,8.70230946138606,,,,,,0.01,130363.0
unseen,IMC_PID/A_original3,reverse_off_anchor,noise_0.01_seed155921,5.0,5.0,109.59723737472511,105.0,ok,4818.689989396831,2952.469669787683,1.9352377553918618,12.54555544812202,0.0,4,0,17950.0,0.00986418514686882,5.162859398747491,8.702467074929027,,,,,,0.01,155921.0
unseen,IMC_PID/A_original3,reverse_off_anchor,noise_0.01_seed196613,5.0,5.0,109.59723737472511,105.0,ok,4500.753339948831,2898.4935705072885,2.0018759486031747,12.266639321324845,0.0,4,1,inf,0.07854640677028701,5.205149604552474,8.703010068781369,,,,,,0.01,196613.0
unseen,IMC_PID/A_original3,reverse_off_anchor,noise_0.01_seed262147,5.0,5.0,109.59723737472511,105.0,ok,4766.92929809924,2930.36234180782,1.9263062207984314,12.769499838695378,0.0,4,0,17945.0,0.04153590259063744,5.174408281744382,8.70243910608736,,,,,,0.01,262147.0
unseen,IMC_PID/A_original3,reverse_off_anchor,noise_0.05_seed104729,5.0,5.0,109.59723737472511,105.0,ok,5658.773547084247,2992.6727136129957,1.9970196602583803,63.04437264150462,0.0,4,1,inf,0.05870792179718354,5.135403275099448,8.706275391166557,,,,,,0.05,104729.0
unseen,IMC_PID/A_original3,reverse_off_anchor,noise_0.05_seed130363,5.0,5.0,109.59723737472511,105.0,ok,5840.981341948645,3073.0815603289925,1.94360787915502,62.17324536412271,0.0,4,0,17975.0,0.0297099039230595,5.15987625271517,8.710659776092445,,,,,,0.05,130363.0
unseen,IMC_PID/A_original3,reverse_off_anchor,noise_0.05_seed155921,5.0,5.0,109.59723737472511,105.0,ok,5623.812344941862,3156.996244698131,2.133122470273922,62.488030338204446,0.0,4,0,17980.0,0.03896833660312726,5.252465791116303,8.710922067941112,,,,,,0.05,155921.0
unseen,IMC_PID/A_original3,reverse_off_anchor,noise_0.05_seed196613,5.0,5.0,109.59723737472511,105.0,ok,5227.7610110393825,2961.719447424017,2.088646619961663,61.055440910354996,0.0,4,1,inf,0.054954365597049026,5.224494441004853,8.714267641318088,,,,,,0.05,196613.0
unseen,IMC_PID/A_original3,reverse_off_anchor,noise_0.05_seed262147,5.0,5.0,109.59723737472511,105.0,ok,5501.030299634872,2956.584840026766,1.9253987499270027,63.07838873515132,0.0,4,0,17975.0,0.0315953840490284,5.175334120653153,8.712286704274232,,,,,,0.05,262147.0
unseen,IMC_PID/A_original3,reverse_off_anchor,combined_seed104729,5.0,5.0,164.39585606208766,160.0,ok,203140.4954799886,767758.8968647249,5.790927181911848,278.2487926544174,0.0,4,4,inf,5.773910474593988,2.909072818088151,8.7,1.5,1.15,0.85,2.0,1.2,0.05,104729.0
unseen,IMC_PID/A_original3,reverse_off_anchor,combined_seed130363,5.0,5.0,164.39585606208766,160.0,ok,203098.4077927071,767504.0471146596,5.790599506322208,277.86378430335526,0.0,4,4,inf,5.773627712171381,2.909400493677791,8.7,1.5,1.15,0.85,2.0,1.2,0.05,130363.0
unseen,IMC_PID/A_original3,reverse_off_anchor,combined_seed155921,5.0,5.0,164.39585606208766,160.0,ok,203112.10678643483,767585.8175105045,5.790736116635043,276.6493041804777,0.0,4,4,inf,5.7736985966768515,2.9092638833649564,8.7,1.5,1.15,0.85,2.0,1.2,0.05,155921.0
unseen,IMC_PID/A_original3,reverse_off_anchor,combined_seed196613,5.0,5.0,164.39585606208766,160.0,ok,203295.84633070894,768710.7869006017,5.792106140635932,273.57977415082405,0.0,4,4,inf,5.775208245401461,2.9078938593640675,8.7,1.5,1.15,0.85,2.0,1.2,0.05,196613.0
unseen,IMC_PID/A_original3,reverse_off_anchor,combined_seed262147,5.0,5.0,164.39585606208766,160.0,ok,203070.53971474728,767337.7491061157,5.790408685287906,280.0626014904218,0.0,4,4,inf,5.773398375222323,2.909591314712093,8.7,1.5,1.15,0.85,2.0,1.2,0.05,262147.0
unseen,IMC_PID/A_original3,cross_equivalence,nominal,5.0,5.0,109.59723737472511,105.0,ok,68623.75625121227,198232.4219021608,4.090713359070758,2.154959737155881,0.0,7,4,inf,2.540084968730633,3.790955823906055,10.085055593967807,,,,,,,
unseen,IMC_PID/A_original3,cross_equivalence,delay_minus30,5.0,5.0,76.71806616230758,75.0,ok,63232.588154376026,194875.8036752949,4.080866955813682,1.4677000868491508,0.0,7,2,inf,2.615304463671892,3.777432837073568,10.086331802004581,0.7,,,,,,
unseen,IMC_PID/A_original3,cross_equivalence,delay_plus50,5.0,5.0,164.39585606208766,160.0,ok,82358.634542068,216383.010860034,4.109238925624434,2.5420794693369624,0.0,7,4,inf,1.8476377118174359,3.8662128307430845,10.128819699354848,1.5,,,,,,
unseen,IMC_PID/A_original3,cross_equivalence,acid_plus15,5.0,5.0,109.59723737472511,105.0,ok,167386.16020764696,633692.1777055307,5.209699866231873,2.462318514865472,0.0,7,7,inf,4.834740547338365,3.164331623864054,10.152419720434692,,1.15,,,,,
unseen,IMC_PID/A_original3,cross_equivalence,acid_minus15,5.0,5.0,109.59723737472511,105.0,ok,100627.68763546323,330541.7927361944,5.3047516079510935,3.48100221653562,0.0,7,5,inf,1.4058504474902938,3.835258054441983,10.554751607951093,,0.85,,,,,
unseen,IMC_PID/A_original3,cross_equivalence,base_minus15,5.0,5.0,109.59723737472511,105.0,ok,174386.70660741438,670759.6025570284,5.219224686013016,2.136708533817618,0.0,7,6,inf,4.926196372455059,3.160052407336911,9.950902625142856,,,0.85,,,,
unseen,IMC_PID/A_original3,cross_equivalence,base_plus15,5.0,5.0,109.59723737472511,105.0,ok,100307.37048994127,318365.5031158668,5.273700858341783,3.7962887034745094,0.0,7,4,inf,1.4016077623916035,3.7941944240185164,10.523700858341783,,,1.15,,,,
unseen,IMC_PID/A_original3,cross_equivalence,Kw_half,5.0,5.0,109.59723737472511,105.0,ok,79818.92704226049,214031.44255361447,4.090672416258489,3.5353378700561784,0.0,7,4,inf,2.3030690744992253,3.8278084442768594,10.347222204754798,,,,0.5,,,
unseen,IMC_PID/A_original3,cross_equivalence,Kw_double,5.0,5.0,109.59723737472511,105.0,ok,64590.632447377786,196460.6342729539,4.087403114949969,1.306398722771653,0.0,7,2,inf,2.6211753433546976,3.7753214431471767,9.81785802194266,,,,2.0,,,
unseen,IMC_PID/A_original3,cross_equivalence,volume_plus20,5.0,5.0,109.59723737472511,105.0,ok,68171.04611942095,208317.11917391236,4.072756608249646,1.4869244497013794,0.0,7,2,inf,2.6848377677110262,3.7904217906292104,10.058710324388526,,,,,1.2,,
unseen,IMC_PID/A_original3,cross_equivalence,volume_minus20,5.0,5.0,109.59723737472511,105.0,ok,69149.7331964452,192662.44545969414,4.110706464296238,2.5699350855393766,0.0,7,4,inf,2.516781266453437,3.7656972241119395,10.118288982345984,,,,,0.8,,
unseen,IMC_PID/A_original3,cross_equivalence,noise_0.01_seed104729,5.0,5.0,109.59723737472511,105.0,ok,68625.62376424458,198154.83720966242,4.090458269689218,23.886036852831126,0.0,7,4,inf,2.5437225443370686,3.7899077649006387,10.083016151630186,,,,,,0.01,104729.0
unseen,IMC_PID/A_original3,cross_equivalence,noise_0.01_seed130363,5.0,5.0,109.59723737472511,105.0,ok,68624.42236332018,198190.28486873308,4.09096419808453,23.463386686919243,0.0,7,4,inf,2.5376383561605653,3.791135895928553,10.08539919336457,,,,,,0.01,130363.0
unseen,IMC_PID/A_original3,cross_equivalence,noise_0.01_seed155921,5.0,5.0,109.59723737472511,105.0,ok,68631.77631790859,198230.22532127472,4.089964650089392,23.50647144624684,0.0,7,4,inf,2.544140778647477,3.7903199503005407,10.085443715917824,,,,,,0.01,155921.0
unseen,IMC_PID/A_original3,cross_equivalence,noise_0.01_seed196613,5.0,5.0,109.59723737472511,105.0,ok,68585.86822580028,198107.28384514694,4.0900499284971685,23.07197190137593,0.0,7,4,inf,2.5504870257436556,3.7889679730204056,10.08297674280404,,,,,,0.01,196613.0
unseen,IMC_PID/A_original3,cross_equivalence,noise_0.01_seed262147,5.0,5.0,109.59723737472511,105.0,ok,68666.50678612283,198376.6717683879,4.091718245969737,23.8487136726489,0.0,7,4,inf,2.535219480777857,3.7916785121302206,10.086348939051614,,,,,,0.01,262147.0
unseen,IMC_PID/A_original3,cross_equivalence,noise_0.05_seed104729,5.0,5.0,109.59723737472511,105.0,ok,68877.01312703452,199551.70917478608,4.091981831958541,117.25082638500632,0.0,7,3,inf,2.6100515196241627,3.7733546763120978,10.080824885291813,,,,,,0.05,104729.0
unseen,IMC_PID/A_original3,cross_equivalence,noise_0.05_seed130363,5.0,5.0,109.59723737472511,105.0,ok,68581.89531443166,197869.7716264758,4.089099698406761,114.26776952482894,0.0,7,4,inf,2.5512718954153897,3.786436395550736,10.082654280559456,,,,,,0.05,130363.0
unseen,IMC_PID/A_original3,cross_equivalence,noise_0.05_seed155921,5.0,5.0,109.59723737472511,105.0,ok,68188.68957672454,197125.78631369778,4.085147911352128,113.84144754566714,0.0,7,4,inf,2.5607934990793026,3.789846321677879,10.082843569616925,,,,,,0.05,155921.0
unseen,IMC_PID/A_original3,cross_equivalence,noise_0.05_seed196613,5.0,5.0,109.59723737472511,105.0,ok,68464.48117876126,197429.9793463936,4.087222287466731,112.50130926332719,0.0,7,4,inf,2.5658554109628726,3.7853585921394353,10.078374896061023,,,,,,0.05,196613.0
unseen,IMC_PID/A_original3,cross_equivalence,noise_0.05_seed262147,5.0,5.0,109.59723737472511,105.0,ok,68872.3285349876,198325.44607317686,4.09666248009377,116.25280278570989,0.0,7,5,inf,2.512469733908425,3.7919063378840256,10.083625905726526,,,,,,0.05,262147.0
unseen,IMC_PID/A_original3,cross_equivalence,combined_seed104729,5.0,5.0,164.39585606208766,160.0,ok,228259.99596677604,942407.3566309637,5.542769823110468,271.01649351458866,0.0,7,7,inf,5.409728187419384,2.8514281521642926,5.25,1.5,1.15,0.85,2.0,1.2,0.05,104729.0
unseen,IMC_PID/A_original3,cross_equivalence,combined_seed130363,5.0,5.0,164.39585606208766,160.0,ok,228220.19061211325,942226.6431162364,5.54286758387181,270.2767671586758,0.0,7,7,inf,5.409935174444287,2.8512983889065344,5.25,1.5,1.15,0.85,2.0,1.2,0.05,130363.0
unseen,IMC_PID/A_original3,cross_equivalence,combined_seed155921,5.0,5.0,164.39585606208766,160.0,ok,228256.05337782094,942371.6562536749,5.542806116489429,269.1246151098536,0.0,7,7,inf,5.409829425666288,2.851399031017992,5.25,1.5,1.15,0.85,2.0,1.2,0.05,155921.0
unseen,IMC_PID/A_original3,cross_equivalence,combined_seed196613,5.0,5.0,164.39585606208766,160.0,ok,228193.07447153673,941998.1893344151,5.542535644944187,266.03185415457926,0.0,7,7,inf,5.409371511713941,2.851632989867316,5.25,1.5,1.15,0.85,2.0,1.2,0.05,196613.0
unseen,IMC_PID/A_original3,cross_equivalence,combined_seed262147,5.0,5.0,164.39585606208766,160.0,ok,228227.3161855805,942221.9110540845,5.542807123730854,272.0351413268228,0.0,7,7,inf,5.409850852647766,2.8513692288435823,5.25,1.5,1.15,0.85,2.0,1.2,0.05,262147.0
unseen,IMC_PID/A_original3,regulatory_off_anchor,nominal,5.0,5.0,109.59723737472511,105.0,ok,108259.78868925304,343645.2387123583,3.740383192822794,2.2297655993253107,0.0,4,2,inf,0.08369589538108002,3.6096168071772055,10.563702949794083,,,,,,,
unseen,IMC_PID/A_original3,regulatory_off_anchor,delay_minus30,5.0,5.0,76.71806616230758,75.0,ok,107067.78145581397,341577.8718184603,3.7387093382466223,2.038984271597524,0.0,4,0,14800.0,7.948660510415095e-05,3.6112906617533773,10.55826546922216,0.7,,,,,,
unseen,IMC_PID/A_original3,regulatory_off_anchor,delay_plus50,5.0,5.0,164.39585606208766,160.0,ok,123970.66488242162,363526.4197398005,3.743356247109663,3.0181916508164273,0.0,4,2,inf,0.9381582990390402,3.606643752890337,10.560083350941381,1.5,,,,,,
unseen,IMC_PID/A_original3,regulatory_off_anchor,acid_plus15,5.0,5.0,109.59723737472511,105.0,ok,159050.47289400408,591144.7697620889,4.261284441360845,2.3661730681024222,0.0,4,2,inf,4.081207660301565,3.088715558639155,10.163835738857792,,1.15,,,,,
unseen,IMC_PID/A_original3,regulatory_off_anchor,acid_minus15,5.0,5.0,109.59723737472511,105.0,ok,123170.89724275848,388151.9745040644,3.80559274242371,3.212930058521188,0.0,4,3,inf,2.90532328538141,3.5444072575762897,10.653956277803305,,0.85,,,,,
unseen,IMC_PID/A_original3,regulatory_off_anchor,base_minus15,5.0,5.0,109.59723737472511,105.0,ok,158427.65011763552,590469.4542928106,4.257878761794064,2.0660127142721274,0.0,4,2,inf,4.103813949622253,3.092121238205936,9.924873359403692,,,0.85,,,,
unseen,IMC_PID/A_original3,regulatory_off_anchor,base_plus15,5.0,5.0,109.59723737472511,105.0,ok,124767.74068457104,390307.4849867029,3.844461851562947,3.723439237509673,0.0,4,4,inf,2.951283618890441,3.5055381484370525,10.632053261719564,,,1.15,,,,
unseen,IMC_PID/A_original3,regulatory_off_anchor,Kw_half,5.0,5.0,109.59723737472511,105.0,ok,116878.27888270249,340612.52967695694,3.7116467277802228,4.346783100179313,0.0,4,4,inf,0.738313399979214,3.638353272219777,10.83984997180782,,,,0.5,,,
unseen,IMC_PID/A_original3,regulatory_off_anchor,Kw_double,5.0,5.0,109.59723737472511,105.0,ok,106818.30585142736,337850.3569763174,3.7402640829642393,1.9239851294427117,0.0,4,0,14670.0,4.106765508193888e-05,3.6097359170357604,10.277898708748259,,,,2.0,,,
unseen,IMC_PID/A_original3,regulatory_off_anchor,volume_plus20,5.0,5.0,109.59723737472511,105.0,ok,113431.89333779081,361198.5170530848,3.72710717834167,2.1626012222843762,0.0,4,0,15320.0,8.850298161267034e-05,3.6228928216583296,10.536255315029107,,,,,1.2,,
unseen,IMC_PID/A_original3,regulatory_off_anchor,volume_minus20,5.0,5.0,109.59723737472511,105.0,ok,105922.4809461661,327268.08843785955,3.7546676621842403,2.879267366470181,0.0,4,3,inf,0.1958849712082884,3.5953323378157593,10.596279086504504,,,,,0.8,,
unseen,IMC_PID/A_original3,regulatory_off_anchor,noise_0.01_seed104729,5.0,5.0,109.59723737472511,105.0,ok,108258.24708348472,342987.31708709965,3.7388000633695153,30.763818684434852,0.0,4,1,inf,0.08314417796332929,3.6111999366304843,10.563034201643923,,,,,,0.01,104729.0
unseen,IMC_PID/A_original3,regulatory_off_anchor,noise_0.01_seed130363,5.0,5.0,109.59723737472511,105.0,ok,108374.33599613333,344197.3104441384,3.7403288511478063,30.972880453022583,0.0,4,2,inf,0.0666805926841203,3.6096711488521933,10.56360775056583,,,,,,0.01,130363.0
unseen,IMC_PID/A_original3,regulatory_off_anchor,noise_0.01_seed155921,5.0,5.0,109.59723737472511,105.0,ok,108330.63944407462,343439.4712487306,3.7396289878765865,30.723868085954784,0.0,4,2,inf,0.09440099750942288,3.610371012123413,10.563824547305016,,,,,,0.01,155921.0
unseen,IMC_PID/A_original3,regulatory_off_anchor,noise_0.01_seed196613,5.0,5.0,109.59723737472511,105.0,ok,108219.17417750738,342651.2950695902,3.7370836394248568,29.99576235238126,0.0,4,3,inf,0.10484624577450052,3.612916360575143,10.562821477961377,,,,,,0.01,196613.0
unseen,IMC_PID/A_original3,regulatory_off_anchor,noise_0.01_seed262147,5.0,5.0,109.59723737472511,105.0,ok,108380.3271846712,343471.4038901267,3.7413541602917877,31.414163633327405,0.0,4,1,inf,0.1047270881105673,3.608645839708212,10.563599180255672,,,,,,0.01,262147.0
unseen,IMC_PID/A_original3,regulatory_off_anchor,noise_0.05_seed104729,5.0,5.0,109.59723737472511,105.0,ok,108535.27087802497,341637.8570680857,3.7356475129037054,150.70999922283562,0.0,4,3,inf,0.15329028625414143,3.614352487096294,10.560992410179214,,,,,,0.05,104729.0
unseen,IMC_PID/A_original3,regulatory_off_anchor,noise_0.05_seed130363,5.0,5.0,109.59723737472511,105.0,ok,109174.01155927367,344950.00192032824,3.740033384344273,152.32612262441583,0.0,4,2,inf,0.12665662035219238,3.609966615655727,10.562912206215806,,,,,,0.05,130363.0
unseen,IMC_PID/A_original3,regulatory_off_anchor,noise_0.05_seed155921,5.0,5.0,109.59723737472511,105.0,ok,109134.96085366787,344031.26378643315,3.737731645956444,150.63065209162863,0.0,4,2,inf,0.10271729881069369,3.6122683540435556,10.564746979419406,,,,,,0.05,155921.0
unseen,IMC_PID/A_original3,regulatory_off_anchor,noise_0.05_seed196613,5.0,5.0,109.59723737472511,105.0,ok,109047.45180606718,342959.2977708881,3.7370394452959665,147.14556508340664,0.0,4,3,inf,0.1805444478827365,3.612960554704033,10.563275076875382,,,,,,0.05,196613.0
unseen,IMC_PID/A_original3,regulatory_off_anchor,noise_0.05_seed262147,5.0,5.0,109.59723737472511,105.0,ok,108332.61789722159,341119.1040056022,3.7414081223344575,153.64704881417143,0.0,4,4,inf,0.19550288473029553,3.608591877665542,10.562388676001587,,,,,,0.05,262147.0
unseen,IMC_PID/A_original3,regulatory_off_anchor,combined_seed104729,5.0,5.0,164.39585606208766,160.0,ok,224878.4193614978,885414.5257671692,4.54218662720689,255.69318342925297,0.0,4,4,inf,4.460090250674062,2.807813372793109,7.866112185921533,1.5,1.15,0.85,2.0,1.2,0.05,104729.0
unseen,IMC_PID/A_original3,regulatory_off_anchor,combined_seed130363,5.0,5.0,164.39585606208766,160.0,ok,225232.08411641026,886384.6736896207,4.542041416708233,256.5016729837033,0.0,4,3,inf,4.460001240434503,2.807958583291767,7.818820704301301,1.5,1.15,0.85,2.0,1.2,0.05,130363.0
unseen,IMC_PID/A_original3,regulatory_off_anchor,combined_seed155921,5.0,5.0,164.39585606208766,160.0,ok,225654.26501468808,888087.8007882976,4.541931764410786,255.40318653417114,0.0,4,3,inf,4.459822570317839,2.8080682355892135,7.809943253051328,1.5,1.15,0.85,2.0,1.2,0.05,155921.0
unseen,IMC_PID/A_original3,regulatory_off_anchor,combined_seed196613,5.0,5.0,164.39585606208766,160.0,ok,225556.27653651452,888238.0551508963,4.542957996441478,252.440489018407,0.0,4,4,inf,4.4610848186286,2.8070420035585215,7.808358621328549,1.5,1.15,0.85,2.0,1.2,0.05,196613.0
unseen,IMC_PID/A_original3,regulatory_off_anchor,combined_seed262147,5.0,5.0,164.39585606208766,160.0,ok,225597.371627362,887311.5063710199,4.541931544785172,259.06141356473836,0.0,4,3,inf,4.459799058017735,2.808068455214828,7.829845121387341,1.5,1.15,0.85,2.0,1.2,0.05,262147.0
unseen,IMC_PID/B_analytic3,reverse_off_anchor,nominal,5.0,5.0,109.59723737472511,105.0,ok,6888.660698737898,6146.058920643964,1.9499999999814612,0.0317055070544372,0.0,4,0,4585.0,1.2675759917257778e-06,5.399992641530535,8.7,,,,,,,
unseen,IMC_PID/B_analytic3,reverse_off_anchor,delay_minus30,5.0,5.0,76.71806616230758,75.0,ok,6506.085083985149,5571.472668768215,1.94999999997333,0.030363780443798838,0.0,4,0,4490.0,1.3288899136654209e-06,5.399995627565262,8.7,0.7,,,,,,
unseen,IMC_PID/B_analytic3,reverse_off_anchor,delay_plus50,5.0,5.0,164.39585606208766,160.0,ok,7917.632358429802,7558.919312974181,1.9500000000188251,0.03442433764604047,0.0,4,0,5060.0,9.327353209798162e-07,5.399982876136986,8.7,1.5,,,,,,
unseen,IMC_PID/B_analytic3,reverse_off_anchor,acid_plus15,5.0,5.0,109.59723737472511,105.0,ok,73899.06591286618,298026.7964170787,5.455770099426134,0.8861803288923342,0.0,4,1,inf,5.295454502716288,3.2442299005738655,8.713056241299409,,1.15,,,,,
unseen,IMC_PID/B_analytic3,reverse_off_anchor,acid_minus15,5.0,5.0,109.59723737472511,105.0,ok,108812.92657263824,372539.6798898046,4.994511400158162,0.8277555875126374,0.0,4,2,inf,3.0447183897418064,4.777279013045391,10.842529906270125,,0.85,,,,,
unseen,IMC_PID/B_analytic3,reverse_off_anchor,base_minus15,5.0,5.0,109.59723737472511,105.0,ok,84810.78485756122,338519.9407561537,5.468202240967141,1.014416703434871,0.0,4,2,inf,5.345502833052039,3.231797759032858,8.7,,,0.85,,,,
unseen,IMC_PID/B_analytic3,reverse_off_anchor,base_plus15,5.0,5.0,109.59723737472511,105.0,ok,95697.94479490421,307992.0734455717,4.842071437075846,0.7315726057279308,0.0,4,2,inf,2.8923974259647895,4.736518941666188,10.838644790979583,,,1.15,,,,
unseen,IMC_PID/B_analytic3,reverse_off_anchor,Kw_half,5.0,5.0,109.59723737472511,105.0,ok,6051.452002720554,5117.69643959094,1.9499999999706201,0.03291983089104633,0.0,4,0,4380.0,0.009932851089780925,5.3999926929589375,8.871354997461246,,,,0.5,,,
unseen,IMC_PID/B_analytic3,reverse_off_anchor,Kw_double,5.0,5.0,109.59723737472511,105.0,ok,8052.868428125121,6287.7288851766025,1.9500000261530657,0.03774257531875591,0.0,4,1,inf,0.05348559585295121,5.3999925539282385,8.7,,,,2.0,,,
unseen,IMC_PID/B_analytic3,reverse_off_anchor,volume_plus20,5.0,5.0,109.59723737472511,105.0,ok,8845.529274859213,8339.420944071824,1.9500000002176163,0.03418747477469175,0.0,4,0,5525.0,3.3616277050896315e-06,5.399205827798995,8.7,,,,,1.2,,
unseen,IMC_PID/B_analytic3,reverse_off_anchor,volume_minus20,5.0,5.0,109.59723737472511,105.0,ok,5391.067578345182,4597.2889578365375,1.9499999999719648,0.029324055214098976,0.0,4,0,4450.0,9.80994594002027e-06,5.400009176213684,8.7,,,,,0.8,,
unseen,IMC_PID/B_analytic3,reverse_off_anchor,noise_0.01_seed104729,5.0,5.0,109.59723737472511,105.0,ok,6902.825781904088,6128.055977651524,1.9514444292710262,4.899425418199514,0.0,4,0,4575.0,0.0016121309756833568,5.3984892239862,8.700002656216142,,,,,,0.01,104729.0
unseen,IMC_PID/B_analytic3,reverse_off_anchor,noise_0.01_seed130363,5.0,5.0,109.59723737472511,105.0,ok,6914.223030242039,6131.960504110788,1.9519480370324604,4.953733759965947,0.0,4,0,4590.0,0.001018956950916028,5.3969995660429815,8.700031635560647,,,,,,0.01,130363.0
unseen,IMC_PID/B_analytic3,reverse_off_anchor,noise_0.01_seed155921,5.0,5.0,109.59723737472511,105.0,ok,6922.15011885512,6154.772718961657,1.9532971006241366,4.852155378582817,0.0,4,0,4585.0,0.0018172671201766022,5.395666090609976,8.700389983333631,,,,,,0.01,155921.0
unseen,IMC_PID/B_analytic3,reverse_off_anchor,noise_0.01_seed196613,5.0,5.0,109.59723737472511,105.0,ok,6881.629578586737,6103.139299671888,1.9499949425378222,4.911528789238842,0.0,4,0,4550.0,0.0013366277020994133,5.396452442143171,8.700000332828052,,,,,,0.01,196613.0
unseen,IMC_PID/B_analytic3,reverse_off_anchor,noise_0.01_seed262147,5.0,5.0,109.59723737472511,105.0,ok,6918.633403377824,6140.654810435725,1.9520069442681391,4.835258091204726,0.0,4,0,4575.0,0.002433760773024929,5.398385673358095,8.70040638980797,,,,,,0.01,262147.0
unseen,IMC_PID/B_analytic3,reverse_off_anchor,noise_0.05_seed104729,5.0,5.0,109.59723737472511,105.0,ok,7364.0667777820145,6075.171779307348,1.9544451669453542,24.029823616850155,0.0,4,0,5425.0,0.024901707176269383,5.36836797383107,8.700013173968413,,,,,,0.05,104729.0
unseen,IMC_PID/B_analytic3,reverse_off_anchor,noise_0.05_seed130363,5.0,5.0,109.59723737472511,105.0,ok,7521.52416264154,6151.779848835212,1.9513918718138186,24.127360022639404,0.0,4,0,16845.0,0.02452527539565441,5.346211126544535,8.70012877013527,,,,,,0.05,130363.0
unseen,IMC_PID/B_analytic3,reverse_off_anchor,noise_0.05_seed155921,5.0,5.0,109.59723737472511,105.0,ok,7775.349814609694,6463.834880036573,1.9655256915558716,25.76387372733125,0.0,4,0,17720.0,0.03662392932619252,5.315663392831741,8.701385782251045,,,,,,0.05,155921.0
unseen,IMC_PID/B_analytic3,reverse_off_anchor,noise_0.05_seed196613,5.0,5.0,109.59723737472511,105.0,ok,6979.272164727705,5652.044631405815,1.9477373235706494,25.096862588501708,0.0,4,0,17990.0,0.04666781197097425,5.33250194408896,8.700001573590313,,,,,,0.05,196613.0
unseen,IMC_PID/B_analytic3,reverse_off_anchor,noise_0.05_seed262147,5.0,5.0,109.59723737472511,105.0,ok,7233.332468872154,5907.841196281207,1.9523159567716029,23.624195610863474,0.0,4,0,17560.0,0.03458718444671405,5.366181651597175,8.701892742264524,,,,,,0.05,262147.0
unseen,IMC_PID/B_analytic3,reverse_off_anchor,combined_seed104729,5.0,5.0,164.39585606208766,160.0,ok,154407.97664435915,589142.1914651399,5.797895900251806,321.045991493179,0.0,4,3,inf,5.762916517669916,2.9021040997481937,8.7,1.5,1.15,0.85,2.0,1.2,0.05,104729.0
unseen,IMC_PID/B_analytic3,reverse_off_anchor,combined_seed130363,5.0,5.0,164.39585606208766,160.0,ok,154832.10605838487,589183.0027848228,5.797805639877312,321.71064008001895,0.0,4,3,inf,5.7628505039486315,2.9021943601226874,8.7,1.5,1.15,0.85,2.0,1.2,0.05,130363.0
unseen,IMC_PID/B_analytic3,reverse_off_anchor,combined_seed155921,5.0,5.0,164.39585606208766,160.0,ok,153871.39976557723,588248.3142903533,5.797895240887652,319.6308649586664,0.0,4,3,inf,5.762883320623511,2.902104759112348,8.7,1.5,1.15,0.85,2.0,1.2,0.05,155921.0
unseen,IMC_PID/B_analytic3,reverse_off_anchor,combined_seed196613,5.0,5.0,164.39585606208766,160.0,ok,154011.16514233907,588715.8456393179,5.797764676564723,317.9332031778548,0.0,4,3,inf,5.762775839661646,2.902235323435276,8.7,1.5,1.15,0.85,2.0,1.2,0.05,196613.0
unseen,IMC_PID/B_analytic3,reverse_off_anchor,combined_seed262147,5.0,5.0,164.39585606208766,160.0,ok,154609.3542377722,589272.2130134592,5.797892932761236,322.11362228335776,0.0,4,3,inf,5.762897719018915,2.902107067238763,8.7,1.5,1.15,0.85,2.0,1.2,0.05,262147.0
unseen,IMC_PID/B_analytic3,cross_equivalence,nominal,5.0,5.0,109.59723737472511,105.0,ok,95849.89465653438,287402.7306494607,4.302756367132096,0.8882406872687882,0.0,7,4,inf,3.2728016615355005,3.7648999208796705,10.366848859257244,,,,,,,
unseen,IMC_PID/B_analytic3,cross_equivalence,delay_minus30,5.0,5.0,76.71806616230758,75.0,ok,95308.51276655188,285859.21665491344,4.296891613967929,0.8809579060962252,0.0,7,4,inf,3.270373263988822,3.7667234858474794,10.365545533202095,0.7,,,,,,
unseen,IMC_PID/B_analytic3,cross_equivalence,delay_plus50,5.0,5.0,164.39585606208766,160.0,ok,97022.50245744464,290572.52004524716,4.313264525507879,0.9025003894821095,0.0,7,4,inf,3.277238529210716,3.7615545266243826,10.369222936620115,1.5,,,,,,
unseen,IMC_PID/B_analytic3,cross_equivalence,acid_plus15,5.0,5.0,109.59723737472511,105.0,ok,157266.35439083306,556621.4811512177,5.169412140335108,1.7239350703042469,0.0,7,6,inf,4.113765462315729,3.1810117893916177,10.409825798828063,,1.15,,,,,
unseen,IMC_PID/B_analytic3,cross_equivalence,acid_minus15,5.0,5.0,109.59723737472511,105.0,ok,140118.17476345945,460835.9940570359,5.487042466115804,1.3061451084890416,0.0,7,5,inf,5.375603382149976,3.8275305056607474,10.737042466115804,,0.85,,,,,
unseen,IMC_PID/B_analytic3,cross_equivalence,base_minus15,5.0,5.0,109.59723737472511,105.0,ok,168293.8526558929,610909.6960826153,5.185321082453153,1.858616383038492,0.0,7,6,inf,4.537060285114398,3.175015733152644,10.347181948218392,,,0.85,,,,
unseen,IMC_PID/B_analytic3,cross_equivalence,base_plus15,5.0,5.0,109.59723737472511,105.0,ok,131502.76723673544,449129.30672262626,5.466510978679409,1.2281524659576455,0.0,7,5,inf,5.318939402117007,3.7604629328188106,10.716510978679409,,,1.15,,,,
unseen,IMC_PID/B_analytic3,cross_equivalence,Kw_half,5.0,5.0,109.59723737472511,105.0,ok,97744.4524554898,304066.55975172954,4.30689525592906,0.933665503231329,0.0,7,4,inf,3.515443100289379,3.7661206409003913,10.661381185559346,,,,0.5,,,
unseen,IMC_PID/B_analytic3,cross_equivalence,Kw_double,5.0,5.0,109.59723737472511,105.0,ok,92670.30481475373,269663.45244711346,4.2935843206074145,0.8573141911384567,0.0,7,4,inf,3.0235756785312455,3.750983261429672,10.072666027631461,,,,2.0,,,
unseen,IMC_PID/B_analytic3,cross_equivalence,volume_plus20,5.0,5.0,109.59723737472511,105.0,ok,99490.45433554854,295068.82446020877,4.2746295948957185,0.9235777330036532,0.0,7,4,inf,3.2916597816207807,3.795170312119653,10.352920103028957,,,,,1.2,,
unseen,IMC_PID/B_analytic3,cross_equivalence,volume_minus20,5.0,5.0,109.59723737472511,105.0,ok,92539.41702960164,279392.27849904157,4.334835441665968,0.8636904483414494,0.0,7,4,inf,3.2528157463175367,3.7413052934827213,10.381912209533493,,,,,0.8,,
unseen,IMC_PID/B_analytic3,cross_equivalence,noise_0.01_seed104729,5.0,5.0,109.59723737472511,105.0,ok,95836.94123353079,287316.39365152206,4.302743703897524,18.330760904359437,0.0,7,4,inf,3.2728487680112517,3.764955617406994,10.366867671698966,,,,,,0.01,104729.0
unseen,IMC_PID/B_analytic3,cross_equivalence,noise_0.01_seed130363,5.0,5.0,109.59723737472511,105.0,ok,95861.0813788512,287380.8130154242,4.3029000389294625,17.845411354244437,0.0,7,4,inf,3.272768132761544,3.7647031609761274,10.366853680809692,,,,,,0.01,130363.0
unseen,IMC_PID/B_analytic3,cross_equivalence,noise_0.01_seed155921,5.0,5.0,109.59723737472511,105.0,ok,95839.44641840446,287319.9852032093,4.302602780248931,17.914849145575843,0.0,7,4,inf,3.2727717570310295,3.764871398069045,10.366833301176987,,,,,,0.01,155921.0
unseen,IMC_PID/B_analytic3,cross_equivalence,noise_0.01_seed196613,5.0,5.0,109.59723737472511,105.0,ok,95860.02255960017,287368.54397849477,4.302584536247269,17.53495474427597,0.0,7,4,inf,3.272803079511351,3.7647141114684706,10.366830300584294,,,,,,0.01,196613.0
unseen,IMC_PID/B_analytic3,cross_equivalence,noise_0.01_seed262147,5.0,5.0,109.59723737472511,105.0,ok,95850.67963130226,287414.6016359239,4.303087715592338,18.132801761913107,0.0,7,4,inf,3.272795838910473,3.7648987867878843,10.366830497026218,,,,,,0.01,262147.0
unseen,IMC_PID/B_analytic3,cross_equivalence,noise_0.05_seed104729,5.0,5.0,109.59723737472511,105.0,ok,95856.18584062957,286521.1108283768,4.304993894306202,90.95156388640207,0.0,7,4,inf,3.2730993946904077,3.7663024451093863,10.366979350923833,,,,,,0.05,104729.0
unseen,IMC_PID/B_analytic3,cross_equivalence,noise_0.05_seed130363,5.0,5.0,109.59723737472511,105.0,ok,95922.18214669122,286530.704282369,4.300580239558105,88.50396463111379,0.0,7,5,inf,3.2726829665673103,3.7645523325785604,10.366895990442295,,,,,,0.05,130363.0
unseen,IMC_PID/B_analytic3,cross_equivalence,noise_0.05_seed155921,5.0,5.0,109.59723737472511,105.0,ok,95598.36649421792,285773.5832853444,4.30055234295219,88.16189579481153,0.0,7,4,inf,3.2726113038375155,3.7668271585594217,10.366751660164603,,,,,,0.05,155921.0
unseen,IMC_PID/B_analytic3,cross_equivalence,noise_0.05_seed196613,5.0,5.0,109.59723737472511,105.0,ok,95958.9638834511,286995.85781982733,4.30059678138879,87.17364349523541,0.0,7,4,inf,3.2727866126856826,3.7630627410661868,10.36674595175967,,,,,,0.05,196613.0
unseen,IMC_PID/B_analytic3,cross_equivalence,noise_0.05_seed262147,5.0,5.0,109.59723737472511,105.0,ok,96182.22137819628,287628.9176961162,4.305369452328699,90.28956338570524,0.0,7,5,inf,3.2727986038328423,3.765916283455208,10.366771253782728,,,,,,0.05,262147.0
unseen,IMC_PID/B_analytic3,cross_equivalence,combined_seed104729,5.0,5.0,164.39585606208766,160.0,ok,199166.02999503282,796226.3777215024,5.523880951401315,319.2076757252016,0.0,7,6,inf,5.293316991874052,2.8629943002689515,9.606635873451255,1.5,1.15,0.85,2.0,1.2,0.05,104729.0
unseen,IMC_PID/B_analytic3,cross_equivalence,combined_seed130363,5.0,5.0,164.39585606208766,160.0,ok,198850.99595231295,796073.1510490216,5.52404879691441,316.8793667068053,0.0,7,6,inf,5.293730402002957,2.8627507952844917,9.604868501300409,1.5,1.15,0.85,2.0,1.2,0.05,130363.0
unseen,IMC_PID/B_analytic3,cross_equivalence,combined_seed155921,5.0,5.0,164.39585606208766,160.0,ok,199102.23192107162,796249.9467331334,5.523946224166231,317.1481218943912,0.0,7,6,inf,5.293524593855526,2.8629213002534497,9.605985803819136,1.5,1.15,0.85,2.0,1.2,0.05,155921.0
unseen,IMC_PID/B_analytic3,cross_equivalence,combined_seed196613,5.0,5.0,164.39585606208766,160.0,ok,199229.0302957393,796655.3065543912,5.523481468851336,310.69970756654254,0.0,7,6,inf,5.292604497285289,2.8633510117849226,9.611579313431895,1.5,1.15,0.85,2.0,1.2,0.05,196613.0
unseen,IMC_PID/B_analytic3,cross_equivalence,combined_seed262147,5.0,5.0,164.39585606208766,160.0,ok,198946.15845687757,796217.0113016674,5.52395197254736,317.7634406409927,0.0,7,6,inf,5.293566291138893,2.8628642998488627,9.606966929246608,1.5,1.15,0.85,2.0,1.2,0.05,262147.0
unseen,IMC_PID/B_analytic3,regulatory_off_anchor,nominal,5.0,5.0,109.59723737472511,105.0,ok,114270.25961440093,350189.7789050019,3.749561080766845,1.0373723001376804,0.0,4,1,inf,3.0205261547075644,3.6004389192331545,10.742786842854017,,,,,,,
unseen,IMC_PID/B_analytic3,regulatory_off_anchor,delay_minus30,5.0,5.0,76.71806616230758,75.0,ok,113349.25720224899,348481.70042218186,3.747445757006351,1.0308989286216947,0.0,4,1,inf,3.0194406955557582,3.602554242993649,10.74226107421147,0.7,,,,,,
unseen,IMC_PID/B_analytic3,regulatory_off_anchor,delay_plus50,5.0,5.0,164.39585606208766,160.0,ok,116707.88555990395,354531.30639768695,3.75338626716974,1.042643616608503,0.0,4,1,inf,3.022513622843496,3.5966137328302596,10.743748025304821,1.5,,,,,,
unseen,IMC_PID/B_analytic3,regulatory_off_anchor,acid_plus15,5.0,5.0,109.59723737472511,105.0,ok,176864.363683908,618557.8150931781,4.207067863109408,2.4030498088786088,0.0,4,3,inf,4.034186720464479,3.1429321368905914,10.611675517171605,,1.15,,,,,
unseen,IMC_PID/B_analytic3,regulatory_off_anchor,acid_minus15,5.0,5.0,109.59723737472511,105.0,ok,144967.02981914632,426737.7276526969,3.473828060744932,1.1471504933450802,0.0,4,3,inf,3.4474375411024116,4.06533700595832,10.823828060744932,,0.85,,,,,
unseen,IMC_PID/B_analytic3,regulatory_off_anchor,base_minus15,5.0,5.0,109.59723737472511,105.0,ok,178999.24736244173,624826.1868355806,4.210816824624626,2.345348548081037,0.0,4,3,inf,4.065473920260369,3.139183175375374,10.459589816397928,,,0.85,,,,
unseen,IMC_PID/B_analytic3,regulatory_off_anchor,base_plus15,5.0,5.0,109.59723737472511,105.0,ok,132743.86352880002,395078.75948612776,3.467691275579112,1.067405722757087,0.0,4,2,inf,3.433814480895853,4.003084908050575,10.817691275579111,,,1.15,,,,
unseen,IMC_PID/B_analytic3,regulatory_off_anchor,Kw_half,5.0,5.0,109.59723737472511,105.0,ok,123845.66646279207,397722.318617783,3.7497216918951857,1.130892938691888,0.0,4,1,inf,3.2505110660634156,3.600278308104814,11.039876203629934,,,,0.5,,,
unseen,IMC_PID/B_analytic3,regulatory_off_anchor,Kw_double,5.0,5.0,109.59723737472511,105.0,ok,105277.03918160514,306203.07840912783,3.749241002382738,0.9448370956741181,0.0,4,1,inf,2.7806856570078065,3.6007589976172616,10.445892287756473,,,,2.0,,,
unseen,IMC_PID/B_analytic3,regulatory_off_anchor,volume_plus20,5.0,5.0,109.59723737472511,105.0,ok,123105.08548940618,365346.34534240904,3.731045329345298,1.0696837986015097,0.0,4,1,inf,3.0294219881488083,3.6189546706547016,10.734980717149535,,,,,1.2,,
unseen,IMC_PID/B_analytic3,regulatory_off_anchor,volume_minus20,5.0,5.0,109.59723737472511,105.0,ok,108800.11708088336,341003.66745235864,3.769941221694368,1.0074949895377845,0.0,4,1,inf,3.011539233106168,3.5800587783056317,10.75108445775975,,,,,0.8,,
unseen,IMC_PID/B_analytic3,regulatory_off_anchor,noise_0.01_seed104729,5.0,5.0,109.59723737472511,105.0,ok,114313.35579648131,350255.4384086915,3.749713885541402,17.71993780421744,0.0,4,1,inf,3.020493838428683,3.600286114458598,10.742776116804015,,,,,,0.01,104729.0
unseen,IMC_PID/B_analytic3,regulatory_off_anchor,noise_0.01_seed130363,5.0,5.0,109.59723737472511,105.0,ok,114289.33935568389,350202.98238623876,3.7496787270149614,17.648480939363914,0.0,4,1,inf,3.020557823150808,3.6003212729850382,10.742795171555167,,,,,,0.01,130363.0
unseen,IMC_PID/B_analytic3,regulatory_off_anchor,noise_0.01_seed155921,5.0,5.0,109.59723737472511,105.0,ok,114278.5411871085,350211.14283397316,3.7497164697932526,17.727484900185146,0.0,4,1,inf,3.0204875021984545,3.600283530206747,10.742787210082026,,,,,,0.01,155921.0
unseen,IMC_PID/B_analytic3,regulatory_off_anchor,noise_0.01_seed196613,5.0,5.0,109.59723737472511,105.0,ok,114317.23282188302,350261.3328177689,3.749723722529287,17.12146169954822,0.0,4,1,inf,3.020483578856634,3.6002762774707127,10.742782883465917,,,,,,0.01,196613.0
unseen,IMC_PID/B_analytic3,regulatory_off_anchor,noise_0.01_seed262147,5.0,5.0,109.59723737472511,105.0,ok,114280.28487485863,350190.97369461146,3.749595161232393,18.047573226470874,0.0,4,1,inf,3.0205852860047386,3.6004048387676066,10.742793103705582,,,,,,0.01,262147.0
unseen,IMC_PID/B_analytic3,regulatory_off_anchor,noise_0.05_seed104729,5.0,5.0,109.59723737472511,105.0,ok,114741.13292248805,351229.0801996762,3.75133898177202,88.477373659884,0.0,4,1,inf,3.0203784495498507,3.5986610182279795,10.742739135137382,,,,,,0.05,104729.0
unseen,IMC_PID/B_analytic3,regulatory_off_anchor,noise_0.05_seed130363,5.0,5.0,109.59723737472511,105.0,ok,114427.46630205019,349998.8537778617,3.7505269102181575,87.18079925904136,0.0,4,1,inf,3.020700962331933,3.599473089781842,10.742835412154498,,,,,,0.05,130363.0
unseen,IMC_PID/B_analytic3,regulatory_off_anchor,noise_0.05_seed155921,5.0,5.0,109.59723737472511,105.0,ok,114221.68209015661,350236.5350200359,3.750064303722293,88.20648585503135,0.0,4,1,inf,3.0203414138939486,3.5999356962777065,10.74279520000214,,,,,,0.05,155921.0
unseen,IMC_PID/B_analytic3,regulatory_off_anchor,noise_0.05_seed196613,5.0,5.0,109.59723737472511,105.0,ok,114397.83437861787,351035.86452510755,3.750965410393326,85.81574323263283,0.0,4,1,inf,3.0203055017539135,3.5990345896066738,10.742763669339482,,,,,,0.05,196613.0
unseen,IMC_PID/B_analytic3,regulatory_off_anchor,noise_0.05_seed262147,5.0,5.0,109.59723737472511,105.0,ok,114579.01165439528,350386.8730792746,3.749616895413998,89.47480687759662,0.0,4,1,inf,3.020829074128823,3.6003831045860015,10.742824006136852,,,,,,0.05,262147.0
unseen,IMC_PID/B_analytic3,regulatory_off_anchor,combined_seed104729,5.0,5.0,164.39585606208766,160.0,ok,169806.3890133163,647590.3761685307,4.5141640754131735,265.1228041649174,0.0,4,3,inf,4.442115292307105,2.835835924586826,8.99072874637056,1.5,1.15,0.85,2.0,1.2,0.05,104729.0
unseen,IMC_PID/B_analytic3,regulatory_off_anchor,combined_seed130363,5.0,5.0,164.39585606208766,160.0,ok,169761.7554587192,647777.5980306861,4.51404996918879,267.0116783080445,0.0,4,3,inf,4.442111170160903,2.8359500308112096,8.98316533013262,1.5,1.15,0.85,2.0,1.2,0.05,130363.0
unseen,IMC_PID/B_analytic3,regulatory_off_anchor,combined_seed155921,5.0,5.0,164.39585606208766,160.0,ok,169414.04256313026,646818.8128460441,4.51398995990416,266.907084299021,0.0,4,2,inf,4.441938115502508,2.836010040095839,8.997391293660337,1.5,1.15,0.85,2.0,1.2,0.05,155921.0
unseen,IMC_PID/B_analytic3,regulatory_off_anchor,combined_seed196613,5.0,5.0,164.39585606208766,160.0,ok,169785.5256855332,647721.1733872187,4.513983179847366,261.5899909047681,0.0,4,3,inf,4.442015357123276,2.8360168201526337,9.00076567538433,1.5,1.15,0.85,2.0,1.2,0.05,196613.0
unseen,IMC_PID/B_analytic3,regulatory_off_anchor,combined_seed262147,5.0,5.0,164.39585606208766,160.0,ok,169734.3112189947,647427.3781865304,4.514076037671307,272.76847732433504,0.0,4,3,inf,4.442032691023359,2.835923962328692,8.99279733410838,1.5,1.15,0.85,2.0,1.2,0.05,262147.0
unseen,IMC_PID/C_add7,reverse_off_anchor,nominal,5.0,5.0,109.59723737472511,105.0,ok,13974.240465857629,12870.279284127555,1.949998463310294,0.02976269313589075,0.0,4,0,10385.0,0.0002191571311787044,5.3999932635888745,8.7,,,,,,,
unseen,IMC_PID/C_add7,reverse_off_anchor,delay_minus30,5.0,5.0,76.71806616230758,75.0,ok,14104.319901616542,12836.935114000851,1.9500008392535806,0.028590278069205333,0.0,4,0,10200.0,4.3866164814332365e-05,5.399995935326156,8.7,0.7,,,,,,
unseen,IMC_PID/C_add7,reverse_off_anchor,delay_plus50,5.0,5.0,164.39585606208766,160.0,ok,14057.808315699493,13286.98986938965,1.9500014530453935,0.03247898003422112,0.0,4,0,10645.0,0.0006559948906117441,5.39998503307989,8.7,1.5,,,,,,
unseen,IMC_PID/C_add7,reverse_off_anchor,acid_plus15,5.0,5.0,109.59723737472511,105.0,ok,85377.04439828331,309375.03858652106,5.455531909471142,0.8757212125172957,0.0,4,2,inf,5.295096242442092,3.2444680905288577,8.752368691387527,,1.15,,,,,
unseen,IMC_PID/C_add7,reverse_off_anchor,acid_minus15,5.0,5.0,109.59723737472511,105.0,ok,112050.63959956524,375046.30424958037,4.994758544885194,0.827351074112352,0.0,4,2,inf,3.044965426351107,4.761859351694308,10.842620336566526,,0.85,,,,,
unseen,IMC_PID/C_add7,reverse_off_anchor,base_minus15,5.0,5.0,109.59723737472511,105.0,ok,89968.42689067137,342380.6325831207,5.467999832743873,1.0029382947860128,0.0,4,2,inf,5.345224744678609,3.2320001672561265,8.7,,,0.85,,,,
unseen,IMC_PID/C_add7,reverse_off_anchor,base_plus15,5.0,5.0,109.59723737472511,105.0,ok,98809.19173136419,310523.014738698,4.842459942119442,0.7310148350787502,0.0,4,2,inf,2.892785669962578,4.721135857952109,10.838750291926427,,,1.15,,,,
unseen,IMC_PID/C_add7,reverse_off_anchor,Kw_half,5.0,5.0,109.59723737472511,105.0,ok,14322.545127976337,13031.314018286983,1.9500000262349975,0.03125550635385288,0.0,4,0,9895.0,0.01091619195704574,5.399993232441671,8.873545369791405,,,,0.5,,,
unseen,IMC_PID/C_add7,reverse_off_anchor,Kw_double,5.0,5.0,109.59723737472511,105.0,ok,16546.21148489096,13705.805172749495,1.9500383972043158,0.03519652051073674,0.0,4,1,inf,0.06328502999149066,5.3999933261998185,8.7,,,,2.0,,,
unseen,IMC_PID/C_add7,reverse_off_anchor,volume_plus20,5.0,5.0,109.59723737472511,105.0,ok,14884.372166753852,13887.4236919604,1.9499970240591447,0.032924459307433374,0.0,4,0,10950.0,0.003376432597955059,5.399328173237466,8.7,,,,,1.2,,
unseen,IMC_PID/C_add7,reverse_off_anchor,volume_minus20,5.0,5.0,109.59723737472511,105.0,ok,12957.851343812763,11280.678509516805,1.950000302475499,0.027199656161329244,0.0,4,0,9570.0,0.0007948148491339069,5.400041868039906,8.7,,,,,0.8,,
unseen,IMC_PID/C_add7,reverse_off_anchor,noise_0.01_seed104729,5.0,5.0,109.59723737472511,105.0,ok,13952.642965523099,12839.47052829154,1.9504527885549976,3.8087568126106452,0.0,4,0,10375.0,0.00162310619791306,5.399407865171897,8.700002482495933,,,,,,0.01,104729.0
unseen,IMC_PID/C_add7,reverse_off_anchor,noise_0.01_seed130363,5.0,5.0,109.59723737472511,105.0,ok,13995.645204258726,12855.263307908084,1.9490421323424671,3.8609786995562967,0.0,4,0,10380.0,0.0015553826762557676,5.396995539412371,8.700024170404745,,,,,,0.01,130363.0
unseen,IMC_PID/C_add7,reverse_off_anchor,noise_0.01_seed155921,5.0,5.0,109.59723737472511,105.0,ok,13978.79789546327,12872.410638774754,1.9514220463056091,3.7473279093994325,0.0,4,0,10365.0,0.0009973454130216552,5.3956823077008735,8.70032691478014,,,,,,0.01,155921.0
unseen,IMC_PID/C_add7,reverse_off_anchor,noise_0.01_seed196613,5.0,5.0,109.59723737472511,105.0,ok,13966.747810891638,12840.97143122601,1.950505255142323,3.841194284926126,0.0,4,0,10360.0,0.0013324814102926297,5.397521008490983,8.700000309839728,,,,,,0.01,196613.0
unseen,IMC_PID/C_add7,reverse_off_anchor,noise_0.01_seed262147,5.0,5.0,109.59723737472511,105.0,ok,13963.215884954652,12844.388524848855,1.9497846053807892,3.713054319968524,0.0,4,0,10340.0,0.0017398433653683654,5.399332255628202,8.700388247169762,,,,,,0.01,262147.0
unseen,IMC_PID/C_add7,reverse_off_anchor,noise_0.05_seed104729,5.0,5.0,109.59723737472511,105.0,ok,13654.566245914091,12086.234665234277,1.9463041315094953,18.86967377724978,0.0,4,0,10240.0,0.031379885542840213,5.3728828476596115,8.700012200874923,,,,,,0.05,104729.0
unseen,IMC_PID/C_add7,reverse_off_anchor,noise_0.05_seed130363,5.0,5.0,109.59723737472511,105.0,ok,14727.010797279912,12947.395836763331,1.9089237164899302,18.103395229065065,0.0,4,0,16845.0,0.043588464652724035,5.3461918027799875,8.700119587255278,,,,,,0.05,130363.0
unseen,IMC_PID/C_add7,reverse_off_anchor,noise_0.05_seed155921,5.0,5.0,109.59723737472511,105.0,ok,15221.129865582863,13590.824591530505,1.94214314900079,19.997451039334138,0.0,4,0,17720.0,0.036618402479435375,5.315776607457991,8.700489790143699,,,,,,0.05,155921.0
unseen,IMC_PID/C_add7,reverse_off_anchor,noise_0.05_seed196613,5.0,5.0,109.59723737472511,105.0,ok,13655.464569784024,12043.536620064368,1.9519878929879235,19.707866646249922,0.0,4,0,17990.0,0.04666200950712973,5.336276182306597,8.700001427175447,,,,,,0.05,196613.0
unseen,IMC_PID/C_add7,reverse_off_anchor,noise_0.05_seed262147,5.0,5.0,109.59723737472511,105.0,ok,14368.273119683476,12733.760457322805,1.921759497404918,17.663126581658453,0.0,4,0,17560.0,0.03458074492522556,5.37068036332062,8.701886476365427,,,,,,0.05,262147.0
unseen,IMC_PID/C_add7,reverse_off_anchor,combined_seed104729,5.0,5.0,164.39585606208766,160.0,ok,157145.745866826,591446.4771726611,5.797759758602901,320.2642864901022,0.0,4,4,inf,5.762763938147567,2.9022402413970982,8.7,1.5,1.15,0.85,2.0,1.2,0.05,104729.0
unseen,IMC_PID/C_add7,reverse_off_anchor,combined_seed130363,5.0,5.0,164.39585606208766,160.0,ok,157678.63344388315,591628.1425976164,5.797683186928197,321.05997722778716,0.0,4,4,inf,5.762713054975389,2.9023168130718022,8.7,1.5,1.15,0.85,2.0,1.2,0.05,130363.0
unseen,IMC_PID/C_add7,reverse_off_anchor,combined_seed155921,5.0,5.0,164.39585606208766,160.0,ok,156710.77000025357,590445.8548440208,5.797731290490161,318.7885196071844,0.0,4,4,inf,5.7626990627038825,2.9022687095098383,8.7,1.5,1.15,0.85,2.0,1.2,0.05,155921.0
unseen,IMC_PID/C_add7,reverse_off_anchor,combined_seed196613,5.0,5.0,164.39585606208766,160.0,ok,157088.5752744393,591174.5943577788,5.797702676320693,317.1738483810987,0.0,4,4,inf,5.762705944186298,2.902297323679307,8.7,1.5,1.15,0.85,2.0,1.2,0.05,196613.0
unseen,IMC_PID/C_add7,reverse_off_anchor,combined_seed262147,5.0,5.0,164.39585606208766,160.0,ok,157308.30427746053,591540.6966178213,5.797768726147363,321.3276182413159,0.0,4,4,inf,5.762758426560936,2.902231273852636,8.7,1.5,1.15,0.85,2.0,1.2,0.05,262147.0
unseen,IMC_PID/C_add7,cross_equivalence,nominal,5.0,5.0,109.59723737472511,105.0,ok,97885.86979687425,290187.15775998496,4.306795388943597,0.872585360089067,0.0,7,4,inf,3.280427659866798,3.766565462408954,10.370644890547826,,,,,,,
unseen,IMC_PID/C_add7,cross_equivalence,delay_minus30,5.0,5.0,76.71806616230758,75.0,ok,97090.72328144818,288558.09926662117,4.30097735580047,0.8649846928902987,0.0,7,4,inf,3.278100092389562,3.7679579426770604,10.369396694309126,0.7,,,,,,
unseen,IMC_PID/C_add7,cross_equivalence,delay_plus50,5.0,5.0,164.39585606208766,160.0,ok,99707.9025063099,293596.58929312706,4.317215674849127,0.8878127899577546,0.0,7,5,inf,3.2847169838599255,3.764812725573541,10.372936513212354,1.5,,,,,,
unseen,IMC_PID/C_add7,cross_equivalence,acid_plus15,5.0,5.0,109.59723737472511,105.0,ok,158658.29775787477,558325.199944732,5.169412140335108,1.7031093683754754,0.0,7,6,inf,4.113765462315729,3.1810117893916177,10.413202256385196,,1.15,,,,,
unseen,IMC_PID/C_add7,cross_equivalence,acid_minus15,5.0,5.0,109.59723737472511,105.0,ok,143846.9974875002,465301.4443597433,5.487296108464141,1.2939868801974947,0.0,7,7,inf,5.375954272443309,3.8279167045179796,10.737296108464141,,0.85,,,,,
unseen,IMC_PID/C_add7,cross_equivalence,base_minus15,5.0,5.0,109.59723737472511,105.0,ok,169505.6670911694,612127.4592893715,5.185321082453153,1.8394599888328873,0.0,7,6,inf,4.537060285114398,3.175015733152644,10.350836950447684,,,0.85,,,,
unseen,IMC_PID/C_add7,cross_equivalence,base_plus15,5.0,5.0,109.59723737472511,105.0,ok,134010.10450814874,453474.568419973,5.4668153219010005,1.2161640273176282,0.0,7,6,inf,5.319400506994283,3.7591127277983083,10.716815321901,,,1.15,,,,
unseen,IMC_PID/C_add7,cross_equivalence,Kw_half,5.0,5.0,109.59723737472511,105.0,ok,99936.36361550543,307269.0510142583,4.309799099976472,0.913279884040576,0.0,7,4,inf,3.5265151388296028,3.769821149142969,10.666271828262497,,,,0.5,,,
unseen,IMC_PID/C_add7,cross_equivalence,Kw_double,5.0,5.0,109.59723737472511,105.0,ok,94577.72826410393,272409.51597084943,4.297514782357235,0.8432787287962995,0.0,7,4,inf,3.0302318125754786,3.7483093933785776,10.076353726703747,,,,2.0,,,
unseen,IMC_PID/C_add7,cross_equivalence,volume_plus20,5.0,5.0,109.59723737472511,105.0,ok,102520.81623084957,298545.699758234,4.279457735579538,0.9086588295742342,0.0,7,6,inf,3.2984151779702353,3.7969064067722944,10.356459838026042,,,,,1.2,,
unseen,IMC_PID/C_add7,cross_equivalence,volume_minus20,5.0,5.0,109.59723737472511,105.0,ok,94140.16901020244,282597.7664411599,4.33818924533626,0.8363573850863695,0.0,7,5,inf,3.263844966132674,3.7381275257150364,10.387105234440604,,,,,0.8,,
unseen,IMC_PID/C_add7,cross_equivalence,noise_0.01_seed104729,5.0,5.0,109.59723737472511,105.0,ok,97886.1558627583,290138.1332393986,4.306857575617694,18.22428697191381,0.0,7,4,inf,3.2804771682833893,3.766562857604007,10.370665580511888,,,,,,0.01,104729.0
unseen,IMC_PID/C_add7,cross_equivalence,noise_0.01_seed130363,5.0,5.0,109.59723737472511,105.0,ok,97916.61919408335,290195.8049594241,4.306834931748197,17.741264996939478,0.0,7,4,inf,3.280392295729441,3.7662827143312203,10.37064779831827,,,,,,0.01,130363.0
unseen,IMC_PID/C_add7,cross_equivalence,noise_0.01_seed155921,5.0,5.0,109.59723737472511,105.0,ok,97907.64818459513,290149.029616152,4.3065883137177305,17.81210118594536,0.0,7,4,inf,3.280373258085951,3.7664314395131857,10.370615192964934,,,,,,0.01,155921.0
unseen,IMC_PID/C_add7,cross_equivalence,noise_0.01_seed196613,5.0,5.0,109.59723737472511,105.0,ok,97920.89906697991,290174.9351811282,4.306666260282437,17.434052821384757,0.0,7,4,inf,3.2804774464685993,3.7664812746754337,10.370651095439754,,,,,,0.01,196613.0
unseen,IMC_PID/C_add7,cross_equivalence,noise_0.01_seed262147,5.0,5.0,109.59723737472511,105.0,ok,97868.32087298308,290195.06621795404,4.30707720222414,18.042463422402637,0.0,7,4,inf,3.2804867204850856,3.766436923872354,10.370658644085715,,,,,,0.01,262147.0
unseen,IMC_PID/C_add7,cross_equivalence,noise_0.05_seed104729,5.0,5.0,109.59723737472511,105.0,ok,97798.23982721171,289415.53625361546,4.30957607610062,90.59269491450911,0.0,7,4,inf,3.2806993038302794,3.7669707693544145,10.370760978542874,,,,,,0.05,104729.0
unseen,IMC_PID/C_add7,cross_equivalence,noise_0.05_seed130363,5.0,5.0,109.59723737472511,105.0,ok,97926.50433937876,289644.0016173221,4.304071017133183,88.34633126610468,0.0,7,5,inf,3.2803205851550663,3.7615812616107536,10.370696666578315,,,,,,0.05,130363.0
unseen,IMC_PID/C_add7,cross_equivalence,noise_0.05_seed155921,5.0,5.0,109.59723737472511,105.0,ok,97927.83363047591,289045.730809625,4.30425651966554,87.89876874764838,0.0,7,5,inf,3.2801112402799353,3.7654288634567084,10.370479805887202,,,,,,0.05,155921.0
unseen,IMC_PID/C_add7,cross_equivalence,noise_0.05_seed196613,5.0,5.0,109.59723737472511,105.0,ok,98180.1341096098,289839.37415019114,4.304760807314115,86.6815858294056,0.0,7,5,inf,3.2806107919784955,3.7652881828689337,10.370642078992457,,,,,,0.05,196613.0
unseen,IMC_PID/C_add7,cross_equivalence,noise_0.05_seed262147,5.0,5.0,109.59723737472511,105.0,ok,97697.56509653231,290075.3251787274,4.309104736018679,89.91145016110846,0.0,7,5,inf,3.280888975494851,3.7674920729077006,10.370807348415378,,,,,,0.05,262147.0
unseen,IMC_PID/C_add7,cross_equivalence,combined_seed104729,5.0,5.0,164.39585606208766,160.0,ok,199684.5818120538,796978.7349412227,5.523880951401315,319.13796133807307,0.0,7,7,inf,5.293316991874052,2.8629943002689515,9.608572218184573,1.5,1.15,0.85,2.0,1.2,0.05,104729.0
unseen,IMC_PID/C_add7,cross_equivalence,combined_seed130363,5.0,5.0,164.39585606208766,160.0,ok,199693.1799368497,797129.7625875873,5.52404879691441,316.8244934878933,0.0,7,7,inf,5.293730402002957,2.8627507952844917,9.607100709776438,1.5,1.15,0.85,2.0,1.2,0.05,130363.0
unseen,IMC_PID/C_add7,cross_equivalence,combined_seed155921,5.0,5.0,164.39585606208766,160.0,ok,199662.53656347835,796997.0393077596,5.523946224166231,317.0657951559481,0.0,7,7,inf,5.293524593855526,2.8629213002534497,9.607381231632308,1.5,1.15,0.85,2.0,1.2,0.05,155921.0
unseen,IMC_PID/C_add7,cross_equivalence,combined_seed196613,5.0,5.0,164.39585606208766,160.0,ok,199830.75192787932,797457.3524135082,5.523481468851336,310.5879542500939,0.0,7,7,inf,5.292604497285289,2.8633510117849226,9.613532770753428,1.5,1.15,0.85,2.0,1.2,0.05,196613.0
unseen,IMC_PID/C_add7,cross_equivalence,combined_seed262147,5.0,5.0,164.39585606208766,160.0,ok,199672.3666231095,797041.4647338906,5.52395197254736,317.6158017250335,0.0,7,7,inf,5.293566291138893,2.8628642998488627,9.608703108338954,1.5,1.15,0.85,2.0,1.2,0.05,262147.0
unseen,IMC_PID/C_add7,regulatory_off_anchor,nominal,5.0,5.0,109.59723737472511,105.0,ok,120994.59684654087,359398.2492322708,3.752790392381496,1.004963948675667,0.0,4,1,inf,3.0251051507614264,3.597209607618504,10.744760427601348,,,,,,,
unseen,IMC_PID/C_add7,regulatory_off_anchor,delay_minus30,5.0,5.0,76.71806616230758,75.0,ok,122102.20985982195,359725.5364031701,3.7507099097567678,1.0014358206217242,0.0,4,2,inf,3.0252815823699937,3.599290090243232,10.744778972194595,0.7,,,,,,
unseen,IMC_PID/C_add7,regulatory_off_anchor,delay_plus50,5.0,5.0,164.39585606208766,160.0,ok,119455.6159981016,359385.28455082024,3.7565600548568168,1.0174380139999597,0.0,4,1,inf,3.026439839804702,3.593439945143183,10.745439172666178,1.5,,,,,,
unseen,IMC_PID/C_add7,regulatory_off_anchor,acid_plus15,5.0,5.0,109.59723737472511,105.0,ok,181305.84741870826,624063.5021177098,4.208406712992467,2.359852103874241,0.0,4,3,inf,4.036198931829842,3.1415932870075323,10.611396506445862,,1.15,,,,,
unseen,IMC_PID/C_add7,regulatory_off_anchor,acid_minus15,5.0,5.0,109.59723737472511,105.0,ok,146167.10137987192,429701.70593994507,3.4754042690723193,1.1280866976396844,0.0,4,3,inf,3.4491572558799035,4.072669821993091,10.825404269072319,,0.85,,,,,
unseen,IMC_PID/C_add7,regulatory_off_anchor,base_minus15,5.0,5.0,109.59723737472511,105.0,ok,183213.3736868932,629443.7606299357,4.211971564661686,2.412166778315303,0.0,4,4,inf,4.067098795835923,3.1380284353383128,10.458431173172748,,,0.85,,,,
unseen,IMC_PID/C_add7,regulatory_off_anchor,base_plus15,5.0,5.0,109.59723737472511,105.0,ok,135516.8167725476,398518.466105266,3.4695342221837198,1.0393577175568804,0.0,4,3,inf,3.435867724575843,4.015582556006685,10.81953422218372,,,1.15,,,,
unseen,IMC_PID/C_add7,regulatory_off_anchor,Kw_half,5.0,5.0,109.59723737472511,105.0,ok,125713.81384382963,401319.33296492527,3.7529284117239223,1.0985728352629742,0.0,4,1,inf,3.2562366823203135,3.5970715882760773,11.041992930487508,,,,0.5,,,
unseen,IMC_PID/C_add7,regulatory_off_anchor,Kw_double,5.0,5.0,109.59723737472511,105.0,ok,112681.62469652518,313179.190316799,3.7524982097407644,0.9145334842706738,0.0,4,2,inf,2.786162672982627,3.597501790259235,10.448580079716583,,,,2.0,,,
unseen,IMC_PID/C_add7,regulatory_off_anchor,volume_plus20,5.0,5.0,109.59723737472511,105.0,ok,122778.23426773537,365869.7908161727,3.734275078872502,1.0457918834840436,0.0,4,2,inf,3.032674638904801,3.6157249211274975,10.736425421451122,,,,,1.2,,
unseen,IMC_PID/C_add7,regulatory_off_anchor,volume_minus20,5.0,5.0,109.59723737472511,105.0,ok,115626.15315928345,347342.45102294034,3.7731645532831175,0.9758897200750773,0.0,4,2,inf,3.0168181173054,3.576835446716882,10.753290740880578,,,,,0.8,,
unseen,IMC_PID/C_add7,regulatory_off_anchor,noise_0.01_seed104729,5.0,5.0,109.59723737472511,105.0,ok,121021.09198110891,359454.2836621073,3.7529828436547583,17.24216413869829,0.0,4,2,inf,3.0251016359691594,3.5970171563452413,10.744761973881158,,,,,,0.01,104729.0
unseen,IMC_PID/C_add7,regulatory_off_anchor,noise_0.01_seed130363,5.0,5.0,109.59723737472511,105.0,ok,121017.85044064678,359393.1478750321,3.7528586532708883,17.17312446731118,0.0,4,2,inf,3.025186430985457,3.5971413467291113,10.744790172222334,,,,,,0.01,130363.0
unseen,IMC_PID/C_add7,regulatory_off_anchor,noise_0.01_seed155921,5.0,5.0,109.59723737472511,105.0,ok,120949.35332148788,359372.4303796958,3.7529577566767163,17.248783042809144,0.0,4,1,inf,3.0250555403196575,3.5970422433232834,10.744755629936973,,,,,,0.01,155921.0
unseen,IMC_PID/C_add7,regulatory_off_anchor,noise_0.01_seed196613,5.0,5.0,109.59723737472511,105.0,ok,121082.12328195377,359524.4509384336,3.7529810807392816,16.651718119868658,0.0,4,2,inf,3.0251041443551436,3.597018919260718,10.744774159126493,,,,,,0.01,196613.0
unseen,IMC_PID/C_add7,regulatory_off_anchor,noise_0.01_seed262147,5.0,5.0,109.59723737472511,105.0,ok,121002.3739501666,359399.5523978693,3.7528590415502197,17.56591631464562,0.0,4,2,inf,3.0251798250524278,3.59714095844978,10.744773786088743,,,,,,0.01,262147.0
unseen,IMC_PID/C_add7,regulatory_off_anchor,noise_0.05_seed104729,5.0,5.0,109.59723737472511,105.0,ok,121000.8611517518,359914.6013302675,3.75473146117384,86.26676473040422,0.0,4,2,inf,3.0250681101852646,3.5952685388261596,10.74475978799545,,,,,,0.05,104729.0
unseen,IMC_PID/C_add7,regulatory_off_anchor,noise_0.05_seed130363,5.0,5.0,109.59723737472511,105.0,ok,121236.48494531713,359285.5147125098,3.753483202070677,84.81518523837757,0.0,4,2,inf,3.0257756066684074,3.5965167979293224,10.745022772695592,,,,,,0.05,130363.0
unseen,IMC_PID/C_add7,regulatory_off_anchor,noise_0.05_seed155921,5.0,5.0,109.59723737472511,105.0,ok,121080.46686090899,359620.17358253896,3.753420721668192,85.94137633090537,0.0,4,2,inf,3.0252939078013483,3.5965792783318076,10.744927761835642,,,,,,0.05,155921.0
unseen,IMC_PID/C_add7,regulatory_off_anchor,noise_0.05_seed196613,5.0,5.0,109.59723737472511,105.0,ok,122020.96587716725,361435.21177687985,3.7544209716698367,83.56378036958986,0.0,4,2,inf,3.0253181725595173,3.595579028330163,10.744922723383613,,,,,,0.05,196613.0
unseen,IMC_PID/C_add7,regulatory_off_anchor,noise_0.05_seed262147,5.0,5.0,109.59723737472511,105.0,ok,120545.0270683417,358734.17995676544,3.752728266769834,87.23689991820171,0.0,4,2,inf,3.025044563663249,3.5972717332301656,10.744641724855649,,,,,,0.05,262147.0
unseen,IMC_PID/C_add7,regulatory_off_anchor,combined_seed104729,5.0,5.0,164.39585606208766,160.0,ok,173041.3433973387,652357.8144058743,4.514979859631033,264.3525132047865,0.0,4,3,inf,4.443076939876482,2.8350201403689668,8.98331069513262,1.5,1.15,0.85,2.0,1.2,0.05,104729.0
unseen,IMC_PID/C_add7,regulatory_off_anchor,combined_seed130363,5.0,5.0,164.39585606208766,160.0,ok,171728.7841018032,651316.4263391383,4.514762603660227,266.352348083481,0.0,4,3,inf,4.442951048948228,2.8352373963397723,8.999881347418697,1.5,1.15,0.85,2.0,1.2,0.05,130363.0
unseen,IMC_PID/C_add7,regulatory_off_anchor,combined_seed155921,5.0,5.0,164.39585606208766,160.0,ok,172439.8505174375,651411.6282328923,4.514712823641577,266.2227659477323,0.0,4,3,inf,4.442790209396719,2.8352871763584226,9.00847124986175,1.5,1.15,0.85,2.0,1.2,0.05,155921.0
unseen,IMC_PID/C_add7,regulatory_off_anchor,combined_seed196613,5.0,5.0,164.39585606208766,160.0,ok,172993.5050000145,652431.1862668257,4.515084851223662,261.0089548032853,0.0,4,4,inf,4.443313612497912,2.834915148776338,8.992032624593463,1.5,1.15,0.85,2.0,1.2,0.05,196613.0
unseen,IMC_PID/C_add7,regulatory_off_anchor,combined_seed262147,5.0,5.0,164.39585606208766,160.0,ok,173483.82808462164,652746.196673092,4.5147671961956615,272.211510289659,0.0,4,4,inf,4.442847353126313,2.8352328038043377,8.987809359333406,1.5,1.15,0.85,2.0,1.2,0.05,262147.0
unseen,IMC_PID/D_add8,reverse_off_anchor,nominal,5.0,5.0,109.59723737472511,105.0,ok,18076.567145763966,18704.73715634402,1.9500282999131375,0.02670533141288889,0.0,4,0,10590.0,7.487025717090035e-05,5.400013355311482,8.7,,,,,,,
unseen,IMC_PID/D_add8,reverse_off_anchor,delay_minus30,5.0,5.0,76.71806616230758,75.0,ok,18341.396595515624,18960.019889830735,1.9501787563238198,0.02573164673337569,0.0,4,0,10385.0,0.00025103762957101594,5.400029812973782,8.7,0.7,,,,,,
unseen,IMC_PID/D_add8,reverse_off_anchor,delay_plus50,5.0,5.0,164.39585606208766,160.0,ok,18322.525121510065,18757.83117287388,1.9496481042906701,0.02899186748134852,0.0,4,0,10905.0,0.00038368010754386006,5.399988793263249,8.7,1.5,,,,,,
unseen,IMC_PID/D_add8,reverse_off_anchor,acid_plus15,5.0,5.0,109.59723737472511,105.0,ok,87375.87124953503,313528.7232861258,5.45492279971894,0.8553589392490233,0.0,4,2,inf,5.294179420913327,3.24507720028106,8.795956297987557,,1.15,,,,,
unseen,IMC_PID/D_add8,reverse_off_anchor,acid_minus15,5.0,5.0,109.59723737472511,105.0,ok,112890.42224790598,377060.31251354446,4.9952743275998515,0.8250854737358324,0.0,4,2,inf,3.045480983595871,4.73131268006858,10.842809151508064,,0.85,,,,,
unseen,IMC_PID/D_add8,reverse_off_anchor,base_minus15,5.0,5.0,109.59723737472511,105.0,ok,90509.53407193552,344624.53839393426,5.46748247402825,0.9819552457723075,0.0,4,2,inf,5.344513587492007,3.2325175259717494,8.722438983478927,,,0.85,,,,
unseen,IMC_PID/D_add8,reverse_off_anchor,base_plus15,5.0,5.0,109.59723737472511,105.0,ok,99918.36576521824,312579.6740371283,4.843270386951588,0.7288440069080293,0.0,4,2,inf,2.893595570875755,4.68916851898211,10.838970562358524,,,1.15,,,,
unseen,IMC_PID/D_add8,reverse_off_anchor,Kw_half,5.0,5.0,109.59723737472511,105.0,ok,17651.45873319541,17005.536855925995,1.9500771513723043,0.029728648785777523,0.0,4,0,10665.0,0.012357514935937175,5.400004431586657,8.878270186864807,,,,0.5,,,
unseen,IMC_PID/D_add8,reverse_off_anchor,Kw_double,5.0,5.0,109.59723737472511,105.0,ok,22262.12402303706,20176.030192608694,1.9189918971577526,0.029685308237755947,0.0,4,1,inf,0.09090283470011329,5.40005175306907,8.7,,,,2.0,,,
unseen,IMC_PID/D_add8,reverse_off_anchor,volume_plus20,5.0,5.0,109.59723737472511,105.0,ok,19529.25302933411,19960.35315656611,1.9483498615518329,0.02945327451177704,0.0,4,0,11450.0,0.002909641829163867,5.399329309624255,8.7,,,,,1.2,,
unseen,IMC_PID/D_add8,reverse_off_anchor,volume_minus20,5.0,5.0,109.59723737472511,105.0,ok,16959.59339041681,17014.87019262558,1.9496203564992225,0.024419271797605724,0.0,4,0,9725.0,0.0006183118403573218,5.400263779019082,8.7,,,,,0.8,,
unseen,IMC_PID/D_add8,reverse_off_anchor,noise_0.01_seed104729,5.0,5.0,109.59723737472511,105.0,ok,18090.69990503777,18707.897712708233,1.9502471915847632,2.969135292943717,0.0,4,0,10580.0,0.0016291494623050795,5.399704419418153,8.700002119643127,,,,,,0.01,104729.0
unseen,IMC_PID/D_add8,reverse_off_anchor,noise_0.01_seed130363,5.0,5.0,109.59723737472511,105.0,ok,18097.233748088263,18695.97966393006,1.9491771486707465,3.0222404236035354,0.0,4,0,10595.0,0.001036735671870126,5.397135790314298,8.700020666330799,,,,,,0.01,130363.0
unseen,IMC_PID/D_add8,reverse_off_anchor,noise_0.01_seed155921,5.0,5.0,109.59723737472511,105.0,ok,18062.86297092308,18700.33586604375,1.9504713560839342,2.915443313315369,0.0,4,0,10560.0,0.0009723660135794177,5.39629382786244,8.700181488227232,,,,,,0.01,155921.0
unseen,IMC_PID/D_add8,reverse_off_anchor,noise_0.01_seed196613,5.0,5.0,109.59723737472511,105.0,ok,18079.18888941639,18688.735181635024,1.9504158250154484,3.0158780192744956,0.0,4,0,10580.0,0.0013547124753543471,5.397736647232208,8.700000261823586,,,,,,0.01,196613.0
unseen,IMC_PID/D_add8,reverse_off_anchor,noise_0.01_seed262147,5.0,5.0,109.59723737472511,105.0,ok,18091.50026356449,18710.34137789662,1.9497567340203519,2.8884313972963733,0.0,4,0,10545.0,0.0017610155240310732,5.400463239520126,8.700346023566116,,,,,,0.01,262147.0
unseen,IMC_PID/D_add8,reverse_off_anchor,noise_0.05_seed104729,5.0,5.0,109.59723737472511,105.0,ok,17939.811561369734,18347.594214220306,1.9494717232260967,14.797851204600526,0.0,4,0,10465.0,0.03105045489955849,5.400479080245628,8.700138384460404,,,,,,0.05,104729.0
unseen,IMC_PID/D_add8,reverse_off_anchor,noise_0.05_seed130363,5.0,5.0,109.59723737472511,105.0,ok,18753.58092847111,18662.970698379773,1.933651625667891,14.156956323304925,0.0,4,0,16845.0,0.024540637004106358,5.3462922400394,8.700334156588141,,,,,,0.05,130363.0
unseen,IMC_PID/D_add8,reverse_off_anchor,noise_0.05_seed155921,5.0,5.0,109.59723737472511,105.0,ok,18478.26155252708,18955.75891808139,1.946882656524549,15.923020853488627,0.0,4,0,17720.0,0.03651498037223,5.316994804489464,8.700238338778991,,,,,,0.05,155921.0
unseen,IMC_PID/D_add8,reverse_off_anchor,noise_0.05_seed196613,5.0,5.0,109.59723737472511,105.0,ok,17557.40416092694,18032.451902469515,1.956619143826651,15.219138777337744,0.0,4,0,17990.0,0.046681740384571846,5.354557018796228,8.70000112135588,,,,,,0.05,196613.0
unseen,IMC_PID/D_add8,reverse_off_anchor,noise_0.05_seed262147,5.0,5.0,109.59723737472511,105.0,ok,18330.573047508373,18629.072745854217,1.937041690605799,13.641053341024001,0.0,4,0,17560.0,0.034584363494694514,5.401918269567362,8.703602070957373,,,,,,0.05,262147.0
unseen,IMC_PID/D_add8,reverse_off_anchor,combined_seed104729,5.0,5.0,164.39585606208766,160.0,ok,157193.87990514567,594199.3076609796,5.7976337797086845,319.92504181061264,0.0,4,3,inf,5.762622311807366,2.902366220291315,8.7,1.5,1.15,0.85,2.0,1.2,0.05,104729.0
unseen,IMC_PID/D_add8,reverse_off_anchor,combined_seed130363,5.0,5.0,164.39585606208766,160.0,ok,156638.2996806666,593203.4846695382,5.797471360919136,320.5630869694657,0.0,4,3,inf,5.762475053177738,2.9025286390808636,8.7,1.5,1.15,0.85,2.0,1.2,0.05,130363.0
unseen,IMC_PID/D_add8,reverse_off_anchor,combined_seed155921,5.0,5.0,164.39585606208766,160.0,ok,157047.3441606064,593343.0889979396,5.797550518319605,318.4003852085954,0.0,4,3,inf,5.762495539645666,2.902449481680394,8.7,1.5,1.15,0.85,2.0,1.2,0.05,155921.0
unseen,IMC_PID/D_add8,reverse_off_anchor,combined_seed196613,5.0,5.0,164.39585606208766,160.0,ok,157784.9637132528,594386.1405564995,5.797766480080339,316.8890162423324,0.0,4,3,inf,5.762776486437184,2.90223351991966,8.7,1.5,1.15,0.85,2.0,1.2,0.05,196613.0
unseen,IMC_PID/D_add8,reverse_off_anchor,combined_seed262147,5.0,5.0,164.39585606208766,160.0,ok,157111.1147840981,593998.2685927995,5.797541250102398,320.8764137511774,0.0,4,3,inf,5.762503190544564,2.9024587498976007,8.7,1.5,1.15,0.85,2.0,1.2,0.05,262147.0
unseen,IMC_PID/D_add8,cross_equivalence,nominal,5.0,5.0,109.59723737472511,105.0,ok,99981.05897824389,293517.89354175836,4.317389764694859,0.8633352304651316,0.0,7,4,inf,3.2820376240302354,3.770639765622517,10.371449185095608,,,,,,,
unseen,IMC_PID/D_add8,cross_equivalence,delay_minus30,5.0,5.0,76.71806616230758,75.0,ok,99296.77565489721,291604.2417012354,4.311520450384314,0.8559351871363772,0.0,7,4,inf,3.2799530180456022,3.7717779840372985,10.37032521373241,0.7,,,,,,
unseen,IMC_PID/D_add8,cross_equivalence,delay_plus50,5.0,5.0,164.39585606208766,160.0,ok,101640.67278642015,297502.0418500755,4.327921595759305,0.8779822445113181,0.0,7,5,inf,3.2860310290312933,3.7690315611060923,10.373587157420731,1.5,,,,,,
unseen,IMC_PID/D_add8,cross_equivalence,acid_plus15,5.0,5.0,109.59723737472511,105.0,ok,160534.51316293818,560251.983851065,5.169412140335108,1.68890173718823,0.0,7,7,inf,4.113765462315729,3.1810117893916177,10.414032958477003,,1.15,,,,,
unseen,IMC_PID/D_add8,cross_equivalence,acid_minus15,5.0,5.0,109.59723737472511,105.0,ok,145442.39361176387,468972.94678048027,5.48771257029985,1.2834800625685796,0.0,7,7,inf,5.376530121602849,3.8301795849974485,10.73771257029985,,0.85,,,,,
unseen,IMC_PID/D_add8,cross_equivalence,base_minus15,5.0,5.0,109.59723737472511,105.0,ok,170899.39140855058,613050.1788527435,5.185321082453153,1.8278857760546074,0.0,7,7,inf,4.537060285114398,3.175015733152644,10.351389810362575,,,0.85,,,,
unseen,IMC_PID/D_add8,cross_equivalence,base_plus15,5.0,5.0,109.59723737472511,105.0,ok,136472.5518525141,457400.3781989921,5.467314767164485,1.2095937589570633,0.0,7,6,inf,5.320156381775503,3.7615587710167366,10.717314767164485,,,1.15,,,,
unseen,IMC_PID/D_add8,cross_equivalence,Kw_half,5.0,5.0,109.59723737472511,105.0,ok,103113.62487012328,311562.08786133106,4.321339443534952,0.8885984382643901,0.0,7,5,inf,3.5258835805467887,3.7749582822888907,10.665986458447913,,,,0.5,,,
unseen,IMC_PID/D_add8,cross_equivalence,Kw_double,5.0,5.0,109.59723737472511,105.0,ok,96328.81355013236,274855.82446458103,4.306161162738864,0.8298686755193598,0.0,7,6,inf,3.032444192755732,3.746263514508153,10.077598409885859,,,,2.0,,,
unseen,IMC_PID/D_add8,cross_equivalence,volume_plus20,5.0,5.0,109.59723737472511,105.0,ok,104506.48786763298,303316.5437707043,4.292161308101116,0.899146239550614,0.0,7,6,inf,3.2997984159359133,3.7976616118075475,10.357181148711247,,,,,1.2,,
unseen,IMC_PID/D_add8,cross_equivalence,volume_minus20,5.0,5.0,109.59723737472511,105.0,ok,94865.96838949152,284256.7052080856,4.346028209634943,0.8220899381069664,0.0,7,5,inf,3.2631615424643217,3.7390055497826142,10.386778226463635,,,,,0.8,,
unseen,IMC_PID/D_add8,cross_equivalence,noise_0.01_seed104729,5.0,5.0,109.59723737472511,105.0,ok,99985.24775534651,293481.2547833901,4.317627771473298,18.19524646510897,0.0,7,4,inf,3.2820385961064007,3.770563905613762,10.37144576794515,,,,,,0.01,104729.0
unseen,IMC_PID/D_add8,cross_equivalence,noise_0.01_seed130363,5.0,5.0,109.59723737472511,105.0,ok,99989.57247814164,293490.07170815265,4.3173540867424745,17.727951073396014,0.0,7,4,inf,3.282014556753235,3.7703568871260185,10.371458423318412,,,,,,0.01,130363.0
unseen,IMC_PID/D_add8,cross_equivalence,noise_0.01_seed155921,5.0,5.0,109.59723737472511,105.0,ok,99990.89732776112,293500.3051544197,4.317298278857808,17.802120146419284,0.0,7,4,inf,3.2819917590034224,3.7704958020816908,10.37142413366987,,,,,,0.01,155921.0
unseen,IMC_PID/D_add8,cross_equivalence,noise_0.01_seed196613,5.0,5.0,109.59723737472511,105.0,ok,100019.81223240159,293541.4732428634,4.317311470889652,17.42445664076519,0.0,7,4,inf,3.282064896034904,3.7705086194213813,10.371444123216817,,,,,,0.01,196613.0
unseen,IMC_PID/D_add8,cross_equivalence,noise_0.01_seed262147,5.0,5.0,109.59723737472511,105.0,ok,99975.69429305528,293510.7841791066,4.3176456515024135,18.032275115636295,0.0,7,4,inf,3.2820642958455375,3.7705226807378365,10.371447480646173,,,,,,0.01,262147.0
unseen,IMC_PID/D_add8,cross_equivalence,noise_0.05_seed104729,5.0,5.0,109.59723737472511,105.0,ok,99868.57995463617,292524.51262119727,4.321399471707005,90.45592227116691,0.0,7,4,inf,3.282304273442075,3.770907748654763,10.371564934205752,,,,,,0.05,104729.0
unseen,IMC_PID/D_add8,cross_equivalence,noise_0.05_seed130363,5.0,5.0,109.59723737472511,105.0,ok,99950.54523038145,292737.580304157,4.314080387984775,88.23192919075535,0.0,7,5,inf,3.2821373560527745,3.766229796829448,10.37160603855436,,,,,,0.05,130363.0
unseen,IMC_PID/D_add8,cross_equivalence,noise_0.05_seed155921,5.0,5.0,109.59723737472511,105.0,ok,99967.58509811657,292642.879295174,4.315318380401348,87.88850442692916,0.0,7,4,inf,3.2817451370926625,3.770075521717478,10.371296374148157,,,,,,0.05,155921.0
unseen,IMC_PID/D_add8,cross_equivalence,noise_0.05_seed196613,5.0,5.0,109.59723737472511,105.0,ok,100281.05141879461,293497.98831676925,4.315022975380491,86.66337338826457,0.0,7,4,inf,3.281965786351692,3.7688489447039477,10.371317969892477,,,,,,0.05,196613.0
unseen,IMC_PID/D_add8,cross_equivalence,noise_0.05_seed262147,5.0,5.0,109.59723737472511,105.0,ok,100174.75223441892,293507.3783978822,4.319895129091628,89.98739802884904,0.0,7,5,inf,3.2820899788121727,3.7716582722459897,10.37140565095799,,,,,,0.05,262147.0
unseen,IMC_PID/D_add8,cross_equivalence,combined_seed104729,5.0,5.0,164.39585606208766,160.0,ok,199890.64117675574,797484.6130667488,5.523880951401315,318.93882548081154,0.0,7,7,inf,5.293316991874052,2.8629943002689515,9.610734819022912,1.5,1.15,0.85,2.0,1.2,0.05,104729.0
unseen,IMC_PID/D_add8,cross_equivalence,combined_seed130363,5.0,5.0,164.39585606208766,160.0,ok,199858.27647721895,797443.3374229437,5.52404879691441,316.50774610150813,0.0,7,7,inf,5.293730402002957,2.8627507952844917,9.609055387698731,1.5,1.15,0.85,2.0,1.2,0.05,130363.0
unseen,IMC_PID/D_add8,cross_equivalence,combined_seed155921,5.0,5.0,164.39585606208766,160.0,ok,199797.2575866643,797375.0758902116,5.523946224166231,316.79639162059954,0.0,7,7,inf,5.293524593855526,2.8629213002534497,9.609584859833117,1.5,1.15,0.85,2.0,1.2,0.05,155921.0
unseen,IMC_PID/D_add8,cross_equivalence,combined_seed196613,5.0,5.0,164.39585606208766,160.0,ok,199843.8114789635,797777.4345479277,5.523481468851336,310.280664096599,0.0,7,7,inf,5.292604497285289,2.8633510117849226,9.615443771681711,1.5,1.15,0.85,2.0,1.2,0.05,196613.0
unseen,IMC_PID/D_add8,cross_equivalence,combined_seed262147,5.0,5.0,164.39585606208766,160.0,ok,199760.39756400234,797419.0502430643,5.52395197254736,317.3084430986943,0.0,7,7,inf,5.293566291138893,2.8628642998488627,9.610765922817084,1.5,1.15,0.85,2.0,1.2,0.05,262147.0
unseen,IMC_PID/D_add8,regulatory_off_anchor,nominal,5.0,5.0,109.59723737472511,105.0,ok,120936.68330742452,360292.1888847662,3.7554821553300393,0.9921569911115329,0.0,4,1,inf,3.026198350744732,3.5945178446699604,10.745235263543087,,,,,,,
unseen,IMC_PID/D_add8,regulatory_off_anchor,delay_minus30,5.0,5.0,76.71806616230758,75.0,ok,122202.31335900392,360833.06839852955,3.7534293957182396,0.9883836683649694,0.0,4,2,inf,3.0254349135132976,3.59657060428176,10.74484631242532,0.7,,,,,,
unseen,IMC_PID/D_add8,regulatory_off_anchor,delay_plus50,5.0,5.0,164.39585606208766,160.0,ok,121515.59887554267,361530.1668343333,3.7592073982488015,1.0033360651055974,0.0,4,2,inf,3.027827618936577,3.590792601751198,10.74604649212144,1.5,,,,,,
unseen,IMC_PID/D_add8,regulatory_off_anchor,acid_plus15,5.0,5.0,109.59723737472511,105.0,ok,181793.11310841367,625083.5661696919,4.209746121335762,2.416068644535944,0.0,4,4,inf,4.038208706904676,3.1402538786642378,10.608101388309542,,1.15,,,,,
unseen,IMC_PID/D_add8,regulatory_off_anchor,acid_minus15,5.0,5.0,109.59723737472511,105.0,ok,147812.2700777913,431519.20238650974,3.4759476502889974,1.1109930994605275,0.0,4,3,inf,3.4497499603592257,4.081037905346592,10.825947650288997,,0.85,,,,,
unseen,IMC_PID/D_add8,regulatory_off_anchor,base_minus15,5.0,5.0,109.59723737472511,105.0,ok,183397.0065477592,629732.0106971865,4.213127354928684,2.3055511108810878,0.0,4,4,inf,4.068723280381247,3.1368726450713162,10.457425258308374,,,0.85,,,,
unseen,IMC_PID/D_add8,regulatory_off_anchor,base_plus15,5.0,5.0,109.59723737472511,105.0,ok,138260.02977956273,401774.2023782957,3.4701694062803465,1.0288694852369282,0.0,4,3,inf,3.436575019727581,4.014400919606888,10.820169406280346,,,1.15,,,,
unseen,IMC_PID/D_add8,regulatory_off_anchor,Kw_half,5.0,5.0,109.59723737472511,105.0,ok,128859.60246913336,404102.9629248764,3.7556537768657896,1.0831495526027162,0.0,4,1,inf,3.2575393782259177,3.59434622313421,11.0424768633483,,,,0.5,,,
unseen,IMC_PID/D_add8,regulatory_off_anchor,Kw_double,5.0,5.0,109.59723737472511,105.0,ok,111056.09620017404,312391.72133545205,3.75531929557051,0.906184358971478,0.0,4,4,inf,2.7855247307289446,3.5946807044294897,10.448264859651736,,,,2.0,,,
unseen,IMC_PID/D_add8,regulatory_off_anchor,volume_plus20,5.0,5.0,109.59723737472511,105.0,ok,125308.04935200795,368763.6168378303,3.736861430481114,1.0320468134449037,0.0,4,3,inf,3.0347787688684598,3.6131385695188856,10.73738133530818,,,,,1.2,,
unseen,IMC_PID/D_add8,regulatory_off_anchor,volume_minus20,5.0,5.0,109.59723737472511,105.0,ok,117338.30624749343,349852.278693305,3.7759911106600397,0.9599766708549726,0.0,4,2,inf,3.0177466860271256,3.57400888933996,10.753679301971724,,,,,0.8,,
unseen,IMC_PID/D_add8,regulatory_off_anchor,noise_0.01_seed104729,5.0,5.0,109.59723737472511,105.0,ok,120937.68556425835,360309.0845267072,3.7556340420396,17.168015759189895,0.0,4,1,inf,3.026186541472354,3.5943659579603997,10.745233233548468,,,,,,0.01,104729.0
unseen,IMC_PID/D_add8,regulatory_off_anchor,noise_0.01_seed130363,5.0,5.0,109.59723737472511,105.0,ok,120945.21485324154,360289.9158576167,3.755588945488893,17.096332764786833,0.0,4,1,inf,3.026256182993606,3.5944110545111068,10.74525483888645,,,,,,0.01,130363.0
unseen,IMC_PID/D_add8,regulatory_off_anchor,noise_0.01_seed155921,5.0,5.0,109.59723737472511,105.0,ok,120978.78898945072,360352.1270612077,3.7556240059643637,17.16949527930423,0.0,4,1,inf,3.026198688067213,3.594375994035636,10.745251807840411,,,,,,0.01,155921.0
unseen,IMC_PID/D_add8,regulatory_off_anchor,noise_0.01_seed196613,5.0,5.0,109.59723737472511,105.0,ok,121015.97017160573,360418.4445487049,3.7556084553769353,16.57999429077603,0.0,4,1,inf,3.0261818157356437,3.5943915446230643,10.745242200735513,,,,,,0.01,196613.0
unseen,IMC_PID/D_add8,regulatory_off_anchor,noise_0.01_seed262147,5.0,5.0,109.59723737472511,105.0,ok,120927.20628917166,360302.4913006346,3.755517291409921,17.495396151487746,0.0,4,2,inf,3.0262242662623233,3.594482708590079,10.745227868109286,,,,,,0.01,262147.0
unseen,IMC_PID/D_add8,regulatory_off_anchor,noise_0.05_seed104729,5.0,5.0,109.59723737472511,105.0,ok,120780.62077518462,360431.4851721736,3.7571435535618862,85.9528577503365,0.0,4,2,inf,3.0259246126327657,3.5928564464381134,10.745134999896479,,,,,,0.05,104729.0
unseen,IMC_PID/D_add8,regulatory_off_anchor,noise_0.05_seed130363,5.0,5.0,109.59723737472511,105.0,ok,121036.85053351521,360037.347545685,3.7565920053153268,84.57671641932546,0.0,4,1,inf,3.0265118122238786,3.593407994684673,10.745343496927635,,,,,,0.05,130363.0
unseen,IMC_PID/D_add8,regulatory_off_anchor,noise_0.05_seed155921,5.0,5.0,109.59723737472511,105.0,ok,121864.47725944185,361411.4575977572,3.7558292780196223,85.63397580134031,0.0,4,2,inf,3.02610906422613,3.5941707219803773,10.745279107839767,,,,,,0.05,155921.0
unseen,IMC_PID/D_add8,regulatory_off_anchor,noise_0.05_seed196613,5.0,5.0,109.59723737472511,105.0,ok,122367.75387151027,362780.34817285766,3.7568609966024806,83.31591623261886,0.0,4,2,inf,3.0262032888900414,3.593139003397519,10.745306069504677,,,,,,0.05,196613.0
unseen,IMC_PID/D_add8,regulatory_off_anchor,noise_0.05_seed262147,5.0,5.0,109.59723737472511,105.0,ok,121115.79251427285,360378.3513496107,3.7555668209959374,86.97385231870219,0.0,4,2,inf,3.0261490060207468,3.5944331790040622,10.74512508365111,,,,,,0.05,262147.0
unseen,IMC_PID/D_add8,regulatory_off_anchor,combined_seed104729,5.0,5.0,164.39585606208766,160.0,ok,174113.46170228726,653734.1229718071,4.515566926321707,264.2359746802057,0.0,4,4,inf,4.443768709404848,2.834433073678293,8.998935028547148,1.5,1.15,0.85,2.0,1.2,0.05,104729.0
unseen,IMC_PID/D_add8,regulatory_off_anchor,combined_seed130363,5.0,5.0,164.39585606208766,160.0,ok,174425.9725233943,654197.9548519022,4.5154315268121294,266.2028587730965,0.0,4,4,inf,4.443739098574496,2.8345684731878706,8.998687952045067,1.5,1.15,0.85,2.0,1.2,0.05,130363.0
unseen,IMC_PID/D_add8,regulatory_off_anchor,combined_seed155921,5.0,5.0,164.39585606208766,160.0,ok,174170.66980669415,653466.1687431305,4.515381041518959,266.1538017333248,0.0,4,4,inf,4.443577576105339,2.834618958481041,9.010044444865011,1.5,1.15,0.85,2.0,1.2,0.05,155921.0
unseen,IMC_PID/D_add8,regulatory_off_anchor,combined_seed196613,5.0,5.0,164.39585606208766,160.0,ok,174398.50916298077,654271.9132247379,4.515368139266936,260.95205997090886,0.0,4,4,inf,4.443647333318616,2.8346318607330634,9.004528337501412,1.5,1.15,0.85,2.0,1.2,0.05,196613.0
unseen,IMC_PID/D_add8,regulatory_off_anchor,combined_seed262147,5.0,5.0,164.39585606208766,160.0,ok,174130.036306777,653789.2204168254,4.515466064345591,272.281079768849,0.0,4,4,inf,4.443670777050823,2.8345339356544086,8.998793454052922,1.5,1.15,0.85,2.0,1.2,0.05,262147.0
unseen,IMC_PID/D2_resample_Ti_Td,reverse_off_anchor,nominal,5.0,5.0,109.59723737472511,105.0,ok,19267.578999745932,19906.235513352298,1.94913636065339,0.024958079364510333,0.0,4,0,10550.0,0.0012437823938071801,5.4000291573458865,8.7,,,,,,,
unseen,IMC_PID/D2_resample_Ti_Td,reverse_off_anchor,delay_minus30,5.0,5.0,76.71806616230758,75.0,ok,18987.393526126027,19404.85529253907,1.9485484285207608,0.024159049396367926,0.0,4,0,10325.0,0.0015040312446368276,5.400050568384888,8.7,0.7,,,,,,
unseen,IMC_PID/D2_resample_Ti_Td,reverse_off_anchor,delay_plus50,5.0,5.0,164.39585606208766,160.0,ok,19970.5795748525,21056.08396346894,1.9500358730919682,0.026608889052118556,0.0,4,0,11095.0,0.0010215797839689955,5.3999960830331055,8.7,1.5,,,,,,
unseen,IMC_PID/D2_resample_Ti_Td,reverse_off_anchor,acid_plus15,5.0,5.0,109.59723737472511,105.0,ok,86758.0653759322,312319.87342020683,5.454336120648369,0.8580448512356407,0.0,4,2,inf,5.29330268042186,3.2456638793516297,8.809287660574135,,1.15,,,,,
unseen,IMC_PID/D2_resample_Ti_Td,reverse_off_anchor,acid_minus15,5.0,5.0,109.59723737472511,105.0,ok,112879.65213237843,377527.5452797151,4.995148706574556,0.824331398346609,0.0,4,2,inf,3.045355417463769,4.7400175273587575,10.842763134929228,,0.85,,,,,
unseen,IMC_PID/D2_resample_Ti_Td,reverse_off_anchor,base_minus15,5.0,5.0,109.59723737472511,105.0,ok,92871.5772702668,346183.04938241653,5.466985357367617,0.985410096684447,0.0,4,2,inf,5.343834778710353,3.2330146426323827,8.736788515138292,,,0.85,,,,
unseen,IMC_PID/D2_resample_Ti_Td,reverse_off_anchor,base_plus15,5.0,5.0,109.59723737472511,105.0,ok,99798.05154162977,312852.4030547098,4.843072968944666,0.7281569103336327,0.0,4,2,inf,2.893398285283787,4.698204519199303,10.838916857508906,,,1.15,,,,
unseen,IMC_PID/D2_resample_Ti_Td,reverse_off_anchor,Kw_half,5.0,5.0,109.59723737472511,105.0,ok,18412.855018088118,18224.55076687358,1.949913725664473,0.027933304853417162,0.0,4,0,10765.0,0.010161353058036227,5.400012643393653,8.880435878601526,,,,0.5,,,
unseen,IMC_PID/D2_resample_Ti_Td,reverse_off_anchor,Kw_double,5.0,5.0,109.59723737472511,105.0,ok,22566.418251781433,21806.632063848454,1.9414494840348437,0.027523083883256305,0.0,4,1,inf,0.11123501981226092,5.400098324026236,8.7,,,,2.0,,,
unseen,IMC_PID/D2_resample_Ti_Td,reverse_off_anchor,volume_plus20,5.0,5.0,109.59723737472511,105.0,ok,21205.41094148035,22528.96217125727,1.951983932215894,0.02708362111071949,0.0,4,0,11890.0,0.0019896677216459935,5.399329338354413,8.7,,,,,1.2,,
unseen,IMC_PID/D2_resample_Ti_Td,reverse_off_anchor,volume_minus20,5.0,5.0,109.59723737472511,105.0,ok,17396.085589516813,17161.71089923262,1.9460390293144814,0.02298909362629864,0.0,4,0,11555.0,0.004129991073402728,5.400330287373094,8.7,,,,,0.8,,
unseen,IMC_PID/D2_resample_Ti_Td,reverse_off_anchor,noise_0.01_seed104729,5.0,5.0,109.59723737472511,105.0,ok,19257.53185467972,19882.01941105506,1.949324021197917,2.923724630976232,0.0,4,0,10535.0,0.0016469341653708724,5.399821858672453,8.700002260621135,,,,,,0.01,104729.0
unseen,IMC_PID/D2_resample_Ti_Td,reverse_off_anchor,noise_0.01_seed130363,5.0,5.0,109.59723737472511,105.0,ok,19275.95644611,19877.09667458879,1.9481068262065833,2.972367283599424,0.0,4,0,10560.0,0.0021019234773040907,5.397214827990444,8.700023431434484,,,,,,0.01,130363.0
unseen,IMC_PID/D2_resample_Ti_Td,reverse_off_anchor,noise_0.01_seed155921,5.0,5.0,109.59723737472511,105.0,ok,19267.022315151415,19920.021185824386,1.9494616346544875,2.8727300840396284,0.0,4,0,10500.0,0.0011431957931273828,5.396566410399613,8.70014617292877,,,,,,0.01,155921.0
unseen,IMC_PID/D2_resample_Ti_Td,reverse_off_anchor,noise_0.01_seed196613,5.0,5.0,109.59723737472511,105.0,ok,19224.60244237212,19828.414088170906,1.94962000089666,2.9758051833643915,0.0,4,0,10500.0,0.0013717863042552736,5.397840116678081,8.700000226971337,,,,,,0.01,196613.0
unseen,IMC_PID/D2_resample_Ti_Td,reverse_off_anchor,noise_0.01_seed262147,5.0,5.0,109.59723737472511,105.0,ok,19282.028328385746,19904.690266250323,1.948618364165907,2.8504930471767995,0.0,4,0,10490.0,0.0017780196152274996,5.4004782731727685,8.7003088866694,,,,,,0.01,262147.0
unseen,IMC_PID/D2_resample_Ti_Td,reverse_off_anchor,noise_0.05_seed104729,5.0,5.0,109.59723737472511,105.0,ok,19663.469633388937,20024.933143775273,1.9477700481887172,14.247899712429763,0.0,4,0,10600.0,0.032535505833411804,5.409733004489447,8.700010926502628,,,,,,0.05,104729.0
unseen,IMC_PID/D2_resample_Ti_Td,reverse_off_anchor,noise_0.05_seed130363,5.0,5.0,109.59723737472511,105.0,ok,19914.843531356317,19802.31391691695,1.9272653989651616,13.459956787078848,0.0,4,0,16800.0,0.024621192943785175,5.346506530289988,8.700114906710635,,,,,,0.05,130363.0
unseen,IMC_PID/D2_resample_Ti_Td,reverse_off_anchor,noise_0.05_seed155921,5.0,5.0,109.59723737472511,105.0,ok,19528.58318637839,20094.489780095886,1.9448036178076737,15.663891647554092,0.0,4,0,17720.0,0.03646831788904592,5.317472694133946,8.700179306118757,,,,,,0.05,155921.0
unseen,IMC_PID/D2_resample_Ti_Td,reverse_off_anchor,noise_0.05_seed196613,5.0,5.0,109.59723737472511,105.0,ok,19013.59629332298,19527.666800650022,1.9598945947200068,15.270286206689988,0.0,4,0,17990.0,0.046686944181250745,5.354586231727311,8.700000937902375,,,,,,0.05,196613.0
unseen,IMC_PID/D2_resample_Ti_Td,reverse_off_anchor,noise_0.05_seed262147,5.0,5.0,109.59723737472511,105.0,ok,19465.45562510553,19627.347192923145,1.9296010934208478,13.418289911334599,0.0,4,0,17560.0,0.03459755458141345,5.405580128531133,8.702449557587016,,,,,,0.05,262147.0
unseen,IMC_PID/D2_resample_Ti_Td,reverse_off_anchor,combined_seed104729,5.0,5.0,164.39585606208766,160.0,ok,160541.5735857989,596926.7615967155,5.797274216906931,319.8606593265695,0.0,4,4,inf,5.762220588202137,2.902725783093068,8.7,1.5,1.15,0.85,2.0,1.2,0.05,104729.0
unseen,IMC_PID/D2_resample_Ti_Td,reverse_off_anchor,combined_seed130363,5.0,5.0,164.39585606208766,160.0,ok,159070.7091794277,595354.2124232415,5.797138004303268,320.4563746628164,0.0,4,4,inf,5.762102070822376,2.902861995696731,8.7,1.5,1.15,0.85,2.0,1.2,0.05,130363.0
unseen,IMC_PID/D2_resample_Ti_Td,reverse_off_anchor,combined_seed155921,5.0,5.0,164.39585606208766,160.0,ok,160198.71138260543,596011.7860304335,5.797216942459205,318.3389922361249,0.0,4,4,inf,5.762121768344462,2.9027830575407947,8.7,1.5,1.15,0.85,2.0,1.2,0.05,155921.0
unseen,IMC_PID/D2_resample_Ti_Td,reverse_off_anchor,combined_seed196613,5.0,5.0,164.39585606208766,160.0,ok,160748.47863107585,596996.8779415351,5.797329975461453,316.8205164560562,0.0,4,4,inf,5.762287856171392,2.902670024538546,8.7,1.5,1.15,0.85,2.0,1.2,0.05,196613.0
unseen,IMC_PID/D2_resample_Ti_Td,reverse_off_anchor,combined_seed262147,5.0,5.0,164.39585606208766,160.0,ok,160341.30744154745,596649.290129596,5.7972333323727,320.8153440203608,0.0,4,4,inf,5.76215902806331,2.9027666676272994,8.7,1.5,1.15,0.85,2.0,1.2,0.05,262147.0
unseen,IMC_PID/D2_resample_Ti_Td,cross_equivalence,nominal,5.0,5.0,109.59723737472511,105.0,ok,100396.88873237796,293305.30693147867,4.314391750711548,0.8610354604418964,0.0,7,5,inf,3.283502674352568,3.7704538366042573,10.37218948531001,,,,,,,
unseen,IMC_PID/D2_resample_Ti_Td,cross_equivalence,delay_minus30,5.0,5.0,76.71806616230758,75.0,ok,99508.65835471296,291251.2405752147,4.308286151293101,0.8537147685260864,0.0,7,5,inf,3.2812308522985374,3.7715908742293034,10.370971241634136,0.7,,,,,,
unseen,IMC_PID/D2_resample_Ti_Td,cross_equivalence,delay_plus50,5.0,5.0,164.39585606208766,160.0,ok,102197.53906394061,297581.3846266317,4.325365933440995,0.8751707713839467,0.0,7,4,inf,3.2874179353711765,3.7687236057490785,10.374288904218542,1.5,,,,,,
unseen,IMC_PID/D2_resample_Ti_Td,cross_equivalence,acid_plus15,5.0,5.0,109.59723737472511,105.0,ok,160635.96451333235,559801.3508981281,5.169412140335108,1.689519829591501,0.0,7,7,inf,4.113765462315729,3.1810117893916177,10.414438686865966,,1.15,,,,,
unseen,IMC_PID/D2_resample_Ti_Td,cross_equivalence,acid_minus15,5.0,5.0,109.59723737472511,105.0,ok,145528.51908772334,469220.9478379721,5.487824042651713,1.279866890063733,0.0,7,7,inf,5.376684322819303,3.8339642606428392,10.737824042651713,,0.85,,,,,
unseen,IMC_PID/D2_resample_Ti_Td,cross_equivalence,base_minus15,5.0,5.0,109.59723737472511,105.0,ok,170650.369501349,612812.1251218494,5.185321082453153,1.8279161138261166,0.0,7,7,inf,4.537060285114398,3.175015733152644,10.351592170264139,,,0.85,,,,
unseen,IMC_PID/D2_resample_Ti_Td,cross_equivalence,base_plus15,5.0,5.0,109.59723737472511,105.0,ok,136548.51937803294,456750.2634463842,5.4674485817683465,1.2070412435970965,0.0,7,7,inf,5.320358983723713,3.768206560811081,10.717448581768346,,,1.15,,,,
unseen,IMC_PID/D2_resample_Ti_Td,cross_equivalence,Kw_half,5.0,5.0,109.59723737472511,105.0,ok,103518.49134949561,312005.54368215613,4.325000411133093,0.8904682052628763,0.0,7,5,inf,3.5267808817942745,3.7783400140302827,10.666385571673205,,,,0.5,,,
unseen,IMC_PID/D2_resample_Ti_Td,cross_equivalence,Kw_double,5.0,5.0,109.59723737472511,105.0,ok,95519.30369722086,274089.8125183664,4.301287690174563,0.8251479179950572,0.0,7,6,inf,3.032990440754477,3.748398945251525,10.07789027351248,,,,2.0,,,
unseen,IMC_PID/D2_resample_Ti_Td,cross_equivalence,volume_plus20,5.0,5.0,109.59723737472511,105.0,ok,105113.79730769247,303863.74379507324,4.289286982137824,0.8961699018947593,0.0,7,5,inf,3.3007019894922367,3.797290739944664,10.357676252949014,,,,,1.2,,
unseen,IMC_PID/D2_resample_Ti_Td,cross_equivalence,volume_minus20,5.0,5.0,109.59723737472511,105.0,ok,94465.11639560618,283960.37062718684,4.342846322093244,0.8205802770553783,0.0,7,4,inf,3.2631685777552706,3.7388375573719537,10.386776634245416,,,,,0.8,,
unseen,IMC_PID/D2_resample_Ti_Td,cross_equivalence,noise_0.01_seed104729,5.0,5.0,109.59723737472511,105.0,ok,100396.62940300761,293260.75143669505,4.314603559419323,18.18416237449994,0.0,7,5,inf,3.2835227699533283,3.770349281534985,10.372195477765493,,,,,,0.01,104729.0
unseen,IMC_PID/D2_resample_Ti_Td,cross_equivalence,noise_0.01_seed130363,5.0,5.0,109.59723737472511,105.0,ok,100432.2012131766,293333.35243362363,4.314402168203816,17.712622757989497,0.0,7,5,inf,3.283476697592584,3.7701933701632786,10.372197160821504,,,,,,0.01,130363.0
unseen,IMC_PID/D2_resample_Ti_Td,cross_equivalence,noise_0.01_seed155921,5.0,5.0,109.59723737472511,105.0,ok,100396.18996901509,293262.31155257474,4.314293827031443,17.785232813727873,0.0,7,5,inf,3.283475866150705,3.7703260261512237,10.372174246523548,,,,,,0.01,155921.0
unseen,IMC_PID/D2_resample_Ti_Td,cross_equivalence,noise_0.01_seed196613,5.0,5.0,109.59723737472511,105.0,ok,100441.73206427679,293323.80947966425,4.314295858395769,17.409249827762878,0.0,7,5,inf,3.283532565582198,3.7703538927453746,10.37218584121452,,,,,,0.01,196613.0
unseen,IMC_PID/D2_resample_Ti_Td,cross_equivalence,noise_0.01_seed262147,5.0,5.0,109.59723737472511,105.0,ok,100380.4617963326,293289.38281370915,4.314685823065298,18.019043651047294,0.0,7,5,inf,3.2835538419103,3.7703636131430427,10.372200571924374,,,,,,0.01,262147.0
unseen,IMC_PID/D2_resample_Ti_Td,cross_equivalence,noise_0.05_seed104729,5.0,5.0,109.59723737472511,105.0,ok,100164.48039551821,292276.8535858069,4.318609511235675,90.41390377051087,0.0,7,5,inf,3.2837534873481085,3.7705254594524917,10.372296266596097,,,,,,0.05,104729.0
unseen,IMC_PID/D2_resample_Ti_Td,cross_equivalence,noise_0.05_seed130363,5.0,5.0,109.59723737472511,105.0,ok,100153.95196041989,292390.53119092755,4.311386914231775,88.15889988661209,0.0,7,6,inf,3.2835010172698533,3.7661935427302224,10.37229365164828,,,,,,0.05,130363.0
unseen,IMC_PID/D2_resample_Ti_Td,cross_equivalence,noise_0.05_seed155921,5.0,5.0,109.59723737472511,105.0,ok,100402.31661974131,292362.1313877205,4.3120941163058815,87.76916479678871,0.0,7,5,inf,3.283375917873074,3.7699786816819336,10.372120016151799,,,,,,0.05,155921.0
unseen,IMC_PID/D2_resample_Ti_Td,cross_equivalence,noise_0.05_seed196613,5.0,5.0,109.59723737472511,105.0,ok,100780.19601770093,293266.79774466914,4.311730157243987,86.53305322284109,0.0,7,5,inf,3.2836380272148373,3.7691751871965598,10.372164262025981,,,,,,0.05,196613.0
unseen,IMC_PID/D2_resample_Ti_Td,cross_equivalence,noise_0.05_seed262147,5.0,5.0,109.59723737472511,105.0,ok,100547.46000801763,293284.9565507041,4.317223157265255,89.90274151820842,0.0,7,6,inf,3.2836336440583844,3.7717225281156104,10.372188663460857,,,,,,0.05,262147.0
unseen,IMC_PID/D2_resample_Ti_Td,cross_equivalence,combined_seed104729,5.0,5.0,164.39585606208766,160.0,ok,199838.1435948462,797393.5025313008,5.523880951401315,318.80665250425926,0.0,7,7,inf,5.293316991874052,2.8629943002689515,9.6113341109919,1.5,1.15,0.85,2.0,1.2,0.05,104729.0
unseen,IMC_PID/D2_resample_Ti_Td,cross_equivalence,combined_seed130363,5.0,5.0,164.39585606208766,160.0,ok,199580.4419320862,797275.0633515768,5.52404879691441,316.39769876891853,0.0,7,7,inf,5.293730402002957,2.8627507952844917,9.609630464399224,1.5,1.15,0.85,2.0,1.2,0.05,130363.0
unseen,IMC_PID/D2_resample_Ti_Td,cross_equivalence,combined_seed155921,5.0,5.0,164.39585606208766,160.0,ok,200100.69477016982,797696.067300254,5.523946224166231,316.7662019978863,0.0,7,6,inf,5.293524593855526,2.8629213002534497,9.610161001850537,1.5,1.15,0.85,2.0,1.2,0.05,155921.0
unseen,IMC_PID/D2_resample_Ti_Td,cross_equivalence,combined_seed196613,5.0,5.0,164.39585606208766,160.0,ok,200610.76966951747,798476.5072873264,5.523481468851336,310.2877524099304,0.0,7,7,inf,5.292604497285289,2.8633510117849226,9.615992153001825,1.5,1.15,0.85,2.0,1.2,0.05,196613.0
unseen,IMC_PID/D2_resample_Ti_Td,cross_equivalence,combined_seed262147,5.0,5.0,164.39585606208766,160.0,ok,199979.29304056492,797715.4639444726,5.52395197254736,317.244067531676,0.0,7,6,inf,5.293566291138893,2.8628642998488627,9.611343039296177,1.5,1.15,0.85,2.0,1.2,0.05,262147.0
unseen,IMC_PID/D2_resample_Ti_Td,regulatory_off_anchor,nominal,5.0,5.0,109.59723737472511,105.0,ok,123905.87960812266,363170.76312123437,3.7553806414012985,0.9902237071789175,0.0,4,2,inf,3.0272727275254976,3.594619358598701,10.745693168879832,,,,,,,
unseen,IMC_PID/D2_resample_Ti_Td,regulatory_off_anchor,delay_minus30,5.0,5.0,76.71806616230758,75.0,ok,122981.19291605291,360730.4832166112,3.7533268453429685,0.987144985048781,0.0,4,2,inf,3.0261348175600506,3.596673154657031,10.745146051153403,0.7,,,,,,
unseen,IMC_PID/D2_resample_Ti_Td,regulatory_off_anchor,delay_plus50,5.0,5.0,164.39585606208766,160.0,ok,121623.16906948203,362161.8135219567,3.759107592373437,1.0017984049518445,0.0,4,2,inf,3.0283588907445154,3.5908924076265625,10.746271029956807,1.5,,,,,,
unseen,IMC_PID/D2_resample_Ti_Td,regulatory_off_anchor,acid_plus15,5.0,5.0,109.59723737472511,105.0,ok,181696.04952889896,624542.6059595693,4.209694751742187,2.414022673737196,0.0,4,4,inf,4.0381316842698025,3.1403052482578127,10.608303566210221,,1.15,,,,,
unseen,IMC_PID/D2_resample_Ti_Td,regulatory_off_anchor,acid_minus15,5.0,5.0,109.59723737472511,105.0,ok,147889.55502181046,431566.1259143162,3.476055606590579,1.1117123175084904,0.0,4,4,inf,3.449867920896354,4.081332859581743,10.826055606590579,,0.85,,,,,
unseen,IMC_PID/D2_resample_Ti_Td,regulatory_off_anchor,base_minus15,5.0,5.0,109.59723737472511,105.0,ok,182766.81030083826,628842.7548594925,4.213083022108062,2.324848715039318,0.0,4,4,inf,4.068661001757659,3.1369169778919375,10.457422981685463,,,0.85,,,,
unseen,IMC_PID/D2_resample_Ti_Td,regulatory_off_anchor,base_plus15,5.0,5.0,109.59723737472511,105.0,ok,138121.01287484303,401584.2798092466,3.470295561211488,1.0276423677980144,0.0,4,3,inf,3.436715778361121,4.01526559447436,10.820295561211488,,,1.15,,,,
unseen,IMC_PID/D2_resample_Ti_Td,regulatory_off_anchor,Kw_half,5.0,5.0,109.59723737472511,105.0,ok,129466.86200998403,404716.8871541811,3.7555392103539593,1.084029318727552,0.0,4,2,inf,3.2574236902402554,3.5944607896460403,11.042437688465125,,,,0.5,,,
unseen,IMC_PID/D2_resample_Ti_Td,regulatory_off_anchor,Kw_double,5.0,5.0,109.59723737472511,105.0,ok,110773.46171370803,313175.11247988103,3.7552934623557594,0.9059002885933731,0.0,4,2,inf,2.785430781172966,3.59470653764424,10.448229332537487,,,,2.0,,,
unseen,IMC_PID/D2_resample_Ti_Td,regulatory_off_anchor,volume_plus20,5.0,5.0,109.59723737472511,105.0,ok,125213.76681914538,368672.28358510195,3.736764392208526,1.028743444859142,0.0,4,3,inf,3.0351265997717327,3.6132356077914736,10.737532104847993,,,,,1.2,,
unseen,IMC_PID/D2_resample_Ti_Td,regulatory_off_anchor,volume_minus20,5.0,5.0,109.59723737472511,105.0,ok,116568.85422501652,348157.66683111084,3.7758839768234056,0.9602191623511862,0.0,4,3,inf,3.0181597360882844,3.574116023176594,10.753851588996104,,,,,0.8,,
unseen,IMC_PID/D2_resample_Ti_Td,regulatory_off_anchor,noise_0.01_seed104729,5.0,5.0,109.59723737472511,105.0,ok,123893.67500763835,363151.4799458602,3.75553449657176,17.147592609574144,0.0,4,2,inf,3.0272194785109026,3.5944655034282396,10.745673102413017,,,,,,0.01,104729.0
unseen,IMC_PID/D2_resample_Ti_Td,regulatory_off_anchor,noise_0.01_seed130363,5.0,5.0,109.59723737472511,105.0,ok,123924.6845575173,363206.9941439994,3.7554856360614957,17.082296589997572,0.0,4,2,inf,3.0273058980798737,3.594514363938504,10.745702057263633,,,,,,0.01,130363.0
unseen,IMC_PID/D2_resample_Ti_Td,regulatory_off_anchor,noise_0.01_seed155921,5.0,5.0,109.59723737472511,105.0,ok,123918.11913323047,363199.54679161886,3.755525153947763,17.15169800345228,0.0,4,2,inf,3.027218491233187,3.5944748460522367,10.745686434186505,,,,,,0.01,155921.0
unseen,IMC_PID/D2_resample_Ti_Td,regulatory_off_anchor,noise_0.01_seed196613,5.0,5.0,109.59723737472511,105.0,ok,123939.35046072242,363240.8753182486,3.7555118881027267,16.565342588184397,0.0,4,2,inf,3.027191932961575,3.594488111897273,10.74567225644657,,,,,,0.01,196613.0
unseen,IMC_PID/D2_resample_Ti_Td,regulatory_off_anchor,noise_0.01_seed262147,5.0,5.0,109.59723737472511,105.0,ok,123931.87259241268,363215.444059849,3.7554172122632736,17.476889020594903,0.0,4,2,inf,3.02732310042337,3.594582787736726,10.745696173412222,,,,,,0.01,262147.0
unseen,IMC_PID/D2_resample_Ti_Td,regulatory_off_anchor,noise_0.05_seed104729,5.0,5.0,109.59723737472511,105.0,ok,123731.93774454313,363379.43908779975,3.7570332951759666,85.87729116769077,0.0,4,2,inf,3.0266218643847687,3.592966704824033,10.745429653452373,,,,,,0.05,104729.0
unseen,IMC_PID/D2_resample_Ti_Td,regulatory_off_anchor,noise_0.05_seed130363,5.0,5.0,109.59723737472511,105.0,ok,123696.06637035038,362702.24594790547,3.756483814641631,84.47600573328066,0.0,4,2,inf,3.0273951248529993,3.593516185358369,10.745720218960802,,,,,,0.05,130363.0
unseen,IMC_PID/D2_resample_Ti_Td,regulatory_off_anchor,noise_0.05_seed155921,5.0,5.0,109.59723737472511,105.0,ok,124043.19634313956,363396.31034146575,3.7557449440787614,85.54266756260064,0.0,4,2,inf,3.0269441737959166,3.5942550559212383,10.745636955756588,,,,,,0.05,155921.0
unseen,IMC_PID/D2_resample_Ti_Td,regulatory_off_anchor,noise_0.05_seed196613,5.0,5.0,109.59723737472511,105.0,ok,124214.24448899183,364271.73394379334,3.7567814564100352,83.27989468046198,0.0,4,2,inf,3.0269360312033253,3.5932185435899644,10.745618154952092,,,,,,0.05,196613.0
unseen,IMC_PID/D2_resample_Ti_Td,regulatory_off_anchor,noise_0.05_seed262147,5.0,5.0,109.59723737472511,105.0,ok,122843.18635869327,361823.5333528607,3.7554537285202367,86.85748598292199,0.0,4,2,inf,3.0271179112062416,3.594546271479763,10.745535323113607,,,,,,0.05,262147.0
unseen,IMC_PID/D2_resample_Ti_Td,regulatory_off_anchor,combined_seed104729,5.0,5.0,164.39585606208766,160.0,ok,173295.6491222051,652018.9468021549,4.515546715275189,264.51711092501773,0.0,4,4,inf,4.443744895623732,2.8344532847248107,9.004191405384388,1.5,1.15,0.85,2.0,1.2,0.05,104729.0
unseen,IMC_PID/D2_resample_Ti_Td,regulatory_off_anchor,combined_seed130363,5.0,5.0,164.39585606208766,160.0,ok,173708.52681894015,652709.3539243098,4.515407219860913,266.463613534203,0.0,4,4,inf,4.443710465740937,2.8345927801390864,9.005387230389916,1.5,1.15,0.85,2.0,1.2,0.05,130363.0
unseen,IMC_PID/D2_resample_Ti_Td,regulatory_off_anchor,combined_seed155921,5.0,5.0,164.39585606208766,160.0,ok,173366.74854538028,651796.5872386794,4.515356375271767,266.4258134607113,0.0,4,4,inf,4.443548514621483,2.8346436247282325,9.014893449731758,1.5,1.15,0.85,2.0,1.2,0.05,155921.0
unseen,IMC_PID/D2_resample_Ti_Td,regulatory_off_anchor,combined_seed196613,5.0,5.0,164.39585606208766,160.0,ok,173490.5076383147,652553.0440542578,4.515364044985697,261.23045651912844,0.0,4,4,inf,4.443642509325671,2.834635955014303,9.009816693166472,1.5,1.15,0.85,2.0,1.2,0.05,196613.0
unseen,IMC_PID/D2_resample_Ti_Td,regulatory_off_anchor,combined_seed262147,5.0,5.0,164.39585606208766,160.0,ok,173213.5179886045,652206.6136780381,4.515439064419289,272.5715771745673,0.0,4,4,inf,4.443638968641277,2.8345609355807104,9.004872221875571,1.5,1.15,0.85,2.0,1.2,0.05,262147.0
unseen,IMC_PID/E_original5_retuned,reverse_off_anchor,nominal,5.0,5.0,109.59723737472511,105.0,ok,6921.3332550953655,9179.114926110582,2.1731425016977663,0.5860426406633907,0.0,4,0,4790.0,3.3164226920234796e-10,4.476857498302234,8.7,,,,,,,
unseen,IMC_PID/E_original5_retuned,reverse_off_anchor,delay_minus30,5.0,5.0,76.71806616230758,75.0,ok,7118.202797430672,9022.16668954333,2.1792409673512543,0.5495553492929206,0.0,4,0,4825.0,3.2450753195689686e-10,4.470759032648746,8.7,0.7,,,,,,
unseen,IMC_PID/E_original5_retuned,reverse_off_anchor,delay_plus50,5.0,5.0,164.39585606208766,160.0,ok,11853.42289115017,15476.166613255491,2.2343985531463684,0.8792303562120303,0.0,4,0,6835.0,3.4295943862616696e-10,4.640092058798517,8.884398553146369,1.5,,,,,,
unseen,IMC_PID/E_original5_retuned,reverse_off_anchor,acid_plus15,5.0,5.0,109.59723737472511,105.0,ok,60156.05076630079,217985.50097551325,5.166221481351695,11.362201877165086,0.0,4,1,inf,4.830063893024773,3.533778518648305,9.133046253303808,,1.15,,,,,
unseen,IMC_PID/E_original5_retuned,reverse_off_anchor,acid_minus15,5.0,5.0,109.59723737472511,105.0,ok,22133.92663436712,38154.17216006229,2.6191101512843797,1.7719004291668679,0.0,4,1,inf,1.2716397594794735,4.4668089408172555,10.694982032629875,,0.85,,,,,
unseen,IMC_PID/E_original5_retuned,reverse_off_anchor,base_minus15,5.0,5.0,109.59723737472511,105.0,ok,40713.85558367121,155977.26361224704,5.131343166291179,7.455769247397615,0.0,4,1,inf,4.561142109675326,3.56865683370882,9.100697097587156,,,0.85,,,,
unseen,IMC_PID/E_original5_retuned,reverse_off_anchor,base_plus15,5.0,5.0,109.59723737472511,105.0,ok,19043.183878031246,31787.532896374403,2.4610397138736815,1.6355403574164127,0.0,4,1,inf,0.5840606809916391,4.3293589769199645,10.67658475742633,,,1.15,,,,
unseen,IMC_PID/E_original5_retuned,reverse_off_anchor,Kw_half,5.0,5.0,109.59723737472511,105.0,ok,6312.371393064155,7970.05972949655,2.264386171931603,0.6645226072111337,0.0,4,0,4435.0,2.9755373276429964e-08,4.538270094707046,8.914386171931604,,,,0.5,,,
unseen,IMC_PID/E_original5_retuned,reverse_off_anchor,Kw_double,5.0,5.0,109.59723737472511,105.0,ok,7576.967992061073,9537.88477209813,2.079487219219053,0.5236634719719993,0.0,4,0,4680.0,9.80654638027545e-06,4.570512780780947,8.704840930868288,,,,2.0,,,
unseen,IMC_PID/E_original5_retuned,reverse_off_anchor,volume_plus20,5.0,5.0,109.59723737472511,105.0,ok,7223.498381198283,8633.974939492966,1.9637328189774594,0.49323551283928335,0.0,4,0,4860.0,9.559819602600328e-11,4.686267181022541,8.7,,,,,1.2,,
unseen,IMC_PID/E_original5_retuned,reverse_off_anchor,volume_minus20,5.0,5.0,109.59723737472511,105.0,ok,6502.824847899219,9846.976966155746,2.368253764994342,0.684406267110198,0.0,4,0,3010.0,8.413447716293376e-10,4.2817462350056585,8.735554242945415,,,,,0.8,,
unseen,IMC_PID/E_original5_retuned,reverse_off_anchor,noise_0.01_seed104729,5.0,5.0,109.59723737472511,105.0,ok,6908.084072884026,9019.423060687548,2.1618767783540696,49.86355539730664,0.0,4,0,4730.0,0.00521702900814347,4.488123221645931,8.701283482052395,,,,,,0.01,104729.0
unseen,IMC_PID/E_original5_retuned,reverse_off_anchor,noise_0.01_seed130363,5.0,5.0,109.59723737472511,105.0,ok,7050.394669493084,9226.729972088058,2.1781563067671312,50.54442286022199,0.0,4,0,4980.0,0.007274894081966465,4.471843693232869,8.701998315945287,,,,,,0.01,130363.0
unseen,IMC_PID/E_original5_retuned,reverse_off_anchor,noise_0.01_seed155921,5.0,5.0,109.59723737472511,105.0,ok,7040.903717986213,9069.270499915767,2.1584583297412703,50.148614093480944,0.0,4,0,4835.0,0.005023283575294357,4.49154167025873,8.702232239910442,,,,,,0.01,155921.0
unseen,IMC_PID/E_original5_retuned,reverse_off_anchor,noise_0.01_seed196613,5.0,5.0,109.59723737472511,105.0,ok,6847.475921757006,9031.549530199856,2.160489246868729,49.65904082784052,0.0,4,0,4765.0,0.0018447215128691852,4.489510753131271,8.702943816555072,,,,,,0.01,196613.0
unseen,IMC_PID/E_original5_retuned,reverse_off_anchor,noise_0.01_seed262147,5.0,5.0,109.59723737472511,105.0,ok,6981.535983024725,9159.93136188735,2.1733916874480643,50.05593451124219,0.0,4,0,4655.0,0.004096249184218692,4.476608312551936,8.702439528821044,,,,,,0.01,262147.0
unseen,IMC_PID/E_original5_retuned,reverse_off_anchor,noise_0.05_seed104729,5.0,5.0,109.59723737472511,105.0,ok,8052.10567838245,8229.31948042718,1.946239809817392,235.49447324460508,0.0,4,1,inf,0.0873604887415187,4.7153066914379815,8.708893148399735,,,,,,0.05,104729.0
unseen,IMC_PID/E_original5_retuned,reverse_off_anchor,noise_0.05_seed130363,5.0,5.0,109.59723737472511,105.0,ok,7839.592348879385,6454.3744633656615,1.9080310082456204,218.14551655448915,0.0,4,2,inf,0.15197133195264634,5.0578480561220465,8.71232127007157,,,,,,0.05,130363.0
unseen,IMC_PID/E_original5_retuned,reverse_off_anchor,noise_0.05_seed155921,5.0,5.0,109.59723737472511,105.0,ok,9029.523202152684,10153.649789756208,2.099399887131547,272.3042811838375,0.0,4,0,17925.0,0.02890815125019408,4.5506001128684535,8.710528504813867,,,,,,0.05,155921.0
unseen,IMC_PID/E_original5_retuned,reverse_off_anchor,noise_0.05_seed196613,5.0,5.0,109.59723737472511,105.0,ok,8178.841399286144,8797.402694953242,2.0474022939895162,251.23042821909894,0.0,4,0,17990.0,0.03921020644848827,4.602597706010484,8.71333950419516,,,,,,0.05,196613.0
unseen,IMC_PID/E_original5_retuned,reverse_off_anchor,noise_0.05_seed262147,5.0,5.0,109.59723737472511,105.0,ok,8872.332197906653,9461.186230828645,2.163164587063833,237.95584723681472,0.0,4,0,17835.0,0.04068541372300505,4.486835412936167,8.715320446842828,,,,,,0.05,262147.0
unseen,IMC_PID/E_original5_retuned,reverse_off_anchor,combined_seed104729,5.0,5.0,164.39585606208766,160.0,ok,64537.502702698876,226771.11971875036,5.543246590560242,897.3984472265438,0.0,4,2,inf,3.7468738386570593,3.1567534094397574,9.241378343447744,1.5,1.15,0.85,2.0,1.2,0.05,104729.0
unseen,IMC_PID/E_original5_retuned,reverse_off_anchor,combined_seed130363,5.0,5.0,164.39585606208766,160.0,ok,59567.75247697661,215907.82451777917,5.541676752301663,870.431407158412,0.0,4,2,inf,0.10814846794371036,3.1583232476983367,9.230030998222508,1.5,1.15,0.85,2.0,1.2,0.05,130363.0
unseen,IMC_PID/E_original5_retuned,reverse_off_anchor,combined_seed155921,5.0,5.0,164.39585606208766,160.0,ok,66041.86961166446,229045.21751160966,5.542383985781473,943.7855220371393,0.0,4,2,inf,1.0774531931284521,3.1576160142185254,9.236191736604543,1.5,1.15,0.85,2.0,1.2,0.05,155921.0
unseen,IMC_PID/E_original5_retuned,reverse_off_anchor,combined_seed196613,5.0,5.0,164.39585606208766,160.0,ok,65347.097979941565,232093.16074330447,5.544460748574633,944.4991210627015,0.0,4,2,inf,3.930981057184618,3.155539251425366,9.239743518207323,1.5,1.15,0.85,2.0,1.2,0.05,196613.0
unseen,IMC_PID/E_original5_retuned,reverse_off_anchor,combined_seed262147,5.0,5.0,164.39585606208766,160.0,ok,42867.995256288814,169595.4831676645,5.543080818033636,618.4061995410761,0.0,4,1,inf,4.4653462832752995,3.156919181966363,9.240330020380572,1.5,1.15,0.85,2.0,1.2,0.05,262147.0
unseen,IMC_PID/E_original5_retuned,cross_equivalence,nominal,5.0,5.0,109.59723737472511,105.0,ok,118584.96559149402,438690.821999668,4.876594883771412,24.92358159890214,0.0,7,3,inf,4.73521476352807,3.459215160302233,10.10374103255336,,,,,,,
unseen,IMC_PID/E_original5_retuned,cross_equivalence,delay_minus30,5.0,5.0,76.71806616230758,75.0,ok,99843.67624210034,377780.4690982853,4.727206335940842,19.17247374525713,0.0,7,2,inf,4.6095364539779755,3.4628667703118614,10.086811411012782,0.7,,,,,,
unseen,IMC_PID/E_original5_retuned,cross_equivalence,delay_plus50,5.0,5.0,164.39585606208766,160.0,ok,141809.07395340514,516243.03996623214,5.0123382138351005,39.315902336012215,0.0,7,5,inf,4.936695579897465,3.293124400357999,9.501120648809481,1.5,,,,,,
unseen,IMC_PID/E_original5_retuned,cross_equivalence,acid_plus15,5.0,5.0,109.59723737472511,105.0,ok,120987.7185157336,429523.7882088319,4.811849512066361,24.269805784869092,0.0,7,2,inf,4.811849512066361,3.4080890915893733,10.164894337159264,,1.15,,,,,
unseen,IMC_PID/E_original5_retuned,cross_equivalence,acid_minus15,5.0,5.0,109.59723737472511,105.0,ok,115847.07875343609,432427.36630602786,4.937769406039569,26.887957118666705,0.0,7,2,inf,4.884366703872425,3.462230593960431,10.019488041258517,,0.85,,,,,
unseen,IMC_PID/E_original5_retuned,cross_equivalence,base_minus15,5.0,5.0,109.59723737472511,105.0,ok,103357.0517482322,354428.52054936194,4.531817297856325,17.94080214557665,0.0,7,2,inf,4.4867554544586215,3.382059767070372,10.10893666475705,,,0.85,,,,
unseen,IMC_PID/E_original5_retuned,cross_equivalence,base_plus15,5.0,5.0,109.59723737472511,105.0,ok,119028.28055539778,468785.43025177374,5.178235511446129,29.588966086100083,0.0,7,3,inf,4.787199877140473,3.221764488553871,10.087039352285197,,,1.15,,,,
unseen,IMC_PID/E_original5_retuned,cross_equivalence,Kw_half,5.0,5.0,109.59723737472511,105.0,ok,128337.77936235869,481174.1059293953,4.999129805946642,31.84769842577684,0.0,7,4,inf,4.965207183835652,3.319280166523606,9.972052487598138,,,,0.5,,,
unseen,IMC_PID/E_original5_retuned,cross_equivalence,Kw_double,5.0,5.0,109.59723737472511,105.0,ok,93882.43642294967,357447.8213585671,4.805236927552218,19.02927726254448,0.0,7,2,inf,4.670646339101589,3.5947630724477824,9.821343948384717,,,,2.0,,,
unseen,IMC_PID/E_original5_retuned,cross_equivalence,volume_plus20,5.0,5.0,109.59723737472511,105.0,ok,108587.35239267236,388111.099420726,4.800123871471391,21.744165164741194,0.0,7,3,inf,4.609680349760099,3.599876128528609,10.058216886461635,,,,,1.2,,
unseen,IMC_PID/E_original5_retuned,cross_equivalence,volume_minus20,5.0,5.0,109.59723737472511,105.0,ok,109208.03134308576,435432.95862664457,5.057079805910972,25.13282057801084,0.0,7,2,inf,5.019620846726357,3.3429201940890287,10.146268665403525,,,,,0.8,,
unseen,IMC_PID/E_original5_retuned,cross_equivalence,noise_0.01_seed104729,5.0,5.0,109.59723737472511,105.0,ok,118263.24266357873,436298.9347982191,4.871115114988739,355.71506659479826,0.0,7,3,inf,4.721360814510421,3.46234324659406,10.103176417736188,,,,,,0.01,104729.0
unseen,IMC_PID/E_original5_retuned,cross_equivalence,noise_0.01_seed130363,5.0,5.0,109.59723737472511,105.0,ok,118065.1797391703,435771.6776914373,4.873359342935142,348.94363762547033,0.0,7,3,inf,4.737443156101953,3.455014891990294,10.10405132168067,,,,,,0.01,130363.0
unseen,IMC_PID/E_original5_retuned,cross_equivalence,noise_0.01_seed155921,5.0,5.0,109.59723737472511,105.0,ok,121036.52092420692,445744.14206626365,4.85653581967998,362.2079830641345,0.0,7,3,inf,4.645944561528855,3.3266669512394804,10.101698192254823,,,,,,0.01,155921.0
unseen,IMC_PID/E_original5_retuned,cross_equivalence,noise_0.01_seed196613,5.0,5.0,109.59723737472511,105.0,ok,118250.93628773066,435641.28427085,4.870890629651088,346.20679916204796,0.0,7,3,inf,4.7386739324301255,3.472148859048412,10.102601288789634,,,,,,0.01,196613.0
unseen,IMC_PID/E_original5_retuned,cross_equivalence,noise_0.01_seed262147,5.0,5.0,109.59723737472511,105.0,ok,100593.81800472646,391758.6778549036,4.8819678377744875,285.56120401407145,0.0,7,2,inf,4.820301320971952,3.5180321622255124,10.09914780499438,,,,,,0.01,262147.0
unseen,IMC_PID/E_original5_retuned,cross_equivalence,noise_0.05_seed104729,5.0,5.0,109.59723737472511,105.0,ok,115322.85203678928,419752.50892971247,4.876886240732805,1668.6504208084923,0.0,7,3,inf,4.8455911789680215,3.5231137592671953,10.100115519499608,,,,,,0.05,104729.0
unseen,IMC_PID/E_original5_retuned,cross_equivalence,noise_0.05_seed130363,5.0,5.0,109.59723737472511,105.0,ok,99718.05498750036,382578.15831979224,4.9164545334937735,1305.5616518693037,0.0,7,7,inf,4.705477171676314,3.4835454665062273,10.104480449022725,,,,,,0.05,130363.0
unseen,IMC_PID/E_original5_retuned,cross_equivalence,noise_0.05_seed155921,5.0,5.0,109.59723737472511,105.0,ok,103683.29290706199,387795.8440863373,4.905783753316555,1404.7458036676276,0.0,7,4,inf,4.731190382961955,3.4942162466834445,10.0979949728411,,,,,,0.05,155921.0
unseen,IMC_PID/E_original5_retuned,cross_equivalence,noise_0.05_seed196613,5.0,5.0,109.59723737472511,105.0,ok,116210.61922014087,415768.9765091415,4.863612492558159,1648.585156056277,0.0,7,3,inf,4.799298952010612,3.4436957005390796,10.102888993333154,,,,,,0.05,196613.0
unseen,IMC_PID/E_original5_retuned,cross_equivalence,noise_0.05_seed262147,5.0,5.0,109.59723737472511,105.0,ok,143585.39939853598,509279.47008202993,4.859239910884119,2399.856612085718,0.0,7,7,inf,4.707992233618985,3.3718786382394805,9.3598221096614,,,,,,0.05,262147.0
unseen,IMC_PID/E_original5_retuned,cross_equivalence,combined_seed104729,5.0,5.0,164.39585606208766,160.0,ok,124821.72459120113,400581.87122188613,4.767771677536645,1788.8419066978029,0.0,7,5,inf,4.205852551544983,3.0234590063829545,9.869776658767902,1.5,1.15,0.85,2.0,1.2,0.05,104729.0
unseen,IMC_PID/E_original5_retuned,cross_equivalence,combined_seed130363,5.0,5.0,164.39585606208766,160.0,ok,113746.49972678116,357658.7295847164,4.771363283467984,1541.0636130692458,0.0,7,6,inf,4.0667236943961065,3.0207638569946353,9.871295815871136,1.5,1.15,0.85,2.0,1.2,0.05,130363.0
unseen,IMC_PID/E_original5_retuned,cross_equivalence,combined_seed155921,5.0,5.0,164.39585606208766,160.0,ok,115848.80824517593,370079.6821624355,4.774232289717232,1619.5383733022265,0.0,7,5,inf,4.052706418341402,3.022374146812763,9.868773327979717,1.5,1.15,0.85,2.0,1.2,0.05,155921.0
unseen,IMC_PID/E_original5_retuned,cross_equivalence,combined_seed196613,5.0,5.0,164.39585606208766,160.0,ok,131763.38458859862,409517.8096578392,4.783875636279413,1819.0005920182234,0.0,7,6,inf,3.983309218012206,3.0263531454499546,9.869487927764592,1.5,1.15,0.85,2.0,1.2,0.05,196613.0
unseen,IMC_PID/E_original5_retuned,cross_equivalence,combined_seed262147,5.0,5.0,164.39585606208766,160.0,ok,128016.4425859235,398470.4617208647,4.768817907652686,1841.0677166124547,0.0,7,6,inf,4.065696486282577,3.0215041503314835,9.873204462729104,1.5,1.15,0.85,2.0,1.2,0.05,262147.0
unseen,IMC_PID/E_original5_retuned,regulatory_off_anchor,nominal,5.0,5.0,109.59723737472511,105.0,ok,110155.4057715833,312205.79791819357,3.4521852955103327,14.83944359167717,0.0,4,2,inf,1.3239330669299472,3.897814704489667,10.556405782480201,,,,,,,
unseen,IMC_PID/E_original5_retuned,regulatory_off_anchor,delay_minus30,5.0,5.0,76.71806616230758,75.0,ok,35564.797483909075,95151.54559553755,3.435938026741854,3.098555435259211,0.0,4,0,7015.0,5.345652809296553e-10,3.914061973258146,10.551625993459403,0.7,,,,,,
unseen,IMC_PID/E_original5_retuned,regulatory_off_anchor,delay_plus50,5.0,5.0,164.39585606208766,160.0,ok,170309.05232529007,563552.0351200296,3.931608240882966,46.909053811625114,0.0,4,3,inf,3.6611815713484197,3.418391759117034,9.90073943772693,1.5,,,,,,
unseen,IMC_PID/E_original5_retuned,regulatory_off_anchor,acid_plus15,5.0,5.0,109.59723737472511,105.0,ok,116183.95179602738,346055.3466445885,3.8812488313571483,16.84203379323357,0.0,4,2,inf,3.5770872765216377,3.4687511686428514,10.61296398324777,,1.15,,,,,
unseen,IMC_PID/E_original5_retuned,regulatory_off_anchor,acid_minus15,5.0,5.0,109.59723737472511,105.0,ok,125504.65720884572,363558.1975626369,3.5341309611387035,17.383352087425564,0.0,4,2,inf,3.113562350622174,3.815869038861296,10.646088147038663,,0.85,,,,,
unseen,IMC_PID/E_original5_retuned,regulatory_off_anchor,base_minus15,5.0,5.0,109.59723737472511,105.0,ok,79502.00390042338,230576.17919316742,3.9058302936673646,10.015106720063844,0.0,4,1,inf,3.2944700197358703,3.444169706332635,10.555553417726104,,,0.85,,,,
unseen,IMC_PID/E_original5_retuned,regulatory_off_anchor,base_plus15,5.0,5.0,109.59723737472511,105.0,ok,207529.82321782052,746030.055492025,4.434259507038984,55.2289011873179,0.0,4,4,inf,3.963496069032189,2.915740492961015,10.62571093826658,,,1.15,,,,
unseen,IMC_PID/E_original5_retuned,regulatory_off_anchor,Kw_half,5.0,5.0,109.59723737472511,105.0,ok,180240.76538302383,621908.2843488572,4.292977655043433,47.045076004969005,0.0,4,3,inf,3.5935731873750267,3.0570223449565663,9.880764807045663,,,,0.5,,,
unseen,IMC_PID/E_original5_retuned,regulatory_off_anchor,Kw_double,5.0,5.0,109.59723737472511,105.0,ok,62665.70804732232,163079.77773510283,3.4518773608584623,6.5902002180583725,0.0,4,0,10380.0,0.0002692250977034405,3.8981226391415373,10.271751617237081,,,,2.0,,,
unseen,IMC_PID/E_original5_retuned,regulatory_off_anchor,volume_plus20,5.0,5.0,109.59723737472511,105.0,ok,85625.18711290082,229401.37863870958,3.405828509944088,10.592315710426732,0.0,4,0,15655.0,0.004290307452371245,3.9441714900559117,10.527794105921386,,,,,1.2,,
unseen,IMC_PID/E_original5_retuned,regulatory_off_anchor,volume_minus20,5.0,5.0,109.59723737472511,105.0,ok,64426.89884574893,182168.5822611102,3.5065644395682685,7.429284272280424,0.0,4,0,11325.0,1.449898361371993e-07,3.843435560431731,10.589984739215742,,,,,0.8,,
unseen,IMC_PID/E_original5_retuned,regulatory_off_anchor,noise_0.01_seed104729,5.0,5.0,109.59723737472511,105.0,ok,105779.36211906958,299970.48305132485,3.4535623916227602,282.9530604381393,0.0,4,1,inf,2.167710891072649,3.8964376083772394,10.557252703657161,,,,,,0.01,104729.0
unseen,IMC_PID/E_original5_retuned,regulatory_off_anchor,noise_0.01_seed130363,5.0,5.0,109.59723737472511,105.0,ok,102250.340807437,285465.1528114226,3.453729898932596,260.74954758339936,0.0,4,1,inf,1.0790994942830743,3.8962701010674037,10.553497639675005,,,,,,0.01,130363.0
unseen,IMC_PID/E_original5_retuned,regulatory_off_anchor,noise_0.01_seed155921,5.0,5.0,109.59723737472511,105.0,ok,99688.02122781734,279003.7418657818,3.4537326983280985,257.1010464977514,0.0,4,1,inf,1.6326790625839491,3.896267301671901,10.557248362415994,,,,,,0.01,155921.0
unseen,IMC_PID/E_original5_retuned,regulatory_off_anchor,noise_0.01_seed196613,5.0,5.0,109.59723737472511,105.0,ok,101891.25964424809,285213.0080469137,3.453604922871324,255.09651437506767,0.0,4,1,inf,0.6501994978695675,3.8963950771286755,10.557203956049053,,,,,,0.01,196613.0
unseen,IMC_PID/E_original5_retuned,regulatory_off_anchor,noise_0.01_seed262147,5.0,5.0,109.59723737472511,105.0,ok,92818.80195342962,257269.7950172747,3.45269556336456,240.294673006345,0.0,4,0,16300.0,0.006904289891459747,3.8973044366354395,10.557114002302628,,,,,,0.01,262147.0
unseen,IMC_PID/E_original5_retuned,regulatory_off_anchor,noise_0.05_seed104729,5.0,5.0,109.59723737472511,105.0,ok,93118.26856058449,270888.634932453,3.499993075920997,1288.5860376924456,0.0,4,1,inf,2.6269470627788323,3.8500069240790027,10.557287422515719,,,,,,0.05,104729.0
unseen,IMC_PID/E_original5_retuned,regulatory_off_anchor,noise_0.05_seed130363,5.0,5.0,109.59723737472511,105.0,ok,75374.0752652622,208289.17917590865,3.5359821491708634,905.3224040305664,0.0,4,1,inf,0.051305948603695306,3.8140178508291362,10.558035026762523,,,,,,0.05,130363.0
unseen,IMC_PID/E_original5_retuned,regulatory_off_anchor,noise_0.05_seed155921,5.0,5.0,109.59723737472511,105.0,ok,59580.014818402924,155748.12950788304,3.524174931796994,593.6945031366907,0.0,4,0,14030.0,0.01222312598280606,3.8258250682030055,10.5579403811994,,,,,,0.05,155921.0
unseen,IMC_PID/E_original5_retuned,regulatory_off_anchor,noise_0.05_seed196613,5.0,5.0,109.59723737472511,105.0,ok,52219.36814099884,136383.0014274103,3.4646888025726432,482.9395148487373,0.0,4,0,17970.0,0.04543910329809098,3.8853111974273564,10.55745177875916,,,,,,0.05,196613.0
unseen,IMC_PID/E_original5_retuned,regulatory_off_anchor,noise_0.05_seed262147,5.0,5.0,109.59723737472511,105.0,ok,65254.03416409694,172512.72733299903,3.4555980220412477,698.965938092767,0.0,4,0,17975.0,0.0491164533358015,3.894401977958752,10.557429485425574,,,,,,0.05,262147.0
unseen,IMC_PID/E_original5_retuned,regulatory_off_anchor,combined_seed104729,5.0,5.0,164.39585606208766,160.0,ok,102373.90405777603,289956.73127516627,4.269642492721363,1138.6209623318748,0.0,4,1,inf,3.4998088448686926,3.080357507278636,10.302418558639785,1.5,1.15,0.85,2.0,1.2,0.05,104729.0
unseen,IMC_PID/E_original5_retuned,regulatory_off_anchor,combined_seed130363,5.0,5.0,164.39585606208766,160.0,ok,110410.52895819157,307625.64053974045,4.26879023253125,1210.9840596018203,0.0,4,3,inf,3.479059720255835,3.0812097674687497,10.3034871838107,1.5,1.15,0.85,2.0,1.2,0.05,130363.0
unseen,IMC_PID/E_original5_retuned,regulatory_off_anchor,combined_seed155921,5.0,5.0,164.39585606208766,160.0,ok,96278.3228734168,273754.06397223915,4.268036051646385,1070.9923603477428,0.0,4,1,inf,3.4694769491930244,3.0819639483536148,10.302675910285618,1.5,1.15,0.85,2.0,1.2,0.05,155921.0
unseen,IMC_PID/E_original5_retuned,regulatory_off_anchor,combined_seed196613,5.0,5.0,164.39585606208766,160.0,ok,114893.11584170857,321746.2462176735,4.269049453455313,1273.0314052237754,0.0,4,2,inf,3.4838921626080346,3.0809505465446865,10.302428913732607,1.5,1.15,0.85,2.0,1.2,0.05,196613.0
unseen,IMC_PID/E_original5_retuned,regulatory_off_anchor,combined_seed262147,5.0,5.0,164.39585606208766,160.0,ok,93235.0718763065,271394.7014904107,4.269266023318512,1091.6627209568308,0.0,4,2,inf,3.4666515441734482,3.0807339766814876,10.303220629946024,1.5,1.15,0.85,2.0,1.2,0.05,262147.0
unseen,IMC_PID/P_move_interior_Kc,reverse_off_anchor,nominal,5.0,5.0,109.59723737472511,105.0,ok,14015.22074158037,11435.316659820888,1.949997288585556,0.015358410189640459,0.0,4,1,inf,0.052029822054356245,5.451124428094851,8.7,,,,,,,
unseen,IMC_PID/P_move_interior_Kc,reverse_off_anchor,delay_minus30,5.0,5.0,76.71806616230758,75.0,ok,13916.63574623124,11164.015808865724,1.9499813883080401,0.015090648392043882,0.0,4,1,inf,0.0525753109565148,5.451925037341022,8.7,0.7,,,,,,
unseen,IMC_PID/P_move_interior_Kc,reverse_off_anchor,delay_plus50,5.0,5.0,164.39585606208766,160.0,ok,14285.522904781596,11996.131650105788,1.950034012766162,0.015919288430827905,0.0,4,1,inf,0.051029320932891586,5.449663797191169,8.7,1.5,,,,,,
unseen,IMC_PID/P_move_interior_Kc,reverse_off_anchor,acid_plus15,5.0,5.0,109.59723737472511,105.0,ok,84241.10578120948,309483.80252197024,5.460535311388703,0.8405836065625891,0.0,4,3,inf,5.302568502003174,3.2394646886112963,8.79602606917714,,1.15,,,,,
unseen,IMC_PID/P_move_interior_Kc,reverse_off_anchor,acid_minus15,5.0,5.0,109.59723737472511,105.0,ok,111450.3546841786,374277.8914294377,4.995844277690354,0.8156796869452609,0.0,4,2,inf,3.046050684801907,4.6993363272332775,10.843017937254565,,0.85,,,,,
unseen,IMC_PID/P_move_interior_Kc,reverse_off_anchor,base_minus15,5.0,5.0,109.59723737472511,105.0,ok,93053.99324664251,347542.238562571,5.472242439524781,0.9670189254834956,0.0,4,3,inf,5.3510203631644355,3.2277575604752182,8.7,,,0.85,,,,
unseen,IMC_PID/P_move_interior_Kc,reverse_off_anchor,base_plus15,5.0,5.0,109.59723737472511,105.0,ok,98088.36450399895,309535.99803992367,4.844165391837455,0.7183539508448602,0.0,4,2,inf,2.894489976092572,4.6541637218863565,10.839214112612545,,,1.15,,,,
unseen,IMC_PID/P_move_interior_Kc,reverse_off_anchor,Kw_half,5.0,5.0,109.59723737472511,105.0,ok,13746.389236445813,10820.049770690357,1.9499965145032192,0.01667732733608318,0.0,4,1,inf,0.05020644326564039,5.449320201548745,8.8837291183947,,,,0.5,,,
unseen,IMC_PID/P_move_interior_Kc,reverse_off_anchor,Kw_double,5.0,5.0,109.59723737472511,105.0,ok,15212.709586906823,11612.381209683772,1.9498020606966042,0.018158527264326096,0.0,4,2,inf,0.14038333801296332,5.455059318615464,8.7,,,,2.0,,,
unseen,IMC_PID/P_move_interior_Kc,reverse_off_anchor,volume_plus20,5.0,5.0,109.59723737472511,105.0,ok,15663.432067052681,13087.386687674252,1.9501769754431333,0.01671451399993007,0.0,4,0,17995.0,0.04998064071723274,5.449085709933378,8.7,,,,,1.2,,
unseen,IMC_PID/P_move_interior_Kc,reverse_off_anchor,volume_minus20,5.0,5.0,109.59723737472511,105.0,ok,12929.176092391295,9885.295983324639,1.9499984406693711,0.014159605378296192,0.0,4,1,inf,0.053920768386327644,5.453006532948742,8.7,,,,,0.8,,
unseen,IMC_PID/P_move_interior_Kc,reverse_off_anchor,noise_0.01_seed104729,5.0,5.0,109.59723737472511,105.0,ok,14014.62274054224,11417.23327749184,1.9503300901285607,0.9366541734447198,0.0,4,1,inf,0.05229819343852249,5.451294185800936,8.700001718204115,,,,,,0.01,104729.0
unseen,IMC_PID/P_move_interior_Kc,reverse_off_anchor,noise_0.01_seed130363,5.0,5.0,109.59723737472511,105.0,ok,14063.982115953913,11477.297996067291,1.9489362428838994,0.9439462311563585,0.0,4,1,inf,0.051259853938907085,5.450474968651253,8.700016789599879,,,,,,0.01,130363.0
unseen,IMC_PID/P_move_interior_Kc,reverse_off_anchor,noise_0.01_seed155921,5.0,5.0,109.59723737472511,105.0,ok,14012.608261347314,11447.865404428103,1.9507262421171303,0.9324013346922095,0.0,4,0,17790.0,0.04843795499965253,5.447304285827209,8.700027120497301,,,,,,0.01,155921.0
unseen,IMC_PID/P_move_interior_Kc,reverse_off_anchor,noise_0.01_seed196613,5.0,5.0,109.59723737472511,105.0,ok,14016.140544389584,11407.184528616632,1.9507218351623816,0.9372472572612942,0.0,4,1,inf,0.0526829115800691,5.451688578910232,8.700000208701391,,,,,,0.01,196613.0
unseen,IMC_PID/P_move_interior_Kc,reverse_off_anchor,noise_0.01_seed262147,5.0,5.0,109.59723737472511,105.0,ok,14111.033769677884,11513.88409117738,1.9496351780918655,0.9225697434503166,0.0,4,1,inf,0.05569050254271524,5.454389277479202,8.70030955863128,,,,,,0.01,262147.0
unseen,IMC_PID/P_move_interior_Kc,reverse_off_anchor,noise_0.05_seed104729,5.0,5.0,109.59723737472511,105.0,ok,14077.328990637752,11261.98453357201,1.949380544369851,4.811746036702874,0.0,4,1,inf,0.056306430505785876,5.445130015270951,8.703436449468072,,,,,,0.05,104729.0
unseen,IMC_PID/P_move_interior_Kc,reverse_off_anchor,noise_0.05_seed130363,5.0,5.0,109.59723737472511,105.0,ok,14375.250670733298,11462.049510108527,1.923830794413247,4.721070677391728,0.0,4,1,inf,0.07105351869370669,5.406861428870116,8.700679778088695,,,,,,0.05,130363.0
unseen,IMC_PID/P_move_interior_Kc,reverse_off_anchor,noise_0.05_seed155921,5.0,5.0,109.59723737472511,105.0,ok,14647.115466142444,11730.343672587567,1.9434918620071517,6.037988788849167,0.0,4,1,inf,0.06610864139217654,5.314783288478665,8.701649968635865,,,,,,0.05,155921.0
unseen,IMC_PID/P_move_interior_Kc,reverse_off_anchor,noise_0.05_seed196613,5.0,5.0,109.59723737472511,105.0,ok,14192.873895730245,11470.605403495305,1.959406524383076,5.174914771468586,0.0,4,1,inf,0.0760163221026664,5.38319273213465,8.700000783015136,,,,,,0.05,196613.0
unseen,IMC_PID/P_move_interior_Kc,reverse_off_anchor,noise_0.05_seed262147,5.0,5.0,109.59723737472511,105.0,ok,14944.266751274477,11773.067889793052,1.9300994840692427,4.3167189316507795,0.0,4,1,inf,0.12329468390005527,5.509774951256991,8.705509636834742,,,,,,0.05,262147.0
unseen,IMC_PID/P_move_interior_Kc,reverse_off_anchor,combined_seed104729,5.0,5.0,164.39585606208766,160.0,ok,156672.0905171552,594405.6047988565,5.800431915885375,319.89065092401063,0.0,4,3,inf,5.765752007130645,2.899568084114624,8.7,1.5,1.15,0.85,2.0,1.2,0.05,104729.0
unseen,IMC_PID/P_move_interior_Kc,reverse_off_anchor,combined_seed130363,5.0,5.0,164.39585606208766,160.0,ok,157339.0544478431,595103.1608825424,5.800073415497916,320.4667227859064,0.0,4,3,inf,5.765389504263897,2.8999265845020834,8.7,1.5,1.15,0.85,2.0,1.2,0.05,130363.0
unseen,IMC_PID/P_move_interior_Kc,reverse_off_anchor,combined_seed155921,5.0,5.0,164.39585606208766,160.0,ok,156504.65272260623,593583.792956377,5.800123117715744,318.3196375591104,0.0,4,3,inf,5.765381378098741,2.8998768822842558,8.7,1.5,1.15,0.85,2.0,1.2,0.05,155921.0
unseen,IMC_PID/P_move_interior_Kc,reverse_off_anchor,combined_seed196613,5.0,5.0,164.39585606208766,160.0,ok,156840.88223209203,594507.6527769205,5.800118758513587,317.0338402278972,0.0,4,3,inf,5.765411736393346,2.899881241486412,8.7,1.5,1.15,0.85,2.0,1.2,0.05,196613.0
unseen,IMC_PID/P_move_interior_Kc,reverse_off_anchor,combined_seed262147,5.0,5.0,164.39585606208766,160.0,ok,157394.0060408745,595402.9475672629,5.800431791974328,320.9587290643045,0.0,4,3,inf,5.765738206601432,2.899568208025672,8.7,1.5,1.15,0.85,2.0,1.2,0.05,262147.0
unseen,IMC_PID/P_move_interior_Kc,cross_equivalence,nominal,5.0,5.0,109.59723737472511,105.0,ok,102812.90381153242,303777.855383876,4.3334076188717185,0.8267171211280822,0.0,7,5,inf,3.284062014831446,3.7577978242031422,10.372472430914012,,,,,,,
unseen,IMC_PID/P_move_interior_Kc,cross_equivalence,delay_minus30,5.0,5.0,76.71806616230758,75.0,ok,102614.6451090356,302664.15950387745,4.32821799762046,0.8205199639998302,0.0,7,5,inf,3.2817939401462093,3.7595736567436604,10.371253512274942,0.7,,,,,,
unseen,IMC_PID/P_move_interior_Kc,cross_equivalence,delay_plus50,5.0,5.0,164.39585606208766,160.0,ok,103417.27249685064,306035.40024042566,4.342832600373191,0.8387587850046279,0.0,7,5,inf,3.288201450823725,3.7545946288285865,10.374689514409159,1.5,,,,,,
unseen,IMC_PID/P_move_interior_Kc,cross_equivalence,acid_plus15,5.0,5.0,109.59723737472511,105.0,ok,163688.9865438539,569373.2481494833,5.172472214754121,1.6705363839569438,0.0,7,7,inf,4.138398094828304,3.1782736986645324,10.414480238821943,,1.15,,,,,
unseen,IMC_PID/P_move_interior_Kc,cross_equivalence,acid_minus15,5.0,5.0,109.59723737472511,105.0,ok,156347.528038159,508174.0694822144,5.537837072164811,1.2212613422951293,0.0,7,6,inf,5.443896651761575,3.8210933100953812,10.78783707216481,,0.85,,,,,
unseen,IMC_PID/P_move_interior_Kc,cross_equivalence,base_minus15,5.0,5.0,109.59723737472511,105.0,ok,172928.96979771467,619526.8741932276,5.1878818643338285,1.802628641959684,0.0,7,6,inf,4.545953706382013,3.1726752505405296,10.351151382820603,,,0.85,,,,
unseen,IMC_PID/P_move_interior_Kc,cross_equivalence,base_plus15,5.0,5.0,109.59723737472511,105.0,ok,142560.58892816323,471163.1425442998,5.526890360543868,1.120126710844418,0.0,7,6,inf,5.406669825742913,3.7568257364992053,10.776890360543868,,,1.15,,,,
unseen,IMC_PID/P_move_interior_Kc,cross_equivalence,Kw_half,5.0,5.0,109.59723737472511,105.0,ok,105788.75398576741,323094.8427897779,4.337566413339413,0.8478387440599242,0.0,7,5,inf,3.52875469165157,3.759692891175215,10.667272960401252,,,,0.5,,,
unseen,IMC_PID/P_move_interior_Kc,cross_equivalence,Kw_double,5.0,5.0,109.59723737472511,105.0,ok,97581.45379095957,282015.52529728453,4.322434363619312,0.7959906488457209,0.0,7,5,inf,3.0324514131641616,3.7467346060220557,10.077583504475939,,,,2.0,,,
unseen,IMC_PID/P_move_interior_Kc,cross_equivalence,volume_plus20,5.0,5.0,109.59723737472511,105.0,ok,105895.18400608076,312032.1991129812,4.307237276854307,0.8574054696935871,0.0,7,5,inf,3.301672710875647,3.777019375200404,10.358197881482697,,,,,1.2,,
unseen,IMC_PID/P_move_interior_Kc,cross_equivalence,volume_minus20,5.0,5.0,109.59723737472511,105.0,ok,97226.93844151094,292729.75172503944,4.363379542961126,0.7912407990901116,0.0,7,4,inf,3.2629801010719897,3.730928271727308,10.386686737955237,,,,,0.8,,
unseen,IMC_PID/P_move_interior_Kc,cross_equivalence,noise_0.01_seed104729,5.0,5.0,109.59723737472511,105.0,ok,102846.23903510153,303800.5711270976,4.3336494965994845,16.778860628427488,0.0,7,5,inf,3.2840809464950516,3.757714512925116,10.37247770426949,,,,,,0.01,104729.0
unseen,IMC_PID/P_move_interior_Kc,cross_equivalence,noise_0.01_seed130363,5.0,5.0,109.59723737472511,105.0,ok,102828.67023489838,303767.6568369779,4.333466521002246,16.2793154344631,0.0,7,5,inf,3.284046446776448,3.7574676301612717,10.372485455607944,,,,,,0.01,130363.0
unseen,IMC_PID/P_move_interior_Kc,cross_equivalence,noise_0.01_seed155921,5.0,5.0,109.59723737472511,105.0,ok,102813.50720294206,303785.20562515757,4.3337860107733555,16.37975799182478,0.0,7,5,inf,3.2840436605563594,3.7577397943827324,10.372461056784593,,,,,,0.01,155921.0
unseen,IMC_PID/P_move_interior_Kc,cross_equivalence,noise_0.01_seed196613,5.0,5.0,109.59723737472511,105.0,ok,102828.88601875628,303763.14864566876,4.3335661982868885,16.03079439271461,0.0,7,5,inf,3.284082833932726,3.7576462343710446,10.372464140048871,,,,,,0.01,196613.0
unseen,IMC_PID/P_move_interior_Kc,cross_equivalence,noise_0.01_seed262147,5.0,5.0,109.59723737472511,105.0,ok,102822.24471915346,303771.9041714681,4.3332795127098915,16.63169440931557,0.0,7,5,inf,3.2840831281874268,3.757777130672264,10.372468546207275,,,,,,0.01,262147.0
unseen,IMC_PID/P_move_interior_Kc,cross_equivalence,noise_0.05_seed104729,5.0,5.0,109.59723737472511,105.0,ok,103415.69450545186,303766.0716677451,4.337231281072672,83.8503013013145,0.0,7,6,inf,3.2842181786852995,3.7565489523296622,10.372530047567981,,,,,,0.05,104729.0
unseen,IMC_PID/P_move_interior_Kc,cross_equivalence,noise_0.05_seed130363,5.0,5.0,109.59723737472511,105.0,ok,103166.26512721034,303372.7038601835,4.3310763947029844,81.06463828853326,0.0,7,6,inf,3.283875388615141,3.7541480350464704,10.372485442323288,,,,,,0.05,130363.0
unseen,IMC_PID/P_move_interior_Kc,cross_equivalence,noise_0.05_seed155921,5.0,5.0,109.59723737472511,105.0,ok,102382.64883593861,302603.417487606,4.333177836040941,80.42114342457731,0.0,7,6,inf,3.283821382800496,3.7591529387400233,10.372340602424936,,,,,,0.05,155921.0
unseen,IMC_PID/P_move_interior_Kc,cross_equivalence,noise_0.05_seed196613,5.0,5.0,109.59723737472511,105.0,ok,102652.04187785366,303030.89485536027,4.332399968881923,79.61984376111451,0.0,7,5,inf,3.2841841606694127,3.7559884569494364,10.37243776256556,,,,,,0.05,196613.0
unseen,IMC_PID/P_move_interior_Kc,cross_equivalence,noise_0.05_seed262147,5.0,5.0,109.59723737472511,105.0,ok,103029.08102883755,303409.5072920807,4.333482498350651,83.00510183813027,0.0,7,6,inf,3.283890154558022,3.7600996538129685,10.372319963967259,,,,,,0.05,262147.0
unseen,IMC_PID/P_move_interior_Kc,cross_equivalence,combined_seed104729,5.0,5.0,164.39585606208766,160.0,ok,203631.15356122877,807367.6956629677,5.525284219594788,318.1173793048076,0.0,7,7,inf,5.295370772040364,2.8616466515894223,9.67714181327647,1.5,1.15,0.85,2.0,1.2,0.05,104729.0
unseen,IMC_PID/P_move_interior_Kc,cross_equivalence,combined_seed130363,5.0,5.0,164.39585606208766,160.0,ok,203743.6280174904,807879.8920053459,5.525515407833475,315.77276936475545,0.0,7,7,inf,5.295875718089733,2.8613437219992566,9.676498376091624,1.5,1.15,0.85,2.0,1.2,0.05,130363.0
unseen,IMC_PID/P_move_interior_Kc,cross_equivalence,combined_seed155921,5.0,5.0,164.39585606208766,160.0,ok,203507.50598597762,807119.1167490815,5.525385931912888,316.07435434856455,0.0,7,7,inf,5.295631035961972,2.8615391456396115,9.674826579692205,1.5,1.15,0.85,2.0,1.2,0.05,155921.0
unseen,IMC_PID/P_move_interior_Kc,cross_equivalence,combined_seed196613,5.0,5.0,164.39585606208766,160.0,ok,203845.44323214662,808266.0754024494,5.524756683276614,309.6352440357538,0.0,7,7,inf,5.294472200058015,2.8621269186141323,9.687380079057343,1.5,1.15,0.85,2.0,1.2,0.05,196613.0
unseen,IMC_PID/P_move_interior_Kc,cross_equivalence,combined_seed262147,5.0,5.0,164.39585606208766,160.0,ok,204067.93935765236,809104.8394086133,5.525414633799367,316.69883441343666,0.0,7,7,inf,5.295706178196468,2.861457303593491,9.68962608154695,1.5,1.15,0.85,2.0,1.2,0.05,262147.0
unseen,IMC_PID/P_move_interior_Kc,regulatory_off_anchor,nominal,5.0,5.0,109.59723737472511,105.0,ok,121715.34083482952,362698.8044463132,3.7570868188632502,0.9828904824501281,0.0,4,1,inf,3.0262743691962015,3.5929131811367494,10.745266307135338,,,,,,,
unseen,IMC_PID/P_move_interior_Kc,regulatory_off_anchor,delay_minus30,5.0,5.0,76.71806616230758,75.0,ok,121049.56800278756,360852.6582630794,3.755045414716096,0.9790550330531183,0.0,4,2,inf,3.0253362265253063,3.5949545852839035,10.744804403689194,0.7,,,,,,
unseen,IMC_PID/P_move_interior_Kc,regulatory_off_anchor,delay_plus50,5.0,5.0,164.39585606208766,160.0,ok,123360.66393281447,366801.39097096934,3.7607903009505734,0.992462980335147,0.0,4,2,inf,3.0280357733209993,3.589209699049426,10.746129585206589,1.5,,,,,,
unseen,IMC_PID/P_move_interior_Kc,regulatory_off_anchor,acid_plus15,5.0,5.0,109.59723737472511,105.0,ok,180243.0899615143,623401.5648775395,4.210006345809607,2.2425486208375007,0.0,4,3,inf,4.0385985749827,3.1399936541903934,10.610706256317375,,1.15,,,,,
unseen,IMC_PID/P_move_interior_Kc,regulatory_off_anchor,acid_minus15,5.0,5.0,109.59723737472511,105.0,ok,150342.67862200382,438449.85631366726,3.4759141302003638,1.1152403443536025,0.0,4,3,inf,3.449713701486159,4.04244249599119,10.825914130200363,,0.85,,,,,
unseen,IMC_PID/P_move_interior_Kc,regulatory_off_anchor,base_minus15,5.0,5.0,109.59723737472511,105.0,ok,182061.33904459368,628715.8197342276,4.21335215841456,2.1523953633367148,0.0,4,4,inf,4.0690388544260045,3.136647841585439,10.464874273812889,,,0.85,,,,
unseen,IMC_PID/P_move_interior_Kc,regulatory_off_anchor,base_plus15,5.0,5.0,109.59723737472511,105.0,ok,140427.2690354666,409453.56734818965,3.4701301881627913,1.0196180095043204,0.0,4,3,inf,3.436531771085482,4.000152360590788,10.820130188162791,,,1.15,,,,
unseen,IMC_PID/P_move_interior_Kc,regulatory_off_anchor,Kw_half,5.0,5.0,109.59723737472511,105.0,ok,132401.79120239994,413075.5180971598,3.7572472069308436,1.0751497578296787,0.0,4,2,inf,3.2567157009322063,3.592752793069156,11.042173572753253,,,,0.5,,,
unseen,IMC_PID/P_move_interior_Kc,regulatory_off_anchor,Kw_double,5.0,5.0,109.59723737472511,105.0,ok,112635.66416037358,317853.06249539665,3.7569104269444127,0.8991937684962048,0.0,4,2,inf,2.7853191071947787,3.593089573055587,10.448168706649323,,,,2.0,,,
unseen,IMC_PID/P_move_interior_Kc,regulatory_off_anchor,volume_plus20,5.0,5.0,109.59723737472511,105.0,ok,128858.32996126777,377662.93533800606,3.7388129549263995,1.0177026730075491,0.0,4,3,inf,3.036338936465526,3.6111870450736,10.738052912607301,,,,,1.2,,
unseen,IMC_PID/P_move_interior_Kc,regulatory_off_anchor,volume_minus20,5.0,5.0,109.59723737472511,105.0,ok,116306.7421729239,350997.3103012091,3.777234976530985,0.950828208947943,0.0,4,2,inf,3.0179849856789147,3.5727650234690147,10.753779054848769,,,,,0.8,,
unseen,IMC_PID/P_move_interior_Kc,regulatory_off_anchor,noise_0.01_seed104729,5.0,5.0,109.59723737472511,105.0,ok,121741.83871406113,362779.23134698055,3.757265924249559,17.02109101449329,0.0,4,1,inf,3.0262374988320353,3.5927340757504407,10.745253444095331,,,,,,0.01,104729.0
unseen,IMC_PID/P_move_interior_Kc,regulatory_off_anchor,noise_0.01_seed130363,5.0,5.0,109.59723737472511,105.0,ok,121733.98689756445,362703.36415046884,3.7571201254784077,16.94440065934501,0.0,4,1,inf,3.0263410421317527,3.592879874521592,10.74528970642699,,,,,,0.01,130363.0
unseen,IMC_PID/P_move_interior_Kc,regulatory_off_anchor,noise_0.01_seed155921,5.0,5.0,109.59723737472511,105.0,ok,121732.80046375544,362760.7066285553,3.757356910612561,17.02109367898555,0.0,4,1,inf,3.026251954826769,3.5926430893874386,10.745273220680195,,,,,,0.01,155921.0
unseen,IMC_PID/P_move_interior_Kc,regulatory_off_anchor,noise_0.01_seed196613,5.0,5.0,109.59723737472511,105.0,ok,121730.73486784354,362718.3798461291,3.7572551824679272,16.415701570659436,0.0,4,1,inf,3.026237166872839,3.5927448175320724,10.745264365378521,,,,,,0.01,196613.0
unseen,IMC_PID/P_move_interior_Kc,regulatory_off_anchor,noise_0.01_seed262147,5.0,5.0,109.59723737472511,105.0,ok,121723.9275882925,362704.6423187795,3.7571397589904674,17.32727310407846,0.0,4,1,inf,3.0263095918921383,3.5928602410095323,10.745262696711068,,,,,,0.01,262147.0
unseen,IMC_PID/P_move_interior_Kc,regulatory_off_anchor,noise_0.05_seed104729,5.0,5.0,109.59723737472511,105.0,ok,122261.49093894311,364327.01058148185,3.7589644894421976,85.27024348317954,0.0,4,1,inf,3.025998010777748,3.591035510557802,10.745163022996339,,,,,,0.05,104729.0
unseen,IMC_PID/P_move_interior_Kc,regulatory_off_anchor,noise_0.05_seed130363,5.0,5.0,109.59723737472511,105.0,ok,121665.49058592705,362124.4291476442,3.757827265696117,83.62009699579127,0.0,4,2,inf,3.0267025108238474,3.5921727343038827,10.745424264153158,,,,,,0.05,130363.0
unseen,IMC_PID/P_move_interior_Kc,regulatory_off_anchor,noise_0.05_seed155921,5.0,5.0,109.59723737472511,105.0,ok,121782.12928565721,362953.66038547445,3.7578609258704376,84.95418443562781,0.0,4,1,inf,3.026188828610586,3.592139074129562,10.745314985303711,,,,,,0.05,155921.0
unseen,IMC_PID/P_move_interior_Kc,regulatory_off_anchor,noise_0.05_seed196613,5.0,5.0,109.59723737472511,105.0,ok,122050.16434763002,363768.5180045897,3.759054991179266,82.52391910991807,0.0,4,2,inf,3.026194151660208,3.5909450088207335,10.745302066114835,,,,,,0.05,196613.0
unseen,IMC_PID/P_move_interior_Kc,regulatory_off_anchor,noise_0.05_seed262147,5.0,5.0,109.59723737472511,105.0,ok,121955.49453643517,363021.02514574677,3.757159470409638,86.09199040427528,0.0,4,1,inf,3.0264343177954807,3.5928405295903616,10.745242195940833,,,,,,0.05,262147.0
unseen,IMC_PID/P_move_interior_Kc,regulatory_off_anchor,combined_seed104729,5.0,5.0,164.39585606208766,160.0,ok,174209.02414159762,655010.4352760254,4.515729755189177,262.79037885055806,0.0,4,4,inf,4.4439604288688175,2.834270244810822,9.068372577887752,1.5,1.15,0.85,2.0,1.2,0.05,104729.0
unseen,IMC_PID/P_move_interior_Kc,regulatory_off_anchor,combined_seed130363,5.0,5.0,164.39585606208766,160.0,ok,174527.304069484,655636.9139747228,4.515263481478971,264.65958076820567,0.0,4,4,inf,4.443541115943846,2.834736518521028,9.078016284263875,1.5,1.15,0.85,2.0,1.2,0.05,130363.0
unseen,IMC_PID/P_move_interior_Kc,regulatory_off_anchor,combined_seed155921,5.0,5.0,164.39585606208766,160.0,ok,174324.31778932209,655032.7353387,4.515463273969843,264.7914459446154,0.0,4,4,inf,4.443674339665858,2.834536726030157,9.088931888033413,1.5,1.15,0.85,2.0,1.2,0.05,155921.0
unseen,IMC_PID/P_move_interior_Kc,regulatory_off_anchor,combined_seed196613,5.0,5.0,164.39585606208766,160.0,ok,174552.23386054157,655971.8076379657,4.515507290954636,259.6474493888175,0.0,4,4,inf,4.4438111788461345,2.8344927090453638,9.082638635617926,1.5,1.15,0.85,2.0,1.2,0.05,196613.0
unseen,IMC_PID/P_move_interior_Kc,regulatory_off_anchor,combined_seed262147,5.0,5.0,164.39585606208766,160.0,ok,174340.6483573399,655278.4935899162,4.515579282629987,270.5683355473002,0.0,4,4,inf,4.443804006715329,2.834420717370013,9.075577492532032,1.5,1.15,0.85,2.0,1.2,0.05,262147.0
unseen,fixed/C1,reverse_off_anchor,nominal,5.0,5.0,109.59723737472511,105.0,ok,28981.750751901312,27318.292294825933,2.870960209872486,4.961944347574385,0.0,4,2,inf,0.9124516873089998,5.1520431752154074,8.7,,,,,,,
unseen,fixed/C1,reverse_off_anchor,delay_minus30,5.0,5.0,76.71806616230758,75.0,ok,17618.794913358703,10888.17110588128,2.541887962301363,4.472567436582868,0.0,4,2,inf,0.561460039892828,5.258575993020044,8.7,0.7,,,,,,
unseen,fixed/C1,reverse_off_anchor,delay_plus50,5.0,5.0,164.39585606208766,160.0,ok,40420.879253304745,50510.2672905165,1.995752299561623,4.43089614125535,0.0,4,2,inf,1.1178640452878108,5.1779418913265705,8.7,1.5,,,,,,
unseen,fixed/C1,reverse_off_anchor,acid_plus15,5.0,5.0,109.59723737472511,105.0,ok,54429.60360310645,146158.26561888354,5.297758489368861,5.912448178944952,0.0,4,3,inf,1.0284141665506112,3.4022415106311383,9.73848488145855,,1.15,,,,,
unseen,fixed/C1,reverse_off_anchor,acid_minus15,5.0,5.0,109.59723737472511,105.0,ok,49259.79083015448,80518.70602486782,3.2308835955137365,5.290954190993417,0.0,4,3,inf,1.8812851705766018,4.865373597011855,10.758440311363303,,0.85,,,,,
unseen,fixed/C1,reverse_off_anchor,base_minus15,5.0,5.0,109.59723737472511,105.0,ok,53046.48643996792,156908.4103341251,5.326235564188608,5.306530378926399,0.0,4,3,inf,0.9405555308552138,3.373764435811391,9.65733477674064,,,0.85,,,,
unseen,fixed/C1,reverse_off_anchor,base_plus15,5.0,5.0,109.59723737472511,105.0,ok,50545.83770482452,79151.27374862992,3.163203039576951,5.79510586661064,0.0,4,3,inf,1.813734785745929,4.822640361970275,10.745720049914826,,,1.15,,,,
unseen,fixed/C1,reverse_off_anchor,Kw_half,5.0,5.0,109.59723737472511,105.0,ok,36998.45848019992,43174.94857459716,3.230107038939705,6.129776745114415,0.0,4,2,inf,1.199773878703878,5.124738692295636,8.791197585831053,,,,0.5,,,
unseen,fixed/C1,reverse_off_anchor,Kw_double,5.0,5.0,109.59723737472511,105.0,ok,13644.053829977314,9645.013132948721,1.951975795451684,2.3192479817152947,0.0,4,1,inf,0.05795118717446446,5.224232174407063,8.709412948642498,,,,2.0,,,
unseen,fixed/C1,reverse_off_anchor,volume_plus20,5.0,5.0,109.59723737472511,105.0,ok,24024.200907131693,18969.03969485153,1.5261835041569958,4.170921917067988,0.0,4,2,inf,1.093823783559185,5.2653552393331635,8.7,,,,,1.2,,
unseen,fixed/C1,reverse_off_anchor,volume_minus20,5.0,5.0,109.59723737472511,105.0,ok,34001.84965589262,36681.19593765023,2.7501187916235352,5.80126714635135,0.0,4,2,inf,1.3896131248468313,5.156172106427428,8.7,,,,,0.8,,
unseen,fixed/C1,reverse_off_anchor,noise_0.01_seed104729,5.0,5.0,109.59723737472511,105.0,ok,28997.375698388976,27318.380811388277,2.870894872017354,5.9148850093623055,0.0,4,2,inf,0.9106162436797609,5.151762085613274,8.700510435750294,,,,,,0.01,104729.0
unseen,fixed/C1,reverse_off_anchor,noise_0.01_seed130363,5.0,5.0,109.59723737472511,105.0,ok,28995.591175970774,27313.236146890962,2.872833026064706,5.9245057044436695,0.0,4,2,inf,0.9098583721164735,5.151296885828766,8.701025790077408,,,,,,0.01,130363.0
unseen,fixed/C1,reverse_off_anchor,noise_0.01_seed155921,5.0,5.0,109.59723737472511,105.0,ok,28990.240119189883,27318.686639850668,2.871424246866539,5.901667764017628,0.0,4,2,inf,0.9114853490973864,5.1524427006638644,8.701565482290103,,,,,,0.01,155921.0
unseen,fixed/C1,reverse_off_anchor,noise_0.01_seed196613,5.0,5.0,109.59723737472511,105.0,ok,29002.052312270243,27308.2571053992,2.869551982036178,5.901446289385771,0.0,4,2,inf,0.9144595294364928,5.152013438424922,8.70265057624002,,,,,,0.01,196613.0
unseen,fixed/C1,reverse_off_anchor,noise_0.01_seed262147,5.0,5.0,109.59723737472511,105.0,ok,28990.746065375206,27299.636507760315,2.8735552304119842,5.901092225183345,0.0,4,2,inf,0.9097079197930205,5.151915502178598,8.701325019973702,,,,,,0.01,262147.0
unseen,fixed/C1,reverse_off_anchor,noise_0.05_seed104729,5.0,5.0,109.59723737472511,105.0,ok,29065.387449186448,27326.18213230404,2.8691972157713135,11.795081479331479,0.0,4,2,inf,0.9029995789350975,5.150171225753007,8.702541536069802,,,,,,0.05,104729.0
unseen,fixed/C1,reverse_off_anchor,noise_0.05_seed130363,5.0,5.0,109.59723737472511,105.0,ok,29048.231240519748,27292.70629982588,2.8802766052152773,11.746592105985322,0.0,4,2,inf,0.9024939855532086,5.1480634347681065,8.705136564043489,,,,,,0.05,130363.0
unseen,fixed/C1,reverse_off_anchor,noise_0.05_seed155921,5.0,5.0,109.59723737472511,105.0,ok,29040.89133174211,27338.445509393732,2.872304150565199,11.733743626652153,0.0,4,2,inf,0.908288582537871,5.154281825840789,8.707776399006272,,,,,,0.05,155921.0
unseen,fixed/C1,reverse_off_anchor,noise_0.05_seed196613,5.0,5.0,109.59723737472511,105.0,ok,29082.532178016212,27267.729459945178,2.8636857883795503,11.684371312646878,0.0,4,2,inf,0.9222438862689124,5.151891782702919,8.712868921609715,,,,,,0.05,196613.0
unseen,fixed/C1,reverse_off_anchor,noise_0.05_seed262147,5.0,5.0,109.59723737472511,105.0,ok,29026.05835817995,27220.804151692348,2.8843495194503035,11.790785846017762,0.0,4,2,inf,0.9335290773664582,5.151220940685254,8.706592305275144,,,,,,0.05,262147.0
unseen,fixed/C1,reverse_off_anchor,combined_seed104729,5.0,5.0,164.39585606208766,160.0,ok,71587.91907118562,262237.2169245299,5.697257751096053,11.017109256648723,0.0,4,3,inf,5.413637333059903,3.0027422489039464,9.097110644362155,1.5,1.15,0.85,2.0,1.2,0.05,104729.0
unseen,fixed/C1,reverse_off_anchor,combined_seed130363,5.0,5.0,164.39585606208766,160.0,ok,71616.4766321916,262458.8360066166,5.69716703151162,10.9703711421583,0.0,4,3,inf,5.413285313490177,3.0028329684883794,9.097415283231735,1.5,1.15,0.85,2.0,1.2,0.05,130363.0
unseen,fixed/C1,reverse_off_anchor,combined_seed155921,5.0,5.0,164.39585606208766,160.0,ok,71609.63821382269,262389.83206763485,5.697169132322177,10.997147155327742,0.0,4,3,inf,5.413069797054162,3.002830867677823,9.097536337052304,1.5,1.15,0.85,2.0,1.2,0.05,155921.0
unseen,fixed/C1,reverse_off_anchor,combined_seed196613,5.0,5.0,164.39585606208766,160.0,ok,71658.5252882796,262443.7348014399,5.697753387610575,10.91358995101036,0.0,4,3,inf,5.414358312998047,3.0022466123894245,9.097052618015038,1.5,1.15,0.85,2.0,1.2,0.05,196613.0
unseen,fixed/C1,reverse_off_anchor,combined_seed262147,5.0,5.0,164.39585606208766,160.0,ok,71659.5380829622,262217.3546645406,5.697100183508216,11.070785936769045,0.0,4,3,inf,5.412944541307097,3.0028998164917837,9.095967727550423,1.5,1.15,0.85,2.0,1.2,0.05,262147.0
unseen,fixed/C1,cross_equivalence,nominal,5.0,5.0,109.59723737472511,105.0,ok,52065.83350259905,102645.38243784584,3.906264489068639,5.37089652935824,0.0,7,4,inf,1.238198033970888,3.989713751174325,10.11835542507371,,,,,,,
unseen,fixed/C1,cross_equivalence,delay_minus30,5.0,5.0,76.71806616230758,75.0,ok,43499.06908716166,87969.73577200864,3.8728796313050227,5.427547904350801,0.0,7,4,inf,0.8975905047619124,4.003455639082885,10.113049257615714,0.7,,,,,,
unseen,fixed/C1,cross_equivalence,delay_plus50,5.0,5.0,164.39585606208766,160.0,ok,62891.899583605446,126670.78603247537,3.962556536725142,5.0371983094810435,0.0,7,4,inf,1.3490005145907409,3.9825685045397656,10.136245186784183,1.5,,,,,,
unseen,fixed/C1,cross_equivalence,acid_plus15,5.0,5.0,109.59723737472511,105.0,ok,78767.9594819686,180639.21072684735,4.867358684908057,6.4155216096627345,0.0,7,4,inf,1.7178491269579976,3.2477848491168273,10.183962767732936,,1.15,,,,,
unseen,fixed/C1,cross_equivalence,acid_minus15,5.0,5.0,109.59723737472511,105.0,ok,78658.61977499833,221685.84589830018,5.3593218406553405,6.617856881881837,0.0,7,5,inf,1.1454462624132757,4.087803221388092,10.60932184065534,,0.85,,,,,
unseen,fixed/C1,cross_equivalence,base_minus15,5.0,5.0,109.59723737472511,105.0,ok,79225.57043710157,190679.27172909136,4.946651195766865,5.996731435772233,0.0,7,5,inf,1.7970149862685436,3.235473784344276,10.131298906406295,,,0.85,,,,
unseen,fixed/C1,cross_equivalence,base_plus15,5.0,5.0,109.59723737472511,105.0,ok,78347.66948173236,211618.76047483747,5.33032240590992,6.889873848436703,0.0,7,5,inf,1.2808062596470604,4.015079165665736,10.58032240590992,,,1.15,,,,
unseen,fixed/C1,cross_equivalence,Kw_half,5.0,5.0,109.59723737472511,105.0,ok,58284.48839092329,118543.1980359675,3.9137152332471725,6.378248531367325,0.0,7,4,inf,0.7938971646977002,4.010321205036016,10.404130658582362,,,,0.5,,,
unseen,fixed/C1,cross_equivalence,Kw_double,5.0,5.0,109.59723737472511,105.0,ok,43513.599992182935,85715.59218808141,3.8907178538364366,4.137902494334145,0.0,7,4,inf,0.8897745807647688,4.004384727489903,9.841448590284553,,,,2.0,,,
unseen,fixed/C1,cross_equivalence,volume_plus20,5.0,5.0,109.59723737472511,105.0,ok,50660.88114508815,101024.45310974648,3.8580481300671527,4.870390048704778,0.0,7,4,inf,0.8452209165663636,4.027550994417469,10.091025769318547,,,,,1.2,,
unseen,fixed/C1,cross_equivalence,volume_minus20,5.0,5.0,109.59723737472511,105.0,ok,53795.41204237168,105054.1417800888,3.9623752576316065,6.104335589941346,0.0,7,4,inf,1.2312760702588994,3.9692817704443697,10.15185057516906,,,,,0.8,,
unseen,fixed/C1,cross_equivalence,noise_0.01_seed104729,5.0,5.0,109.59723737472511,105.0,ok,52089.5188088282,102688.9183143071,3.906295844401768,6.196704610897348,0.0,7,4,inf,1.2299512151308791,3.9893318178549064,10.118738739351823,,,,,,0.01,104729.0
unseen,fixed/C1,cross_equivalence,noise_0.01_seed130363,5.0,5.0,109.59723737472511,105.0,ok,52081.90034057478,102658.91245162739,3.9062602837751452,6.184364829701943,0.0,7,4,inf,1.2495401111778337,3.989434488832189,10.118026365921484,,,,,,0.01,130363.0
unseen,fixed/C1,cross_equivalence,noise_0.01_seed155921,5.0,5.0,109.59723737472511,105.0,ok,52075.99941922119,102648.61701226141,3.906192642656362,6.190237272590711,0.0,7,4,inf,1.2404653141069444,3.9897773851064287,10.118235993970062,,,,,,0.01,155921.0
unseen,fixed/C1,cross_equivalence,noise_0.01_seed196613,5.0,5.0,109.59723737472511,105.0,ok,52075.78057728212,102620.2442858398,3.90617331497588,6.170034489005027,0.0,7,4,inf,1.2405143803556458,3.9897161618742474,10.118150480657219,,,,,,0.01,196613.0
unseen,fixed/C1,cross_equivalence,noise_0.01_seed262147,5.0,5.0,109.59723737472511,105.0,ok,52080.907122305274,102657.55199721643,3.9064712293481367,6.208870270065307,0.0,7,4,inf,1.2377372620938543,3.989704171374619,10.118277037446045,,,,,,0.01,262147.0
unseen,fixed/C1,cross_equivalence,noise_0.05_seed104729,5.0,5.0,109.59723737472511,105.0,ok,52188.94710881508,102855.78931253302,3.9064209269565646,11.93681470003084,0.0,7,4,inf,1.1899307742060268,3.9880203731816954,10.120227722330121,,,,,,0.05,104729.0
unseen,fixed/C1,cross_equivalence,noise_0.05_seed130363,5.0,5.0,109.59723737472511,105.0,ok,52163.08779938969,102733.63273577786,3.9062431118617296,11.870804949379782,0.0,7,4,inf,1.276451836248662,3.9883665741471113,10.117018060122222,,,,,,0.05,130363.0
unseen,fixed/C1,cross_equivalence,noise_0.05_seed155921,5.0,5.0,109.59723737472511,105.0,ok,52123.685536958714,102654.92019132304,3.9059044642033216,11.812033619405128,0.0,7,4,inf,1.2500368144237415,3.9900922483907673,10.117731704766314,,,,,,0.05,155921.0
unseen,fixed/C1,cross_equivalence,noise_0.05_seed196613,5.0,5.0,109.59723737472511,105.0,ok,52125.37112142429,102524.5864092425,3.9058424915841385,11.788326162360118,0.0,7,4,inf,1.2481229420369298,3.9896867861627197,10.117355914958978,,,,,,0.05,196613.0
unseen,fixed/C1,cross_equivalence,noise_0.05_seed262147,5.0,5.0,109.59723737472511,105.0,ok,52143.19074293806,102699.24074859614,3.907313890260326,11.971692250630387,0.0,7,4,inf,1.2373818703916717,3.9897159957476966,10.11789871459,,,,,,0.05,262147.0
unseen,fixed/C1,cross_equivalence,combined_seed104729,5.0,5.0,164.39585606208766,160.0,ok,104388.1495524184,318603.759728857,5.406144899947107,11.295606007140453,0.0,7,6,inf,2.256305934614734,2.911465078317458,9.89116487111244,1.5,1.15,0.85,2.0,1.2,0.05,104729.0
unseen,fixed/C1,cross_equivalence,combined_seed130363,5.0,5.0,164.39585606208766,160.0,ok,104391.89686166712,318518.72398246755,5.405929553496071,11.247514327723508,0.0,7,6,inf,2.256093400336182,2.91156298056999,9.89186073426566,1.5,1.15,0.85,2.0,1.2,0.05,130363.0
unseen,fixed/C1,cross_equivalence,combined_seed155921,5.0,5.0,164.39585606208766,160.0,ok,104350.20724104648,318396.9049010762,5.405820108584521,11.246092200596767,0.0,7,6,inf,2.255981023059194,2.911539304241802,9.890949827117673,1.5,1.15,0.85,2.0,1.2,0.05,155921.0
unseen,fixed/C1,cross_equivalence,combined_seed196613,5.0,5.0,164.39585606208766,160.0,ok,104266.11585268503,318422.79589099076,5.406507928980112,11.176049246990432,0.0,7,6,inf,2.2566687556027034,2.9110238751517405,9.89112125037866,1.5,1.15,0.85,2.0,1.2,0.05,196613.0
unseen,fixed/C1,cross_equivalence,combined_seed262147,5.0,5.0,164.39585606208766,160.0,ok,104313.43510573468,318398.46233972185,5.405737905276,11.322703635305917,0.0,7,5,inf,2.2559010711325627,2.911603369224537,9.890884344527112,1.5,1.15,0.85,2.0,1.2,0.05,262147.0
unseen,fixed/C1,regulatory_off_anchor,nominal,5.0,5.0,109.59723737472511,105.0,ok,74892.00635118758,161591.67840508194,3.5521415900834237,7.021474698398492,0.0,4,3,inf,1.2128065611805443,3.797858409916576,10.606877496469549,,,,,,,
unseen,fixed/C1,regulatory_off_anchor,delay_minus30,5.0,5.0,76.71806616230758,75.0,ok,62324.869958250674,141865.53766466858,3.544054422215354,6.518272816375013,0.0,4,3,inf,0.4638539866136222,3.805945577784646,10.601905286900703,0.7,,,,,,
unseen,fixed/C1,regulatory_off_anchor,delay_plus50,5.0,5.0,164.39585606208766,160.0,ok,88740.45711961517,192421.3356224525,3.566654837816792,6.588727004358952,0.0,4,3,inf,1.595648533059526,3.7833451621832075,10.609978600580954,1.5,,,,,,
unseen,fixed/C1,regulatory_off_anchor,acid_plus15,5.0,5.0,109.59723737472511,105.0,ok,98314.39327484622,250037.5898175438,4.0043227692037275,7.961763558608159,0.0,4,4,inf,1.435208145833892,3.345677230796272,10.661747768845764,,1.15,,,,,
unseen,fixed/C1,regulatory_off_anchor,acid_minus15,5.0,5.0,109.59723737472511,105.0,ok,90766.9186878417,207050.50500850604,3.4625873319198326,7.762684006125802,0.0,4,4,inf,2.7550625055135267,3.887412668080167,10.695704792169666,,0.85,,,,,
unseen,fixed/C1,regulatory_off_anchor,base_minus15,5.0,5.0,109.59723737472511,105.0,ok,96911.03366151545,257128.55541240828,4.026797942154605,7.18983925757483,0.0,4,4,inf,3.2711755691447246,3.323202057845395,10.59931360658559,,,0.85,,,,
unseen,fixed/C1,regulatory_off_anchor,base_plus15,5.0,5.0,109.59723737472511,105.0,ok,95734.47970173822,220552.8245121771,3.6392696255912473,8.413329998505612,0.0,4,4,inf,2.2662581848562375,3.7107303744087523,10.67606294299699,,,1.15,,,,
unseen,fixed/C1,regulatory_off_anchor,Kw_half,5.0,5.0,109.59723737472511,105.0,ok,92724.15019142212,197478.41638683114,3.550403760280059,9.729274994620239,0.0,4,4,inf,1.2650891792116905,3.7995962397199405,10.894972283967109,,,,0.5,,,
unseen,fixed/C1,regulatory_off_anchor,Kw_double,5.0,5.0,109.59723737472511,105.0,ok,49268.56991554796,128066.41925133354,3.5516589079814938,2.7172599074409263,0.0,4,0,15205.0,0.021920694514204087,3.798341092018506,10.318812361181635,,,,2.0,,,
unseen,fixed/C1,regulatory_off_anchor,volume_plus20,5.0,5.0,109.59723737472511,105.0,ok,72477.74651853526,160580.36691290082,3.5202184906749046,6.240179389896884,0.0,4,3,inf,1.0853383460421941,3.829781509325095,10.58658305526705,,,,,1.2,,
unseen,fixed/C1,regulatory_off_anchor,volume_minus20,5.0,5.0,109.59723737472511,105.0,ok,78162.25836281884,165155.89767587208,3.5880207462979437,8.056861821520167,0.0,4,3,inf,1.4054818432369798,3.761979253702056,10.62897206231201,,,,,0.8,,
unseen,fixed/C1,regulatory_off_anchor,noise_0.01_seed104729,5.0,5.0,109.59723737472511,105.0,ok,78589.34757020607,164902.33903341624,3.5535678054993873,7.954980862888383,0.0,4,4,inf,1.217143376025387,3.7964321945006123,10.60713654817205,,,,,,0.01,104729.0
unseen,fixed/C1,regulatory_off_anchor,noise_0.01_seed130363,5.0,5.0,109.59723737472511,105.0,ok,78472.8213315028,164792.27717741195,3.553425663569896,7.934504871156749,0.0,4,4,inf,1.2164113747605114,3.7965743364301034,10.60705446949486,,,,,,0.01,130363.0
unseen,fixed/C1,regulatory_off_anchor,noise_0.01_seed155921,5.0,5.0,109.59723737472511,105.0,ok,78528.43393023257,164977.15631365223,3.55544096181071,7.932271579927104,0.0,4,4,inf,1.1882925783252567,3.7945590381892895,10.607348366960599,,,,,,0.01,155921.0
unseen,fixed/C1,regulatory_off_anchor,noise_0.01_seed196613,5.0,5.0,109.59723737472511,105.0,ok,78710.94785592554,164607.3765061542,3.547683409386948,7.986202345058736,0.0,4,4,inf,1.2484299720948444,3.8023165906130516,10.606308583176409,,,,,,0.01,196613.0
unseen,fixed/C1,regulatory_off_anchor,noise_0.01_seed262147,5.0,5.0,109.59723737472511,105.0,ok,78588.33423324076,165169.23078387,3.5580269443804142,7.944203931928041,0.0,4,4,inf,1.1909387741957778,3.7919730556195854,10.607474030589488,,,,,,0.01,262147.0
unseen,fixed/C1,regulatory_off_anchor,noise_0.05_seed104729,5.0,5.0,109.59723737472511,105.0,ok,78810.20805905222,164643.66078182467,3.546891661614999,12.618804378304663,0.0,4,4,inf,1.2749715682550855,3.803108338385001,10.606271584092132,,,,,,0.05,104729.0
unseen,fixed/C1,regulatory_off_anchor,noise_0.05_seed130363,5.0,5.0,109.59723737472511,105.0,ok,78718.1676768734,164654.6223189467,3.5475828624089347,12.497877626491505,0.0,4,4,inf,1.2695535876679198,3.802417137591065,10.606272609938463,,,,,,0.05,130363.0
unseen,fixed/C1,regulatory_off_anchor,noise_0.05_seed155921,5.0,5.0,109.59723737472511,105.0,ok,78731.97553542521,164783.76410588162,3.54934804680095,12.553756969018236,0.0,4,4,inf,1.1967172067702627,3.8006519531990497,10.606605258038714,,,,,,0.05,155921.0
unseen,fixed/C1,regulatory_off_anchor,noise_0.05_seed196613,5.0,5.0,109.59723737472511,105.0,ok,78995.64410590647,164593.50149276428,3.5443699100469495,12.518000441037266,0.0,4,4,inf,1.2877483205997997,3.80563008995305,10.605783470386564,,,,,,0.05,196613.0
unseen,fixed/C1,regulatory_off_anchor,noise_0.05_seed262147,5.0,5.0,109.59723737472511,105.0,ok,78836.05924301865,165076.08679462338,3.5546178178389547,12.662781410596143,0.0,4,4,inf,1.2400809603198972,3.795382182161045,10.606290083042879,,,,,,0.05,262147.0
unseen,fixed/C1,regulatory_off_anchor,combined_seed104729,5.0,5.0,164.39585606208766,160.0,ok,119467.30319396217,379509.33711702307,4.380352392617768,11.209261012648456,0.0,4,4,inf,4.2154079691251045,2.9696476073822318,10.346403824868743,1.5,1.15,0.85,2.0,1.2,0.05,104729.0
unseen,fixed/C1,regulatory_off_anchor,combined_seed130363,5.0,5.0,164.39585606208766,160.0,ok,119467.91187065619,379517.4173601912,4.380267380320357,11.190920223270709,0.0,4,4,inf,4.215147667047278,2.9697326196796423,10.34712120856797,1.5,1.15,0.85,2.0,1.2,0.05,130363.0
unseen,fixed/C1,regulatory_off_anchor,combined_seed155921,5.0,5.0,164.39585606208766,160.0,ok,119395.23484570821,379202.11816589464,4.380270787415661,11.171689871772191,0.0,4,4,inf,4.214989877420466,2.969729212584339,10.346925665008635,1.5,1.15,0.85,2.0,1.2,0.05,155921.0
unseen,fixed/C1,regulatory_off_anchor,combined_seed196613,5.0,5.0,164.39585606208766,160.0,ok,119629.1252953263,379688.7808685343,4.380827535727809,11.118773907650246,0.0,4,4,inf,4.215943728678859,2.9691724642721913,10.346711293783867,1.5,1.15,0.85,2.0,1.2,0.05,196613.0
unseen,fixed/C1,regulatory_off_anchor,combined_seed262147,5.0,5.0,164.39585606208766,160.0,ok,119565.52922455635,379482.8108695876,4.380211424167118,11.285506163651833,0.0,4,4,inf,4.21489638449186,2.9697885758328812,10.346542922074002,1.5,1.15,0.85,2.0,1.2,0.05,262147.0
