design,scenario,condition,IAE_5s,IAE_2p5s,IAE_absolute_change_percent,unsettled_segments_5s,unsettled_segments_2p5s
reference_PI/A_original3,reverse_off_anchor,nominal,60945.49026900114,60615.85878914626,0.5438040249524656,2,2
reference_PI/A_original3,reverse_off_anchor,delay_minus30,87280.28187479786,61870.26733952937,41.06983148436123,3,2
reference_PI/A_original3,reverse_off_anchor,delay_plus50,65689.26551952942,65198.05850097205,0.7534074324468509,2,2
reference_PI/A_original3,reverse_off_anchor,acid_plus15,85376.15672654912,83467.57792519567,2.2866109797314627,3,3
reference_PI/A_original3,reverse_off_anchor,acid_minus15,66280.44244004987,66521.1152291936,0.3617990893786338,2,2
reference_PI/A_original3,reverse_off_anchor,base_minus15,84160.24329033183,87400.35438463537,3.707205899926125,3,3
reference_PI/A_original3,reverse_off_anchor,base_plus15,70467.055691199,68969.07000549445,2.171967355200266,2,2
reference_PI/A_original3,reverse_off_anchor,Kw_half,71394.77507591955,73230.8254043113,2.5072096596683413,2,2
reference_PI/A_original3,reverse_off_anchor,Kw_double,49620.308147828386,49920.83627597318,0.6020094024134726,2,2
reference_PI/A_original3,reverse_off_anchor,volume_plus20,56022.37528839009,60227.202546980174,6.981608111899462,2,2
reference_PI/A_original3,reverse_off_anchor,volume_minus20,87542.78332684952,68491.11147842332,27.81626905620889,3,2
reference_PI/A_original3,reverse_off_anchor,noise_0.01_seed104729,61014.53498060041,60638.985727594714,0.6193198129875732,2,2
reference_PI/A_original3,reverse_off_anchor,noise_0.01_seed130363,60909.9431675192,60644.94766686534,0.4369622051774824,2,2
reference_PI/A_original3,reverse_off_anchor,noise_0.01_seed155921,60993.24383082798,60651.18101249501,0.5639837718287799,2,2
reference_PI/A_original3,reverse_off_anchor,noise_0.01_seed196613,60995.30980002957,60645.36185645695,0.577039913457722,2,2
reference_PI/A_original3,reverse_off_anchor,noise_0.01_seed262147,60955.404870100334,60616.70637610475,0.5587543669794304,2,2
reference_PI/A_original3,reverse_off_anchor,noise_0.05_seed104729,61085.79285612529,60735.004930112846,0.5775712481065787,2,2
reference_PI/A_original3,reverse_off_anchor,noise_0.05_seed130363,60806.231407506915,60779.50149767236,0.043978494683072356,2,2
reference_PI/A_original3,reverse_off_anchor,noise_0.05_seed155921,61133.17627085966,60806.400277328576,0.5374039443885925,2,2
reference_PI/A_original3,reverse_off_anchor,noise_0.05_seed196613,61191.05619566105,60760.39098982242,0.7087926835605218,2,2
reference_PI/A_original3,reverse_off_anchor,noise_0.05_seed262147,61020.20917308055,60642.818942359554,0.6223164379606017,2,2
reference_PI/A_original3,reverse_off_anchor,combined_seed104729,97750.7451093629,97602.50277631408,0.15188374153536355,3,3
reference_PI/A_original3,reverse_off_anchor,combined_seed130363,97965.60466637871,97953.34842528756,0.012512324783364726,3,3
reference_PI/A_original3,reverse_off_anchor,combined_seed155921,97886.2956798237,97800.8183385733,0.08739941311584065,3,3
reference_PI/A_original3,reverse_off_anchor,combined_seed196613,96812.3175073223,96923.85649351416,0.11507898078666479,3,3
reference_PI/A_original3,reverse_off_anchor,combined_seed262147,98048.64397208224,98207.80162818116,0.16206213097152977,3,3
reference_PI/A_original3,cross_equivalence,nominal,66145.05021317692,66471.03619730967,0.49041808700727163,4,4
reference_PI/A_original3,cross_equivalence,delay_minus30,62096.72318634519,64429.05604274488,3.6200015950137887,4,4
reference_PI/A_original3,cross_equivalence,delay_plus50,90940.84820963572,92845.3558599638,2.0512686204796293,6,6
reference_PI/A_original3,cross_equivalence,acid_plus15,106619.43573008847,108849.26001276216,2.0485433547386966,7,7
reference_PI/A_original3,cross_equivalence,acid_minus15,102276.65900924604,101875.77763420726,0.39350018654893404,7,7
reference_PI/A_original3,cross_equivalence,base_minus15,97002.75498059244,98805.44959859375,1.8244890593838048,5,5
reference_PI/A_original3,cross_equivalence,base_plus15,104319.558672275,104512.05719460393,0.18418786070825144,7,7
reference_PI/A_original3,cross_equivalence,Kw_half,96322.5171847215,97906.5015924822,1.6178541588113715,6,6
reference_PI/A_original3,cross_equivalence,Kw_double,58649.75606063794,56645.023030113625,3.539115924550962,4,4
reference_PI/A_original3,cross_equivalence,volume_plus20,62864.625851880555,62268.35249828598,0.9575865261747252,4,4
reference_PI/A_original3,cross_equivalence,volume_minus20,87580.63794919441,87627.51242080564,0.053492870351179445,6,6
reference_PI/A_original3,cross_equivalence,noise_0.01_seed104729,66108.79860049063,66537.72756204267,0.6446402323435074,4,4
reference_PI/A_original3,cross_equivalence,noise_0.01_seed130363,66045.7137439461,66486.8367321012,0.6634741699812707,4,4
reference_PI/A_original3,cross_equivalence,noise_0.01_seed155921,66186.92804221582,66462.41714355169,0.41450358439544255,4,4
reference_PI/A_original3,cross_equivalence,noise_0.01_seed196613,66355.6679544745,66539.08262788864,0.275649537340128,4,4
reference_PI/A_original3,cross_equivalence,noise_0.01_seed262147,65968.1832633104,66488.21026181334,0.7821341504835155,4,4
reference_PI/A_original3,cross_equivalence,noise_0.05_seed104729,65741.71607007505,67366.62786735779,2.4120426518633553,4,4
reference_PI/A_original3,cross_equivalence,noise_0.05_seed130363,65715.28476623601,66600.07656628148,1.3285146889657207,4,4
reference_PI/A_original3,cross_equivalence,noise_0.05_seed155921,66223.53020426175,66446.92452271878,0.3361996361180619,4,4
reference_PI/A_original3,cross_equivalence,noise_0.05_seed196613,66798.16821469515,66920.52115447476,0.18283321419027,4,4
reference_PI/A_original3,cross_equivalence,noise_0.05_seed262147,65317.40625712971,66792.15345727457,2.207964744074653,6,4
reference_PI/A_original3,cross_equivalence,combined_seed104729,132635.65690183942,132917.42116326725,0.21198444790899718,6,6
reference_PI/A_original3,cross_equivalence,combined_seed130363,132666.51175866043,132926.50882515853,0.19559459493521114,6,6
reference_PI/A_original3,cross_equivalence,combined_seed155921,132649.0130065186,132896.73433468924,0.1864013660010544,6,6
reference_PI/A_original3,cross_equivalence,combined_seed196613,132592.8381510382,132863.2460951408,0.20352351161809779,6,6
reference_PI/A_original3,cross_equivalence,combined_seed262147,132510.0489470049,132926.31599967374,0.3131562396341936,6,6
reference_PI/A_original3,regulatory_off_anchor,nominal,102686.70761133784,102072.72103392764,0.6015187713141579,3,3
reference_PI/A_original3,regulatory_off_anchor,delay_minus30,99896.52603572428,96835.0884536712,3.1614961383731988,3,3
reference_PI/A_original3,regulatory_off_anchor,delay_plus50,109643.93952476562,110374.23141628929,0.6616507151649187,3,3
reference_PI/A_original3,regulatory_off_anchor,acid_plus15,130416.39856206048,129221.2260193564,0.924904196873233,4,4
reference_PI/A_original3,regulatory_off_anchor,acid_minus15,113865.63741703152,115764.3137820709,1.6401223339117088,4,4
reference_PI/A_original3,regulatory_off_anchor,base_minus15,130767.38266478053,130886.23188997056,0.0908034584492734,3,4
reference_PI/A_original3,regulatory_off_anchor,base_plus15,115328.56975168844,117785.08655343154,2.085592390025315,4,4
reference_PI/A_original3,regulatory_off_anchor,Kw_half,127010.2950965922,124610.63728466092,1.9257246927078198,4,4
reference_PI/A_original3,regulatory_off_anchor,Kw_double,92692.12283273652,93160.76207786116,0.5030435933241484,4,4
reference_PI/A_original3,regulatory_off_anchor,volume_plus20,98215.32078462763,101158.96061491292,2.9099150608031588,3,3
reference_PI/A_original3,regulatory_off_anchor,volume_minus20,104996.81853296128,105754.23951761666,0.7162086249310251,3,3
reference_PI/A_original3,regulatory_off_anchor,noise_0.01_seed104729,109624.96871301424,112913.04516783232,2.91204302384257,4,4
reference_PI/A_original3,regulatory_off_anchor,noise_0.01_seed130363,105824.38868387058,112816.26063784472,6.197574635467651,4,4
reference_PI/A_original3,regulatory_off_anchor,noise_0.01_seed155921,110971.80758644483,112847.13426348376,1.6618292429653403,4,4
reference_PI/A_original3,regulatory_off_anchor,noise_0.01_seed196613,109080.49543934713,112252.37819484556,2.825670873531727,4,4
reference_PI/A_original3,regulatory_off_anchor,noise_0.01_seed262147,108027.72686595708,109787.68069462189,1.603052198142496,4,4
reference_PI/A_original3,regulatory_off_anchor,noise_0.05_seed104729,109243.4629193356,109411.10698776608,0.15322399438773004,4,4
reference_PI/A_original3,regulatory_off_anchor,noise_0.05_seed130363,108947.17319419511,112294.73976801554,2.9810537704045736,4,4
reference_PI/A_original3,regulatory_off_anchor,noise_0.05_seed155921,109203.6010468231,111748.66002786184,2.2774850100253485,4,4
reference_PI/A_original3,regulatory_off_anchor,noise_0.05_seed196613,110490.6542849654,108073.126505477,2.236937023715968,4,4
reference_PI/A_original3,regulatory_off_anchor,noise_0.05_seed262147,109364.8936667387,109647.54988748752,0.25778617127227843,4,4
reference_PI/A_original3,regulatory_off_anchor,combined_seed104729,153044.85722086,153020.6089786889,0.015846389798701566,4,4
reference_PI/A_original3,regulatory_off_anchor,combined_seed130363,151614.10823474708,152866.51719194723,0.8192827181557116,4,4
reference_PI/A_original3,regulatory_off_anchor,combined_seed155921,152458.0267748098,152917.07788249647,0.3001961023865407,4,4
reference_PI/A_original3,regulatory_off_anchor,combined_seed196613,153189.80375470515,153391.4635820188,0.1314674380206382,4,3
reference_PI/A_original3,regulatory_off_anchor,combined_seed262147,152005.40108048942,152843.38474232992,0.548262957702228,4,4
reference_PI/B_analytic3,reverse_off_anchor,nominal,4616.058028569811,4655.501978131904,0.847254490436733,0,0
reference_PI/B_analytic3,reverse_off_anchor,delay_minus30,4089.76134151545,4017.592725713213,1.796314876327476,0,0
reference_PI/B_analytic3,reverse_off_anchor,delay_plus50,11389.302812322578,11832.58597498498,3.7462915004339625,1,1
reference_PI/B_analytic3,reverse_off_anchor,acid_plus15,31048.375776292934,30844.829724809188,0.6599033072957061,1,1
reference_PI/B_analytic3,reverse_off_anchor,acid_minus15,30277.99042448108,30234.793865078675,0.1428703618591376,1,1
reference_PI/B_analytic3,reverse_off_anchor,base_minus15,34615.84853790703,34477.457393057615,0.4013960289231955,1,1
reference_PI/B_analytic3,reverse_off_anchor,base_plus15,27394.542011721067,27303.715526777167,0.33265247308493784,1,1
reference_PI/B_analytic3,reverse_off_anchor,Kw_half,7347.295313379126,7750.926182116074,5.207517904998982,1,1
reference_PI/B_analytic3,reverse_off_anchor,Kw_double,5440.921362131257,5471.459897729102,0.5581423636225269,0,0
reference_PI/B_analytic3,reverse_off_anchor,volume_plus20,5294.10229783871,5348.020648392152,1.008192639825578,0,0
reference_PI/B_analytic3,reverse_off_anchor,volume_minus20,3916.898779028087,3938.794999076468,0.555911644386542,0,0
reference_PI/B_analytic3,reverse_off_anchor,noise_0.01_seed104729,4671.83066407727,4707.244940763759,0.752335540897997,0,0
reference_PI/B_analytic3,reverse_off_anchor,noise_0.01_seed130363,4670.263483565279,4709.578580789969,0.8347901314366801,0,0
reference_PI/B_analytic3,reverse_off_anchor,noise_0.01_seed155921,4676.184381343557,4701.0829821153275,0.5296354237203205,0,0
reference_PI/B_analytic3,reverse_off_anchor,noise_0.01_seed196613,4677.723711908726,4706.802300904101,0.6177992432312207,0,0
reference_PI/B_analytic3,reverse_off_anchor,noise_0.01_seed262147,4670.307229091685,4686.671956369635,0.34917586360421193,0,0
reference_PI/B_analytic3,reverse_off_anchor,noise_0.05_seed104729,4903.746621120981,4930.877157255188,0.5502172386162019,0,0
reference_PI/B_analytic3,reverse_off_anchor,noise_0.05_seed130363,4902.915176525522,4947.793957547157,0.9070462797501788,0,0
reference_PI/B_analytic3,reverse_off_anchor,noise_0.05_seed155921,4914.85231311616,4891.660860389757,0.47410181098603843,0,0
reference_PI/B_analytic3,reverse_off_anchor,noise_0.05_seed196613,4917.715842022757,4910.167905521313,0.15372053760029925,0,0
reference_PI/B_analytic3,reverse_off_anchor,noise_0.05_seed262147,4905.839034258979,4821.9725576949495,1.7392566125287168,0,0
reference_PI/B_analytic3,reverse_off_anchor,combined_seed104729,59035.34103756101,59159.265802686685,0.2094765096291029,1,1
reference_PI/B_analytic3,reverse_off_anchor,combined_seed130363,59062.86226925364,59065.57289344046,0.0045891778476692124,1,1
reference_PI/B_analytic3,reverse_off_anchor,combined_seed155921,58979.06285192261,58971.35724136832,0.013066700369046558,1,1
reference_PI/B_analytic3,reverse_off_anchor,combined_seed196613,58984.10259861231,59087.31492194893,0.17467763338535613,1,1
reference_PI/B_analytic3,reverse_off_anchor,combined_seed262147,59054.694030582235,59083.956160444905,0.04952635497732505,1,1
reference_PI/B_analytic3,cross_equivalence,nominal,40439.88742968785,40151.29082004114,0.7187729304649393,0,0
reference_PI/B_analytic3,cross_equivalence,delay_minus30,37893.6677449425,37470.216040242434,1.1301021169594527,0,0
reference_PI/B_analytic3,cross_equivalence,delay_plus50,52301.64962964827,52198.43368880251,0.19773762075145918,3,3
reference_PI/B_analytic3,cross_equivalence,acid_plus15,61793.205624016075,61424.64632847949,0.6000185879225794,2,2
reference_PI/B_analytic3,cross_equivalence,acid_minus15,67633.82945511972,67000.02246430141,0.9459802661349936,1,1
reference_PI/B_analytic3,cross_equivalence,base_minus15,65056.92946682751,64779.04850283035,0.4289673442563924,1,2
reference_PI/B_analytic3,cross_equivalence,base_plus15,64736.706778232656,63972.68812335808,1.1942888086886816,1,1
reference_PI/B_analytic3,cross_equivalence,Kw_half,43971.61567633107,43787.175413798606,0.42121982244678335,1,2
reference_PI/B_analytic3,cross_equivalence,Kw_double,39238.33999741394,39054.26853847723,0.4713222544556528,1,1
reference_PI/B_analytic3,cross_equivalence,volume_plus20,45381.38285866502,45081.57617362155,0.6650315061940804,1,1
reference_PI/B_analytic3,cross_equivalence,volume_minus20,35417.214786147386,35116.86173072328,0.8552958340275918,0,0
reference_PI/B_analytic3,cross_equivalence,noise_0.01_seed104729,40475.16455016611,40200.13187997474,0.6841586266745026,0,0
reference_PI/B_analytic3,cross_equivalence,noise_0.01_seed130363,40470.14796987358,40177.05130811765,0.7295126252749862,0,0
reference_PI/B_analytic3,cross_equivalence,noise_0.01_seed155921,40479.23492295105,40163.59092958724,0.7858958476028244,0,0
reference_PI/B_analytic3,cross_equivalence,noise_0.01_seed196613,40499.57105740631,40205.48288036647,0.7314628651891031,0,0
reference_PI/B_analytic3,cross_equivalence,noise_0.01_seed262147,40464.72940544545,40172.26686848216,0.7280209949833472,0,0
reference_PI/B_analytic3,cross_equivalence,noise_0.05_seed104729,40626.44556591298,40400.97294450904,0.5580871077377925,0,0
reference_PI/B_analytic3,cross_equivalence,noise_0.05_seed130363,40582.87678736944,40302.183781837346,0.6964709581285478,0,0
reference_PI/B_analytic3,cross_equivalence,noise_0.05_seed155921,40655.71832105955,40233.71701728639,1.0488747624084693,0,0
reference_PI/B_analytic3,cross_equivalence,noise_0.05_seed196613,40789.02428708623,40439.448982700735,0.8644413145565633,0,0
reference_PI/B_analytic3,cross_equivalence,noise_0.05_seed262147,40568.06948215649,40275.574216602065,0.7262348737261615,0,0
reference_PI/B_analytic3,cross_equivalence,combined_seed104729,97183.2305994614,97161.14807774917,0.0227277282629057,3,3
reference_PI/B_analytic3,cross_equivalence,combined_seed130363,97186.25469509732,97279.82958174864,0.0961914582433332,3,3
reference_PI/B_analytic3,cross_equivalence,combined_seed155921,97130.39569963345,97103.46794745704,0.027730989166085962,3,3
reference_PI/B_analytic3,cross_equivalence,combined_seed196613,97306.0513254036,97227.6533431116,0.08063342022186504,4,3
reference_PI/B_analytic3,cross_equivalence,combined_seed262147,97317.40771216464,97222.69168492334,0.09742172902211799,4,3
reference_PI/B_analytic3,regulatory_off_anchor,nominal,53447.45563231284,53142.036938555575,0.5747214660032807,0,0
reference_PI/B_analytic3,regulatory_off_anchor,delay_minus30,50987.555901318774,50489.79119202373,0.9858719902444024,0,0
reference_PI/B_analytic3,regulatory_off_anchor,delay_plus50,67618.4021572957,67856.98877357246,0.3516021276347647,3,3
reference_PI/B_analytic3,regulatory_off_anchor,acid_plus15,76892.56595406652,76700.84752843484,0.24995607194642222,1,1
reference_PI/B_analytic3,regulatory_off_anchor,acid_minus15,70342.73190108653,70015.59358841335,0.46723636251126965,1,1
reference_PI/B_analytic3,regulatory_off_anchor,base_minus15,79334.96566213324,79138.45874447492,0.24830773908903758,1,1
reference_PI/B_analytic3,regulatory_off_anchor,base_plus15,70711.55975687629,70302.64823638223,0.581644547896909,1,1
reference_PI/B_analytic3,regulatory_off_anchor,Kw_half,61250.91401942469,61566.49060517986,0.5125784865324556,2,4
reference_PI/B_analytic3,regulatory_off_anchor,Kw_double,52245.62885553139,51998.21960206325,0.4758033166549547,0,0
reference_PI/B_analytic3,regulatory_off_anchor,volume_plus20,59334.877462155506,59028.61240009024,0.5188417101683385,0,0
reference_PI/B_analytic3,regulatory_off_anchor,volume_minus20,47483.164181298285,47153.46931438922,0.6991953544517981,0,0
reference_PI/B_analytic3,regulatory_off_anchor,noise_0.01_seed104729,53476.292852558705,53192.151124620665,0.5341798027162836,0,0
reference_PI/B_analytic3,regulatory_off_anchor,noise_0.01_seed130363,53524.244810433505,53191.59614989316,0.6253782262952701,0,0
reference_PI/B_analytic3,regulatory_off_anchor,noise_0.01_seed155921,53521.5673589448,53196.852019776234,0.610403298014428,0,0
reference_PI/B_analytic3,regulatory_off_anchor,noise_0.01_seed196613,53514.232862108656,53198.75388750995,0.5930194817453716,0,0
reference_PI/B_analytic3,regulatory_off_anchor,noise_0.01_seed262147,53522.48816685402,53181.35709192607,0.6414486082750637,0,0
reference_PI/B_analytic3,regulatory_off_anchor,noise_0.05_seed104729,53627.25695618759,53416.44915912409,0.3946495889974422,0,0
reference_PI/B_analytic3,regulatory_off_anchor,noise_0.05_seed130363,53857.00494719083,53401.58309884484,0.8528246203918899,0,0
reference_PI/B_analytic3,regulatory_off_anchor,noise_0.05_seed155921,53831.49238901948,53427.71326734575,0.75574846269999,0,0
reference_PI/B_analytic3,regulatory_off_anchor,noise_0.05_seed196613,53773.13852221405,53429.53863958974,0.6430897428145066,0,0
reference_PI/B_analytic3,regulatory_off_anchor,noise_0.05_seed262147,53852.5667749304,53342.14700781817,0.9568789329710059,0,0
reference_PI/B_analytic3,regulatory_off_anchor,combined_seed104729,113920.47748081264,113804.65242163277,0.10177532878949958,1,1
reference_PI/B_analytic3,regulatory_off_anchor,combined_seed130363,113981.62724604984,113767.07455195964,0.18858944464834604,1,1
reference_PI/B_analytic3,regulatory_off_anchor,combined_seed155921,113888.17265847864,113766.0705954628,0.10732730978291194,1,1
reference_PI/B_analytic3,regulatory_off_anchor,combined_seed196613,113884.20514008091,113739.28013999264,0.1274186014804224,1,1
reference_PI/B_analytic3,regulatory_off_anchor,combined_seed262147,113961.79493211576,113739.1426106516,0.19575698950566878,1,1
reference_PI/C_add7,reverse_off_anchor,nominal,10243.363520317158,10269.590561736892,0.25538546315032606,0,0
reference_PI/C_add7,reverse_off_anchor,delay_minus30,8337.999178148664,8211.266637758816,1.543398186670486,0,0
reference_PI/C_add7,reverse_off_anchor,delay_plus50,21893.655485448675,22352.743301943497,2.053832096997721,0,0
reference_PI/C_add7,reverse_off_anchor,acid_plus15,37092.94348138509,36810.69726138618,0.7667505399170604,1,1
reference_PI/C_add7,reverse_off_anchor,acid_minus15,36855.856385941945,36817.798810547894,0.10336732945357419,1,1
reference_PI/C_add7,reverse_off_anchor,base_minus15,41065.19858209314,40825.515231114274,0.5870920418811876,1,1
reference_PI/C_add7,reverse_off_anchor,base_plus15,33616.34435390948,33531.879558617984,0.25189400774221493,1,1
reference_PI/C_add7,reverse_off_anchor,Kw_half,9012.210338002658,8990.679154622749,0.2394833917395367,0,0
reference_PI/C_add7,reverse_off_anchor,Kw_double,11127.662951658516,11159.697854494543,0.2870588725045531,0,0
reference_PI/C_add7,reverse_off_anchor,volume_plus20,12315.1340142354,12397.331597525226,0.6630264153475895,0,0
reference_PI/C_add7,reverse_off_anchor,volume_minus20,8114.497346635843,8084.833901552773,0.3669023438734209,0,0
reference_PI/C_add7,reverse_off_anchor,noise_0.01_seed104729,10272.981398010408,10292.765985267832,0.1922183724544113,0,0
reference_PI/C_add7,reverse_off_anchor,noise_0.01_seed130363,10254.829323810292,10300.971352941986,0.4479386220068937,0,0
reference_PI/C_add7,reverse_off_anchor,noise_0.01_seed155921,10250.104644802796,10281.25193862158,0.3029523447604654,0,0
reference_PI/C_add7,reverse_off_anchor,noise_0.01_seed196613,10252.777768104714,10301.833112086762,0.4761807286947195,0,0
reference_PI/C_add7,reverse_off_anchor,noise_0.01_seed262147,10266.347897337737,10291.28040056662,0.24226823347958115,0,0
reference_PI/C_add7,reverse_off_anchor,noise_0.05_seed104729,10456.106851363866,10444.695044355058,0.10925936047290197,0,0
reference_PI/C_add7,reverse_off_anchor,noise_0.05_seed130363,10394.359889556396,10502.999353340456,1.0343660903826324,0,0
reference_PI/C_add7,reverse_off_anchor,noise_0.05_seed155921,10333.321096281074,10372.40894543325,0.3768444664861148,0,0
reference_PI/C_add7,reverse_off_anchor,noise_0.05_seed196613,10350.121793896697,10474.823853299577,1.19049314002162,0,0
reference_PI/C_add7,reverse_off_anchor,noise_0.05_seed262147,10466.63100742894,10387.909904828695,0.7578146453085077,0,0
reference_PI/C_add7,reverse_off_anchor,combined_seed104729,67853.96277964367,68025.254645597,0.25180628407162065,1,1
reference_PI/C_add7,reverse_off_anchor,combined_seed130363,67982.16124127203,67807.2967192771,0.25788452047994515,1,1
reference_PI/C_add7,reverse_off_anchor,combined_seed155921,67804.00395938914,67992.80603794263,0.2776794922217718,1,1
reference_PI/C_add7,reverse_off_anchor,combined_seed196613,67907.83762924354,67940.93786972437,0.04871913976856046,1,1
reference_PI/C_add7,reverse_off_anchor,combined_seed262147,67917.54897387531,67840.1956343333,0.11402287216115692,1,1
reference_PI/C_add7,cross_equivalence,nominal,53129.72451580784,52343.59996627516,1.5018541904629812,2,2
reference_PI/C_add7,cross_equivalence,delay_minus30,47867.641172610165,46848.94031329668,2.1744373565357966,1,1
reference_PI/C_add7,cross_equivalence,delay_plus50,67874.51053485902,67914.73538056089,0.059228450904613705,4,4
reference_PI/C_add7,cross_equivalence,acid_plus15,71413.54716231985,70841.23577000658,0.807878894393288,3,3
reference_PI/C_add7,cross_equivalence,acid_minus15,80800.11555213672,79856.233835254,1.1819762485042684,3,3
reference_PI/C_add7,cross_equivalence,base_minus15,74590.94002605532,74209.0975839433,0.5145493673199608,3,3
reference_PI/C_add7,cross_equivalence,base_plus15,77154.03634879502,75882.52379696204,1.6756329233792444,3,3
reference_PI/C_add7,cross_equivalence,Kw_half,52263.27095026768,51577.01237677964,1.3305512317673518,1,1
reference_PI/C_add7,cross_equivalence,Kw_double,48019.975113863846,47774.5850321342,0.5136414718507565,1,1
reference_PI/C_add7,cross_equivalence,volume_plus20,58669.180136244504,58882.99868798218,0.36312442725733307,2,2
reference_PI/C_add7,cross_equivalence,volume_minus20,43496.87262844782,42857.93801846971,1.4908197629637687,1,1
reference_PI/C_add7,cross_equivalence,noise_0.01_seed104729,53123.82880542545,52376.76456856472,1.4263275767688377,2,2
reference_PI/C_add7,cross_equivalence,noise_0.01_seed130363,53124.142670490335,52352.95851126817,1.4730479062729174,2,2
reference_PI/C_add7,cross_equivalence,noise_0.01_seed155921,53098.538021202105,52299.06247889792,1.5286613266284999,2,2
reference_PI/C_add7,cross_equivalence,noise_0.01_seed196613,53176.6170980897,52352.10638058472,1.5749332252479542,2,2
reference_PI/C_add7,cross_equivalence,noise_0.01_seed262147,53110.278458730965,52338.18527343985,1.4752005276020386,2,2
reference_PI/C_add7,cross_equivalence,noise_0.05_seed104729,53188.05704057581,52535.59732019354,1.24193833070112,2,2
reference_PI/C_add7,cross_equivalence,noise_0.05_seed130363,53130.6503599874,52438.0855214487,1.3207286872733315,2,2
reference_PI/C_add7,cross_equivalence,noise_0.05_seed155921,53068.03809181393,52124.95741695908,1.8092689598016243,2,2
reference_PI/C_add7,cross_equivalence,noise_0.05_seed196613,53397.466869570184,52471.985039070896,1.7637637108833815,2,2
reference_PI/C_add7,cross_equivalence,noise_0.05_seed262147,53083.01573345342,52307.84880845251,1.4819323345517832,2,2
reference_PI/C_add7,cross_equivalence,combined_seed104729,106798.38699954812,106922.49683415113,0.1160745757700643,6,6
reference_PI/C_add7,cross_equivalence,combined_seed130363,106973.18252832728,106901.55416032752,0.0670040473802036,6,6
reference_PI/C_add7,cross_equivalence,combined_seed155921,106948.77765631072,106880.0282340648,0.06432391849238162,6,7
reference_PI/C_add7,cross_equivalence,combined_seed196613,106818.63350864463,106970.77406002914,0.1422262788330686,6,6
reference_PI/C_add7,cross_equivalence,combined_seed262147,107012.77296660098,106907.8727444488,0.09812207413661955,6,6
reference_PI/C_add7,regulatory_off_anchor,nominal,62595.482080268375,61972.00003634898,1.0060705537237702,0,0
reference_PI/C_add7,regulatory_off_anchor,delay_minus30,58823.607449893105,58095.04995794389,1.2540784326317445,0,0
reference_PI/C_add7,regulatory_off_anchor,delay_plus50,81157.93838561203,80773.98983305693,0.4753368669154989,1,1
reference_PI/C_add7,regulatory_off_anchor,acid_plus15,84977.52172095185,84706.04952236667,0.3204873797278074,1,1
reference_PI/C_add7,regulatory_off_anchor,acid_minus15,79987.63417014849,79435.1601681445,0.6955031006855572,1,1
reference_PI/C_add7,regulatory_off_anchor,base_minus15,88010.36228913904,87825.72801101713,0.2102280075591878,1,1
reference_PI/C_add7,regulatory_off_anchor,base_plus15,79343.84399168185,78706.08863846387,0.8102998945195949,1,1
reference_PI/C_add7,regulatory_off_anchor,Kw_half,62280.70790409813,61710.03466777708,0.9247657036547396,0,0
reference_PI/C_add7,regulatory_off_anchor,Kw_double,60953.75758874616,60757.0965383009,0.3236840824368148,0,0
reference_PI/C_add7,regulatory_off_anchor,volume_plus20,71681.50565661685,71235.60960962197,0.625945435770725,0,0
reference_PI/C_add7,regulatory_off_anchor,volume_minus20,53915.456624204315,53372.61060799294,1.0170872476117587,0,0
reference_PI/C_add7,regulatory_off_anchor,noise_0.01_seed104729,62583.39020537034,62006.94146925052,0.9296519429291328,0,0
reference_PI/C_add7,regulatory_off_anchor,noise_0.01_seed130363,62604.05037095588,61999.044012029975,0.9758317544517503,0,0
reference_PI/C_add7,regulatory_off_anchor,noise_0.01_seed155921,62626.38510272633,61995.31571201231,1.017930763745989,0,0
reference_PI/C_add7,regulatory_off_anchor,noise_0.01_seed196613,62613.629127099666,61981.081079563824,1.0205502009941636,0,0
reference_PI/C_add7,regulatory_off_anchor,noise_0.01_seed262147,62660.53529903808,61972.947389013265,1.1094968675746886,0,0
reference_PI/C_add7,regulatory_off_anchor,noise_0.05_seed104729,62653.11611676823,62187.77661664321,0.7482812948814699,0,0
reference_PI/C_add7,regulatory_off_anchor,noise_0.05_seed130363,62706.21494576815,62220.441898484845,0.7807290216226059,0,0
reference_PI/C_add7,regulatory_off_anchor,noise_0.05_seed155921,62797.89919184789,62211.445125855935,0.9426787383021606,0,0
reference_PI/C_add7,regulatory_off_anchor,noise_0.05_seed196613,62720.55468520284,62048.14375134869,1.0836922641050517,0,0
reference_PI/C_add7,regulatory_off_anchor,noise_0.05_seed262147,62903.65072399413,62052.87801698616,1.3710447189493546,0,0
reference_PI/C_add7,regulatory_off_anchor,combined_seed104729,125619.6331547455,125550.17942031471,0.05531950233084171,3,3
reference_PI/C_add7,regulatory_off_anchor,combined_seed130363,125796.3728962828,125551.49038046088,0.19504548697897306,3,3
reference_PI/C_add7,regulatory_off_anchor,combined_seed155921,125715.80742121355,125502.8701125788,0.16966728206593285,3,3
reference_PI/C_add7,regulatory_off_anchor,combined_seed196613,125698.9343147533,125386.02782157475,0.2495545146575795,3,3
reference_PI/C_add7,regulatory_off_anchor,combined_seed262147,125746.77830385424,125542.63000175508,0.16261273329729597,3,3
reference_PI/D_add8,reverse_off_anchor,nominal,16467.337052434217,16603.611413053557,0.8207513246919484,0,0
reference_PI/D_add8,reverse_off_anchor,delay_minus30,13103.816527465273,12945.654528460656,1.2217381412187533,0,0
reference_PI/D_add8,reverse_off_anchor,delay_plus50,35744.60353339545,36107.96454588566,1.0063181823180778,1,1
reference_PI/D_add8,reverse_off_anchor,acid_plus15,43815.70669143909,43557.796452506576,0.5921103911069592,1,1
reference_PI/D_add8,reverse_off_anchor,acid_minus15,45481.94789153477,45453.87581408846,0.0617594802281074,2,2
reference_PI/D_add8,reverse_off_anchor,base_minus15,46698.0777939269,46551.300910271806,0.31530135739494813,1,1
reference_PI/D_add8,reverse_off_anchor,base_plus15,42428.61202031745,42320.43815523191,0.25560667564157313,1,1
reference_PI/D_add8,reverse_off_anchor,Kw_half,19961.94613449386,20251.998402329824,1.4322155378137635,0,0
reference_PI/D_add8,reverse_off_anchor,Kw_double,14790.692169264694,14846.42676268872,0.3754074587435041,0,0
reference_PI/D_add8,reverse_off_anchor,volume_plus20,19920.556994647715,20144.63035945807,1.1123230399963768,0,0
reference_PI/D_add8,reverse_off_anchor,volume_minus20,12926.442393135196,12948.302913587158,0.16882923266355876,0,0
reference_PI/D_add8,reverse_off_anchor,noise_0.01_seed104729,16502.126464094876,16622.186891242607,0.7222902012429255,0,0
reference_PI/D_add8,reverse_off_anchor,noise_0.01_seed130363,16473.454648796207,16626.012445580654,0.9175850029211174,0,0
reference_PI/D_add8,reverse_off_anchor,noise_0.01_seed155921,16489.87359743849,16613.409317587266,0.7435904201673837,0,0
reference_PI/D_add8,reverse_off_anchor,noise_0.01_seed196613,16490.092898684168,16633.97426043445,0.864984876720154,0,0
reference_PI/D_add8,reverse_off_anchor,noise_0.01_seed262147,16439.830999226146,16614.40443482339,1.0507354403347935,0,0
reference_PI/D_add8,reverse_off_anchor,noise_0.05_seed104729,16695.876803443625,16722.956062464516,0.16192866213211587,0,0
reference_PI/D_add8,reverse_off_anchor,noise_0.05_seed130363,16542.35144539162,16832.23069697043,1.722167767288163,0,0
reference_PI/D_add8,reverse_off_anchor,noise_0.05_seed155921,16589.39314437663,16760.25382152567,1.0194396753681612,0,0
reference_PI/D_add8,reverse_off_anchor,noise_0.05_seed196613,16620.473346292485,16769.523736413084,0.8888170735401046,0,0
reference_PI/D_add8,reverse_off_anchor,noise_0.05_seed262147,16392.63617279708,16654.74811656178,1.5737971053675137,0,0
reference_PI/D_add8,reverse_off_anchor,combined_seed104729,71152.13915213449,71202.26297180796,0.07039638570660589,2,2
reference_PI/D_add8,reverse_off_anchor,combined_seed130363,71283.04854632035,71155.0677848727,0.17986176590341074,2,2
reference_PI/D_add8,reverse_off_anchor,combined_seed155921,71100.05701843607,71145.40295324245,0.06373698499702041,2,2
reference_PI/D_add8,reverse_off_anchor,combined_seed196613,71196.41021507663,71211.06419569523,0.02057823567743755,2,2
reference_PI/D_add8,reverse_off_anchor,combined_seed262147,71298.34955553935,71108.87292643065,0.26645989636866485,2,2
reference_PI/D_add8,cross_equivalence,nominal,58044.30622121522,57846.70689313999,0.3415913172728269,3,3
reference_PI/D_add8,cross_equivalence,delay_minus30,53980.18290937555,53642.99995345234,0.6285684175303397,2,2
reference_PI/D_add8,cross_equivalence,delay_plus50,67657.29593423569,67611.65656378509,0.06750222190983202,5,5
reference_PI/D_add8,cross_equivalence,acid_plus15,78353.54074449907,78050.88431588418,0.38776809675851176,5,5
reference_PI/D_add8,cross_equivalence,acid_minus15,89560.68632763687,88905.2516370687,0.7372283172245142,5,6
reference_PI/D_add8,cross_equivalence,base_minus15,81897.42161761134,81822.78246735432,0.09122049874898952,4,4
reference_PI/D_add8,cross_equivalence,base_plus15,88416.80366820832,87786.47791498224,0.7180214632104498,6,6
reference_PI/D_add8,cross_equivalence,Kw_half,67845.52489847183,68604.65458012241,1.1065279554231977,3,3
reference_PI/D_add8,cross_equivalence,Kw_double,53880.4976149639,53776.928282448614,0.1925906440236158,3,3
reference_PI/D_add8,cross_equivalence,volume_plus20,63908.5982403199,63589.91947599343,0.5011466706555279,4,4
reference_PI/D_add8,cross_equivalence,volume_minus20,52560.16205323803,52011.48794651167,1.0549094601766118,2,2
reference_PI/D_add8,cross_equivalence,noise_0.01_seed104729,58057.52564807588,57858.03820638299,0.34478777344870704,3,3
reference_PI/D_add8,cross_equivalence,noise_0.01_seed130363,58103.87528533912,57857.63170885209,0.42560258554336095,3,3
reference_PI/D_add8,cross_equivalence,noise_0.01_seed155921,58087.69265530238,57830.54234245124,0.4446617694303878,3,3
reference_PI/D_add8,cross_equivalence,noise_0.01_seed196613,58100.8996312361,57857.92194415408,0.41995577946360996,3,3
reference_PI/D_add8,cross_equivalence,noise_0.01_seed262147,58033.64464430517,57856.23637277542,0.30663638468753085,3,3
reference_PI/D_add8,cross_equivalence,noise_0.05_seed104729,58167.17107877219,57892.71863287129,0.47407075083369943,3,3
reference_PI/D_add8,cross_equivalence,noise_0.05_seed130363,58319.026931078275,57967.71018920519,0.6060559244558616,3,3
reference_PI/D_add8,cross_equivalence,noise_0.05_seed155921,58314.065868772486,57800.79525754154,0.8879992203290277,3,3
reference_PI/D_add8,cross_equivalence,noise_0.05_seed196613,58325.97579233938,57936.34745587007,0.6725110463100759,3,3
reference_PI/D_add8,cross_equivalence,noise_0.05_seed262147,58010.66760333725,57936.680882833454,0.12770272541746674,3,3
reference_PI/D_add8,cross_equivalence,combined_seed104729,102590.643575465,102693.02239365496,0.09969403548909517,5,5
reference_PI/D_add8,cross_equivalence,combined_seed130363,102619.3833637159,102536.72429388214,0.08061411206861102,5,5
reference_PI/D_add8,cross_equivalence,combined_seed155921,102445.48055795237,102704.33971882868,0.2520430602883761,6,5
reference_PI/D_add8,cross_equivalence,combined_seed196613,102529.48608489938,102726.80345584982,0.19207973412239676,5,5
reference_PI/D_add8,cross_equivalence,combined_seed262147,102604.65674095086,102728.77298594918,0.1208193589689821,5,6
reference_PI/D_add8,regulatory_off_anchor,nominal,75807.48158069953,75537.9187996852,0.3568575694138154,1,1
reference_PI/D_add8,regulatory_off_anchor,delay_minus30,68112.5888912483,67314.37955071802,1.185793207718544,0,0
reference_PI/D_add8,regulatory_off_anchor,delay_plus50,98264.50441946436,98113.7180914238,0.15368526539789595,3,3
reference_PI/D_add8,regulatory_off_anchor,acid_plus15,96737.62688056094,96483.47013245623,0.2634199907567414,1,1
reference_PI/D_add8,regulatory_off_anchor,acid_minus15,95864.2767889263,95531.37293269768,0.34847594670617266,2,2
reference_PI/D_add8,regulatory_off_anchor,base_minus15,97828.39179728762,97681.46619106972,0.15041298205997755,2,2
reference_PI/D_add8,regulatory_off_anchor,base_plus15,96478.12982211396,95996.82375031352,0.5013770799878969,2,2
reference_PI/D_add8,regulatory_off_anchor,Kw_half,86598.35053973392,86309.50358750632,0.33466413340537127,1,1
reference_PI/D_add8,regulatory_off_anchor,Kw_double,68095.30200146242,67815.29847521667,0.41289138666562586,0,0
reference_PI/D_add8,regulatory_off_anchor,volume_plus20,86218.1587601875,86112.27765671902,0.1229570351054754,3,3
reference_PI/D_add8,regulatory_off_anchor,volume_minus20,63832.43712495412,63363.58056600763,0.7399464404604927,0,0
reference_PI/D_add8,regulatory_off_anchor,noise_0.01_seed104729,75805.47821127038,75537.03056564169,0.35538548923419455,1,1
reference_PI/D_add8,regulatory_off_anchor,noise_0.01_seed130363,75738.22029797136,75512.0090622594,0.29956988103103654,1,1
reference_PI/D_add8,regulatory_off_anchor,noise_0.01_seed155921,75794.17056024389,75540.7780086818,0.3354381014357255,1,1
reference_PI/D_add8,regulatory_off_anchor,noise_0.01_seed196613,75855.38175936494,75526.0835798704,0.43600589873866724,1,1
reference_PI/D_add8,regulatory_off_anchor,noise_0.01_seed262147,75851.70970645474,75526.95263808532,0.4299883114914138,1,1
reference_PI/D_add8,regulatory_off_anchor,noise_0.05_seed104729,76003.59141371859,75616.47801484799,0.5119431756588577,1,1
reference_PI/D_add8,regulatory_off_anchor,noise_0.05_seed130363,75556.3077736229,75445.55734322676,0.1467951650119037,1,1
reference_PI/D_add8,regulatory_off_anchor,noise_0.05_seed155921,75896.9438867727,75623.37097518813,0.36175709712058524,1,1
reference_PI/D_add8,regulatory_off_anchor,noise_0.05_seed196613,76158.19883300806,75535.33412782566,0.8246004500732873,1,1
reference_PI/D_add8,regulatory_off_anchor,noise_0.05_seed262147,76148.24488372492,75454.65772854934,0.9192105246448534,1,1
reference_PI/D_add8,regulatory_off_anchor,combined_seed104729,128931.15920984106,128889.76897853072,0.03211289122353467,4,4
reference_PI/D_add8,regulatory_off_anchor,combined_seed130363,128859.67430072704,128791.50892638369,0.05292691646490155,4,4
reference_PI/D_add8,regulatory_off_anchor,combined_seed155921,128871.1765753402,128615.53486863646,0.19876425267355557,4,4
reference_PI/D_add8,regulatory_off_anchor,combined_seed196613,128806.51258788706,128644.8930364586,0.1256323104739554,4,4
reference_PI/D_add8,regulatory_off_anchor,combined_seed262147,128860.5388434638,128784.0305518336,0.059408213349421146,4,4
reference_PI/D2_resample_Ti_Td,reverse_off_anchor,nominal,15378.8832411518,15467.695900412147,0.5741815706241105,0,0
reference_PI/D2_resample_Ti_Td,reverse_off_anchor,delay_minus30,12779.449436331057,12688.591469380415,0.7160603063775639,0,0
reference_PI/D2_resample_Ti_Td,reverse_off_anchor,delay_plus50,30758.09722766601,31437.762927204283,2.161940406230789,1,1
reference_PI/D2_resample_Ti_Td,reverse_off_anchor,acid_plus15,42904.07664314066,42593.72953901517,0.7286215775991423,1,1
reference_PI/D2_resample_Ti_Td,reverse_off_anchor,acid_minus15,44045.23892941201,43948.05311641692,0.2211379255814716,1,1
reference_PI/D2_resample_Ti_Td,reverse_off_anchor,base_minus15,46273.96860167174,46074.583057483265,0.4327451947632843,1,1
reference_PI/D2_resample_Ti_Td,reverse_off_anchor,base_plus15,41105.10977771922,40851.7471076301,0.6202003293068303,1,1
reference_PI/D2_resample_Ti_Td,reverse_off_anchor,Kw_half,17328.214733381225,17578.137377767285,1.4217811535718328,0,0
reference_PI/D2_resample_Ti_Td,reverse_off_anchor,Kw_double,14714.340974300876,14749.450742088266,0.23804118811829866,0,0
reference_PI/D2_resample_Ti_Td,reverse_off_anchor,volume_plus20,18437.979440558986,18617.746126522547,0.9655663190479724,0,0
reference_PI/D2_resample_Ti_Td,reverse_off_anchor,volume_minus20,12050.571750133033,12060.969617554638,0.08621087484103063,0,0
reference_PI/D2_resample_Ti_Td,reverse_off_anchor,noise_0.01_seed104729,15396.169480756142,15493.384863004869,0.6274638054132309,0,0
reference_PI/D2_resample_Ti_Td,reverse_off_anchor,noise_0.01_seed130363,15402.066195456691,15498.098401875206,0.6196386416471245,0,0
reference_PI/D2_resample_Ti_Td,reverse_off_anchor,noise_0.01_seed155921,15389.40401053019,15479.885030543985,0.5845070543822661,0,0
reference_PI/D2_resample_Ti_Td,reverse_off_anchor,noise_0.01_seed196613,15403.021075464329,15495.470033046096,0.5966192531404846,0,0
reference_PI/D2_resample_Ti_Td,reverse_off_anchor,noise_0.01_seed262147,15374.165821885676,15478.699207183045,0.6753370157155048,0,0
reference_PI/D2_resample_Ti_Td,reverse_off_anchor,noise_0.05_seed104729,15557.112533565924,15641.20203898624,0.5376153649234827,0,0
reference_PI/D2_resample_Ti_Td,reverse_off_anchor,noise_0.05_seed130363,15587.678491568377,15731.871045337371,0.9165632832448756,0,0
reference_PI/D2_resample_Ti_Td,reverse_off_anchor,noise_0.05_seed155921,15426.888176236294,15607.741357079216,1.1587402475816355,0,0
reference_PI/D2_resample_Ti_Td,reverse_off_anchor,noise_0.05_seed196613,15505.461759000762,15632.574120184168,0.8131249543815278,0,0
reference_PI/D2_resample_Ti_Td,reverse_off_anchor,noise_0.05_seed262147,15348.30294622223,15542.652071403332,1.2504244725305425,0,0
reference_PI/D2_resample_Ti_Td,reverse_off_anchor,combined_seed104729,71181.19109598009,71201.55957972177,0.02860679437628466,1,1
reference_PI/D2_resample_Ti_Td,reverse_off_anchor,combined_seed130363,71280.52131254724,71103.17201844195,0.24942529154576842,1,1
reference_PI/D2_resample_Ti_Td,reverse_off_anchor,combined_seed155921,71007.77301994342,71074.75987498081,0.0942484436883384,1,1
reference_PI/D2_resample_Ti_Td,reverse_off_anchor,combined_seed196613,71110.34969502364,71205.20545394666,0.13321464114638415,1,1
reference_PI/D2_resample_Ti_Td,reverse_off_anchor,combined_seed262147,71184.05957461246,71040.97235263295,0.20141506688458044,1,1
reference_PI/D2_resample_Ti_Td,cross_equivalence,nominal,57173.160601836054,56928.76647872427,0.4292981180316291,3,3
reference_PI/D2_resample_Ti_Td,cross_equivalence,delay_minus30,53973.35626663013,53611.89106899679,0.6742257928714857,2,2
reference_PI/D2_resample_Ti_Td,cross_equivalence,delay_plus50,66971.14802629454,66777.15287841117,0.2905112594970838,5,5
reference_PI/D2_resample_Ti_Td,cross_equivalence,acid_plus15,77792.80196783545,77532.17858296992,0.3361486670810043,5,4
reference_PI/D2_resample_Ti_Td,cross_equivalence,acid_minus15,87366.12786689118,86606.50484220294,0.8770969641048065,5,5
reference_PI/D2_resample_Ti_Td,cross_equivalence,base_minus15,81273.6162854803,81104.03013482848,0.20909706998517574,4,4
reference_PI/D2_resample_Ti_Td,cross_equivalence,base_plus15,86586.38855872989,85823.53808328477,0.8888592715728283,6,6
reference_PI/D2_resample_Ti_Td,cross_equivalence,Kw_half,64359.8712075205,64821.94785400336,0.7128398046963746,4,4
reference_PI/D2_resample_Ti_Td,cross_equivalence,Kw_double,53879.478875369496,53615.72079453035,0.49194168600275034,4,4
reference_PI/D2_resample_Ti_Td,cross_equivalence,volume_plus20,64251.00400176674,63824.91660455765,0.6675878636066557,5,5
reference_PI/D2_resample_Ti_Td,cross_equivalence,volume_minus20,51651.12948941264,51128.88953768961,1.0214185296124167,2,2
reference_PI/D2_resample_Ti_Td,cross_equivalence,noise_0.01_seed104729,57202.50556021702,56936.4973652019,0.4672015443958344,3,3
reference_PI/D2_resample_Ti_Td,cross_equivalence,noise_0.01_seed130363,57198.940973138175,56926.039559687306,0.4793964511877302,3,3
reference_PI/D2_resample_Ti_Td,cross_equivalence,noise_0.01_seed155921,57215.54056085654,56911.15762086101,0.5348387780535147,3,3
reference_PI/D2_resample_Ti_Td,cross_equivalence,noise_0.01_seed196613,57196.29776879254,56951.34912372602,0.4301015671013708,3,3
reference_PI/D2_resample_Ti_Td,cross_equivalence,noise_0.01_seed262147,57178.37478420262,56924.78860621195,0.44547583609821917,3,3
reference_PI/D2_resample_Ti_Td,cross_equivalence,noise_0.05_seed104729,57345.740029002685,56955.52733460338,0.685118218828662,3,3
reference_PI/D2_resample_Ti_Td,cross_equivalence,noise_0.05_seed130363,57308.33188825579,56894.30310134191,0.7277157190525685,3,3
reference_PI/D2_resample_Ti_Td,cross_equivalence,noise_0.05_seed155921,57419.70999853544,56834.726979177976,1.0292703958475702,3,3
reference_PI/D2_resample_Ti_Td,cross_equivalence,noise_0.05_seed196613,57342.27537378839,57020.73584567248,0.5638992961896516,3,3
reference_PI/D2_resample_Ti_Td,cross_equivalence,noise_0.05_seed262147,57256.70979108418,56907.92454927495,0.6128939766679276,3,3
reference_PI/D2_resample_Ti_Td,cross_equivalence,combined_seed104729,101791.35461692169,101819.8321061281,0.027968509294662436,6,5
reference_PI/D2_resample_Ti_Td,cross_equivalence,combined_seed130363,101797.67359435906,101709.87155325194,0.08632597777016304,6,6
reference_PI/D2_resample_Ti_Td,cross_equivalence,combined_seed155921,101655.811174752,101735.60247603584,0.0784300670973459,5,6
reference_PI/D2_resample_Ti_Td,cross_equivalence,combined_seed196613,101723.97788588828,101759.22287221265,0.03463566773561633,5,5
reference_PI/D2_resample_Ti_Td,cross_equivalence,combined_seed262147,101808.61034607809,101771.46980302136,0.03649406177252956,5,6
reference_PI/D2_resample_Ti_Td,regulatory_off_anchor,nominal,73533.58823524733,73135.68246826874,0.5440651588247913,0,0
reference_PI/D2_resample_Ti_Td,regulatory_off_anchor,delay_minus30,67242.92126378922,66516.78799341715,1.0916541406718716,0,0
reference_PI/D2_resample_Ti_Td,regulatory_off_anchor,delay_plus50,96488.6384356901,96252.35854072691,0.24547958984630913,3,3
reference_PI/D2_resample_Ti_Td,regulatory_off_anchor,acid_plus15,95128.5301334468,94804.89373668874,0.34137098202644545,2,2
reference_PI/D2_resample_Ti_Td,regulatory_off_anchor,acid_minus15,93017.06586774228,92554.65250268,0.49961115142094226,2,2
reference_PI/D2_resample_Ti_Td,regulatory_off_anchor,base_minus15,96343.9229713178,96139.83853754216,0.21227873572509104,2,2
reference_PI/D2_resample_Ti_Td,regulatory_off_anchor,base_plus15,93512.30147177224,92855.78379852371,0.7070293808224326,2,2
reference_PI/D2_resample_Ti_Td,regulatory_off_anchor,Kw_half,81700.30676619647,81224.33724796012,0.5859937235108692,1,1
reference_PI/D2_resample_Ti_Td,regulatory_off_anchor,Kw_double,66687.90452793322,66363.76923620909,0.48842206441053193,1,1
reference_PI/D2_resample_Ti_Td,regulatory_off_anchor,volume_plus20,83915.21682110346,83625.52576983302,0.3464146247256661,2,2
reference_PI/D2_resample_Ti_Td,regulatory_off_anchor,volume_minus20,62193.061900529174,61632.9606515971,0.9087690141939664,0,0
reference_PI/D2_resample_Ti_Td,regulatory_off_anchor,noise_0.01_seed104729,73543.97725933688,73133.72013526807,0.5609684880107269,0,0
reference_PI/D2_resample_Ti_Td,regulatory_off_anchor,noise_0.01_seed130363,73528.75289208646,73113.77099133773,0.5675837740579448,0,0
reference_PI/D2_resample_Ti_Td,regulatory_off_anchor,noise_0.01_seed155921,73561.013670219,73154.96245917078,0.5550562769748524,0,0
reference_PI/D2_resample_Ti_Td,regulatory_off_anchor,noise_0.01_seed196613,73586.91799499572,73138.19139469977,0.6135325357915056,0,0
reference_PI/D2_resample_Ti_Td,regulatory_off_anchor,noise_0.01_seed262147,73574.82877400286,73109.49542084947,0.6364882570652819,0,0
reference_PI/D2_resample_Ti_Td,regulatory_off_anchor,noise_0.05_seed104729,73596.85758072708,73261.77152761353,0.4573818597701562,0,0
reference_PI/D2_resample_Ti_Td,regulatory_off_anchor,noise_0.05_seed130363,73524.14257675892,73064.16456836794,0.6295535042497802,0,0
reference_PI/D2_resample_Ti_Td,regulatory_off_anchor,noise_0.05_seed155921,73811.64675685568,73265.91664427915,0.7448621918240139,0,0
reference_PI/D2_resample_Ti_Td,regulatory_off_anchor,noise_0.05_seed196613,73806.54011177084,73170.1095099654,0.8697958853249421,0,0
reference_PI/D2_resample_Ti_Td,regulatory_off_anchor,noise_0.05_seed262147,73868.87017254952,73054.28456013075,1.115041530176497,0,0
reference_PI/D2_resample_Ti_Td,regulatory_off_anchor,combined_seed104729,128453.48115552808,128449.7969799651,0.002868183251036882,4,4
reference_PI/D2_resample_Ti_Td,regulatory_off_anchor,combined_seed130363,128613.61818211558,128338.68243706296,0.2142267162415612,4,4
reference_PI/D2_resample_Ti_Td,regulatory_off_anchor,combined_seed155921,128451.6937454589,128329.44231418436,0.09526374390005365,4,4
reference_PI/D2_resample_Ti_Td,regulatory_off_anchor,combined_seed196613,128475.37195239928,128331.89289997346,0.11180311392868791,4,4
reference_PI/D2_resample_Ti_Td,regulatory_off_anchor,combined_seed262147,128589.8899165976,128393.6878438802,0.15281286487851542,3,4
reference_PI/E_original5_retuned,reverse_off_anchor,nominal,63518.656923155824,69232.53520243286,8.253169210935162,2,2
reference_PI/E_original5_retuned,reverse_off_anchor,delay_minus30,5789.3508597798145,5670.223092352461,2.100936162247713,0,0
reference_PI/E_original5_retuned,reverse_off_anchor,delay_plus50,76568.08262764582,80594.52333847758,4.99592347475234,3,3
reference_PI/E_original5_retuned,reverse_off_anchor,acid_plus15,74992.74707534586,45807.83530347145,63.71161522592772,2,2
reference_PI/E_original5_retuned,reverse_off_anchor,acid_minus15,77467.85916693235,84236.63497580223,8.035429965613261,3,3
reference_PI/E_original5_retuned,reverse_off_anchor,base_minus15,19184.597283918407,22276.50775958971,13.879691148359107,0,0
reference_PI/E_original5_retuned,reverse_off_anchor,base_plus15,90978.31071126764,95168.4843031069,4.402900416585154,3,3
reference_PI/E_original5_retuned,reverse_off_anchor,Kw_half,30610.901118121787,33881.30270618207,9.652526103913816,1,1
reference_PI/E_original5_retuned,reverse_off_anchor,Kw_double,60983.87262974809,66056.12930926465,7.678707082228565,2,2
reference_PI/E_original5_retuned,reverse_off_anchor,volume_plus20,10149.47016494087,12427.583862963693,18.331107020826366,0,0
reference_PI/E_original5_retuned,reverse_off_anchor,volume_minus20,77256.18708881112,80962.00916827479,4.577235814098113,2,2
reference_PI/E_original5_retuned,reverse_off_anchor,noise_0.01_seed104729,63565.2993947473,69310.56593340855,8.28916408528697,2,2
reference_PI/E_original5_retuned,reverse_off_anchor,noise_0.01_seed130363,64135.02673645722,69322.14169317055,7.482623632247565,2,2
reference_PI/E_original5_retuned,reverse_off_anchor,noise_0.01_seed155921,63732.561703171195,69357.93773397391,8.110644887365526,2,2
reference_PI/E_original5_retuned,reverse_off_anchor,noise_0.01_seed196613,63666.519910210074,69267.74737531463,8.086342745860254,2,2
reference_PI/E_original5_retuned,reverse_off_anchor,noise_0.01_seed262147,63447.80789932769,69293.35386538126,8.435940303033862,2,2
reference_PI/E_original5_retuned,reverse_off_anchor,noise_0.05_seed104729,63444.33231098158,69502.69726241678,8.71673358022499,2,2
reference_PI/E_original5_retuned,reverse_off_anchor,noise_0.05_seed130363,63984.39548618203,69494.8714390331,7.929327501073713,2,2
reference_PI/E_original5_retuned,reverse_off_anchor,noise_0.05_seed155921,64152.19473816938,69680.50575616282,7.933798639951018,2,2
reference_PI/E_original5_retuned,reverse_off_anchor,noise_0.05_seed196613,64016.820228600176,69444.53574604177,7.815900069215987,2,2
reference_PI/E_original5_retuned,reverse_off_anchor,noise_0.05_seed262147,63537.17442566234,69115.09448903275,8.070480268612702,2,2
reference_PI/E_original5_retuned,reverse_off_anchor,combined_seed104729,48425.338132033794,51378.52898512852,5.747908535780633,2,2
reference_PI/E_original5_retuned,reverse_off_anchor,combined_seed130363,48803.40071551238,50948.07271712257,4.209525281786397,2,1
reference_PI/E_original5_retuned,reverse_off_anchor,combined_seed155921,49898.1094040296,51236.09318638533,2.6114086753032617,2,1
reference_PI/E_original5_retuned,reverse_off_anchor,combined_seed196613,49338.52148071201,51051.74001153928,3.3558474803014215,2,1
reference_PI/E_original5_retuned,reverse_off_anchor,combined_seed262147,48626.05223236176,49712.50841127419,2.1854784914977943,2,1
reference_PI/E_original5_retuned,cross_equivalence,nominal,80201.05592467406,97115.0670712437,17.41646446494395,4,5
reference_PI/E_original5_retuned,cross_equivalence,delay_minus30,39762.761584941574,52821.42259919772,24.72228192970798,0,1
reference_PI/E_original5_retuned,cross_equivalence,delay_plus50,98116.46582954476,109585.44622346049,10.465787920896751,4,4
reference_PI/E_original5_retuned,cross_equivalence,acid_plus15,83535.27879725932,100994.44766647386,17.28725615379576,4,5
reference_PI/E_original5_retuned,cross_equivalence,acid_minus15,89831.18500084503,105565.16125025511,14.904515905688598,4,5
reference_PI/E_original5_retuned,cross_equivalence,base_minus15,41911.31868483703,54131.93976668918,22.575620113603012,1,2
reference_PI/E_original5_retuned,cross_equivalence,base_plus15,125630.00515236855,135330.24928767595,7.167831424508253,6,6
reference_PI/E_original5_retuned,cross_equivalence,Kw_half,79997.82863212615,88298.40758854031,9.400598700594731,4,4
reference_PI/E_original5_retuned,cross_equivalence,Kw_double,79447.26033415705,97100.31147862042,18.180220923750824,4,5
reference_PI/E_original5_retuned,cross_equivalence,volume_plus20,39004.094699564215,52461.55891952518,25.652047893972053,1,2
reference_PI/E_original5_retuned,cross_equivalence,volume_minus20,111094.58915521752,129466.44571446138,14.19043865602293,5,6
reference_PI/E_original5_retuned,cross_equivalence,noise_0.01_seed104729,67611.04450014506,97093.61015574857,30.36509365375364,3,5
reference_PI/E_original5_retuned,cross_equivalence,noise_0.01_seed130363,80059.57253570559,97165.58897916604,17.605014926764117,4,5
reference_PI/E_original5_retuned,cross_equivalence,noise_0.01_seed155921,80146.21967503265,97037.43826048177,17.406909011867445,4,5
reference_PI/E_original5_retuned,cross_equivalence,noise_0.01_seed196613,80405.80352600066,97256.98450795715,17.3264481386196,4,5
reference_PI/E_original5_retuned,cross_equivalence,noise_0.01_seed262147,79791.58405989203,97213.39750872752,17.921206228052476,4,5
reference_PI/E_original5_retuned,cross_equivalence,noise_0.05_seed104729,81021.20211724,96957.97922675012,16.436787602843584,4,5
reference_PI/E_original5_retuned,cross_equivalence,noise_0.05_seed130363,79647.05833046939,97551.7997444136,18.35408619918316,4,5
reference_PI/E_original5_retuned,cross_equivalence,noise_0.05_seed155921,68275.05026880837,96820.65707365752,29.482971576130424,3,5
reference_PI/E_original5_retuned,cross_equivalence,noise_0.05_seed196613,81576.84975281647,98056.02330282712,16.805875860494456,4,5
reference_PI/E_original5_retuned,cross_equivalence,noise_0.05_seed262147,80603.68617649091,97222.92449324911,17.093950221495547,4,5
reference_PI/E_original5_retuned,cross_equivalence,combined_seed104729,67965.470541952,69338.39110971412,1.980029455240384,5,5
reference_PI/E_original5_retuned,cross_equivalence,combined_seed130363,59350.478158221704,68228.98443605825,13.012807315279861,2,5
reference_PI/E_original5_retuned,cross_equivalence,combined_seed155921,69596.39292288398,69850.72672639189,0.36411046159067206,5,4
reference_PI/E_original5_retuned,cross_equivalence,combined_seed196613,69368.8346248526,68839.85513880667,0.7684203939408718,4,5
reference_PI/E_original5_retuned,cross_equivalence,combined_seed262147,67617.60157500315,67504.04179645661,0.16822663580493558,5,4
reference_PI/E_original5_retuned,regulatory_off_anchor,nominal,119688.82164756338,124619.7071536543,3.956746183018389,3,3
reference_PI/E_original5_retuned,regulatory_off_anchor,delay_minus30,46874.91336339983,73583.21668982669,36.296732499490524,0,0
reference_PI/E_original5_retuned,regulatory_off_anchor,delay_plus50,124023.8748876998,129333.79971926362,4.105597178069253,3,3
reference_PI/E_original5_retuned,regulatory_off_anchor,acid_plus15,133533.22543881647,140211.5958003568,4.763065653321186,4,4
reference_PI/E_original5_retuned,regulatory_off_anchor,acid_minus15,134613.7692659852,140379.42939797707,4.107197298577248,4,4
reference_PI/E_original5_retuned,regulatory_off_anchor,base_minus15,58359.935667886326,90526.52277876488,35.532776609005,1,1
reference_PI/E_original5_retuned,regulatory_off_anchor,base_plus15,146812.57796588907,152077.01921666902,3.461694132286708,4,4
reference_PI/E_original5_retuned,regulatory_off_anchor,Kw_half,117749.67822440382,125359.35484064397,6.070290187687643,3,3
reference_PI/E_original5_retuned,regulatory_off_anchor,Kw_double,112544.89740802137,119670.33250077428,5.954220184611603,3,3
reference_PI/E_original5_retuned,regulatory_off_anchor,volume_plus20,39211.68064034266,72006.7051221579,45.54440371376409,0,0
reference_PI/E_original5_retuned,regulatory_off_anchor,volume_minus20,134962.56691850367,139310.6945143248,3.121172865428523,3,3
reference_PI/E_original5_retuned,regulatory_off_anchor,noise_0.01_seed104729,119629.5219771954,124627.22230559506,4.010119327015838,3,3
reference_PI/E_original5_retuned,regulatory_off_anchor,noise_0.01_seed130363,119740.67775959584,124679.78232031666,3.9614318126027004,3,3
reference_PI/E_original5_retuned,regulatory_off_anchor,noise_0.01_seed155921,119619.41761217311,124658.51617012534,4.04232194700217,3,3
reference_PI/E_original5_retuned,regulatory_off_anchor,noise_0.01_seed196613,119672.58828539107,124610.49655285304,3.962674416731482,3,3
reference_PI/E_original5_retuned,regulatory_off_anchor,noise_0.01_seed262147,119583.73219723572,124618.42274365402,4.040085274369831,3,3
reference_PI/E_original5_retuned,regulatory_off_anchor,noise_0.05_seed104729,119111.03627654877,124754.0672168637,4.5233242219714365,3,3
reference_PI/E_original5_retuned,regulatory_off_anchor,noise_0.05_seed130363,119747.73064708698,124963.0876780598,4.173518058715908,3,3
reference_PI/E_original5_retuned,regulatory_off_anchor,noise_0.05_seed155921,118677.91287214152,124950.82852722378,5.020307371323707,3,3
reference_PI/E_original5_retuned,regulatory_off_anchor,noise_0.05_seed196613,119565.03702086536,124644.22648104286,4.074949641530323,3,3
reference_PI/E_original5_retuned,regulatory_off_anchor,noise_0.05_seed262147,118410.06784062435,124683.49991164407,5.03148538135787,3,3
reference_PI/E_original5_retuned,regulatory_off_anchor,combined_seed104729,96364.35823499334,97411.3906502485,1.0748562444965915,4,4
reference_PI/E_original5_retuned,regulatory_off_anchor,combined_seed130363,96498.6655575425,97091.87985640432,0.6109824011433007,4,4
reference_PI/E_original5_retuned,regulatory_off_anchor,combined_seed155921,96409.36381868146,97289.1856052632,0.9043366753541227,4,4
reference_PI/E_original5_retuned,regulatory_off_anchor,combined_seed196613,96258.3869165135,97203.17159363788,0.9719689817057509,4,4
reference_PI/E_original5_retuned,regulatory_off_anchor,combined_seed262147,96607.69940043104,97274.97107517786,0.6859644031465439,4,4
reference_PI/P_move_interior_Kc,reverse_off_anchor,nominal,9717.678508293557,9754.411050595783,0.37657365587421276,0,0
reference_PI/P_move_interior_Kc,reverse_off_anchor,delay_minus30,8658.07155499396,8625.183532881758,0.38130228750290485,0,0
reference_PI/P_move_interior_Kc,reverse_off_anchor,delay_plus50,11364.823186645372,11448.433349115594,0.7303196858518768,0,0
reference_PI/P_move_interior_Kc,reverse_off_anchor,acid_plus15,40504.53430925888,40369.94870178739,0.33338067498096535,1,1
reference_PI/P_move_interior_Kc,reverse_off_anchor,acid_minus15,39924.21436414231,39989.24859689289,0.1626292942039198,1,1
reference_PI/P_move_interior_Kc,reverse_off_anchor,base_minus15,43952.01236963598,43900.88016247334,0.11647194082078371,1,1
reference_PI/P_move_interior_Kc,reverse_off_anchor,base_plus15,37200.51788826237,37226.60201232782,0.07006850653952235,1,1
reference_PI/P_move_interior_Kc,reverse_off_anchor,Kw_half,9045.29985230564,9080.537002053334,0.38805138660550353,0,0
reference_PI/P_move_interior_Kc,reverse_off_anchor,Kw_double,10293.246383608466,10350.34347922148,0.551644452453548,0,0
reference_PI/P_move_interior_Kc,reverse_off_anchor,volume_plus20,10973.815396648632,11018.61169510745,0.4065512035305474,0,0
reference_PI/P_move_interior_Kc,reverse_off_anchor,volume_minus20,7923.331956298575,7982.007433026828,0.7350967437774303,0,0
reference_PI/P_move_interior_Kc,reverse_off_anchor,noise_0.01_seed104729,9685.672572735928,9785.321100328634,1.018347038089118,0,0
reference_PI/P_move_interior_Kc,reverse_off_anchor,noise_0.01_seed130363,9696.89224826826,9774.550926265798,0.7944986791040942,0,0
reference_PI/P_move_interior_Kc,reverse_off_anchor,noise_0.01_seed155921,9702.014902103629,9772.696626893025,0.7232571263379839,0,0
reference_PI/P_move_interior_Kc,reverse_off_anchor,noise_0.01_seed196613,9715.340732921628,9784.297990680056,0.7047747096839418,0,0
reference_PI/P_move_interior_Kc,reverse_off_anchor,noise_0.01_seed262147,9705.799798565236,9751.032397244826,0.4638749707402301,0,0
reference_PI/P_move_interior_Kc,reverse_off_anchor,noise_0.05_seed104729,9460.776989834048,9912.792620615324,4.559922194288957,0,0
reference_PI/P_move_interior_Kc,reverse_off_anchor,noise_0.05_seed130363,9395.92750145681,9889.420070333548,4.990106248566839,0,0
reference_PI/P_move_interior_Kc,reverse_off_anchor,noise_0.05_seed155921,9495.767919011412,9851.275023955925,3.6087420570434237,0,0
reference_PI/P_move_interior_Kc,reverse_off_anchor,noise_0.05_seed196613,9378.323264077251,9958.417904366275,5.825168674982817,0,0
reference_PI/P_move_interior_Kc,reverse_off_anchor,noise_0.05_seed262147,9658.630818370391,9746.84344270475,0.9050378704952289,0,0
reference_PI/P_move_interior_Kc,reverse_off_anchor,combined_seed104729,66028.00218312825,66204.5392405547,0.26665400809603446,1,1
reference_PI/P_move_interior_Kc,reverse_off_anchor,combined_seed130363,65964.00563581983,66210.2554569352,0.3719209651374067,1,1
reference_PI/P_move_interior_Kc,reverse_off_anchor,combined_seed155921,65865.54868028432,65967.34525532636,0.1543135844682464,1,1
reference_PI/P_move_interior_Kc,reverse_off_anchor,combined_seed196613,65899.33119553592,66294.10314392929,0.5954857667148539,1,1
reference_PI/P_move_interior_Kc,reverse_off_anchor,combined_seed262147,66049.33179197904,66134.91169485173,0.12940200671553992,1,1
reference_PI/P_move_interior_Kc,cross_equivalence,nominal,62678.09236305553,62740.65027919006,0.0997087468111113,3,3
reference_PI/P_move_interior_Kc,cross_equivalence,delay_minus30,57940.74543072686,57641.695510869045,0.5188083334596305,3,3
reference_PI/P_move_interior_Kc,cross_equivalence,delay_plus50,71489.58152786884,71533.3468181432,0.06118166172990325,4,4
reference_PI/P_move_interior_Kc,cross_equivalence,acid_plus15,84893.85610884041,84842.23558183151,0.06084295947046403,5,5
reference_PI/P_move_interior_Kc,cross_equivalence,acid_minus15,94582.54573078292,94158.26534142888,0.4506034470957543,5,5
reference_PI/P_move_interior_Kc,cross_equivalence,base_minus15,86592.85604884454,86679.106292176,0.09950522913876325,5,5
reference_PI/P_move_interior_Kc,cross_equivalence,base_plus15,91603.97666211677,91109.811242084,0.5423844186437154,5,5
reference_PI/P_move_interior_Kc,cross_equivalence,Kw_half,63837.77156508229,63769.36373243301,0.10727382028823396,3,3
reference_PI/P_move_interior_Kc,cross_equivalence,Kw_double,55266.96958206586,55376.86685675423,0.19845339927346828,3,3
reference_PI/P_move_interior_Kc,cross_equivalence,volume_plus20,70937.57602251395,71033.18390409721,0.13459608077309726,4,4
reference_PI/P_move_interior_Kc,cross_equivalence,volume_minus20,52502.9186926733,52484.93442075135,0.03426558901222787,1,1
reference_PI/P_move_interior_Kc,cross_equivalence,noise_0.01_seed104729,62650.29847105219,62754.412450944015,0.165907026813783,3,3
reference_PI/P_move_interior_Kc,cross_equivalence,noise_0.01_seed130363,62674.08445702166,62739.70444156571,0.10459084104414984,3,3
reference_PI/P_move_interior_Kc,cross_equivalence,noise_0.01_seed155921,62694.423014782966,62727.445315176825,0.0526441021596491,3,3
reference_PI/P_move_interior_Kc,cross_equivalence,noise_0.01_seed196613,62693.93926998135,62757.78254996661,0.10172966187010912,3,3
reference_PI/P_move_interior_Kc,cross_equivalence,noise_0.01_seed262147,62605.06441232108,62731.76901672684,0.2019783697985167,3,3
reference_PI/P_move_interior_Kc,cross_equivalence,noise_0.05_seed104729,62579.00537470829,62794.82665186213,0.3436927668426626,3,3
reference_PI/P_move_interior_Kc,cross_equivalence,noise_0.05_seed130363,62659.34821516409,62657.15236336833,0.0035045508979258955,3,3
reference_PI/P_move_interior_Kc,cross_equivalence,noise_0.05_seed155921,62692.10469825601,62691.78641179089,0.0005077004235021221,3,3
reference_PI/P_move_interior_Kc,cross_equivalence,noise_0.05_seed196613,62781.33327963304,62869.65207998654,0.14047922555883163,3,3
reference_PI/P_move_interior_Kc,cross_equivalence,noise_0.05_seed262147,62366.50457985232,62653.8786964827,0.4586693156261257,3,3
reference_PI/P_move_interior_Kc,cross_equivalence,combined_seed104729,104024.93990822764,104014.52770573442,0.010010334828103318,5,6
reference_PI/P_move_interior_Kc,cross_equivalence,combined_seed130363,103964.64779791498,104241.08170133698,0.26518710177434457,5,6
reference_PI/P_move_interior_Kc,cross_equivalence,combined_seed155921,103781.2292595386,104125.05730024342,0.3302068201637587,6,5
reference_PI/P_move_interior_Kc,cross_equivalence,combined_seed196613,103908.80902211137,104091.45327380438,0.17546517600497413,6,6
reference_PI/P_move_interior_Kc,cross_equivalence,combined_seed262147,103973.39911455456,104007.67194699214,0.032952215731785195,6,5
reference_PI/P_move_interior_Kc,regulatory_off_anchor,nominal,75985.99187350155,76092.47850639804,0.1399437040121243,0,0
reference_PI/P_move_interior_Kc,regulatory_off_anchor,delay_minus30,69747.33511250961,69401.129859123,0.4988467105497607,0,0
reference_PI/P_move_interior_Kc,regulatory_off_anchor,delay_plus50,89085.8920663776,89261.46647035348,0.196696750477654,1,1
reference_PI/P_move_interior_Kc,regulatory_off_anchor,acid_plus15,96215.15931659652,96336.14145522632,0.1255833343564272,1,1
reference_PI/P_move_interior_Kc,regulatory_off_anchor,acid_minus15,94775.10361242974,94736.05853413092,0.04121459020247631,1,1
reference_PI/P_move_interior_Kc,regulatory_off_anchor,base_minus15,96708.1996678046,96820.56878679206,0.11605913949432889,1,1
reference_PI/P_move_interior_Kc,regulatory_off_anchor,base_plus15,95567.87246463312,95446.65894497698,0.12699608451043343,1,1
reference_PI/P_move_interior_Kc,regulatory_off_anchor,Kw_half,79337.25331286456,79279.9336680044,0.07230031889302602,0,0
reference_PI/P_move_interior_Kc,regulatory_off_anchor,Kw_double,69780.65719268146,69842.10049808207,0.08797459549816367,0,0
reference_PI/P_move_interior_Kc,regulatory_off_anchor,volume_plus20,85655.37738537989,85772.66494375403,0.13674235078395824,1,1
reference_PI/P_move_interior_Kc,regulatory_off_anchor,volume_minus20,64144.83710389547,64160.89307310633,0.025024541339480066,0,0
reference_PI/P_move_interior_Kc,regulatory_off_anchor,noise_0.01_seed104729,76018.12146155884,76065.0864388844,0.061743145935033716,0,0
reference_PI/P_move_interior_Kc,regulatory_off_anchor,noise_0.01_seed130363,76006.63715083893,76083.56946314352,0.10111554025058478,0,0
reference_PI/P_move_interior_Kc,regulatory_off_anchor,noise_0.01_seed155921,76010.97734690012,76091.22928619565,0.10546805466065123,0,0
reference_PI/P_move_interior_Kc,regulatory_off_anchor,noise_0.01_seed196613,75999.33962305292,76095.27559212327,0.1260734892197246,0,0
reference_PI/P_move_interior_Kc,regulatory_off_anchor,noise_0.01_seed262147,76054.3455098987,76085.28730042336,0.04066724543271283,0,0
reference_PI/P_move_interior_Kc,regulatory_off_anchor,noise_0.05_seed104729,76140.59539462623,75994.356879552,0.19243338726586678,0,0
reference_PI/P_move_interior_Kc,regulatory_off_anchor,noise_0.05_seed130363,76182.43021778931,76102.36232162132,0.10521078942282713,0,0
reference_PI/P_move_interior_Kc,regulatory_off_anchor,noise_0.05_seed155921,76117.63657631045,76118.37301340727,0.0009674892771038834,0,0
reference_PI/P_move_interior_Kc,regulatory_off_anchor,noise_0.05_seed196613,76098.10500732498,76146.34891001438,0.06335681668258042,0,0
reference_PI/P_move_interior_Kc,regulatory_off_anchor,noise_0.05_seed262147,76441.1790512367,76117.00111979616,0.4258942505240615,0,0
reference_PI/P_move_interior_Kc,regulatory_off_anchor,combined_seed104729,129189.39181986178,129206.59347016262,0.013313291403216354,3,3
reference_PI/P_move_interior_Kc,regulatory_off_anchor,combined_seed130363,129250.3361078781,129266.33074908104,0.012373400799925438,3,3
reference_PI/P_move_interior_Kc,regulatory_off_anchor,combined_seed155921,129045.21551439771,129210.80532683076,0.12815477158755195,3,3
reference_PI/P_move_interior_Kc,regulatory_off_anchor,combined_seed196613,129035.1607421412,129222.1157624971,0.14467726306192086,3,3
reference_PI/P_move_interior_Kc,regulatory_off_anchor,combined_seed262147,129184.61413976696,129145.6617092646,0.03016162524300814,3,3
IMC_PID/A_original3,reverse_off_anchor,nominal,4666.198282572758,4442.30384764588,5.040052247788673,0,0
IMC_PID/A_original3,reverse_off_anchor,delay_minus30,2981.252713454376,2967.7550184510524,0.454811630994012,0,0
IMC_PID/A_original3,reverse_off_anchor,delay_plus50,39645.953117227626,40837.85799574081,2.918627315461775,2,2
IMC_PID/A_original3,reverse_off_anchor,acid_plus15,91462.2059266716,91397.53350360433,0.07075948396870757,2,2
IMC_PID/A_original3,reverse_off_anchor,acid_minus15,28960.40449688724,28667.453997451397,1.0218922805697694,2,1
IMC_PID/A_original3,reverse_off_anchor,base_minus15,107194.0832497041,107088.1785592762,0.09889484708087704,2,2
IMC_PID/A_original3,reverse_off_anchor,base_plus15,27009.59584173519,26392.625783216492,2.3376607677703776,2,2
IMC_PID/A_original3,reverse_off_anchor,Kw_half,15515.917463781449,15080.705786737426,2.8858840109908135,0,1
IMC_PID/A_original3,reverse_off_anchor,Kw_double,3677.6315389290335,3709.997502017174,0.872398514299344,0,0
IMC_PID/A_original3,reverse_off_anchor,volume_plus20,3827.31917950538,3868.5291083164566,1.0652609210690667,0,0
IMC_PID/A_original3,reverse_off_anchor,volume_minus20,7154.536472009722,8117.550267752948,11.863354878981259,1,1
IMC_PID/A_original3,reverse_off_anchor,noise_0.01_seed104729,4827.216867163832,4500.475599026198,7.260149754135603,0,0
IMC_PID/A_original3,reverse_off_anchor,noise_0.01_seed130363,4822.157820934864,4534.569007745343,6.342142168270026,0,0
IMC_PID/A_original3,reverse_off_anchor,noise_0.01_seed155921,4818.689989396831,4447.983311188887,8.334264143380054,0,1
IMC_PID/A_original3,reverse_off_anchor,noise_0.01_seed196613,4500.753339948831,4574.820358035439,1.619014787247619,1,0
IMC_PID/A_original3,reverse_off_anchor,noise_0.01_seed262147,4766.92929809924,4515.890379964939,5.55901266443608,0,0
IMC_PID/A_original3,reverse_off_anchor,noise_0.05_seed104729,5658.773547084247,5080.1809699933565,11.389211929819254,1,0
IMC_PID/A_original3,reverse_off_anchor,noise_0.05_seed130363,5840.981341948645,5560.891178189912,5.036785557992229,0,1
IMC_PID/A_original3,reverse_off_anchor,noise_0.05_seed155921,5623.812344941862,5141.461448993674,9.38159122135589,0,1
IMC_PID/A_original3,reverse_off_anchor,noise_0.05_seed196613,5227.7610110393825,5896.944367937986,11.347967949926574,1,2
IMC_PID/A_original3,reverse_off_anchor,noise_0.05_seed262147,5501.030299634872,5051.46122424954,8.89978276438461,0,0
IMC_PID/A_original3,reverse_off_anchor,combined_seed104729,203140.4954799886,203050.25246789673,0.04444368376550489,4,4
IMC_PID/A_original3,reverse_off_anchor,combined_seed130363,203098.4077927071,203060.89489059988,0.01847372047061313,4,4
IMC_PID/A_original3,reverse_off_anchor,combined_seed155921,203112.10678643483,203067.74241609103,0.02184707911554451,4,4
IMC_PID/A_original3,reverse_off_anchor,combined_seed196613,203295.84633070897,203194.4394354787,0.049906333811100545,4,4
IMC_PID/A_original3,reverse_off_anchor,combined_seed262147,203070.53971474728,202997.9288361059,0.03576927068060787,4,4
IMC_PID/A_original3,cross_equivalence,nominal,68623.75625121227,68916.03852867847,0.42411357893791246,4,3
IMC_PID/A_original3,cross_equivalence,delay_minus30,63232.588154376026,63155.916250832786,0.12140098362078966,2,2
IMC_PID/A_original3,cross_equivalence,delay_plus50,82358.634542068,85981.52612231669,4.213569755780777,4,4
IMC_PID/A_original3,cross_equivalence,acid_plus15,167386.16020764696,167508.9461533685,0.0733011272180839,7,7
IMC_PID/A_original3,cross_equivalence,acid_minus15,100627.68763546324,100759.00497895145,0.13032814636829704,5,5
IMC_PID/A_original3,cross_equivalence,base_minus15,174386.70660741438,174197.8240942551,0.10842989236024003,6,6
IMC_PID/A_original3,cross_equivalence,base_plus15,100307.37048994128,99718.13194673404,0.5909041131275883,4,5
IMC_PID/A_original3,cross_equivalence,Kw_half,79818.92704226049,81181.05097154414,1.6778840788364668,4,4
IMC_PID/A_original3,cross_equivalence,Kw_double,64590.632447377786,64576.53459804745,0.02183122618468758,2,2
IMC_PID/A_original3,cross_equivalence,volume_plus20,68171.04611942095,68199.49015772686,0.04170711282464046,2,2
IMC_PID/A_original3,cross_equivalence,volume_minus20,69149.7331964452,69253.07567605245,0.1492243898172263,4,4
IMC_PID/A_original3,cross_equivalence,noise_0.01_seed104729,68625.62376424458,68904.3981521343,0.4045814133289527,4,2
IMC_PID/A_original3,cross_equivalence,noise_0.01_seed130363,68624.42236332018,68795.03476690766,0.2480010427577395,4,3
IMC_PID/A_original3,cross_equivalence,noise_0.01_seed155921,68631.77631790859,68930.17445616506,0.43289914846541544,4,2
IMC_PID/A_original3,cross_equivalence,noise_0.01_seed196613,68585.86822580028,68946.79246890298,0.5234822827551833,4,3
IMC_PID/A_original3,cross_equivalence,noise_0.01_seed262147,68666.50678612283,68881.45249123483,0.31205164429328747,4,2
IMC_PID/A_original3,cross_equivalence,noise_0.05_seed104729,68877.01312703452,68698.55901608134,0.25976397978215715,3,4
IMC_PID/A_original3,cross_equivalence,noise_0.05_seed130363,68581.89531443166,68647.40504204416,0.09542928472296985,4,3
IMC_PID/A_original3,cross_equivalence,noise_0.05_seed155921,68188.68957672454,69385.61139237066,1.7250288519871981,4,3
IMC_PID/A_original3,cross_equivalence,noise_0.05_seed196613,68464.48117876126,69124.74094798708,0.9551714193368754,4,3
IMC_PID/A_original3,cross_equivalence,noise_0.05_seed262147,68872.3285349876,69303.57155065778,0.6222522245552198,5,3
IMC_PID/A_original3,cross_equivalence,combined_seed104729,228259.99596677604,228280.644593106,0.009045281244390857,7,7
IMC_PID/A_original3,cross_equivalence,combined_seed130363,228220.19061211325,228152.13082328235,0.029830880204939625,7,7
IMC_PID/A_original3,cross_equivalence,combined_seed155921,228256.05337782096,228252.08917654623,0.0017367645084975791,7,7
IMC_PID/A_original3,cross_equivalence,combined_seed196613,228193.07447153673,228187.6237707713,0.002388692548427329,7,7
IMC_PID/A_original3,cross_equivalence,combined_seed262147,228227.3161855805,228240.0454262373,0.0055771285152994565,7,7
IMC_PID/A_original3,regulatory_off_anchor,nominal,108259.78868925304,108449.64872802322,0.17506745388021772,2,0
IMC_PID/A_original3,regulatory_off_anchor,delay_minus30,107067.78145581397,106941.69927527808,0.11789805229420747,0,0
IMC_PID/A_original3,regulatory_off_anchor,delay_plus50,123970.66488242162,122886.91646757915,0.8819070784711114,2,3
IMC_PID/A_original3,regulatory_off_anchor,acid_plus15,159050.47289400408,158686.2329987198,0.22953465363768633,2,3
IMC_PID/A_original3,regulatory_off_anchor,acid_minus15,123170.89724275848,122967.2433712217,0.1656163592461679,3,3
IMC_PID/A_original3,regulatory_off_anchor,base_minus15,158427.65011763552,158217.69870003813,0.1326978077183627,2,2
IMC_PID/A_original3,regulatory_off_anchor,base_plus15,124767.74068457104,124506.1401917844,0.21011051533978975,4,4
IMC_PID/A_original3,regulatory_off_anchor,Kw_half,116878.27888270248,116988.14432557058,0.09391160403601218,4,4
IMC_PID/A_original3,regulatory_off_anchor,Kw_double,106818.30585142736,106750.54441779196,0.06347642909454443,0,0
IMC_PID/A_original3,regulatory_off_anchor,volume_plus20,113431.8933377908,113388.57120777215,0.0382067871190106,0,0
IMC_PID/A_original3,regulatory_off_anchor,volume_minus20,105922.4809461661,105617.79291920808,0.28848172124851246,3,3
IMC_PID/A_original3,regulatory_off_anchor,noise_0.01_seed104729,108258.24708348472,108534.98912482378,0.25497956333767613,1,0
IMC_PID/A_original3,regulatory_off_anchor,noise_0.01_seed130363,108374.33599613332,108520.5553867362,0.1347388889430201,2,1
IMC_PID/A_original3,regulatory_off_anchor,noise_0.01_seed155921,108330.63944407462,108517.19450656448,0.17191290591148656,2,1
IMC_PID/A_original3,regulatory_off_anchor,noise_0.01_seed196613,108219.17417750738,108414.18626242728,0.17987690692790048,3,1
IMC_PID/A_original3,regulatory_off_anchor,noise_0.01_seed262147,108380.3271846712,108529.51564090018,0.13746348663584707,1,1
IMC_PID/A_original3,regulatory_off_anchor,noise_0.05_seed104729,108535.27087802497,109070.53414466344,0.4907496518982257,3,2
IMC_PID/A_original3,regulatory_off_anchor,noise_0.05_seed130363,109174.01155927368,108806.09300758388,0.3381414969694241,2,2
IMC_PID/A_original3,regulatory_off_anchor,noise_0.05_seed155921,109134.96085366789,109264.3902037477,0.11845519829329909,2,3
IMC_PID/A_original3,regulatory_off_anchor,noise_0.05_seed196613,109047.45180606718,108962.3622886929,0.07809074214897294,3,3
IMC_PID/A_original3,regulatory_off_anchor,noise_0.05_seed262147,108332.6178972216,108749.29247109052,0.3831515262314844,4,3
IMC_PID/A_original3,regulatory_off_anchor,combined_seed104729,224878.4193614978,225185.7612969098,0.1364837339811964,4,4
IMC_PID/A_original3,regulatory_off_anchor,combined_seed130363,225232.08411641023,225264.7393378326,0.014496375028938413,3,3
IMC_PID/A_original3,regulatory_off_anchor,combined_seed155921,225654.26501468808,225618.2598064432,0.01595846376785115,3,3
IMC_PID/A_original3,regulatory_off_anchor,combined_seed196613,225556.27653651452,225829.71434514783,0.12108141279203455,4,3
IMC_PID/A_original3,regulatory_off_anchor,combined_seed262147,225597.371627362,225429.75789507455,0.07435297533588958,3,3
IMC_PID/B_analytic3,reverse_off_anchor,nominal,6888.660698737898,6926.632653984079,0.5482022382743312,0,0
IMC_PID/B_analytic3,reverse_off_anchor,delay_minus30,6506.085083985149,6511.665150035416,0.08569338136554805,0,0
IMC_PID/B_analytic3,reverse_off_anchor,delay_plus50,7917.632358429802,7966.620990821652,0.6149235974485356,0,0
IMC_PID/B_analytic3,reverse_off_anchor,acid_plus15,73899.06591286618,73898.68374545325,0.0005171505006007493,1,1
IMC_PID/B_analytic3,reverse_off_anchor,acid_minus15,108812.92657263824,108853.225287597,0.037021149214722104,2,2
IMC_PID/B_analytic3,reverse_off_anchor,base_minus15,84810.78485756122,84823.4639560006,0.014947631054029742,2,2
IMC_PID/B_analytic3,reverse_off_anchor,base_plus15,95697.9447949042,95738.26747464176,0.04211762005015274,2,2
IMC_PID/B_analytic3,reverse_off_anchor,Kw_half,6051.452002720554,6082.831390124925,0.5158681112764851,0,0
IMC_PID/B_analytic3,reverse_off_anchor,Kw_double,8052.868428125121,8088.896804479777,0.44540531577437203,1,1
IMC_PID/B_analytic3,reverse_off_anchor,volume_plus20,8845.529274859213,8897.565461688508,0.5848362347358305,0,0
IMC_PID/B_analytic3,reverse_off_anchor,volume_minus20,5391.067578345182,5417.752117469969,0.49253894504956985,0,0
IMC_PID/B_analytic3,reverse_off_anchor,noise_0.01_seed104729,6902.825781904088,6961.986994107551,0.8497748164932761,0,0
IMC_PID/B_analytic3,reverse_off_anchor,noise_0.01_seed130363,6914.223030242039,6977.020490230087,0.9000612808287234,0,0
IMC_PID/B_analytic3,reverse_off_anchor,noise_0.01_seed155921,6922.15011885512,6948.277745154466,0.37603025177810334,0,0
IMC_PID/B_analytic3,reverse_off_anchor,noise_0.01_seed196613,6881.629578586737,6984.193040345192,1.4685084041346275,0,0
IMC_PID/B_analytic3,reverse_off_anchor,noise_0.01_seed262147,6918.633403377824,6947.775471640562,0.41944458887149816,0,0
IMC_PID/B_analytic3,reverse_off_anchor,noise_0.05_seed104729,7364.0667777820145,7478.211706253337,1.5263666362356876,0,1
IMC_PID/B_analytic3,reverse_off_anchor,noise_0.05_seed130363,7521.52416264154,7919.032966257166,5.019663452714518,0,0
IMC_PID/B_analytic3,reverse_off_anchor,noise_0.05_seed155921,7775.349814609694,7452.656797816035,4.329905771163678,0,0
IMC_PID/B_analytic3,reverse_off_anchor,noise_0.05_seed196613,6979.272164727705,8022.649575389397,13.005396793877155,0,1
IMC_PID/B_analytic3,reverse_off_anchor,noise_0.05_seed262147,7233.332468872154,7550.368589155298,4.1989489193747005,0,0
IMC_PID/B_analytic3,reverse_off_anchor,combined_seed104729,154407.97664435915,153843.81988412645,0.366707457379567,3,3
IMC_PID/B_analytic3,reverse_off_anchor,combined_seed130363,154832.10605838487,155113.91315614455,0.1816775117239211,3,3
IMC_PID/B_analytic3,reverse_off_anchor,combined_seed155921,153871.39976557723,154959.04355309627,0.7018911336700184,3,3
IMC_PID/B_analytic3,reverse_off_anchor,combined_seed196613,154011.16514233907,154184.20369845405,0.11222845918340552,3,3
IMC_PID/B_analytic3,reverse_off_anchor,combined_seed262147,154609.3542377722,154296.01111374254,0.20307921233211346,3,3
IMC_PID/B_analytic3,cross_equivalence,nominal,95849.89465653438,95737.39816808382,0.11750527025295998,4,4
IMC_PID/B_analytic3,cross_equivalence,delay_minus30,95308.51276655188,95192.2762563279,0.12210708136759507,4,4
IMC_PID/B_analytic3,cross_equivalence,delay_plus50,97022.50245744464,96849.22063622928,0.17891916948533648,4,4
IMC_PID/B_analytic3,cross_equivalence,acid_plus15,157266.35439083306,157186.8980068425,0.050548986587362066,6,6
IMC_PID/B_analytic3,cross_equivalence,acid_minus15,140118.17476345945,137961.6153663263,1.5631589927436629,5,5
IMC_PID/B_analytic3,cross_equivalence,base_minus15,168293.8526558929,168255.11179485387,0.0230250722404568,6,6
IMC_PID/B_analytic3,cross_equivalence,base_plus15,131502.76723673544,131487.7704896316,0.011405431127164967,5,5
IMC_PID/B_analytic3,cross_equivalence,Kw_half,97744.4524554898,97607.90263271796,0.1398962779536994,4,4
IMC_PID/B_analytic3,cross_equivalence,Kw_double,92670.30481475372,92604.67716253824,0.07086861509197906,4,4
IMC_PID/B_analytic3,cross_equivalence,volume_plus20,99490.45433554854,99384.68937653607,0.10641977116994106,4,4
IMC_PID/B_analytic3,cross_equivalence,volume_minus20,92539.41702960164,92477.17288983156,0.06730757204724824,4,4
IMC_PID/B_analytic3,cross_equivalence,noise_0.01_seed104729,95836.9412335308,95757.62593234892,0.0828292268209685,4,4
IMC_PID/B_analytic3,cross_equivalence,noise_0.01_seed130363,95861.0813788512,95742.8747076333,0.12346263006921543,4,4
IMC_PID/B_analytic3,cross_equivalence,noise_0.01_seed155921,95839.44641840446,95749.92017825588,0.09350006765740382,4,4
IMC_PID/B_analytic3,cross_equivalence,noise_0.01_seed196613,95860.02255960015,95762.84077353092,0.10148172849118176,4,4
IMC_PID/B_analytic3,cross_equivalence,noise_0.01_seed262147,95850.67963130226,95735.59990384291,0.12020578298452822,4,4
IMC_PID/B_analytic3,cross_equivalence,noise_0.05_seed104729,95856.18584062957,96038.71984428956,0.19006292873952058,4,5
IMC_PID/B_analytic3,cross_equivalence,noise_0.05_seed130363,95922.18214669122,95811.6739125666,0.11533900788067708,5,4
IMC_PID/B_analytic3,cross_equivalence,noise_0.05_seed155921,95598.36649421792,95911.78328509176,0.32677610627073195,4,4
IMC_PID/B_analytic3,cross_equivalence,noise_0.05_seed196613,95958.9638834511,96065.6055199567,0.11100917537385513,4,4
IMC_PID/B_analytic3,cross_equivalence,noise_0.05_seed262147,96182.22137819628,96069.62660520476,0.11720121850189447,5,5
IMC_PID/B_analytic3,cross_equivalence,combined_seed104729,199166.0299950328,198586.81648915465,0.29166765252504057,6,6
IMC_PID/B_analytic3,cross_equivalence,combined_seed130363,198850.99595231295,198479.98012511892,0.1869285894527728,6,6
IMC_PID/B_analytic3,cross_equivalence,combined_seed155921,199102.2319210716,198815.98548833583,0.14397556214238438,6,6
IMC_PID/B_analytic3,cross_equivalence,combined_seed196613,199229.0302957393,198712.90369670407,0.25973481813892363,6,6
IMC_PID/B_analytic3,cross_equivalence,combined_seed262147,198946.15845687757,198791.77900684444,0.07765887040420694,6,6
IMC_PID/B_analytic3,regulatory_off_anchor,nominal,114270.25961440091,114240.55306767114,0.026003503950278173,1,1
IMC_PID/B_analytic3,regulatory_off_anchor,delay_minus30,113349.257202249,113267.46733226984,0.07220949837187796,1,1
IMC_PID/B_analytic3,regulatory_off_anchor,delay_plus50,116707.88555990397,116640.55904406136,0.05772135901471742,1,1
IMC_PID/B_analytic3,regulatory_off_anchor,acid_plus15,176864.363683908,177361.5994914295,0.2803514452662026,3,3
IMC_PID/B_analytic3,regulatory_off_anchor,acid_minus15,144967.02981914632,144918.62448671632,0.03340173328407747,3,3
IMC_PID/B_analytic3,regulatory_off_anchor,base_minus15,178999.24736244173,179261.80148705255,0.14646406676315227,3,3
IMC_PID/B_analytic3,regulatory_off_anchor,base_plus15,132743.86352880002,132598.8648699831,0.10935135753922243,2,2
IMC_PID/B_analytic3,regulatory_off_anchor,Kw_half,123845.66646279208,123790.4107313075,0.04463652003265928,1,1
IMC_PID/B_analytic3,regulatory_off_anchor,Kw_double,105277.03918160514,105261.28703039576,0.014964809621642594,1,1
IMC_PID/B_analytic3,regulatory_off_anchor,volume_plus20,123105.08548940618,123086.94866145097,0.014734972434071736,1,1
IMC_PID/B_analytic3,regulatory_off_anchor,volume_minus20,108800.11708088336,108785.55252164704,0.0133883212418473,1,1
IMC_PID/B_analytic3,regulatory_off_anchor,noise_0.01_seed104729,114313.35579648132,114228.8618258333,0.07396902087395407,1,1
IMC_PID/B_analytic3,regulatory_off_anchor,noise_0.01_seed130363,114289.33935568389,114268.51604741452,0.01822313703689904,1,1
IMC_PID/B_analytic3,regulatory_off_anchor,noise_0.01_seed155921,114278.5411871085,114236.6744843245,0.036649090997253886,1,1
IMC_PID/B_analytic3,regulatory_off_anchor,noise_0.01_seed196613,114317.23282188302,114250.4700584996,0.05843543868941925,1,1
IMC_PID/B_analytic3,regulatory_off_anchor,noise_0.01_seed262147,114280.28487485864,114262.62226145656,0.015457910078109371,1,1
IMC_PID/B_analytic3,regulatory_off_anchor,noise_0.05_seed104729,114741.13292248805,114329.62918546396,0.35992746583350943,1,1
IMC_PID/B_analytic3,regulatory_off_anchor,noise_0.05_seed130363,114427.4663020502,114687.93053879328,0.22710692879315264,1,1
IMC_PID/B_analytic3,regulatory_off_anchor,noise_0.05_seed155921,114221.6820901566,113958.25366568464,0.23116221598549203,1,1
IMC_PID/B_analytic3,regulatory_off_anchor,noise_0.05_seed196613,114397.83437861787,114295.8667898476,0.08921371492616181,1,1
IMC_PID/B_analytic3,regulatory_off_anchor,noise_0.05_seed262147,114579.01165439528,114532.0037232006,0.04104348973783534,1,1
IMC_PID/B_analytic3,regulatory_off_anchor,combined_seed104729,169806.3890133163,169592.2903405789,0.12624316371188105,3,3
IMC_PID/B_analytic3,regulatory_off_anchor,combined_seed130363,169761.7554587192,169744.25449690197,0.010310193926210687,3,3
IMC_PID/B_analytic3,regulatory_off_anchor,combined_seed155921,169414.04256313026,168911.59600024825,0.2974612606710947,2,3
IMC_PID/B_analytic3,regulatory_off_anchor,combined_seed196613,169785.5256855332,169496.35489623022,0.1706059044632724,3,3
IMC_PID/B_analytic3,regulatory_off_anchor,combined_seed262147,169734.3112189947,169193.51234087723,0.31963334210352023,3,3
IMC_PID/C_add7,reverse_off_anchor,nominal,13974.240465857629,13988.788449145466,0.10399745010601924,0,0
IMC_PID/C_add7,reverse_off_anchor,delay_minus30,14104.319901616542,14129.387492686856,0.17741456296876956,0,0
IMC_PID/C_add7,reverse_off_anchor,delay_plus50,14057.808315699493,14060.37332586771,0.018242831173609364,0,0
IMC_PID/C_add7,reverse_off_anchor,acid_plus15,85377.04439828331,85282.48221111472,0.11088113844353042,2,2
IMC_PID/C_add7,reverse_off_anchor,acid_minus15,112050.63959956524,112090.13622915596,0.03523648995302775,2,2
IMC_PID/C_add7,reverse_off_anchor,base_minus15,89968.42689067137,90001.07178572807,0.03627167366897499,2,2
IMC_PID/C_add7,reverse_off_anchor,base_plus15,98809.1917313642,98824.96925917784,0.01596512291570651,2,2
IMC_PID/C_add7,reverse_off_anchor,Kw_half,14322.545127976337,14360.214244515028,0.2623158394247427,0,0
IMC_PID/C_add7,reverse_off_anchor,Kw_double,16546.21148489096,16580.146237315443,0.20467100795594773,1,1
IMC_PID/C_add7,reverse_off_anchor,volume_plus20,14884.372166753852,14913.870822636882,0.19779342488507323,0,0
IMC_PID/C_add7,reverse_off_anchor,volume_minus20,12957.851343812765,12981.68075276357,0.18356181610561517,0,0
IMC_PID/C_add7,reverse_off_anchor,noise_0.01_seed104729,13952.6429655231,13949.56078936676,0.022095148391265695,0,0
IMC_PID/C_add7,reverse_off_anchor,noise_0.01_seed130363,13995.645204258726,14028.680977314498,0.23548737838712253,0,0
IMC_PID/C_add7,reverse_off_anchor,noise_0.01_seed155921,13978.79789546327,13934.717394144209,0.3163358112851622,0,0
IMC_PID/C_add7,reverse_off_anchor,noise_0.01_seed196613,13966.747810891638,14032.15398260378,0.4661164051736333,0,0
IMC_PID/C_add7,reverse_off_anchor,noise_0.01_seed262147,13963.215884954652,13972.035491342038,0.06312327500779258,0,0
IMC_PID/C_add7,reverse_off_anchor,noise_0.05_seed104729,13654.566245914091,13552.369047816925,0.7540910208140295,0,1
IMC_PID/C_add7,reverse_off_anchor,noise_0.05_seed130363,14727.010797279912,16028.30238397326,8.11871123665917,0,1
IMC_PID/C_add7,reverse_off_anchor,noise_0.05_seed155921,15221.129865582863,13883.507655473311,9.634612832026068,0,0
IMC_PID/C_add7,reverse_off_anchor,noise_0.05_seed196613,13655.464569784024,15024.349868058653,9.111111697317698,0,1
IMC_PID/C_add7,reverse_off_anchor,noise_0.05_seed262147,14368.273119683476,13844.062824786415,3.786535076672104,0,0
IMC_PID/C_add7,reverse_off_anchor,combined_seed104729,157145.745866826,156762.05097975396,0.24476260974768405,4,4
IMC_PID/C_add7,reverse_off_anchor,combined_seed130363,157678.63344388315,157296.87170668223,0.24270141742730456,4,4
IMC_PID/C_add7,reverse_off_anchor,combined_seed155921,156710.77000025357,157934.81326319952,0.7750306836441956,4,4
IMC_PID/C_add7,reverse_off_anchor,combined_seed196613,157088.5752744393,157093.35204540542,0.0030407212679217643,4,4
IMC_PID/C_add7,reverse_off_anchor,combined_seed262147,157308.30427746053,156666.56350235365,0.40962204107912736,4,4
IMC_PID/C_add7,cross_equivalence,nominal,97885.86979687423,97744.7221353496,0.144404381577945,4,4
IMC_PID/C_add7,cross_equivalence,delay_minus30,97090.72328144818,96926.58042840908,0.16934761580733593,4,4
IMC_PID/C_add7,cross_equivalence,delay_plus50,99707.9025063099,99501.4828714764,0.20745382769835619,5,5
IMC_PID/C_add7,cross_equivalence,acid_plus15,158658.29775787477,158556.10543780305,0.06445183538630328,6,6
IMC_PID/C_add7,cross_equivalence,acid_minus15,143846.9974875002,141640.37164094433,1.557907410854309,7,7
IMC_PID/C_add7,cross_equivalence,base_minus15,169505.6670911694,169445.39825943665,0.03556829064219613,6,6
IMC_PID/C_add7,cross_equivalence,base_plus15,134010.10450814874,134060.31555536538,0.037454072078402234,6,6
IMC_PID/C_add7,cross_equivalence,Kw_half,99936.36361550544,99636.80013537832,0.300655460352095,4,4
IMC_PID/C_add7,cross_equivalence,Kw_double,94577.72826410392,94500.35142964587,0.08187994360597806,4,4
IMC_PID/C_add7,cross_equivalence,volume_plus20,102520.81623084957,102397.82708258856,0.12010913880216023,6,6
IMC_PID/C_add7,cross_equivalence,volume_minus20,94140.16901020244,93882.74523444157,0.27419711163967353,5,4
IMC_PID/C_add7,cross_equivalence,noise_0.01_seed104729,97886.1558627583,97754.03306953612,0.1351584063321365,4,4
IMC_PID/C_add7,cross_equivalence,noise_0.01_seed130363,97916.61919408337,97753.26873309918,0.16710485807915898,4,4
IMC_PID/C_add7,cross_equivalence,noise_0.01_seed155921,97907.64818459512,97738.67608968154,0.1728815057393751,4,4
IMC_PID/C_add7,cross_equivalence,noise_0.01_seed196613,97920.89906697992,97771.56917923952,0.15273344694575197,4,4
IMC_PID/C_add7,cross_equivalence,noise_0.01_seed262147,97868.32087298308,97768.07401154118,0.10253537512672217,4,4
IMC_PID/C_add7,cross_equivalence,noise_0.05_seed104729,97798.23982721171,98427.4013396975,0.6392137798237663,4,6
IMC_PID/C_add7,cross_equivalence,noise_0.05_seed130363,97926.50433937876,97688.05144050176,0.24409627928982935,5,4
IMC_PID/C_add7,cross_equivalence,noise_0.05_seed155921,97927.83363047591,97853.53069223704,0.07593281275928287,5,4
IMC_PID/C_add7,cross_equivalence,noise_0.05_seed196613,98180.1341096098,98034.01401731404,0.14905040231236732,5,4
IMC_PID/C_add7,cross_equivalence,noise_0.05_seed262147,97697.56509653231,98265.9667292072,0.5784318331098603,5,6
IMC_PID/C_add7,cross_equivalence,combined_seed104729,199684.5818120538,199388.310278698,0.14859022223605578,7,7
IMC_PID/C_add7,cross_equivalence,combined_seed130363,199693.1799368497,199153.56492185747,0.2709542333344306,7,7
IMC_PID/C_add7,cross_equivalence,combined_seed155921,199662.53656347835,199425.5470399419,0.1188360904879282,7,7
IMC_PID/C_add7,cross_equivalence,combined_seed196613,199830.75192787932,199220.5697827317,0.3062847103655342,7,7
IMC_PID/C_add7,cross_equivalence,combined_seed262147,199672.3666231095,199418.39727129624,0.12735502605998317,7,7
IMC_PID/C_add7,regulatory_off_anchor,nominal,120994.59684654088,120992.46215577004,0.001764317158947648,1,2
IMC_PID/C_add7,regulatory_off_anchor,delay_minus30,122102.20985982196,122007.39557728036,0.07771191417780265,2,2
IMC_PID/C_add7,regulatory_off_anchor,delay_plus50,119455.6159981016,119417.4642932177,0.03194817869371924,1,1
IMC_PID/C_add7,regulatory_off_anchor,acid_plus15,181305.84741870823,181794.79101828713,0.2689535804849985,3,3
IMC_PID/C_add7,regulatory_off_anchor,acid_minus15,146167.10137987192,146163.4494422016,0.0024985300252966525,3,3
IMC_PID/C_add7,regulatory_off_anchor,base_minus15,183213.3736868932,183409.61301916244,0.10699511821593566,4,4
IMC_PID/C_add7,regulatory_off_anchor,base_plus15,135516.8167725476,135514.12022358488,0.0019898656747230348,3,3
IMC_PID/C_add7,regulatory_off_anchor,Kw_half,125713.81384382964,125681.012787253,0.026098657107542778,1,1
IMC_PID/C_add7,regulatory_off_anchor,Kw_double,112681.62469652518,112681.72651278248,9.035738132157078e-05,2,2
IMC_PID/C_add7,regulatory_off_anchor,volume_plus20,122778.23426773536,122735.40298210656,0.034897254246235576,2,2
IMC_PID/C_add7,regulatory_off_anchor,volume_minus20,115626.15315928344,115570.0916064804,0.04850870326720269,2,2
IMC_PID/C_add7,regulatory_off_anchor,noise_0.01_seed104729,121021.09198110893,121064.52777570204,0.03587821750198339,2,2
IMC_PID/C_add7,regulatory_off_anchor,noise_0.01_seed130363,121017.85044064678,121046.42895657476,0.023609548975811467,2,2
IMC_PID/C_add7,regulatory_off_anchor,noise_0.01_seed155921,120949.35332148788,121031.10834899332,0.06754877206419652,1,2
IMC_PID/C_add7,regulatory_off_anchor,noise_0.01_seed196613,121082.12328195375,120973.49073245736,0.08979864004805549,2,1
IMC_PID/C_add7,regulatory_off_anchor,noise_0.01_seed262147,121002.3739501666,120897.6474745104,0.08662408065325256,2,1
IMC_PID/C_add7,regulatory_off_anchor,noise_0.05_seed104729,121000.8611517518,122188.41403654763,0.9719030189234035,2,2
IMC_PID/C_add7,regulatory_off_anchor,noise_0.05_seed130363,121236.48494531712,120275.51342617144,0.7989751960074232,2,1
IMC_PID/C_add7,regulatory_off_anchor,noise_0.05_seed155921,121080.466860909,121745.82115783296,0.5465109936392709,2,2
IMC_PID/C_add7,regulatory_off_anchor,noise_0.05_seed196613,122020.96587716724,120347.24306251548,1.3907446253524247,2,2
IMC_PID/C_add7,regulatory_off_anchor,noise_0.05_seed262147,120545.0270683417,119922.97980549611,0.5187056424502456,2,1
IMC_PID/C_add7,regulatory_off_anchor,combined_seed104729,173041.3433973387,174299.01644564394,0.7215606111566575,3,4
IMC_PID/C_add7,regulatory_off_anchor,combined_seed130363,171728.7841018032,172991.62504738502,0.7300012039518688,3,3
IMC_PID/C_add7,regulatory_off_anchor,combined_seed155921,172439.8505174375,172944.14113521954,0.29159161708042225,3,4
IMC_PID/C_add7,regulatory_off_anchor,combined_seed196613,172993.5050000145,172277.3489619284,0.4156994766876476,4,3
IMC_PID/C_add7,regulatory_off_anchor,combined_seed262147,173483.82808462164,172491.2787604997,0.5754200045673397,4,3
IMC_PID/D_add8,reverse_off_anchor,nominal,18076.56714576397,18073.52945173756,0.016807420125219963,0,0
IMC_PID/D_add8,reverse_off_anchor,delay_minus30,18341.396595515624,18357.212018617207,0.08615373121769743,0,0
IMC_PID/D_add8,reverse_off_anchor,delay_plus50,18322.525121510065,18353.594578996624,0.1692826838515571,0,0
IMC_PID/D_add8,reverse_off_anchor,acid_plus15,87375.87124953503,87358.84546245098,0.01948948271228712,2,2
IMC_PID/D_add8,reverse_off_anchor,acid_minus15,112890.42224790598,112916.47251626452,0.0230703880293337,2,2
IMC_PID/D_add8,reverse_off_anchor,base_minus15,90509.53407193552,90503.3861633292,0.006793015009654013,2,2
IMC_PID/D_add8,reverse_off_anchor,base_plus15,99918.36576521824,99936.49425867909,0.01814001341083893,2,2
IMC_PID/D_add8,reverse_off_anchor,Kw_half,17651.45873319541,17686.420099899915,0.19767350604039668,0,0
IMC_PID/D_add8,reverse_off_anchor,Kw_double,22262.12402303706,22285.113968324546,0.10316278983433236,1,1
IMC_PID/D_add8,reverse_off_anchor,volume_plus20,19529.25302933411,19560.494870739414,0.15971907465407442,0,0
IMC_PID/D_add8,reverse_off_anchor,volume_minus20,16959.59339041681,16988.722993712436,0.17146434906500918,0,0
IMC_PID/D_add8,reverse_off_anchor,noise_0.01_seed104729,18090.69990503777,18032.114656102774,0.32489394645218717,0,0
IMC_PID/D_add8,reverse_off_anchor,noise_0.01_seed130363,18097.233748088263,18064.569468444268,0.18081958554869715,0,0
IMC_PID/D_add8,reverse_off_anchor,noise_0.01_seed155921,18062.86297092308,18056.00934626536,0.03795758257700843,0,0
IMC_PID/D_add8,reverse_off_anchor,noise_0.01_seed196613,18079.18888941639,18130.105534019975,0.2808403101021262,0,0
IMC_PID/D_add8,reverse_off_anchor,noise_0.01_seed262147,18091.50026356449,18067.869522621095,0.13078875134562296,0,0
IMC_PID/D_add8,reverse_off_anchor,noise_0.05_seed104729,17939.811561369734,17526.66951097786,2.357219380060216,0,1
IMC_PID/D_add8,reverse_off_anchor,noise_0.05_seed130363,18753.58092847111,18638.854010411553,0.6155256004230392,0,0
IMC_PID/D_add8,reverse_off_anchor,noise_0.05_seed155921,18478.26155252708,17758.023561772356,4.055845450645634,0,0
IMC_PID/D_add8,reverse_off_anchor,noise_0.05_seed196613,17557.40416092694,19713.05842423078,10.935158902862918,0,1
IMC_PID/D_add8,reverse_off_anchor,noise_0.05_seed262147,18330.573047508373,18016.75523800643,1.741810916318287,0,0
IMC_PID/D_add8,reverse_off_anchor,combined_seed104729,157193.87990514567,158186.4911291193,0.6274943055430748,3,4
IMC_PID/D_add8,reverse_off_anchor,combined_seed130363,156638.2996806666,156836.76409423005,0.1265420226626346,3,3
IMC_PID/D_add8,reverse_off_anchor,combined_seed155921,157047.3441606064,156880.3807622405,0.10642720112907789,3,3
IMC_PID/D_add8,reverse_off_anchor,combined_seed196613,157784.9637132528,156841.0791837771,0.6018095095926546,3,3
IMC_PID/D_add8,reverse_off_anchor,combined_seed262147,157111.1147840981,156741.1915876578,0.23600892190067668,3,3
IMC_PID/D_add8,cross_equivalence,nominal,99981.05897824388,99750.83336271971,0.23080069385186253,4,4
IMC_PID/D_add8,cross_equivalence,delay_minus30,99296.7756548972,99034.2074698054,0.26512877903510645,4,4
IMC_PID/D_add8,cross_equivalence,delay_plus50,101640.67278642015,101303.89092330707,0.33244711535120874,5,5
IMC_PID/D_add8,cross_equivalence,acid_plus15,160534.51316293818,160395.5610875304,0.08663087336435726,7,7
IMC_PID/D_add8,cross_equivalence,acid_minus15,145442.39361176387,143294.27495504034,1.4990959390370096,7,7
IMC_PID/D_add8,cross_equivalence,base_minus15,170899.39140855058,170860.70483370786,0.022642172101750013,7,7
IMC_PID/D_add8,cross_equivalence,base_plus15,136472.5518525141,136459.7927283464,0.009350097865890028,6,6
IMC_PID/D_add8,cross_equivalence,Kw_half,103113.62487012328,102614.07991323913,0.4868191161549351,5,5
IMC_PID/D_add8,cross_equivalence,Kw_double,96328.81355013236,96182.21652395572,0.15241593661976527,6,6
IMC_PID/D_add8,cross_equivalence,volume_plus20,104506.48786763298,104322.88631822883,0.17599354838024883,6,6
IMC_PID/D_add8,cross_equivalence,volume_minus20,94865.96838949152,94616.3236345934,0.26384956137404103,5,4
IMC_PID/D_add8,cross_equivalence,noise_0.01_seed104729,99985.24775534651,99782.432320156,0.2032576581614709,4,4
IMC_PID/D_add8,cross_equivalence,noise_0.01_seed130363,99989.57247814164,99757.97630744768,0.2321580481747132,4,4
IMC_PID/D_add8,cross_equivalence,noise_0.01_seed155921,99990.89732776112,99721.61192183556,0.27003715717774934,4,4
IMC_PID/D_add8,cross_equivalence,noise_0.01_seed196613,100019.8122324016,99790.63699423573,0.22965605298130853,4,4
IMC_PID/D_add8,cross_equivalence,noise_0.01_seed262147,99975.69429305528,99745.67671209338,0.23060406079133955,4,4
IMC_PID/D_add8,cross_equivalence,noise_0.05_seed104729,99868.57995463617,100024.89809301494,0.15627922783126857,4,5
IMC_PID/D_add8,cross_equivalence,noise_0.05_seed130363,99950.54523038144,99342.8238193688,0.6117416313005553,5,4
IMC_PID/D_add8,cross_equivalence,noise_0.05_seed155921,99967.58509811656,99344.69660839826,0.6269972237910482,4,5
IMC_PID/D_add8,cross_equivalence,noise_0.05_seed196613,100281.0514187946,100075.7053620377,0.20519071638218644,4,4
IMC_PID/D_add8,cross_equivalence,noise_0.05_seed262147,100174.75223441892,99930.23241369892,0.24469053540046026,5,5
IMC_PID/D_add8,cross_equivalence,combined_seed104729,199890.64117675577,199497.2721767129,0.19718013973366588,7,7
IMC_PID/D_add8,cross_equivalence,combined_seed130363,199858.27647721895,199402.8555243364,0.2283923927192566,7,7
IMC_PID/D_add8,cross_equivalence,combined_seed155921,199797.2575866643,199515.045699189,0.14144892506040563,7,7
IMC_PID/D_add8,cross_equivalence,combined_seed196613,199843.8114789635,199528.67462220145,0.15794063552958537,7,7
IMC_PID/D_add8,cross_equivalence,combined_seed262147,199760.3975640023,199684.2724271158,0.03812275046062297,7,7
IMC_PID/D_add8,regulatory_off_anchor,nominal,120936.68330742452,120907.68285896616,0.02398561263654564,1,1
IMC_PID/D_add8,regulatory_off_anchor,delay_minus30,122202.31335900392,122292.2342337946,0.0735295052495144,2,2
IMC_PID/D_add8,regulatory_off_anchor,delay_plus50,121515.59887554268,121471.799575264,0.036057175765757954,2,2
IMC_PID/D_add8,regulatory_off_anchor,acid_plus15,181793.11310841367,182209.80278840175,0.22868675209092304,4,4
IMC_PID/D_add8,regulatory_off_anchor,acid_minus15,147812.2700777913,147794.13043067046,0.012273591020139918,3,3
IMC_PID/D_add8,regulatory_off_anchor,base_minus15,183397.0065477592,183586.87417644644,0.1034211348381886,4,4
IMC_PID/D_add8,regulatory_off_anchor,base_plus15,138260.02977956273,138231.6196441747,0.020552559147568594,3,3
IMC_PID/D_add8,regulatory_off_anchor,Kw_half,128859.60246913336,128837.78775693764,0.01693192080949313,1,1
IMC_PID/D_add8,regulatory_off_anchor,Kw_double,111056.09620017404,110992.61918690163,0.05719030124473612,4,4
IMC_PID/D_add8,regulatory_off_anchor,volume_plus20,125308.04935200796,125275.83978784268,0.025710914586429823,3,3
IMC_PID/D_add8,regulatory_off_anchor,volume_minus20,117338.30624749344,117294.39911399414,0.0374332737376859,2,2
IMC_PID/D_add8,regulatory_off_anchor,noise_0.01_seed104729,120937.68556425835,120975.17926527026,0.030992887334091446,1,1
IMC_PID/D_add8,regulatory_off_anchor,noise_0.01_seed130363,120945.21485324154,120874.6288961927,0.0583960072460421,1,2
IMC_PID/D_add8,regulatory_off_anchor,noise_0.01_seed155921,120978.78898945072,120950.19289953432,0.023642864249229234,1,1
IMC_PID/D_add8,regulatory_off_anchor,noise_0.01_seed196613,121015.97017160572,120886.17391605087,0.10737063747670028,1,2
IMC_PID/D_add8,regulatory_off_anchor,noise_0.01_seed262147,120927.20628917166,120869.1403927471,0.04804029898441975,2,1
IMC_PID/D_add8,regulatory_off_anchor,noise_0.05_seed104729,120780.62077518462,122656.5163846841,1.5293892773019624,2,1
IMC_PID/D_add8,regulatory_off_anchor,noise_0.05_seed130363,121036.8505335152,120775.82033953843,0.2161278584098536,1,2
IMC_PID/D_add8,regulatory_off_anchor,noise_0.05_seed155921,121864.47725944185,121698.64398832494,0.13626550443144314,2,2
IMC_PID/D_add8,regulatory_off_anchor,noise_0.05_seed196613,122367.75387151029,120624.95241226506,1.4448100698840394,2,2
IMC_PID/D_add8,regulatory_off_anchor,noise_0.05_seed262147,121115.79251427283,120119.72155385498,0.8292318259922604,2,2
IMC_PID/D_add8,regulatory_off_anchor,combined_seed104729,174113.46170228726,174383.5608117369,0.1548879425287364,4,4
IMC_PID/D_add8,regulatory_off_anchor,combined_seed130363,174425.9725233943,173847.02618225623,0.33302056057669116,4,4
IMC_PID/D_add8,regulatory_off_anchor,combined_seed155921,174170.66980669415,173597.26567709842,0.33030712054087363,4,4
IMC_PID/D_add8,regulatory_off_anchor,combined_seed196613,174398.50916298077,174362.45006234833,0.020680542524798007,4,4
IMC_PID/D_add8,regulatory_off_anchor,combined_seed262147,174130.036306777,173707.48666950152,0.2432535553746451,4,4
IMC_PID/D2_resample_Ti_Td,reverse_off_anchor,nominal,19267.578999745932,19293.85701515595,0.13619887091199656,0,0
IMC_PID/D2_resample_Ti_Td,reverse_off_anchor,delay_minus30,18987.393526126027,18991.42356898156,0.02122033053971739,0,0
IMC_PID/D2_resample_Ti_Td,reverse_off_anchor,delay_plus50,19970.5795748525,20000.240465470008,0.14830267000396358,0,0
IMC_PID/D2_resample_Ti_Td,reverse_off_anchor,acid_plus15,86758.0653759322,86804.72523404131,0.05375267070232281,2,2
IMC_PID/D2_resample_Ti_Td,reverse_off_anchor,acid_minus15,112879.65213237844,112899.5399159408,0.017615469095055847,2,2
IMC_PID/D2_resample_Ti_Td,reverse_off_anchor,base_minus15,92871.5772702668,92889.59885871624,0.01940108329765433,2,2
IMC_PID/D2_resample_Ti_Td,reverse_off_anchor,base_plus15,99798.05154162976,99812.42009109672,0.014395552631474295,2,2
IMC_PID/D2_resample_Ti_Td,reverse_off_anchor,Kw_half,18412.85501808812,18432.35250891292,0.10577863468795856,0,0
IMC_PID/D2_resample_Ti_Td,reverse_off_anchor,Kw_double,22566.418251781433,22588.924780668112,0.099635237645046,1,1
IMC_PID/D2_resample_Ti_Td,reverse_off_anchor,volume_plus20,21205.41094148035,21205.00800832572,0.0019001792145978413,0,0
IMC_PID/D2_resample_Ti_Td,reverse_off_anchor,volume_minus20,17396.085589516813,17414.072150317174,0.1032875059038485,0,0
IMC_PID/D2_resample_Ti_Td,reverse_off_anchor,noise_0.01_seed104729,19257.53185467972,19285.292781383487,0.14394869198234295,0,0
IMC_PID/D2_resample_Ti_Td,reverse_off_anchor,noise_0.01_seed130363,19275.95644611,19341.643491858675,0.3396146029489233,0,0
IMC_PID/D2_resample_Ti_Td,reverse_off_anchor,noise_0.01_seed155921,19267.022315151415,19254.469338592375,0.06519513126170828,0,0
IMC_PID/D2_resample_Ti_Td,reverse_off_anchor,noise_0.01_seed196613,19224.60244237212,19317.574368099707,0.48128157270674876,0,0
IMC_PID/D2_resample_Ti_Td,reverse_off_anchor,noise_0.01_seed262147,19282.028328385742,19302.252589842785,0.10477669050753535,0,0
IMC_PID/D2_resample_Ti_Td,reverse_off_anchor,noise_0.05_seed104729,19663.469633388937,19710.86032431003,0.24042933764105712,0,1
IMC_PID/D2_resample_Ti_Td,reverse_off_anchor,noise_0.05_seed130363,19914.843531356317,20511.322197293382,2.908045908497192,0,0
IMC_PID/D2_resample_Ti_Td,reverse_off_anchor,noise_0.05_seed155921,19528.58318637839,18957.273524312684,3.0136699844152126,0,0
IMC_PID/D2_resample_Ti_Td,reverse_off_anchor,noise_0.05_seed196613,19013.59629332298,20015.84401305547,5.007271834646431,0,1
IMC_PID/D2_resample_Ti_Td,reverse_off_anchor,noise_0.05_seed262147,19465.45562510553,19869.252189281113,2.032268554089922,0,0
IMC_PID/D2_resample_Ti_Td,reverse_off_anchor,combined_seed104729,160541.5735857989,161179.2621436277,0.39563933309271215,4,4
IMC_PID/D2_resample_Ti_Td,reverse_off_anchor,combined_seed130363,159070.7091794277,159894.88086267552,0.5154459472380801,4,4
IMC_PID/D2_resample_Ti_Td,reverse_off_anchor,combined_seed155921,160198.71138260543,159612.58295134854,0.36721943873030405,4,4
IMC_PID/D2_resample_Ti_Td,reverse_off_anchor,combined_seed196613,160748.47863107585,159887.75106295725,0.5383324003223278,4,4
IMC_PID/D2_resample_Ti_Td,reverse_off_anchor,combined_seed262147,160341.30744154743,160105.58268013335,0.14723081948055938,4,4
IMC_PID/D2_resample_Ti_Td,cross_equivalence,nominal,100396.88873237796,100125.42132860888,0.2711273522416846,5,5
IMC_PID/D2_resample_Ti_Td,cross_equivalence,delay_minus30,99508.65835471296,99203.21622983662,0.30789538533577687,5,5
IMC_PID/D2_resample_Ti_Td,cross_equivalence,delay_plus50,102197.5390639406,101839.63463923072,0.35143922695497487,4,4
IMC_PID/D2_resample_Ti_Td,cross_equivalence,acid_plus15,160635.96451333235,160487.18388354994,0.0927056143563254,7,7
IMC_PID/D2_resample_Ti_Td,cross_equivalence,acid_minus15,145528.51908772334,143456.40833533046,1.4444183961090928,7,7
IMC_PID/D2_resample_Ti_Td,cross_equivalence,base_minus15,170650.369501349,170637.36250613935,0.0076225950862207625,7,7
IMC_PID/D2_resample_Ti_Td,cross_equivalence,base_plus15,136548.51937803294,136697.3901359972,0.10890534034055932,7,7
IMC_PID/D2_resample_Ti_Td,cross_equivalence,Kw_half,103518.4913494956,102945.77059326236,0.5563324777042578,5,5
IMC_PID/D2_resample_Ti_Td,cross_equivalence,Kw_double,95519.30369722086,95363.11507485512,0.16378305411179905,6,6
IMC_PID/D2_resample_Ti_Td,cross_equivalence,volume_plus20,105113.79730769248,104951.4852367864,0.15465438201269777,5,5
IMC_PID/D2_resample_Ti_Td,cross_equivalence,volume_minus20,94465.11639560618,94342.56014591055,0.12990557973631134,4,4
IMC_PID/D2_resample_Ti_Td,cross_equivalence,noise_0.01_seed104729,100396.6294030076,100160.56205352343,0.23568892251024653,5,5
IMC_PID/D2_resample_Ti_Td,cross_equivalence,noise_0.01_seed130363,100432.2012131766,100140.00766297495,0.29178502880191637,5,5
IMC_PID/D2_resample_Ti_Td,cross_equivalence,noise_0.01_seed155921,100396.18996901507,100085.5320790486,0.31039240488937025,5,5
IMC_PID/D2_resample_Ti_Td,cross_equivalence,noise_0.01_seed196613,100441.7320642768,100140.90405452727,0.3004047273087673,5,5
IMC_PID/D2_resample_Ti_Td,cross_equivalence,noise_0.01_seed262147,100380.4617963326,100134.55899019208,0.24557236644404679,5,5
IMC_PID/D2_resample_Ti_Td,cross_equivalence,noise_0.05_seed104729,100164.4803955182,100178.80093408616,0.01429497901196397,5,6
IMC_PID/D2_resample_Ti_Td,cross_equivalence,noise_0.05_seed130363,100153.95196041989,99860.5140558866,0.293847780884704,6,5
IMC_PID/D2_resample_Ti_Td,cross_equivalence,noise_0.05_seed155921,100402.31661974132,99674.54701031672,0.7301458910560887,5,5
IMC_PID/D2_resample_Ti_Td,cross_equivalence,noise_0.05_seed196613,100780.19601770092,100311.043196011,0.4676980786384455,5,5
IMC_PID/D2_resample_Ti_Td,cross_equivalence,noise_0.05_seed262147,100547.46000801765,100294.8460605735,0.25187131479476044,6,6
IMC_PID/D2_resample_Ti_Td,cross_equivalence,combined_seed104729,199838.1435948462,199223.3664187356,0.3085868827346516,7,7
IMC_PID/D2_resample_Ti_Td,cross_equivalence,combined_seed130363,199580.4419320862,199555.02261929857,0.012737996996503576,7,7
IMC_PID/D2_resample_Ti_Td,cross_equivalence,combined_seed155921,200100.69477016985,199956.71198461545,0.07200697797304922,6,6
IMC_PID/D2_resample_Ti_Td,cross_equivalence,combined_seed196613,200610.76966951747,199414.31133800617,0.5999861913036364,7,7
IMC_PID/D2_resample_Ti_Td,cross_equivalence,combined_seed262147,199979.29304056492,199496.40152117785,0.2420552529794895,6,7
IMC_PID/D2_resample_Ti_Td,regulatory_off_anchor,nominal,123905.87960812266,123866.46907730188,0.03181694861762452,2,2
IMC_PID/D2_resample_Ti_Td,regulatory_off_anchor,delay_minus30,122981.19291605293,122880.26288170608,0.08213689650389266,2,2
IMC_PID/D2_resample_Ti_Td,regulatory_off_anchor,delay_plus50,121623.16906948204,121617.31568454772,0.004812953567823186,2,2
IMC_PID/D2_resample_Ti_Td,regulatory_off_anchor,acid_plus15,181696.04952889896,182146.4080749044,0.2472508520839134,4,4
IMC_PID/D2_resample_Ti_Td,regulatory_off_anchor,acid_minus15,147889.55502181046,147891.80953040964,0.001524431005561766,4,4
IMC_PID/D2_resample_Ti_Td,regulatory_off_anchor,base_minus15,182766.81030083823,182981.11791473092,0.11712007027553373,4,4
IMC_PID/D2_resample_Ti_Td,regulatory_off_anchor,base_plus15,138121.01287484303,138087.36423481104,0.02436764595981078,3,3
IMC_PID/D2_resample_Ti_Td,regulatory_off_anchor,Kw_half,129466.86200998403,129465.02308478208,0.00142040310049385,2,2
IMC_PID/D2_resample_Ti_Td,regulatory_off_anchor,Kw_double,110773.46171370803,110715.47708857022,0.05237264623032534,2,2
IMC_PID/D2_resample_Ti_Td,regulatory_off_anchor,volume_plus20,125213.76681914538,125197.6292017804,0.012889714819586118,3,3
IMC_PID/D2_resample_Ti_Td,regulatory_off_anchor,volume_minus20,116568.85422501652,116547.76957291544,0.01809099580227791,3,3
IMC_PID/D2_resample_Ti_Td,regulatory_off_anchor,noise_0.01_seed104729,123893.67500763836,123865.4274166402,0.0228050648088729,2,2
IMC_PID/D2_resample_Ti_Td,regulatory_off_anchor,noise_0.01_seed130363,123924.6845575173,123890.14850076823,0.027876354308231654,2,2
IMC_PID/D2_resample_Ti_Td,regulatory_off_anchor,noise_0.01_seed155921,123918.11913323047,123833.69923884251,0.06817198784083711,2,2
IMC_PID/D2_resample_Ti_Td,regulatory_off_anchor,noise_0.01_seed196613,123939.35046072242,123889.16413542502,0.04050905149586281,2,2
IMC_PID/D2_resample_Ti_Td,regulatory_off_anchor,noise_0.01_seed262147,123931.87259241268,123879.13337623783,0.042573123283529135,2,2
IMC_PID/D2_resample_Ti_Td,regulatory_off_anchor,noise_0.05_seed104729,123731.93774454312,123763.31105637785,0.025349444489597417,2,2
IMC_PID/D2_resample_Ti_Td,regulatory_off_anchor,noise_0.05_seed130363,123696.06637035038,123264.5052543885,0.350109802551235,2,2
IMC_PID/D2_resample_Ti_Td,regulatory_off_anchor,noise_0.05_seed155921,124043.19634313956,123510.06896814748,0.431646892796711,2,2
IMC_PID/D2_resample_Ti_Td,regulatory_off_anchor,noise_0.05_seed196613,124214.24448899184,124147.96595068413,0.053386729134197175,2,3
IMC_PID/D2_resample_Ti_Td,regulatory_off_anchor,noise_0.05_seed262147,122843.18635869327,123684.76507753188,0.6804222964009066,2,2
IMC_PID/D2_resample_Ti_Td,regulatory_off_anchor,combined_seed104729,173295.6491222051,173687.8690539878,0.22581884038244127,4,4
IMC_PID/D2_resample_Ti_Td,regulatory_off_anchor,combined_seed130363,173708.52681894015,173220.42946490232,0.2817781687446619,4,4
IMC_PID/D2_resample_Ti_Td,regulatory_off_anchor,combined_seed155921,173366.74854538028,172720.42371936273,0.37420289511778115,4,4
IMC_PID/D2_resample_Ti_Td,regulatory_off_anchor,combined_seed196613,173490.5076383147,173684.93606619272,0.11194317266749465,4,4
IMC_PID/D2_resample_Ti_Td,regulatory_off_anchor,combined_seed262147,173213.5179886045,172925.10359124286,0.1667857305688747,4,4
IMC_PID/E_original5_retuned,reverse_off_anchor,nominal,6921.3332550953655,7559.068229038789,8.436687626307048,0,0
IMC_PID/E_original5_retuned,reverse_off_anchor,delay_minus30,7118.202797430672,7397.450756720693,3.7749215030099426,0,0
IMC_PID/E_original5_retuned,reverse_off_anchor,delay_plus50,11853.42289115017,13401.679819227542,11.55270793632952,0,0
IMC_PID/E_original5_retuned,reverse_off_anchor,acid_plus15,60156.05076630079,89545.18277600779,32.82045007738971,1,2
IMC_PID/E_original5_retuned,reverse_off_anchor,acid_minus15,22133.92663436712,23107.159685998555,4.211824667577613,1,1
IMC_PID/E_original5_retuned,reverse_off_anchor,base_minus15,40713.85558367121,47171.06554123155,13.68892112881398,1,1
IMC_PID/E_original5_retuned,reverse_off_anchor,base_plus15,19043.183878031246,19647.460684024307,3.0755974815840137,1,1
IMC_PID/E_original5_retuned,reverse_off_anchor,Kw_half,6312.371393064155,7019.131243601268,10.069050228707487,0,0
IMC_PID/E_original5_retuned,reverse_off_anchor,Kw_double,7576.967992061073,8053.434998024033,5.916320254399077,0,0
IMC_PID/E_original5_retuned,reverse_off_anchor,volume_plus20,7223.498381198283,8200.17322514608,11.910417220855695,0,0
IMC_PID/E_original5_retuned,reverse_off_anchor,volume_minus20,6502.824847899219,6789.277725826231,4.219195170604861,0,0
IMC_PID/E_original5_retuned,reverse_off_anchor,noise_0.01_seed104729,6908.084072884026,7714.018297494572,10.447657673722455,0,0
IMC_PID/E_original5_retuned,reverse_off_anchor,noise_0.01_seed130363,7050.394669493084,7754.605368238588,9.081193243305707,0,0
IMC_PID/E_original5_retuned,reverse_off_anchor,noise_0.01_seed155921,7040.903717986213,7486.264295051316,5.949036255098584,0,0
IMC_PID/E_original5_retuned,reverse_off_anchor,noise_0.01_seed196613,6847.475921757006,7686.656077947911,10.917363124888746,0,0
IMC_PID/E_original5_retuned,reverse_off_anchor,noise_0.01_seed262147,6981.535983024725,7642.225656400037,8.645252091215239,0,0
IMC_PID/E_original5_retuned,reverse_off_anchor,noise_0.05_seed104729,8052.10567838245,8937.234263821092,9.903831088122416,1,1
IMC_PID/E_original5_retuned,reverse_off_anchor,noise_0.05_seed130363,7839.592348879385,10604.36702132554,26.072038688270137,2,2
IMC_PID/E_original5_retuned,reverse_off_anchor,noise_0.05_seed155921,9029.523202152684,8137.989803853578,10.955204169424482,0,1
IMC_PID/E_original5_retuned,reverse_off_anchor,noise_0.05_seed196613,8178.841399286144,9017.909206929451,9.304460583818685,0,1
IMC_PID/E_original5_retuned,reverse_off_anchor,noise_0.05_seed262147,8872.332197906653,10945.630646049727,18.941790703410277,0,1
IMC_PID/E_original5_retuned,reverse_off_anchor,combined_seed104729,64537.50270269888,79141.81433084393,18.45334448246698,2,2
IMC_PID/E_original5_retuned,reverse_off_anchor,combined_seed130363,59567.75247697661,43523.6527472958,36.86294397861094,2,3
IMC_PID/E_original5_retuned,reverse_off_anchor,combined_seed155921,66041.86961166446,85312.89247095189,22.588640826882067,2,2
IMC_PID/E_original5_retuned,reverse_off_anchor,combined_seed196613,65347.097979941565,69916.1967468463,6.5351077139516045,2,1
IMC_PID/E_original5_retuned,reverse_off_anchor,combined_seed262147,42867.995256288814,83473.1149388733,48.64454826241874,1,3
IMC_PID/E_original5_retuned,cross_equivalence,nominal,118584.96559149402,118525.77333241876,0.049940411617699354,3,3
IMC_PID/E_original5_retuned,cross_equivalence,delay_minus30,99843.67624210034,94546.01316958644,5.603264373518879,2,2
IMC_PID/E_original5_retuned,cross_equivalence,delay_plus50,141809.07395340514,183090.143946119,22.546855392097097,5,6
IMC_PID/E_original5_retuned,cross_equivalence,acid_plus15,120987.7185157336,110056.76364819896,9.932106401452877,2,3
IMC_PID/E_original5_retuned,cross_equivalence,acid_minus15,115847.07875343609,142650.31006320167,18.789465860880593,2,5
IMC_PID/E_original5_retuned,cross_equivalence,base_minus15,103357.0517482322,112239.13170365494,7.913532313199023,2,1
IMC_PID/E_original5_retuned,cross_equivalence,base_plus15,119028.28055539778,121265.32987105747,1.844755890276606,3,3
IMC_PID/E_original5_retuned,cross_equivalence,Kw_half,128337.77936235868,178080.02776230496,27.93252507032429,4,6
IMC_PID/E_original5_retuned,cross_equivalence,Kw_double,93882.43642294969,110618.63364527623,15.129636545679059,2,2
IMC_PID/E_original5_retuned,cross_equivalence,volume_plus20,108587.35239267236,117339.5227926103,7.4588426743534715,3,3
IMC_PID/E_original5_retuned,cross_equivalence,volume_minus20,109208.03134308576,114077.77097574374,4.268789257543803,2,2
IMC_PID/E_original5_retuned,cross_equivalence,noise_0.01_seed104729,118263.24266357873,114519.3047587615,3.269263564517755,3,3
IMC_PID/E_original5_retuned,cross_equivalence,noise_0.01_seed130363,118065.1797391703,119749.01503056126,1.406137070072122,3,3
IMC_PID/E_original5_retuned,cross_equivalence,noise_0.01_seed155921,121036.52092420692,113579.9842078004,6.565009467481886,3,3
IMC_PID/E_original5_retuned,cross_equivalence,noise_0.01_seed196613,118250.93628773066,117244.6350302564,0.8582919442024606,3,3
IMC_PID/E_original5_retuned,cross_equivalence,noise_0.01_seed262147,100593.81800472646,116935.76968880426,13.975152109203092,2,3
IMC_PID/E_original5_retuned,cross_equivalence,noise_0.05_seed104729,115322.85203678928,115950.75271803694,0.5415235921534367,3,3
IMC_PID/E_original5_retuned,cross_equivalence,noise_0.05_seed130363,99718.05498750036,112697.58940518368,11.517135802273248,7,4
IMC_PID/E_original5_retuned,cross_equivalence,noise_0.05_seed155921,103683.292907062,129604.71275356408,20.000368270396287,4,5
IMC_PID/E_original5_retuned,cross_equivalence,noise_0.05_seed196613,116210.61922014088,111797.55592373374,3.9473701012011864,3,6
IMC_PID/E_original5_retuned,cross_equivalence,noise_0.05_seed262147,143585.39939853598,128144.77756447006,12.049357084644118,7,5
IMC_PID/E_original5_retuned,cross_equivalence,combined_seed104729,124821.72459120111,120603.45333921562,3.4976372029090763,5,5
IMC_PID/E_original5_retuned,cross_equivalence,combined_seed130363,113746.49972678116,123988.75721097236,8.260634040200554,6,6
IMC_PID/E_original5_retuned,cross_equivalence,combined_seed155921,115848.80824517593,121719.70982669356,4.8232957422234435,5,5
IMC_PID/E_original5_retuned,cross_equivalence,combined_seed196613,131763.38458859862,115841.24157021572,13.744796587605546,6,6
IMC_PID/E_original5_retuned,cross_equivalence,combined_seed262147,128016.4425859235,119649.21749973328,6.99312980146225,6,5
IMC_PID/E_original5_retuned,regulatory_off_anchor,nominal,110155.4057715833,172846.65017335006,36.26986368488653,2,3
IMC_PID/E_original5_retuned,regulatory_off_anchor,delay_minus30,35564.797483909075,35091.96926943151,1.3473972088806185,0,0
IMC_PID/E_original5_retuned,regulatory_off_anchor,delay_plus50,170309.05232529007,185686.4668433065,8.281386780326228,3,3
IMC_PID/E_original5_retuned,regulatory_off_anchor,acid_plus15,116183.95179602738,185420.16290329225,37.34017381021055,2,4
IMC_PID/E_original5_retuned,regulatory_off_anchor,acid_minus15,125504.65720884572,191059.74794351676,34.31130389329896,2,4
IMC_PID/E_original5_retuned,regulatory_off_anchor,base_minus15,79502.00390042338,89046.86422660318,10.71891796424228,1,1
IMC_PID/E_original5_retuned,regulatory_off_anchor,base_plus15,207529.82321782052,207750.94846669032,0.10643766033406887,4,4
IMC_PID/E_original5_retuned,regulatory_off_anchor,Kw_half,180240.76538302383,179121.00667422224,0.6251409198688496,3,3
IMC_PID/E_original5_retuned,regulatory_off_anchor,Kw_double,62665.70804732232,74003.6230616824,15.320756667426771,0,0
IMC_PID/E_original5_retuned,regulatory_off_anchor,volume_plus20,85625.18711290082,166438.01073883782,48.55430755702944,0,3
IMC_PID/E_original5_retuned,regulatory_off_anchor,volume_minus20,64426.89884574893,106138.50741574207,39.29922286037972,0,1
IMC_PID/E_original5_retuned,regulatory_off_anchor,noise_0.01_seed104729,105779.36211906958,173641.41918169655,39.081722196486325,1,3
IMC_PID/E_original5_retuned,regulatory_off_anchor,noise_0.01_seed130363,102250.340807437,173693.11838674347,41.13161087950109,1,3
IMC_PID/E_original5_retuned,regulatory_off_anchor,noise_0.01_seed155921,99688.02122781734,174553.7182156327,42.88977499484198,1,3
IMC_PID/E_original5_retuned,regulatory_off_anchor,noise_0.01_seed196613,101891.25964424809,174678.5555830816,41.66927972118134,1,3
IMC_PID/E_original5_retuned,regulatory_off_anchor,noise_0.01_seed262147,92818.80195342962,172741.76455896383,46.26730704620841,0,3
IMC_PID/E_original5_retuned,regulatory_off_anchor,noise_0.05_seed104729,93118.26856058447,84902.4884750419,9.676724714562045,1,2
IMC_PID/E_original5_retuned,regulatory_off_anchor,noise_0.05_seed130363,75374.0752652622,75002.09999786588,0.4959531365213765,1,1
IMC_PID/E_original5_retuned,regulatory_off_anchor,noise_0.05_seed155921,59580.01481840293,74594.55380990551,20.128197334305632,0,1
IMC_PID/E_original5_retuned,regulatory_off_anchor,noise_0.05_seed196613,52219.36814099884,161303.06453616294,67.62654925921035,0,3
IMC_PID/E_original5_retuned,regulatory_off_anchor,noise_0.05_seed262147,65254.03416409694,116847.68642179546,44.15462029043206,0,1
IMC_PID/E_original5_retuned,regulatory_off_anchor,combined_seed104729,102373.90405777605,119268.32464033208,14.165052316701177,1,4
IMC_PID/E_original5_retuned,regulatory_off_anchor,combined_seed130363,110410.52895819156,118557.78543187217,6.871970865517163,3,4
IMC_PID/E_original5_retuned,regulatory_off_anchor,combined_seed155921,96278.3228734168,124850.33217020884,22.88500863404972,1,2
IMC_PID/E_original5_retuned,regulatory_off_anchor,combined_seed196613,114893.11584170855,115358.49544675204,0.4034203144217541,2,3
IMC_PID/E_original5_retuned,regulatory_off_anchor,combined_seed262147,93235.0718763065,100259.27635357824,7.006039473594361,2,1
IMC_PID/P_move_interior_Kc,reverse_off_anchor,nominal,14015.22074158037,14035.758961507872,0.14632781870811407,1,1
IMC_PID/P_move_interior_Kc,reverse_off_anchor,delay_minus30,13916.63574623124,13928.086378737333,0.08221253225118019,1,1
IMC_PID/P_move_interior_Kc,reverse_off_anchor,delay_plus50,14285.522904781596,14310.174357598786,0.17226521635007597,1,1
IMC_PID/P_move_interior_Kc,reverse_off_anchor,acid_plus15,84241.10578120948,83881.01982379338,0.4292818067454629,3,3
IMC_PID/P_move_interior_Kc,reverse_off_anchor,acid_minus15,111450.3546841786,111477.97471683857,0.024776223940303765,2,2
IMC_PID/P_move_interior_Kc,reverse_off_anchor,base_minus15,93053.99324664252,92940.30016039094,0.12232915759404772,3,3
IMC_PID/P_move_interior_Kc,reverse_off_anchor,base_plus15,98088.36450399896,98115.0651178186,0.027213571929618485,2,2
IMC_PID/P_move_interior_Kc,reverse_off_anchor,Kw_half,13746.389236445812,13768.663446303344,0.16177467002806978,1,1
IMC_PID/P_move_interior_Kc,reverse_off_anchor,Kw_double,15212.709586906823,15237.19292567335,0.16068142528584684,2,2
IMC_PID/P_move_interior_Kc,reverse_off_anchor,volume_plus20,15663.43206705268,15692.966501509563,0.18820173008107233,0,0
IMC_PID/P_move_interior_Kc,reverse_off_anchor,volume_minus20,12929.176092391295,12943.62819465815,0.11165418265659532,1,1
IMC_PID/P_move_interior_Kc,reverse_off_anchor,noise_0.01_seed104729,14014.62274054224,14044.704715124368,0.21418730541008513,1,1
IMC_PID/P_move_interior_Kc,reverse_off_anchor,noise_0.01_seed130363,14063.982115953911,14046.429227072418,0.12496335259115643,1,1
IMC_PID/P_move_interior_Kc,reverse_off_anchor,noise_0.01_seed155921,14012.608261347314,14041.248734654566,0.2039738334423613,0,1
IMC_PID/P_move_interior_Kc,reverse_off_anchor,noise_0.01_seed196613,14016.140544389584,13961.747198022264,0.3895883917381493,1,0
IMC_PID/P_move_interior_Kc,reverse_off_anchor,noise_0.01_seed262147,14111.033769677884,14048.725399900672,0.443516176760439,1,1
IMC_PID/P_move_interior_Kc,reverse_off_anchor,noise_0.05_seed104729,14077.328990637752,13844.672345577168,1.6804777986306751,1,1
IMC_PID/P_move_interior_Kc,reverse_off_anchor,noise_0.05_seed130363,14375.250670733298,14690.452771998403,2.1456255035645633,1,2
IMC_PID/P_move_interior_Kc,reverse_off_anchor,noise_0.05_seed155921,14647.115466142444,14566.128218748085,0.5559970788264756,1,1
IMC_PID/P_move_interior_Kc,reverse_off_anchor,noise_0.05_seed196613,14192.873895730245,14917.105716292714,4.855042488379302,1,1
IMC_PID/P_move_interior_Kc,reverse_off_anchor,noise_0.05_seed262147,14944.266751274476,15186.931243994422,1.5978507364080352,1,1
IMC_PID/P_move_interior_Kc,reverse_off_anchor,combined_seed104729,156672.0905171552,156312.95228135458,0.22975590349940678,3,3
IMC_PID/P_move_interior_Kc,reverse_off_anchor,combined_seed130363,157339.0544478431,157449.2793665274,0.07000661999073676,3,3
IMC_PID/P_move_interior_Kc,reverse_off_anchor,combined_seed155921,156504.65272260623,157270.3908274519,0.48689273347440887,3,3
IMC_PID/P_move_interior_Kc,reverse_off_anchor,combined_seed196613,156840.88223209203,156571.25104476578,0.1722098951927986,3,3
IMC_PID/P_move_interior_Kc,reverse_off_anchor,combined_seed262147,157394.0060408745,156650.06325541242,0.4749074274225551,3,3
IMC_PID/P_move_interior_Kc,cross_equivalence,nominal,102812.90381153242,102803.92893073065,0.00873009513850942,5,5
IMC_PID/P_move_interior_Kc,cross_equivalence,delay_minus30,102614.6451090356,102571.89356006132,0.041679594175803025,5,5
IMC_PID/P_move_interior_Kc,cross_equivalence,delay_plus50,103417.27249685064,103431.432490822,0.013690223204265717,5,5
IMC_PID/P_move_interior_Kc,cross_equivalence,acid_plus15,163688.9865438539,163646.9228043139,0.025703959976275392,7,7
IMC_PID/P_move_interior_Kc,cross_equivalence,acid_minus15,156347.528038159,150630.99763093278,3.795055796704294,6,7
IMC_PID/P_move_interior_Kc,cross_equivalence,base_minus15,172928.96979771467,172865.11290204476,0.0369403025271442,6,6
IMC_PID/P_move_interior_Kc,cross_equivalence,base_plus15,142560.58892816323,134560.54697372922,5.945310222316413,6,6
IMC_PID/P_move_interior_Kc,cross_equivalence,Kw_half,105788.7539857674,105763.70520219154,0.023683723568468373,5,5
IMC_PID/P_move_interior_Kc,cross_equivalence,Kw_double,97581.45379095955,97597.79002805566,0.016738326852905328,5,5
IMC_PID/P_move_interior_Kc,cross_equivalence,volume_plus20,105895.18400608076,105888.011270179,0.006773888578814891,5,5
IMC_PID/P_move_interior_Kc,cross_equivalence,volume_minus20,97226.93844151094,97223.86552780772,0.00316065781436059,4,4
IMC_PID/P_move_interior_Kc,cross_equivalence,noise_0.01_seed104729,102846.23903510152,102785.88520378905,0.05871801482548733,5,5
IMC_PID/P_move_interior_Kc,cross_equivalence,noise_0.01_seed130363,102828.67023489838,102813.15101348852,0.015094587858532904,5,5
IMC_PID/P_move_interior_Kc,cross_equivalence,noise_0.01_seed155921,102813.50720294206,102851.44145534416,0.036882567580320824,5,5
IMC_PID/P_move_interior_Kc,cross_equivalence,noise_0.01_seed196613,102828.88601875628,102831.92623429529,0.002956489925198813,5,5
IMC_PID/P_move_interior_Kc,cross_equivalence,noise_0.01_seed262147,102822.24471915346,102873.7429354044,0.05005963113763334,5,5
IMC_PID/P_move_interior_Kc,cross_equivalence,noise_0.05_seed104729,103415.69450545186,102586.95352776282,0.8078424684526464,6,6
IMC_PID/P_move_interior_Kc,cross_equivalence,noise_0.05_seed130363,103166.26512721034,103190.00099648956,0.023002101996327795,6,5
IMC_PID/P_move_interior_Kc,cross_equivalence,noise_0.05_seed155921,102382.6488359386,103359.42505072,0.9450286844204903,6,6
IMC_PID/P_move_interior_Kc,cross_equivalence,noise_0.05_seed196613,102652.04187785366,102951.39350438117,0.29076986365879076,5,5
IMC_PID/P_move_interior_Kc,cross_equivalence,noise_0.05_seed262147,103029.08102883757,104784.7164149943,1.6754689483565843,6,6
IMC_PID/P_move_interior_Kc,cross_equivalence,combined_seed104729,203631.15356122877,202855.27203270065,0.38248033721453023,7,7
IMC_PID/P_move_interior_Kc,cross_equivalence,combined_seed130363,203743.6280174904,202894.6054370723,0.4184549799089776,7,7
IMC_PID/P_move_interior_Kc,cross_equivalence,combined_seed155921,203507.5059859776,203056.27846601303,0.22221796015042816,7,7
IMC_PID/P_move_interior_Kc,cross_equivalence,combined_seed196613,203845.44323214664,202791.2160350548,0.5198584128563111,7,7
IMC_PID/P_move_interior_Kc,cross_equivalence,combined_seed262147,204067.93935765236,202347.77411795768,0.8501033664407354,7,7
IMC_PID/P_move_interior_Kc,regulatory_off_anchor,nominal,121715.34083482952,121673.07855602357,0.034734289053517386,1,1
IMC_PID/P_move_interior_Kc,regulatory_off_anchor,delay_minus30,121049.56800278756,120945.23499159928,0.08626467276326988,2,2
IMC_PID/P_move_interior_Kc,regulatory_off_anchor,delay_plus50,123360.66393281448,123326.33205047078,0.02783824165761839,2,2
IMC_PID/P_move_interior_Kc,regulatory_off_anchor,acid_plus15,180243.0899615143,180850.8791337819,0.3360720031767128,3,3
IMC_PID/P_move_interior_Kc,regulatory_off_anchor,acid_minus15,150342.67862200382,150268.79978877614,0.04916445285483295,3,3
IMC_PID/P_move_interior_Kc,regulatory_off_anchor,base_minus15,182061.33904459368,182297.25407366065,0.12941227791156695,4,4
IMC_PID/P_move_interior_Kc,regulatory_off_anchor,base_plus15,140427.2690354666,140324.96819364245,0.07290280777614289,3,3
IMC_PID/P_move_interior_Kc,regulatory_off_anchor,Kw_half,132401.79120239994,132433.03194029632,0.023589838153414977,2,2
IMC_PID/P_move_interior_Kc,regulatory_off_anchor,Kw_double,112635.66416037358,112637.8014012376,0.001897445473397763,2,2
IMC_PID/P_move_interior_Kc,regulatory_off_anchor,volume_plus20,128858.32996126777,128872.21229532688,0.010772170207884457,3,3
IMC_PID/P_move_interior_Kc,regulatory_off_anchor,volume_minus20,116306.7421729239,116170.51268685434,0.11726683727115716,2,2
IMC_PID/P_move_interior_Kc,regulatory_off_anchor,noise_0.01_seed104729,121741.83871406112,121693.4059956968,0.03979896689392248,1,1
IMC_PID/P_move_interior_Kc,regulatory_off_anchor,noise_0.01_seed130363,121733.98689756443,121680.7186695042,0.04377704918467895,1,1
IMC_PID/P_move_interior_Kc,regulatory_off_anchor,noise_0.01_seed155921,121732.80046375544,121655.80451481072,0.06328999199980423,1,1
IMC_PID/P_move_interior_Kc,regulatory_off_anchor,noise_0.01_seed196613,121730.73486784354,121696.9098942136,0.02779443920091218,1,1
IMC_PID/P_move_interior_Kc,regulatory_off_anchor,noise_0.01_seed262147,121723.9275882925,121689.93191177717,0.02793630991591023,1,1
IMC_PID/P_move_interior_Kc,regulatory_off_anchor,noise_0.05_seed104729,122261.49093894313,121966.07153185604,0.24221441535068333,1,2
IMC_PID/P_move_interior_Kc,regulatory_off_anchor,noise_0.05_seed130363,121665.49058592704,121749.18229230284,0.06874108293792869,2,1
IMC_PID/P_move_interior_Kc,regulatory_off_anchor,noise_0.05_seed155921,121782.1292856572,121266.12527593202,0.4255137273917686,1,1
IMC_PID/P_move_interior_Kc,regulatory_off_anchor,noise_0.05_seed196613,122050.16434763002,121842.9915524954,0.17003259070946797,2,2
IMC_PID/P_move_interior_Kc,regulatory_off_anchor,noise_0.05_seed262147,121955.49453643516,122145.14369702512,0.1552654119924557,1,1
IMC_PID/P_move_interior_Kc,regulatory_off_anchor,combined_seed104729,174209.02414159762,174838.677301871,0.36013379304297155,4,4
IMC_PID/P_move_interior_Kc,regulatory_off_anchor,combined_seed130363,174527.304069484,174406.29434882238,0.06938380355676621,4,4
IMC_PID/P_move_interior_Kc,regulatory_off_anchor,combined_seed155921,174324.31778932209,173801.27435069886,0.30094338524113695,4,4
IMC_PID/P_move_interior_Kc,regulatory_off_anchor,combined_seed196613,174552.23386054157,174595.6176532657,0.02484815673340357,4,4
IMC_PID/P_move_interior_Kc,regulatory_off_anchor,combined_seed262147,174340.6483573399,173946.30594413655,0.2267035284612584,4,4
fixed/C1,reverse_off_anchor,nominal,28981.750751901312,28789.602525566297,0.6674222965196597,2,2
fixed/C1,reverse_off_anchor,delay_minus30,17618.794913358703,16803.246181252678,4.853518917171673,2,1
fixed/C1,reverse_off_anchor,delay_plus50,40420.879253304745,41483.756122911975,2.562151957643466,2,2
fixed/C1,reverse_off_anchor,acid_plus15,54429.60360310645,54372.89320274297,0.10429903031281551,3,3
fixed/C1,reverse_off_anchor,acid_minus15,49259.79083015448,49622.375415018774,0.7306876823848119,3,3
fixed/C1,reverse_off_anchor,base_minus15,53046.48643996792,53429.90237333113,0.7176055286123639,3,3
fixed/C1,reverse_off_anchor,base_plus15,50545.83770482452,50369.262171782815,0.3505620797848774,3,3
fixed/C1,reverse_off_anchor,Kw_half,36998.45848019992,36662.25819195109,0.9170201314076198,2,2
fixed/C1,reverse_off_anchor,Kw_double,13644.053829977314,14024.79250638565,2.7147544338711582,1,1
fixed/C1,reverse_off_anchor,volume_plus20,24024.200907131693,24722.23688025856,2.8235146217058804,2,2
fixed/C1,reverse_off_anchor,volume_minus20,34001.84965589262,34139.14036284607,0.4021504510490326,2,2
fixed/C1,reverse_off_anchor,noise_0.01_seed104729,28997.375698388976,28803.434270694,0.6733274437774384,2,2
fixed/C1,reverse_off_anchor,noise_0.01_seed130363,28995.591175970774,28799.895952674106,0.6794997579791628,2,2
fixed/C1,reverse_off_anchor,noise_0.01_seed155921,28990.240119189883,28797.50976986342,0.6692604703207872,2,2
fixed/C1,reverse_off_anchor,noise_0.01_seed196613,29002.052312270243,28816.789962362986,0.6428972489622486,2,2
fixed/C1,reverse_off_anchor,noise_0.01_seed262147,28990.74606537521,28796.47264198316,0.6746431266335451,2,2
fixed/C1,reverse_off_anchor,noise_0.05_seed104729,29065.387449186448,28860.961163151875,0.7083141995131159,2,2
fixed/C1,reverse_off_anchor,noise_0.05_seed130363,29048.231240519748,28847.434567906,0.6960642276216289,2,2
fixed/C1,reverse_off_anchor,noise_0.05_seed155921,29040.89133174211,28836.094535623633,0.7102098929016698,2,2
fixed/C1,reverse_off_anchor,noise_0.05_seed196613,29082.532178016212,28926.378868644875,0.539830132490593,2,2
fixed/C1,reverse_off_anchor,noise_0.05_seed262147,29026.05835817995,28832.32860950833,0.6719184957115543,2,2
fixed/C1,reverse_off_anchor,combined_seed104729,71587.91907118562,71416.51413966838,0.2400074178670053,3,3
fixed/C1,reverse_off_anchor,combined_seed130363,71616.4766321916,71411.00004543498,0.2877380048254219,3,3
fixed/C1,reverse_off_anchor,combined_seed155921,71609.63821382269,71419.50600324593,0.2662188822310174,3,3
fixed/C1,reverse_off_anchor,combined_seed196613,71658.5252882796,71435.50958484526,0.312191660324701,3,3
fixed/C1,reverse_off_anchor,combined_seed262147,71659.5380829622,71439.77625059453,0.3076183099969265,3,3
fixed/C1,cross_equivalence,nominal,52065.83350259905,52419.817679694315,0.6752869291882013,4,4
fixed/C1,cross_equivalence,delay_minus30,43499.06908716166,42867.16178238571,1.4741057688489212,4,4
fixed/C1,cross_equivalence,delay_plus50,62891.899583605446,62863.89920292656,0.044541272548981325,4,4
fixed/C1,cross_equivalence,acid_plus15,78767.9594819686,79064.11812622799,0.374580342231301,4,4
fixed/C1,cross_equivalence,acid_minus15,78658.61977499833,78822.42090680766,0.2078103284888888,5,5
fixed/C1,cross_equivalence,base_minus15,79225.57043710157,79814.08852255241,0.7373611555866355,5,5
fixed/C1,cross_equivalence,base_plus15,78347.66948173236,78485.53634901704,0.17565894774752566,5,5
fixed/C1,cross_equivalence,Kw_half,58284.48839092329,58556.67709702328,0.46482949442128163,4,4
fixed/C1,cross_equivalence,Kw_double,43513.599992182935,43851.12704122598,0.7697112293732378,4,4
fixed/C1,cross_equivalence,volume_plus20,50660.88114508815,50702.36379220181,0.08181600227491481,4,4
fixed/C1,cross_equivalence,volume_minus20,53795.41204237168,54255.423729974136,0.8478630447932844,4,4
fixed/C1,cross_equivalence,noise_0.01_seed104729,52089.5188088282,52434.49354489887,0.6579156443558887,4,4
fixed/C1,cross_equivalence,noise_0.01_seed130363,52081.90034057478,52428.94412663372,0.6619316712171752,4,4
fixed/C1,cross_equivalence,noise_0.01_seed155921,52075.99941922119,52429.626044479985,0.6744786334329178,4,4
fixed/C1,cross_equivalence,noise_0.01_seed196613,52075.78057728212,52438.80062925159,0.6922737507595977,4,4
fixed/C1,cross_equivalence,noise_0.01_seed262147,52080.907122305274,52419.23973709693,0.6454359439177715,4,4
fixed/C1,cross_equivalence,noise_0.05_seed104729,52188.94710881508,52495.72494163326,0.584386315570018,4,4
fixed/C1,cross_equivalence,noise_0.05_seed130363,52163.08779938969,52475.12054766947,0.5946298836918773,4,4
fixed/C1,cross_equivalence,noise_0.05_seed155921,52123.685536958714,52481.030202809554,0.6809025365353993,4,4
fixed/C1,cross_equivalence,noise_0.05_seed196613,52125.37112142429,52523.04761445944,0.7571466453246689,4,4
fixed/C1,cross_equivalence,noise_0.05_seed262147,52143.19074293806,52422.71543731266,0.533212925051274,4,4
fixed/C1,cross_equivalence,combined_seed104729,104388.1495524184,104662.0935414364,0.2617413618900666,6,6
fixed/C1,cross_equivalence,combined_seed130363,104391.89686166712,104690.9724049276,0.2856746254144116,6,6
fixed/C1,cross_equivalence,combined_seed155921,104350.20724104648,104635.59634444628,0.2727457130939914,6,6
fixed/C1,cross_equivalence,combined_seed196613,104266.11585268503,104747.4556197301,0.45952406595201056,6,6
fixed/C1,cross_equivalence,combined_seed262147,104313.43510573468,104691.75243303896,0.3613630668244383,5,6
fixed/C1,regulatory_off_anchor,nominal,74892.00635118758,75286.99606692046,0.524645338992924,3,3
fixed/C1,regulatory_off_anchor,delay_minus30,62324.869958250674,61407.50510455361,1.493896962814456,3,3
fixed/C1,regulatory_off_anchor,delay_plus50,88740.45711961517,88880.15260482338,0.1571728683110174,3,3
fixed/C1,regulatory_off_anchor,acid_plus15,98314.39327484622,98471.8212109984,0.15987105165329307,4,4
fixed/C1,regulatory_off_anchor,acid_minus15,90766.9186878417,91120.57900861006,0.38812343448229036,4,4
fixed/C1,regulatory_off_anchor,base_minus15,96911.03366151544,97425.2335364528,0.527789214633978,4,4
fixed/C1,regulatory_off_anchor,base_plus15,95734.47970173822,96372.50934760844,0.6620452763857143,4,4
fixed/C1,regulatory_off_anchor,Kw_half,92724.15019142212,93090.6887363065,0.39374350953903514,4,4
fixed/C1,regulatory_off_anchor,Kw_double,49268.56991554796,49915.9335908401,1.2969078783511612,0,0
fixed/C1,regulatory_off_anchor,volume_plus20,72477.74651853526,72805.84007479361,0.45064181104330636,3,3
fixed/C1,regulatory_off_anchor,volume_minus20,78162.25836281884,78330.94413196335,0.2153501033516414,3,3
fixed/C1,regulatory_off_anchor,noise_0.01_seed104729,78589.34757020607,78938.13635531397,0.44185079761440704,4,4
fixed/C1,regulatory_off_anchor,noise_0.01_seed130363,78472.8213315028,78860.28135369875,0.4913246764339352,4,4
fixed/C1,regulatory_off_anchor,noise_0.01_seed155921,78528.43393023257,78861.87179306887,0.42281251415289267,4,4
fixed/C1,regulatory_off_anchor,noise_0.01_seed196613,78710.94785592554,79177.07772186355,0.5887181989406742,4,3
fixed/C1,regulatory_off_anchor,noise_0.01_seed262147,78588.33423324076,78697.20449905269,0.13834070283047506,4,4
fixed/C1,regulatory_off_anchor,noise_0.05_seed104729,78810.20805905222,79324.73031535157,0.6486278040327198,4,4
fixed/C1,regulatory_off_anchor,noise_0.05_seed130363,78718.1676768734,79134.14707020842,0.5256635835930057,4,4
fixed/C1,regulatory_off_anchor,noise_0.05_seed155921,78731.97553542521,79205.84943280987,0.5982814410527171,4,4
fixed/C1,regulatory_off_anchor,noise_0.05_seed196613,78995.64410590647,79568.19417787,0.7195715296537064,4,4
fixed/C1,regulatory_off_anchor,noise_0.05_seed262147,78836.05924301865,79077.21460283863,0.3049618793873443,4,4
fixed/C1,regulatory_off_anchor,combined_seed104729,119467.30319396216,119739.23931371594,0.22710693780282343,4,4
fixed/C1,regulatory_off_anchor,combined_seed130363,119467.9118706562,119775.63239162364,0.25691412754249576,4,4
fixed/C1,regulatory_off_anchor,combined_seed155921,119395.2348457082,119719.80201760551,0.2711056704300163,4,4
fixed/C1,regulatory_off_anchor,combined_seed196613,119629.1252953263,119670.92204026996,0.03492640002354941,4,4
fixed/C1,regulatory_off_anchor,combined_seed262147,119565.52922455636,119702.56810551151,0.11448282449074698,4,4
