set,design,scenario,condition,dt,dt_actual,requested_delay,implemented_delay,status,IAE,ISE,max_abs_error,actuator_TV,saturation_fraction,segments,unsettled_segments,worst_settling_s,worst_final_error,pH_min,pH_max,delay_factor,Ca_factor,Cb_factor,Kw_factor,V_factor,noise_sd,seed
unseen,reference_PI/A_original3,reverse_off_anchor,nominal,2.5,2.5,109.59723737472511,107.5,ok,60615.85878914626,108505.26102514632,3.5185038063424763,19.77252757950984,0.0,4,2,inf,2.316984829840469,4.80186155582483,9.168729397867653,,,,,,,
unseen,reference_PI/A_original3,reverse_off_anchor,delay_minus30,2.5,2.5,76.71806616230758,75.0,ok,61870.26733952937,107034.90125375491,3.701676088844062,22.48102912975372,0.0,4,2,inf,2.2907993019569677,4.411498986050537,9.147457712939104,0.7,,,,,,
unseen,reference_PI/A_original3,reverse_off_anchor,delay_plus50,2.5,2.5,164.39585606208766,162.5,ok,65198.05850097205,119064.3995911102,3.562686898224058,14.952865724373755,0.0,4,2,inf,1.8300524975562258,4.413855511447602,9.129801714026488,1.5,,,,,,
unseen,reference_PI/A_original3,reverse_off_anchor,acid_plus15,2.5,2.5,109.59723737472511,107.5,ok,83467.57792519567,218292.10976592352,5.1486913924288675,20.727419382218514,0.0,4,3,inf,1.942750500260086,3.551308607571132,9.168688520974145,,1.15,,,,,
unseen,reference_PI/A_original3,reverse_off_anchor,acid_minus15,2.5,2.5,109.59723737472511,107.5,ok,66521.1152291936,121987.27656862124,4.158419534634147,21.11761766645841,0.0,4,2,inf,2.1402207377962297,4.541580465365852,10.458590420360034,,0.85,,,,,
unseen,reference_PI/A_original3,reverse_off_anchor,base_minus15,2.5,2.5,109.59723737472511,107.5,ok,87400.35438463537,232316.35672255995,5.2089486011145585,18.8396029772829,0.0,4,3,inf,1.3806347222162252,3.491051398885441,9.084695468509873,,,0.85,,,,
unseen,reference_PI/A_original3,reverse_off_anchor,base_plus15,2.5,2.5,109.59723737472511,107.5,ok,68969.07000549445,130998.62841049526,4.181859433306268,22.857437479555244,0.0,4,2,inf,1.8494650543541464,4.518140566693731,10.426700494170507,,,1.15,,,,
unseen,reference_PI/A_original3,reverse_off_anchor,Kw_half,2.5,2.5,109.59723737472511,107.5,ok,73230.8254043113,146394.6639866258,4.10268775297587,25.873783591173805,0.0,4,2,inf,2.1526246770091646,4.276473770956497,9.548011253481135,,,,0.5,,,
unseen,reference_PI/A_original3,reverse_off_anchor,Kw_double,2.5,2.5,109.59723737472511,107.5,ok,49920.83627597318,74432.8901085362,2.6993571358809962,14.116621423960718,0.0,4,2,inf,1.8997844946814935,4.951132743843334,8.802982171451145,,,,2.0,,,
unseen,reference_PI/A_original3,reverse_off_anchor,volume_plus20,2.5,2.5,109.59723737472511,107.5,ok,60227.202546980174,97927.2967720142,3.6155863012067666,17.62118255213145,0.0,4,2,inf,2.040012902184701,4.236548502998177,9.070602111275777,,,,,1.2,,
unseen,reference_PI/A_original3,reverse_off_anchor,volume_minus20,2.5,2.5,109.59723737472511,107.5,ok,68491.11147842332,126728.87939538911,3.7674853505968624,22.50121861317642,0.0,4,2,inf,2.362370714305438,4.185924659495765,9.286473516609249,,,,,0.8,,
unseen,reference_PI/A_original3,reverse_off_anchor,noise_0.01_seed104729,2.5,2.5,109.59723737472511,107.5,ok,60638.985727594714,108538.41019617204,3.518381407675502,23.7715935690959,0.0,4,2,inf,2.3175091706898296,4.802361040262184,9.169813380879011,,,,,,0.01,104729.0
unseen,reference_PI/A_original3,reverse_off_anchor,noise_0.01_seed130363,2.5,2.5,109.59723737472511,107.5,ok,60644.94766686534,108535.67810924619,3.52192913587273,23.703334017968928,0.0,4,2,inf,2.3188509110024604,4.800173352175828,9.169742627457959,,,,,,0.01,130363.0
unseen,reference_PI/A_original3,reverse_off_anchor,noise_0.01_seed155921,2.5,2.5,109.59723737472511,107.5,ok,60651.18101249501,108554.3033267917,3.5215921441761804,23.756225165312802,0.0,4,2,inf,2.320878469074546,4.800097782549161,9.167602283847721,,,,,,0.01,155921.0
unseen,reference_PI/A_original3,reverse_off_anchor,noise_0.01_seed196613,2.5,2.5,109.59723737472511,107.5,ok,60645.36185645695,108524.89046405154,3.521171087159205,23.707754809848417,0.0,4,2,inf,2.3165743800523844,4.800737969650783,9.168706521079276,,,,,,0.01,196613.0
unseen,reference_PI/A_original3,reverse_off_anchor,noise_0.01_seed262147,2.5,2.5,109.59723737472511,107.5,ok,60616.70637610475,108486.14699586554,3.5172332257867662,23.710015811310555,0.0,4,2,inf,2.3148276517419175,4.803243687979013,9.16848381119281,,,,,,0.01,262147.0
unseen,reference_PI/A_original3,reverse_off_anchor,noise_0.05_seed104729,2.5,2.5,109.59723737472511,107.5,ok,60735.004930112846,108631.99675522135,3.518232056946138,55.91840045173992,0.0,4,2,inf,2.318372856210818,4.804012950479234,9.173497683513869,,,,,,0.05,104729.0
unseen,reference_PI/A_original3,reverse_off_anchor,noise_0.05_seed130363,2.5,2.5,109.59723737472511,107.5,ok,60779.50149767236,108659.9100102013,3.535329583658104,55.756763930960936,0.0,4,2,inf,2.3226729735736455,4.793915139494187,9.173028112656908,,,,,,0.05,130363.0
unseen,reference_PI/A_original3,reverse_off_anchor,noise_0.05_seed155921,2.5,2.5,109.59723737472511,107.5,ok,60806.400277328576,108734.86276948133,3.535146012987857,56.094807079988556,0.0,4,2,inf,2.3374161756808265,4.791839145304992,9.163414631509962,,,,,,0.05,155921.0
unseen,reference_PI/A_original3,reverse_off_anchor,noise_0.05_seed196613,2.5,2.5,109.59723737472511,107.5,ok,60760.39098982242,108582.68430892495,3.531405099847875,55.61428591918815,0.0,4,2,inf,2.3134914282502193,4.7967852170848815,9.168687800379457,,,,,,0.05,196613.0
unseen,reference_PI/A_original3,reverse_off_anchor,noise_0.05_seed262147,2.5,2.5,109.59723737472511,107.5,ok,60642.818942359554,108429.27871909364,3.5168279766582575,55.78057555592132,0.0,4,2,inf,2.2968542220842343,4.805090501974845,9.167542837948798,,,,,,0.05,262147.0
unseen,reference_PI/A_original3,reverse_off_anchor,combined_seed104729,2.5,2.5,164.39585606208766,162.5,ok,97602.50277631407,336032.37792678556,5.654591763068469,37.60203759090086,0.0,4,3,inf,5.468561322414665,3.045408236931531,8.7,1.5,1.15,0.85,2.0,1.2,0.05,104729.0
unseen,reference_PI/A_original3,reverse_off_anchor,combined_seed130363,2.5,2.5,164.39585606208766,162.5,ok,97953.34842528755,336142.5366980798,5.653496477460838,37.41593073043323,0.0,4,3,inf,5.466786834518825,3.046503522539162,8.7,1.5,1.15,0.85,2.0,1.2,0.05,130363.0
unseen,reference_PI/A_original3,reverse_off_anchor,combined_seed155921,2.5,2.5,164.39585606208766,162.5,ok,97800.8183385733,335949.4299605241,5.653524309235703,37.363193755250435,0.0,4,3,inf,5.466865165319069,3.046475690764296,8.7,1.5,1.15,0.85,2.0,1.2,0.05,155921.0
unseen,reference_PI/A_original3,reverse_off_anchor,combined_seed196613,2.5,2.5,164.39585606208766,162.5,ok,96923.85649351415,336482.98029030405,5.659082929909761,37.06450067359994,0.0,4,3,inf,5.475572048443479,3.040917070090238,8.7,1.5,1.15,0.85,2.0,1.2,0.05,196613.0
unseen,reference_PI/A_original3,reverse_off_anchor,combined_seed262147,2.5,2.5,164.39585606208766,162.5,ok,98207.80162818116,336159.32463984407,5.652237417997706,37.72112147076591,0.0,4,3,inf,5.465077103468754,3.047762582002293,8.7,1.5,1.15,0.85,2.0,1.2,0.05,262147.0
unseen,reference_PI/A_original3,cross_equivalence,nominal,2.5,2.5,109.59723737472511,107.5,ok,66471.03619730967,128469.14066529773,3.5734756940503303,18.744693316445357,0.0,7,4,inf,2.187002733946599,4.2702956457586225,9.889930131384476,,,,,,,
unseen,reference_PI/A_original3,cross_equivalence,delay_minus30,2.5,2.5,76.71806616230758,75.0,ok,64429.05604274488,124492.50045530156,3.424069005931141,20.940898173893125,0.0,7,4,inf,2.1784860817303615,4.151761296584328,9.675414164198482,0.7,,,,,,
unseen,reference_PI/A_original3,cross_equivalence,delay_plus50,2.5,2.5,164.39585606208766,162.5,ok,92845.3558599638,197077.16502036696,3.5867037540722544,20.37111772933782,0.0,7,6,inf,2.448161574271536,4.00221498514289,9.881882046703542,1.5,,,,,,
unseen,reference_PI/A_original3,cross_equivalence,acid_plus15,2.5,2.5,109.59723737472511,107.5,ok,108849.26001276217,249497.64139173206,4.993516909278928,23.718960412925732,0.0,7,7,inf,2.135992813793952,3.2401036248061272,9.980490361386583,,1.15,,,,,
unseen,reference_PI/A_original3,cross_equivalence,acid_minus15,2.5,2.5,109.59723737472511,107.5,ok,101875.77763420726,217451.46428804277,5.0366274630652,27.086849331045354,0.0,7,7,inf,2.142586308475459,3.48654096281421,10.2866274630652,,0.85,,,,,
unseen,reference_PI/A_original3,cross_equivalence,base_minus15,2.5,2.5,109.59723737472511,107.5,ok,98805.44959859377,244254.55671851858,5.042080782357051,17.492753320879157,0.0,7,5,inf,2.0899044905013273,3.2276534530578442,9.888178519860922,,,0.85,,,,
unseen,reference_PI/A_original3,cross_equivalence,base_plus15,2.5,2.5,109.59723737472511,107.5,ok,104512.05719460393,222603.40613411152,5.008911723403095,28.47636016118374,0.0,7,7,inf,2.2190811240096684,3.508497323479348,10.258911723403095,,,1.15,,,,
unseen,reference_PI/A_original3,cross_equivalence,Kw_half,2.5,2.5,109.59723737472511,107.5,ok,97906.50159248221,206997.85057418715,3.8253534537985363,33.03210286729511,0.0,7,6,inf,2.5147216824275995,4.176214574964053,9.954168472839699,,,,0.5,,,
unseen,reference_PI/A_original3,cross_equivalence,Kw_double,2.5,2.5,109.59723737472511,107.5,ok,56645.023030113625,98933.30407417801,3.552553805664382,13.501821360068607,0.0,7,4,inf,1.601677106424467,4.298928786204726,9.629841353538183,,,,2.0,,,
unseen,reference_PI/A_original3,cross_equivalence,volume_plus20,2.5,2.5,109.59723737472511,107.5,ok,62268.35249828598,114443.74399722571,3.4971453271543336,16.624469035891714,0.0,7,4,inf,1.6811859813186496,4.313606532940309,9.859649383213663,,,,,1.2,,
unseen,reference_PI/A_original3,cross_equivalence,volume_minus20,2.5,2.5,109.59723737472511,107.5,ok,87627.51242080564,172088.9666658202,3.531632421632083,28.37548310039626,0.0,7,6,inf,1.9462725915271202,4.205668843603252,9.994273628798588,,,,,0.8,,
unseen,reference_PI/A_original3,cross_equivalence,noise_0.01_seed104729,2.5,2.5,109.59723737472511,107.5,ok,66537.72756204267,128769.92803581042,3.573349601154555,24.301545783270257,0.0,7,4,inf,1.7849787740420897,4.252573836237564,9.887978280813112,,,,,,0.01,104729.0
unseen,reference_PI/A_original3,cross_equivalence,noise_0.01_seed130363,2.5,2.5,109.59723737472511,107.5,ok,66486.8367321012,128530.49233866781,3.5735828799710276,24.41601200357544,0.0,7,4,inf,2.139898629609358,4.266534391598193,9.888471001827888,,,,,,0.01,130363.0
unseen,reference_PI/A_original3,cross_equivalence,noise_0.01_seed155921,2.5,2.5,109.59723737472511,107.5,ok,66462.41714355169,128259.21184447738,3.574324283228962,24.341249618880376,0.0,7,4,inf,2.139941974358428,4.283961601545584,9.890722651185671,,,,,,0.01,155921.0
unseen,reference_PI/A_original3,cross_equivalence,noise_0.01_seed196613,2.5,2.5,109.59723737472511,107.5,ok,66539.08262788864,128607.07520598824,3.574068760778353,24.35981230763589,0.0,7,4,inf,2.051725709983911,4.261748656431613,9.889766620524448,,,,,,0.01,196613.0
unseen,reference_PI/A_original3,cross_equivalence,noise_0.01_seed262147,2.5,2.5,109.59723737472511,107.5,ok,66488.21026181334,128512.2920394913,3.5734861544363197,24.427715901472034,0.0,7,4,inf,2.1534552682977512,4.26738933188727,9.889698571568182,,,,,,0.01,262147.0
unseen,reference_PI/A_original3,cross_equivalence,noise_0.05_seed104729,2.5,2.5,109.59723737472511,107.5,ok,67366.62786735779,132356.97196768405,3.5730169608025886,63.344088673446905,0.0,7,4,inf,1.6641633306998864,4.118949145888969,9.875558659034489,,,,,,0.05,104729.0
unseen,reference_PI/A_original3,cross_equivalence,noise_0.05_seed130363,2.5,2.5,109.59723737472511,107.5,ok,66600.07656628148,128732.1843997608,3.574178946199921,64.25375843978588,0.0,7,4,inf,1.9352190566382328,4.2558259668947365,9.883576395138252,,,,,,0.05,130363.0
unseen,reference_PI/A_original3,cross_equivalence,noise_0.05_seed155921,2.5,2.5,109.59723737472511,107.5,ok,66446.92452271878,127456.82883578389,3.5777467901285256,63.474118055898764,0.0,7,4,inf,1.7735365931015457,4.321292483795035,9.892815389196452,,,,,,0.05,155921.0
unseen,reference_PI/A_original3,cross_equivalence,noise_0.05_seed196613,2.5,2.5,109.59723737472511,107.5,ok,66920.52115447476,129247.7546523413,3.5764111016218925,63.634231734420396,0.0,7,4,inf,1.5996504644832301,4.23451298014537,9.889716028598123,,,,,,0.05,196613.0
unseen,reference_PI/A_original3,cross_equivalence,noise_0.05_seed262147,2.5,2.5,109.59723737472511,107.5,ok,66792.15345727457,129519.82102756912,3.5734796551052845,63.843050803278075,0.0,7,4,inf,1.587414517125823,4.224962146320481,9.88314499238471,,,,,,0.05,262147.0
unseen,reference_PI/A_original3,cross_equivalence,combined_seed104729,2.5,2.5,164.39585606208766,162.5,ok,132917.42116326725,436749.8120673245,5.4481789097917765,49.74874433034336,0.0,7,6,inf,4.365582994027405,2.902642939707993,9.667868204464096,1.5,1.15,0.85,2.0,1.2,0.05,104729.0
unseen,reference_PI/A_original3,cross_equivalence,combined_seed130363,2.5,2.5,164.39585606208766,162.5,ok,132926.50882515853,436821.68471239595,5.44809086049197,49.718460656899765,0.0,7,6,inf,4.364762026932078,2.902702431390932,9.667562693181452,1.5,1.15,0.85,2.0,1.2,0.05,130363.0
unseen,reference_PI/A_original3,cross_equivalence,combined_seed155921,2.5,2.5,164.39585606208766,162.5,ok,132896.73433468924,436657.06360756763,5.448026609539944,49.74263499307342,0.0,7,6,inf,4.365203022684058,2.9027367130446984,9.668303417131709,1.5,1.15,0.85,2.0,1.2,0.05,155921.0
unseen,reference_PI/A_original3,cross_equivalence,combined_seed196613,2.5,2.5,164.39585606208766,162.5,ok,132863.2460951408,436482.19283030625,5.448080281679455,49.764474412359064,0.0,7,6,inf,4.365214648336927,2.9026624039444555,9.667696408140648,1.5,1.15,0.85,2.0,1.2,0.05,196613.0
unseen,reference_PI/A_original3,cross_equivalence,combined_seed262147,2.5,2.5,164.39585606208766,162.5,ok,132926.31599967374,436892.70882019866,5.44820098408411,49.78769448731643,0.0,7,6,inf,4.365285927561823,2.9026715194441315,9.669418109634972,1.5,1.15,0.85,2.0,1.2,0.05,262147.0
unseen,reference_PI/A_original3,regulatory_off_anchor,nominal,2.5,2.5,109.59723737472511,107.5,ok,102072.72103392764,218898.95402476157,3.520570209715569,26.716800912046,0.0,4,3,inf,2.357493232389815,3.8294297902844305,10.365627467699133,,,,,,,
unseen,reference_PI/A_original3,regulatory_off_anchor,delay_minus30,2.5,2.5,76.71806616230758,75.0,ok,96835.0884536712,198334.54625472528,3.5121521652047014,28.874478678501887,0.0,4,3,inf,1.7229459188815923,3.8378478347952982,10.129205247441448,0.7,,,,,,
unseen,reference_PI/A_original3,regulatory_off_anchor,delay_plus50,2.5,2.5,164.39585606208766,162.5,ok,110374.23141628927,253899.8895559145,3.534284209571231,21.61492365879849,0.0,4,3,inf,2.5854889526637272,3.8157157904287686,10.245265941627638,1.5,,,,,,
unseen,reference_PI/A_original3,regulatory_off_anchor,acid_plus15,2.5,2.5,109.59723737472511,107.5,ok,129221.22601935639,329844.79023365467,3.99848893505556,26.399214995034377,0.0,4,4,inf,3.4656720044126534,3.3515110649444395,10.255349022524713,,1.15,,,,,
unseen,reference_PI/A_original3,regulatory_off_anchor,acid_minus15,2.5,2.5,109.59723737472511,107.5,ok,115764.3137820709,252126.69330302332,3.306895895838749,29.557150214722633,0.0,4,4,inf,1.9644277948816935,4.043104104161251,10.335826927825218,,0.85,,,,,
unseen,reference_PI/A_original3,regulatory_off_anchor,base_minus15,2.5,2.5,109.59723737472511,107.5,ok,130886.23188997057,346749.10443203634,4.024602655706708,22.91072509402175,0.0,4,4,inf,3.6681864970236893,3.325397344293291,10.20609316810886,,,0.85,,,,
unseen,reference_PI/A_original3,regulatory_off_anchor,base_plus15,2.5,2.5,109.59723737472511,107.5,ok,117785.08655343154,256560.32428317907,3.3205982635589004,32.08396552946975,0.0,4,4,inf,2.460096659923698,4.029401736441099,10.300788117272377,,,1.15,,,,
unseen,reference_PI/A_original3,regulatory_off_anchor,Kw_half,2.5,2.5,109.59723737472511,107.5,ok,124610.63728466093,279581.1201882682,3.457409343413707,38.47962732702197,0.0,4,4,inf,2.1343119197600995,3.8925906565862927,10.562912955601826,,,,0.5,,,
unseen,reference_PI/A_original3,regulatory_off_anchor,Kw_double,2.5,2.5,109.59723737472511,107.5,ok,93160.76207786115,179354.22601917747,3.449527749135278,21.615392496813296,0.0,4,4,inf,1.396558053150363,3.9004722508647216,9.947204374117558,,,,2.0,,,
unseen,reference_PI/A_original3,regulatory_off_anchor,volume_plus20,2.5,2.5,109.59723737472511,107.5,ok,101158.96061491291,220807.09831092338,3.493787140545719,23.28697198839505,0.0,4,3,inf,1.644292238886747,3.856212859454281,10.245861393600402,,,,,1.2,,
unseen,reference_PI/A_original3,regulatory_off_anchor,volume_minus20,2.5,2.5,109.59723737472511,107.5,ok,105754.23951761666,229322.5650248062,3.5507231083577,30.169382797328122,0.0,4,3,inf,1.7656735908336554,3.7992768916422994,10.194074603960503,,,,,0.8,,
unseen,reference_PI/A_original3,regulatory_off_anchor,noise_0.01_seed104729,2.5,2.5,109.59723737472511,107.5,ok,112913.04516783233,243837.4925819417,3.471638430275427,31.796559143397513,0.0,4,4,inf,2.2384966951225476,3.878361569724573,10.304406476732128,,,,,,0.01,104729.0
unseen,reference_PI/A_original3,regulatory_off_anchor,noise_0.01_seed130363,2.5,2.5,109.59723737472511,107.5,ok,112816.26063784471,243488.79141813953,3.4687023110023074,31.725703174554205,0.0,4,4,inf,2.2675690140182896,3.8812976889976922,10.303286258906628,,,,,,0.01,130363.0
unseen,reference_PI/A_original3,regulatory_off_anchor,noise_0.01_seed155921,2.5,2.5,109.59723737472511,107.5,ok,112847.13426348375,243755.78874045785,3.469074554144633,31.73159082537858,0.0,4,4,inf,2.1497686562427534,3.880925445855367,10.306342606298308,,,,,,0.01,155921.0
unseen,reference_PI/A_original3,regulatory_off_anchor,noise_0.01_seed196613,2.5,2.5,109.59723737472511,107.5,ok,112252.37819484557,239909.646515323,3.4930255529829948,31.98157727802865,0.0,4,4,inf,1.8469756919816822,3.856974447017005,10.32816468765548,,,,,,0.01,196613.0
unseen,reference_PI/A_original3,regulatory_off_anchor,noise_0.01_seed262147,2.5,2.5,109.59723737472511,107.5,ok,109787.68069462189,228597.5822502308,3.3584180631749363,32.44555884344858,0.0,4,4,inf,2.360740702352623,3.9915819368250633,10.28051930439628,,,,,,0.01,262147.0
unseen,reference_PI/A_original3,regulatory_off_anchor,noise_0.05_seed104729,2.5,2.5,109.59723737472511,107.5,ok,109411.10698776608,225640.7597154198,3.4563978473724366,70.79573990495476,0.0,4,4,inf,1.7765648392741262,3.893602152627563,10.236420963905301,,,,,,0.05,104729.0
unseen,reference_PI/A_original3,regulatory_off_anchor,noise_0.05_seed130363,2.5,2.5,109.59723737472511,107.5,ok,112294.73976801554,240081.02647676796,3.492752882343093,70.55781873624707,0.0,4,4,inf,1.8241498906530387,3.8572471176569065,10.325648179733017,,,,,,0.05,130363.0
unseen,reference_PI/A_original3,regulatory_off_anchor,noise_0.05_seed155921,2.5,2.5,109.59723737472511,107.5,ok,111748.66002786184,237511.1452852257,3.4946094769343765,70.53628015749291,0.0,4,4,inf,1.875592328285605,3.855390523065623,10.33681219584218,,,,,,0.05,155921.0
unseen,reference_PI/A_original3,regulatory_off_anchor,noise_0.05_seed196613,2.5,2.5,109.59723737472511,107.5,ok,108073.12650547699,218104.8307594143,3.305279973674554,70.72512461500075,0.0,4,4,inf,2.051620370819638,4.044720026325446,10.263256221389094,,,,,,0.05,196613.0
unseen,reference_PI/A_original3,regulatory_off_anchor,noise_0.05_seed262147,2.5,2.5,109.59723737472511,107.5,ok,109647.54988748752,227089.9914286092,3.3720540693742636,70.59242137851035,0.0,4,4,inf,2.299274601574286,3.977945930625736,10.291768142924331,,,,,,0.05,262147.0
unseen,reference_PI/A_original3,regulatory_off_anchor,combined_seed104729,2.5,2.5,164.39585606208766,162.5,ok,153020.6089786889,498798.07008706796,4.388052507323183,51.46371624673337,0.0,4,4,inf,4.292718044902323,2.961947492676817,10.036463601891658,1.5,1.15,0.85,2.0,1.2,0.05,104729.0
unseen,reference_PI/A_original3,regulatory_off_anchor,combined_seed130363,2.5,2.5,164.39585606208766,162.5,ok,152866.51719194723,498034.51691451424,4.3872664569728865,51.773454399949635,0.0,4,4,inf,4.291673130616141,2.9627335430271127,10.0328609373995,1.5,1.15,0.85,2.0,1.2,0.05,130363.0
unseen,reference_PI/A_original3,regulatory_off_anchor,combined_seed155921,2.5,2.5,164.39585606208766,162.5,ok,152917.07788249647,498265.2792795921,4.387264250622684,51.64925703500839,0.0,4,4,inf,4.291695970848998,2.962735749377315,10.033051128070227,1.5,1.15,0.85,2.0,1.2,0.05,155921.0
unseen,reference_PI/A_original3,regulatory_off_anchor,combined_seed196613,2.5,2.5,164.39585606208766,162.5,ok,153391.4635820188,500928.5523589497,4.390370706618529,51.791747962332124,0.0,4,3,inf,4.295583248976937,2.9596292933814707,10.049270303848937,1.5,1.15,0.85,2.0,1.2,0.05,196613.0
unseen,reference_PI/A_original3,regulatory_off_anchor,combined_seed262147,2.5,2.5,164.39585606208766,162.5,ok,152843.38474232992,497873.3131287791,4.386758685361235,51.98592590013465,0.0,4,4,inf,4.291222956504848,2.963241314638765,10.03072401854639,1.5,1.15,0.85,2.0,1.2,0.05,262147.0
unseen,reference_PI/B_analytic3,reverse_off_anchor,nominal,2.5,2.5,109.59723737472511,107.5,ok,4655.501978131904,5489.622475110665,1.9500000000044908,0.16161918074011528,0.0,4,0,3082.5,6.1097793491171615e-12,5.349055077725462,8.7,,,,,,,
unseen,reference_PI/B_analytic3,reverse_off_anchor,delay_minus30,2.5,2.5,76.71806616230758,75.0,ok,4017.5927257132125,4496.592771185818,1.9500000000101352,0.12403370055718455,0.0,4,0,3035.0,1.5943690812036948e-11,5.371162930782665,8.7,0.7,,,,,,
unseen,reference_PI/B_analytic3,reverse_off_anchor,delay_plus50,2.5,2.5,164.39585606208766,162.5,ok,11832.58597498498,11429.325368765396,2.2487205703778494,0.4006740358349017,0.0,4,1,inf,0.09068493945436273,5.284870578457695,8.7,1.5,,,,,,
unseen,reference_PI/B_analytic3,reverse_off_anchor,acid_plus15,2.5,2.5,109.59723737472511,107.5,ok,30844.829724809188,122550.73924869945,5.30377027574815,1.2701963891871166,0.0,4,1,inf,0.8446134587787366,3.396229724251849,9.590630248943569,,1.15,,,,,
unseen,reference_PI/B_analytic3,reverse_off_anchor,acid_minus15,2.5,2.5,109.59723737472511,107.5,ok,30234.793865078675,65664.48649476306,3.2115036219924242,1.2015910544348198,0.0,4,1,inf,1.8617301145551703,4.534672101540764,10.759932720683189,,0.85,,,,,
unseen,reference_PI/B_analytic3,reverse_off_anchor,base_minus15,2.5,2.5,109.59723737472511,107.5,ok,34477.457393057615,140367.32760316084,5.3292901596270825,1.3935194149855326,0.0,4,1,inf,0.8610127060158561,3.3707098403729168,9.567329538475569,,,0.85,,,,
unseen,reference_PI/B_analytic3,reverse_off_anchor,base_plus15,2.5,2.5,109.59723737472511,107.5,ok,27303.715526777167,57448.820110906825,3.1369150657572025,1.0993756468297207,0.0,4,1,inf,1.7872194740287792,4.498300915873388,10.74785616645971,,,1.15,,,,
unseen,reference_PI/B_analytic3,reverse_off_anchor,Kw_half,2.5,2.5,109.59723737472511,107.5,ok,7750.926182116074,6167.035801354325,2.258467352599835,0.38193461932441064,0.0,4,1,inf,0.29085267177799334,5.329143464769695,8.805576695866888,,,,0.5,,,
unseen,reference_PI/B_analytic3,reverse_off_anchor,Kw_double,2.5,2.5,109.59723737472511,107.5,ok,5471.459897729102,6021.204621116012,1.9499999999975755,0.17169399184052025,0.0,4,0,3007.5,0.0013598610598801741,5.341469865027608,8.7157931668325,,,,2.0,,,
unseen,reference_PI/B_analytic3,reverse_off_anchor,volume_plus20,2.5,2.5,109.59723737472511,107.5,ok,5348.020648392152,6250.743363748684,1.9499999999942927,0.17253346129033975,0.0,4,0,3132.5,9.65094670846156e-12,5.341324506189765,8.7,,,,,1.2,,
unseen,reference_PI/B_analytic3,reverse_off_anchor,volume_minus20,2.5,2.5,109.59723737472511,107.5,ok,3938.7949990764682,4672.463539239288,1.9500000000028725,0.15227205594618187,0.0,4,0,2725.0,1.2096990076315706e-11,5.35600921229557,8.7,,,,,0.8,,
unseen,reference_PI/B_analytic3,reverse_off_anchor,noise_0.01_seed104729,2.5,2.5,109.59723737472511,107.5,ok,4707.244940763759,5507.437914327424,1.947801910953908,2.3585941176257643,0.0,4,0,3092.5,0.00277417038198724,5.348834004284633,8.700674950311369,,,,,,0.01,104729.0
unseen,reference_PI/B_analytic3,reverse_off_anchor,noise_0.01_seed130363,2.5,2.5,109.59723737472511,107.5,ok,4709.578580789969,5495.773347053719,1.950954511155178,2.3486310324130786,0.0,4,0,3085.0,0.00019415495824137707,5.347382777551641,8.70110930863736,,,,,,0.01,130363.0
unseen,reference_PI/B_analytic3,reverse_off_anchor,noise_0.01_seed155921,2.5,2.5,109.59723737472511,107.5,ok,4701.0829821153275,5487.985250006588,1.9523670556609867,2.359241019180221,0.0,4,0,3077.5,0.0010723500361056182,5.348726888018326,8.700936256830119,,,,,,0.01,155921.0
unseen,reference_PI/B_analytic3,reverse_off_anchor,noise_0.01_seed196613,2.5,2.5,109.59723737472511,107.5,ok,4706.802300904101,5491.784689272323,1.9545578239590906,2.3519923071732682,0.0,4,0,3075.0,0.0013466661958716486,5.348559626724905,8.701697736288939,,,,,,0.01,196613.0
unseen,reference_PI/B_analytic3,reverse_off_anchor,noise_0.01_seed262147,2.5,2.5,109.59723737472511,107.5,ok,4686.671956369635,5479.610412676998,1.9527017761561352,2.3783319231610323,0.0,4,0,3070.0,0.0011276387995540205,5.349982610198657,8.700553855760592,,,,,,0.01,262147.0
unseen,reference_PI/B_analytic3,reverse_off_anchor,noise_0.05_seed104729,2.5,2.5,109.59723737472511,107.5,ok,4930.877157255188,5575.013580679573,1.9384663344229773,11.395702203515638,0.0,4,0,3105.0,0.014690346105250995,5.346991888769873,8.703366039361686,,,,,,0.05,104729.0
unseen,reference_PI/B_analytic3,reverse_off_anchor,noise_0.05_seed130363,2.5,2.5,109.59723737472511,107.5,ok,4947.793957547157,5524.106546263543,1.9541817384334683,11.333851543649043,0.0,4,0,3085.0,0.0021983173793840294,5.342103592986958,8.70546595132829,,,,,,0.05,130363.0
unseen,reference_PI/B_analytic3,reverse_off_anchor,noise_0.05_seed155921,2.5,2.5,109.59723737472511,107.5,ok,4891.660860389757,5474.816382780602,1.961612563252916,11.380512595185301,0.0,4,0,3045.0,0.0056161879581599905,5.349065639906475,8.704522193485362,,,,,,0.05,155921.0
unseen,reference_PI/B_analytic3,reverse_off_anchor,noise_0.05_seed196613,2.5,2.5,109.59723737472511,107.5,ok,4910.167905521313,5495.498271992983,1.973452192911962,11.360358640270258,0.0,4,0,2645.0,0.007748976680207242,5.34617147087211,8.708469828140993,,,,,,0.05,196613.0
unseen,reference_PI/B_analytic3,reverse_off_anchor,noise_0.05_seed262147,2.5,2.5,109.59723737472511,107.5,ok,4821.9725576949495,5437.752274873155,1.9636531243106639,11.485336184787919,0.0,4,0,3040.0,0.006824876059172702,5.354408445251507,8.702713074812118,,,,,,0.05,262147.0
unseen,reference_PI/B_analytic3,reverse_off_anchor,combined_seed104729,2.5,2.5,164.39585606208766,162.5,ok,59159.265802686685,249903.86691772292,5.693055523841308,22.756595175358022,0.0,4,1,inf,5.356433955774856,3.006944476158691,9.028189275861873,1.5,1.15,0.85,2.0,1.2,0.05,104729.0
unseen,reference_PI/B_analytic3,reverse_off_anchor,combined_seed130363,2.5,2.5,164.39585606208766,162.5,ok,59065.57289344046,249662.48770622918,5.6929599436383445,22.50287258515058,0.0,4,1,inf,5.356111781889165,3.007040056361655,9.022862470576404,1.5,1.15,0.85,2.0,1.2,0.05,130363.0
unseen,reference_PI/B_analytic3,reverse_off_anchor,combined_seed155921,2.5,2.5,164.39585606208766,162.5,ok,58971.35724136832,249541.48642829925,5.692888304849898,22.692730896992913,0.0,4,1,inf,5.356062090524081,3.0071116951501007,9.022254960325721,1.5,1.15,0.85,2.0,1.2,0.05,155921.0
unseen,reference_PI/B_analytic3,reverse_off_anchor,combined_seed196613,2.5,2.5,164.39585606208766,162.5,ok,59087.31492194893,249871.27502458647,5.693400255942951,22.26134656783684,0.0,4,1,inf,5.356912295764708,3.006599744057048,9.027317967005425,1.5,1.15,0.85,2.0,1.2,0.05,196613.0
unseen,reference_PI/B_analytic3,reverse_off_anchor,combined_seed262147,2.5,2.5,164.39585606208766,162.5,ok,59083.956160444905,249775.15177620767,5.692819335965648,22.882296934519427,0.0,4,1,inf,5.356389100215791,3.007180664034351,9.029069662066092,1.5,1.15,0.85,2.0,1.2,0.05,262147.0
unseen,reference_PI/B_analytic3,cross_equivalence,nominal,2.5,2.5,109.59723737472511,107.5,ok,40151.29082004114,100103.30592222395,4.051995740571237,1.6164862761678807,0.0,7,0,7837.5,0.013666256292576229,3.957681367353988,10.17144585693522,,,,,,,
unseen,reference_PI/B_analytic3,cross_equivalence,delay_minus30,2.5,2.5,76.71806616230758,75.0,ok,37470.216040242434,94528.00331384163,4.028743657916422,1.4904650712962653,0.0,7,0,7555.0,0.004215129776230064,3.9684784842374983,10.163059848307409,0.7,,,,,,
unseen,reference_PI/B_analytic3,cross_equivalence,delay_plus50,2.5,2.5,164.39585606208766,162.5,ok,52198.43368880251,118380.09097080611,4.088173211364673,1.9919386409618394,0.0,7,3,inf,1.0451341515520518,3.941984582951615,10.185187467753387,1.5,,,,,,
unseen,reference_PI/B_analytic3,cross_equivalence,acid_plus15,2.5,2.5,109.59723737472511,107.5,ok,61424.64632847949,156784.82852441145,4.762144374492037,2.610163544933002,0.0,7,2,inf,1.6124476126417293,3.2843885713143655,10.233852066221962,,1.15,,,,,
unseen,reference_PI/B_analytic3,cross_equivalence,acid_minus15,2.5,2.5,109.59723737472511,107.5,ok,67000.02246430141,217670.1706656751,5.360808141839385,2.88717366731038,0.0,7,1,inf,1.111653396125174,4.00571928944142,10.610808141839385,,0.85,,,,,
unseen,reference_PI/B_analytic3,cross_equivalence,base_minus15,2.5,2.5,109.59723737472511,107.5,ok,64779.04850283035,169045.25583143567,4.866662654586808,2.7063317410718035,0.0,7,2,inf,1.7168813844999842,3.2674876977417426,10.176734729973393,,,0.85,,,,
unseen,reference_PI/B_analytic3,cross_equivalence,base_plus15,2.5,2.5,109.59723737472511,107.5,ok,63972.68812335808,204068.1174371238,5.333057852290096,2.80445513634438,0.0,7,1,inf,0.9794879494055007,3.971666639843212,10.583057852290096,,,1.15,,,,
unseen,reference_PI/B_analytic3,cross_equivalence,Kw_half,2.5,2.5,109.59723737472511,107.5,ok,43787.175413798606,108416.09605889444,4.0568082753291215,1.846420010073671,0.0,7,2,inf,0.24399798257593464,3.9582093433445658,10.454877987477516,,,,0.5,,,
unseen,reference_PI/B_analytic3,cross_equivalence,Kw_double,2.5,2.5,109.59723737472511,107.5,ok,39054.26853847723,93463.17641313201,4.041892076279044,1.5268277870467202,0.0,7,1,inf,0.07763994786025297,3.958081992815017,9.889141335276923,,,,2.0,,,
unseen,reference_PI/B_analytic3,cross_equivalence,volume_plus20,2.5,2.5,109.59723737472511,107.5,ok,45081.57617362155,109006.90093570607,4.008230141839738,1.7547835722825713,0.0,7,1,inf,0.35207944289115023,3.9930098045401556,10.138230518320608,,,,,1.2,,
unseen,reference_PI/B_analytic3,cross_equivalence,volume_minus20,2.5,2.5,109.59723737472511,107.5,ok,35116.86173072328,91335.63970115053,4.103563333387214,1.4614825375444154,0.0,7,0,6447.5,0.0031714004587168887,3.916919806160643,10.208810153568598,,,,,0.8,,
unseen,reference_PI/B_analytic3,cross_equivalence,noise_0.01_seed104729,2.5,2.5,109.59723737472511,107.5,ok,40200.13187997474,100126.22400803244,4.0520614593328235,3.783955937996276,0.0,7,0,7840.0,0.01240117972433552,3.957677903303651,10.171431568608158,,,,,,0.01,104729.0
unseen,reference_PI/B_analytic3,cross_equivalence,noise_0.01_seed130363,2.5,2.5,109.59723737472511,107.5,ok,40177.05130811765,100109.44056031294,4.0522068330419625,3.778945614836413,0.0,7,0,7837.5,0.01525760139575194,3.9576036648040307,10.171437478691667,,,,,,0.01,130363.0
unseen,reference_PI/B_analytic3,cross_equivalence,noise_0.01_seed155921,2.5,2.5,109.59723737472511,107.5,ok,40163.59092958724,100069.44226663726,4.051879850098475,3.773162965555252,0.0,7,0,7840.0,0.0115969831999303,3.9579108279162085,10.171419277858083,,,,,,0.01,155921.0
unseen,reference_PI/B_analytic3,cross_equivalence,noise_0.01_seed196613,2.5,2.5,109.59723737472511,107.5,ok,40205.48288036647,100114.71290101096,4.052007525195588,3.770226059112307,0.0,7,0,7837.5,0.01414663760471413,3.9576245793192277,10.17144459120617,,,,,,0.01,196613.0
unseen,reference_PI/B_analytic3,cross_equivalence,noise_0.01_seed262147,2.5,2.5,109.59723737472511,107.5,ok,40172.26686848216,100088.10926645924,4.051972346338318,3.8080184399076025,0.0,7,0,7840.0,0.013903166841776837,3.9576656141463835,10.171443572634264,,,,,,0.01,262147.0
unseen,reference_PI/B_analytic3,cross_equivalence,noise_0.05_seed104729,2.5,2.5,109.59723737472511,107.5,ok,40400.97294450904,100196.90450297554,4.052471978030242,15.528394045410472,0.0,7,0,7845.0,0.010560910363911269,3.957746206512455,10.17138071952712,,,,,,0.05,104729.0
unseen,reference_PI/B_analytic3,cross_equivalence,noise_0.05_seed130363,2.5,2.5,109.59723737472511,107.5,ok,40302.183781837346,100122.56024620387,4.053020885106814,15.540535822462498,0.0,7,0,7832.5,0.02183300197172322,3.957276095912075,10.171412085760785,,,,,,0.05,130363.0
unseen,reference_PI/B_analytic3,cross_equivalence,noise_0.05_seed155921,2.5,2.5,109.59723737472511,107.5,ok,40233.71701728639,99930.15424314115,4.0514266309527684,15.517975265093717,0.0,7,0,7835.0,0.017571097470572283,3.9587308517154036,10.171312198902285,,,,,,0.05,155921.0
unseen,reference_PI/B_analytic3,cross_equivalence,noise_0.05_seed196613,2.5,2.5,109.59723737472511,107.5,ok,40439.448982700735,100158.59268725637,4.052067578431181,15.553905907843983,0.0,7,0,7835.0,0.017318109376798674,3.9573800205282086,10.171454925352647,,,,,,0.05,196613.0
unseen,reference_PI/B_analytic3,cross_equivalence,noise_0.05_seed262147,2.5,2.5,109.59723737472511,107.5,ok,40275.574216602065,100020.23451995665,4.051907058544357,15.667361617411846,0.0,7,0,7842.5,0.0158622321911146,3.957793269887802,10.171440164910992,,,,,,0.05,262147.0
unseen,reference_PI/B_analytic3,cross_equivalence,combined_seed104729,2.5,2.5,164.39585606208766,162.5,ok,97161.14807774917,296641.2360216504,5.367433144252454,28.820798402895353,0.0,7,3,inf,2.2175223985342787,2.933102444579242,9.931007350774452,1.5,1.15,0.85,2.0,1.2,0.05,104729.0
unseen,reference_PI/B_analytic3,cross_equivalence,combined_seed130363,2.5,2.5,164.39585606208766,162.5,ok,97279.82958174864,296752.3116732826,5.36730575758795,28.645454468957098,0.0,7,3,inf,2.2173956092553353,2.9331685550948414,9.931154109028938,1.5,1.15,0.85,2.0,1.2,0.05,130363.0
unseen,reference_PI/B_analytic3,cross_equivalence,combined_seed155921,2.5,2.5,164.39585606208766,162.5,ok,97103.46794745703,296519.06787920225,5.36719075895312,28.66310065247005,0.0,7,3,inf,2.21728417546782,2.933274842492845,9.931201734520972,1.5,1.15,0.85,2.0,1.2,0.05,155921.0
unseen,reference_PI/B_analytic3,cross_equivalence,combined_seed196613,2.5,2.5,164.39585606208766,162.5,ok,97227.6533431116,296700.2422607323,5.367145359733559,28.618538625688778,0.0,7,3,inf,2.2172396534543535,2.9331789651276736,9.93099297783357,1.5,1.15,0.85,2.0,1.2,0.05,196613.0
unseen,reference_PI/B_analytic3,cross_equivalence,combined_seed262147,2.5,2.5,164.39585606208766,162.5,ok,97222.69168492334,296770.04109094327,5.367526951316725,28.952090281460734,0.0,7,3,inf,2.217618657655683,2.933102467671969,9.931235165063022,1.5,1.15,0.85,2.0,1.2,0.05,262147.0
unseen,reference_PI/B_analytic3,regulatory_off_anchor,nominal,2.5,2.5,109.59723737472511,107.5,ok,53142.036938555575,146673.3607366029,3.5740627690970275,2.0918075228486694,0.0,4,0,10602.5,1.2899015189304919e-11,3.775937230902972,10.619472190378458,,,,,,,
unseen,reference_PI/B_analytic3,regulatory_off_anchor,delay_minus30,2.5,2.5,76.71806616230758,75.0,ok,50489.79119202373,141453.7519423504,3.565437564120108,1.9792943006401593,0.0,4,0,9550.0,1.092370638389184e-11,3.7845624358798915,10.616032295653554,0.7,,,,,,
unseen,reference_PI/B_analytic3,regulatory_off_anchor,delay_plus50,2.5,2.5,164.39585606208766,162.5,ok,67856.98877357246,163835.12265826514,3.588248736125659,2.6192677887892817,0.0,4,3,inf,0.302362857026063,3.7617512638743404,10.62710220073979,1.5,,,,,,
unseen,reference_PI/B_analytic3,regulatory_off_anchor,acid_plus15,2.5,2.5,109.59723737472511,107.5,ok,76700.84752843484,234206.3203000009,4.003743858683187,3.0792720192739305,0.0,4,1,inf,1.6979508702764594,3.3462561413168124,10.670637454464622,,1.15,,,,,
unseen,reference_PI/B_analytic3,regulatory_off_anchor,acid_minus15,2.5,2.5,109.59723737472511,107.5,ok,70015.59358841335,196929.22517871403,3.5534342675424324,2.811039155166176,0.0,4,1,inf,2.679901314022686,3.7965657324575672,10.707051481981798,,0.85,,,,,
unseen,reference_PI/B_analytic3,regulatory_off_anchor,base_minus15,2.5,2.5,109.59723737472511,107.5,ok,79138.45874447492,241952.126789285,4.024698660786356,3.106219632804513,0.0,4,1,inf,3.0827927892124984,3.3253013392136435,10.610450109040732,,,0.85,,,,
unseen,reference_PI/B_analytic3,regulatory_off_anchor,base_plus15,2.5,2.5,109.59723737472511,107.5,ok,70302.64823638223,201624.39418856165,3.7031796212128967,2.8637183997911375,0.0,4,1,inf,1.9140101194799506,3.646820378787103,10.690014889283551,,,1.15,,,,
unseen,reference_PI/B_analytic3,regulatory_off_anchor,Kw_half,2.5,2.5,109.59723737472511,107.5,ok,61566.49060517986,158350.90633446432,3.5740369976357234,2.6226260258681693,0.0,4,4,inf,0.3014870956245712,3.7759630023642763,10.909378952603296,,,,0.5,,,
unseen,reference_PI/B_analytic3,regulatory_off_anchor,Kw_double,2.5,2.5,109.59723737472511,107.5,ok,51998.21960206325,137209.84739601635,3.573660819312095,1.9882594011176842,0.0,4,0,10807.5,4.4856740544219065e-10,3.7763391806879048,10.330938708619863,,,,2.0,,,
unseen,reference_PI/B_analytic3,regulatory_off_anchor,volume_plus20,2.5,2.5,109.59723737472511,107.5,ok,59028.61240009024,158727.9943467374,3.541016023380847,2.2998585237977,0.0,4,0,11792.5,4.767741756950272e-12,3.8089839766191527,10.59745420125307,,,,,1.2,,
unseen,reference_PI/B_analytic3,regulatory_off_anchor,volume_minus20,2.5,2.5,109.59723737472511,107.5,ok,47153.46931438922,134605.30724464857,3.6117389267087145,1.8780980661902555,0.0,4,0,9540.0,4.2624818341607806e-08,3.738261073291285,10.643641413442317,,,,,0.8,,
unseen,reference_PI/B_analytic3,regulatory_off_anchor,noise_0.01_seed104729,2.5,2.5,109.59723737472511,107.5,ok,53192.151124620665,146666.83166866645,3.574103996009555,3.911397360737756,0.0,4,0,10605.0,0.002759688115390624,3.775896003990445,10.619471144009777,,,,,,0.01,104729.0
unseen,reference_PI/B_analytic3,regulatory_off_anchor,noise_0.01_seed130363,2.5,2.5,109.59723737472511,107.5,ok,53191.59614989316,146668.64152558325,3.5741280999647955,3.899517068797098,0.0,4,0,10597.5,0.003382367791616936,3.775871900035204,10.61945174973478,,,,,,0.01,130363.0
unseen,reference_PI/B_analytic3,regulatory_off_anchor,noise_0.01_seed155921,2.5,2.5,109.59723737472511,107.5,ok,53196.852019776234,146688.6841805509,3.5740911659379435,3.9270283436830384,0.0,4,0,10595.0,0.002162507513616241,3.775908834062056,10.619493265024978,,,,,,0.01,155921.0
unseen,reference_PI/B_analytic3,regulatory_off_anchor,noise_0.01_seed196613,2.5,2.5,109.59723737472511,107.5,ok,53198.75388750995,146668.5873801869,3.57401988459911,3.8631189448052314,0.0,4,0,10605.0,0.0050150462141624885,3.77598011540089,10.61948131420761,,,,,,0.01,196613.0
unseen,reference_PI/B_analytic3,regulatory_off_anchor,noise_0.01_seed262147,2.5,2.5,109.59723737472511,107.5,ok,53181.35709192607,146659.731447782,3.5740351479440133,3.938859889161784,0.0,4,0,10597.5,0.0029798022200893115,3.7759648520559863,10.619529676612501,,,,,,0.01,262147.0
unseen,reference_PI/B_analytic3,regulatory_off_anchor,noise_0.05_seed104729,2.5,2.5,109.59723737472511,107.5,ok,53416.44915912409,146648.64846694397,3.574218973075411,15.359842389469485,0.0,4,0,10627.5,0.014613411229486672,3.7757810269245886,10.619469869575928,,,,,,0.05,104729.0
unseen,reference_PI/B_analytic3,regulatory_off_anchor,noise_0.05_seed130363,2.5,2.5,109.59723737472511,107.5,ok,53401.58309884484,146642.16404305652,3.5744234019960786,15.170695935064632,0.0,4,0,10537.5,0.01604772655296305,3.775576598003921,10.619374685846985,,,,,,0.05,130363.0
unseen,reference_PI/B_analytic3,regulatory_off_anchor,noise_0.05_seed155921,2.5,2.5,109.59723737472511,107.5,ok,53427.71326734575,146754.30143695005,3.5742571886428696,15.335999868026576,0.0,4,0,10562.5,0.011083198995450516,3.77574281135713,10.619578644037393,,,,,,0.05,155921.0
unseen,reference_PI/B_analytic3,regulatory_off_anchor,noise_0.05_seed196613,2.5,2.5,109.59723737472511,107.5,ok,53429.53863958974,146645.11236345515,3.5738972219658622,15.001296262922352,0.0,4,0,10622.5,0.024003689782245097,3.7761027780341374,10.619518613688049,,,,,,0.05,196613.0
unseen,reference_PI/B_analytic3,regulatory_off_anchor,noise_0.05_seed262147,2.5,2.5,109.59723737472511,107.5,ok,53342.14700781817,146591.8414178331,3.573883035207959,15.482204469988375,0.0,4,0,10580.0,0.015769631875380163,3.7761169647920405,10.619763140936511,,,,,,0.05,262147.0
unseen,reference_PI/B_analytic3,regulatory_off_anchor,combined_seed104729,2.5,2.5,164.39585606208766,162.5,ok,113804.65242163277,368716.60923521535,4.374459378888972,29.462088718378904,0.0,4,1,inf,4.180035157352432,2.9755406211110276,10.352739544451506,1.5,1.15,0.85,2.0,1.2,0.05,104729.0
unseen,reference_PI/B_analytic3,regulatory_off_anchor,combined_seed130363,2.5,2.5,164.39585606208766,162.5,ok,113767.07455195965,368544.3904004977,4.374229617259093,29.105209988521423,0.0,4,1,inf,4.179631773735954,2.9757703827409068,10.352701674486077,1.5,1.15,0.85,2.0,1.2,0.05,130363.0
unseen,reference_PI/B_analytic3,regulatory_off_anchor,combined_seed155921,2.5,2.5,164.39585606208766,162.5,ok,113766.0705954628,368553.5652704635,4.374175330645638,29.454772803076043,0.0,4,1,inf,4.179587028485293,2.975824669354362,10.352868088912642,1.5,1.15,0.85,2.0,1.2,0.05,155921.0
unseen,reference_PI/B_analytic3,regulatory_off_anchor,combined_seed196613,2.5,2.5,164.39585606208766,162.5,ok,113739.28013999265,368588.2655023207,4.374443597208508,28.747760916596825,0.0,4,1,inf,4.17983425540855,2.9755564027914914,10.352834153730399,1.5,1.15,0.85,2.0,1.2,0.05,196613.0
unseen,reference_PI/B_analytic3,regulatory_off_anchor,combined_seed262147,2.5,2.5,164.39585606208766,162.5,ok,113739.14261065159,368566.79668048926,4.374229399094306,29.515754747282507,0.0,4,1,inf,4.180048452582784,2.975770600905694,10.352943112771213,1.5,1.15,0.85,2.0,1.2,0.05,262147.0
unseen,reference_PI/C_add7,reverse_off_anchor,nominal,2.5,2.5,109.59723737472511,107.5,ok,10269.590561736892,11228.640687890798,1.9500000000088962,0.17496896354587488,0.0,4,0,9052.5,2.9157746151753372e-05,5.398604130362748,8.7,,,,,,,
unseen,reference_PI/C_add7,reverse_off_anchor,delay_minus30,2.5,2.5,76.71806616230758,75.0,ok,8211.266637758816,8290.334445710503,1.9499999999999487,0.13810723970192829,0.0,4,0,7295.0,4.31747127294102e-06,5.398589722200495,8.7,0.7,,,,,,
unseen,reference_PI/C_add7,reverse_off_anchor,delay_plus50,2.5,2.5,164.39585606208766,162.5,ok,22352.743301943497,25681.617863603744,2.03033871959655,0.3827305289917069,0.0,4,0,17347.5,0.0028412934931578704,5.234267463475769,8.7,1.5,,,,,,
unseen,reference_PI/C_add7,reverse_off_anchor,acid_plus15,2.5,2.5,109.59723737472511,107.5,ok,36810.69726138618,129718.24956347277,5.308681127493651,1.2916853164617939,0.0,4,1,inf,0.8638181479775593,3.3913188725063477,9.602440017078507,,1.15,,,,,
unseen,reference_PI/C_add7,reverse_off_anchor,acid_minus15,2.5,2.5,109.59723737472511,107.5,ok,36817.798810547894,73176.55299816396,3.2118542591426156,1.232494486151233,0.0,4,1,inf,1.8620805896344894,4.507098819096093,10.760146395198388,,0.85,,,,,
unseen,reference_PI/C_add7,reverse_off_anchor,base_minus15,2.5,2.5,109.59723737472511,107.5,ok,40825.515231114274,147622.43384444714,5.333442224095267,1.4158155237600383,0.0,4,1,inf,0.8681761234153775,3.3665577759047323,9.57628405669216,,,0.85,,,,
unseen,reference_PI/C_add7,reverse_off_anchor,base_plus15,2.5,2.5,109.59723737472511,107.5,ok,33531.879558617984,64649.3992046143,3.137382848282968,1.1240633230813035,0.0,4,1,inf,1.78768697308716,4.471215007661207,10.74810606451931,,,1.15,,,,
unseen,reference_PI/C_add7,reverse_off_anchor,Kw_half,2.5,2.5,109.59723737472511,107.5,ok,8990.679154622749,10031.71842047253,2.1575971858694185,0.1829783116907553,0.0,4,0,8320.0,0.0006035385523226466,5.398654394776177,8.807821137378074,,,,0.5,,,
unseen,reference_PI/C_add7,reverse_off_anchor,Kw_double,2.5,2.5,109.59723737472511,107.5,ok,11159.697854494545,11720.037840967489,1.9499999816314215,0.17826170903409366,0.0,4,0,8695.0,4.769913776936363e-05,5.398518053568247,8.71508974603669,,,,2.0,,,
unseen,reference_PI/C_add7,reverse_off_anchor,volume_plus20,2.5,2.5,109.59723737472511,107.5,ok,12397.331597525226,13386.762765146872,1.950000000746476,0.19905612288586827,0.0,4,0,10377.5,0.00017323966707838423,5.393278021357624,8.7,,,,,1.2,,
unseen,reference_PI/C_add7,reverse_off_anchor,volume_minus20,2.5,2.5,109.59723737472511,107.5,ok,8084.833901552773,8760.633358540488,1.9499999999754483,0.15167779366970002,0.0,4,0,6635.0,4.7519016277419723e-08,5.399999999994945,8.7,,,,,0.8,,
unseen,reference_PI/C_add7,reverse_off_anchor,noise_0.01_seed104729,2.5,2.5,109.59723737472511,107.5,ok,10292.765985267833,11245.19112013924,1.9495149916006946,1.9539660637571314,0.0,4,0,9050.0,0.000600707806621692,5.398465128959432,8.700629614810918,,,,,,0.01,104729.0
unseen,reference_PI/C_add7,reverse_off_anchor,noise_0.01_seed130363,2.5,2.5,109.59723737472511,107.5,ok,10300.971352941986,11243.00169462079,1.950456577969705,1.9389396581743474,0.0,4,0,9055.0,0.0005198589715265101,5.398364953556187,8.7010544220622,,,,,,0.01,130363.0
unseen,reference_PI/C_add7,reverse_off_anchor,noise_0.01_seed155921,2.5,2.5,109.59723737472511,107.5,ok,10281.251938621579,11217.66286990555,1.9484036101269258,1.9531917457918304,0.0,4,0,9045.0,0.0025904494812118983,5.3975005357438866,8.70087384429645,,,,,,0.01,155921.0
unseen,reference_PI/C_add7,reverse_off_anchor,noise_0.01_seed196613,2.5,2.5,109.59723737472511,107.5,ok,10301.833112086762,11236.251293539483,1.951576352728308,1.943170939209793,0.0,4,0,9052.5,0.000885075921757128,5.397960807096322,8.701767553388017,,,,,,0.01,196613.0
unseen,reference_PI/C_add7,reverse_off_anchor,noise_0.01_seed262147,2.5,2.5,109.59723737472511,107.5,ok,10291.28040056662,11222.190516754668,1.9492169693686803,1.9682542716068827,0.0,4,0,9060.0,0.0013752705072462845,5.397617318217374,8.700517086386869,,,,,,0.01,262147.0
unseen,reference_PI/C_add7,reverse_off_anchor,noise_0.05_seed104729,2.5,2.5,109.59723737472511,107.5,ok,10444.695044355058,11319.317081681356,1.945674384315594,9.397621018679233,0.0,4,0,9080.0,0.004662607543635566,5.395657486291386,8.703119741315351,,,,,,0.05,104729.0
unseen,reference_PI/C_add7,reverse_off_anchor,noise_0.05_seed130363,2.5,2.5,109.59723737472511,107.5,ok,10502.999353340456,11351.3498809782,1.9492212097730945,9.312709320077328,0.0,4,0,9095.0,0.002315839246411322,5.397260797043453,8.705151891110912,,,,,,0.05,130363.0
unseen,reference_PI/C_add7,reverse_off_anchor,noise_0.05_seed155921,2.5,2.5,109.59723737472511,107.5,ok,10372.40894543325,11188.89178475296,1.9412170614647337,9.364545298003355,0.0,4,0,9057.5,0.013775262788133347,5.391870627671845,8.704098560837526,,,,,,0.05,155921.0
unseen,reference_PI/C_add7,reverse_off_anchor,noise_0.05_seed196613,2.5,2.5,109.59723737472511,107.5,ok,10474.823853299577,11286.71849403232,1.9599440624805942,9.338892060413386,0.0,4,0,9070.0,0.005734808760569976,5.395006452839992,8.70886246479513,,,,,,0.05,196613.0
unseen,reference_PI/C_add7,reverse_off_anchor,noise_0.05_seed262147,2.5,2.5,109.59723737472511,107.5,ok,10387.909904828695,11177.714808855897,1.9444989490695646,9.457720371248351,0.0,4,0,9082.5,0.008921900592629761,5.3920774820274895,8.702502307769604,,,,,,0.05,262147.0
unseen,reference_PI/C_add7,reverse_off_anchor,combined_seed104729,2.5,2.5,164.39585606208766,162.5,ok,68025.254645597,259916.88259740744,5.695289044777343,21.533902953244905,0.0,4,1,inf,5.361320263744749,3.0047109552226563,9.046893975857413,1.5,1.15,0.85,2.0,1.2,0.05,104729.0
unseen,reference_PI/C_add7,reverse_off_anchor,combined_seed130363,2.5,2.5,164.39585606208766,162.5,ok,67807.2967192771,259567.04046919,5.695135607637772,21.278576722991428,0.0,4,1,inf,5.360873628988861,3.004864392362228,9.046710138917744,1.5,1.15,0.85,2.0,1.2,0.05,130363.0
unseen,reference_PI/C_add7,reverse_off_anchor,combined_seed155921,2.5,2.5,164.39585606208766,162.5,ok,67992.80603794263,259810.37483835866,5.695058363020987,21.496395251322504,0.0,4,1,inf,5.360815388803712,3.004941636979012,9.045956074243907,1.5,1.15,0.85,2.0,1.2,0.05,155921.0
unseen,reference_PI/C_add7,reverse_off_anchor,combined_seed196613,2.5,2.5,164.39585606208766,162.5,ok,67940.93786972437,259931.94390406786,5.695747108139859,21.034716924848635,0.0,4,1,inf,5.362039339367957,3.0042528918601406,9.048339211134987,1.5,1.15,0.85,2.0,1.2,0.05,196613.0
unseen,reference_PI/C_add7,reverse_off_anchor,combined_seed262147,2.5,2.5,164.39585606208766,162.5,ok,67840.1956343333,259637.7662749109,5.694955200597242,21.61786735516262,0.0,4,1,inf,5.3610640425006535,3.0050447994027567,9.046569234958085,1.5,1.15,0.85,2.0,1.2,0.05,262147.0
unseen,reference_PI/C_add7,cross_equivalence,nominal,2.5,2.5,109.59723737472511,107.5,ok,52343.59996627516,117190.4911811699,4.077810190217424,1.6594809930655883,0.0,7,2,inf,0.7450293635951653,3.9419256364279556,10.187754921799506,,,,,,,
unseen,reference_PI/C_add7,cross_equivalence,delay_minus30,2.5,2.5,76.71806616230758,75.0,ok,46848.94031329668,107039.58376769078,4.056297779296428,1.5370899506752878,0.0,7,1,inf,0.5075947913008543,3.952199263636288,10.179744853681962,0.7,,,,,,
unseen,reference_PI/C_add7,cross_equivalence,delay_plus50,2.5,2.5,164.39585606208766,162.5,ok,67914.73538056089,144096.9285024734,4.11200533391558,2.091206885914299,0.0,7,4,inf,1.3146394854051247,3.925666939462735,10.203275135810843,1.5,,,,,,
unseen,reference_PI/C_add7,cross_equivalence,acid_plus15,2.5,2.5,109.59723737472511,107.5,ok,70841.23577000658,170352.45522703254,4.762144374492037,2.658930701588722,0.0,7,3,inf,1.6124476126417293,3.2843885713143655,10.248006067661189,,1.15,,,,,
unseen,reference_PI/C_add7,cross_equivalence,acid_minus15,2.5,2.5,109.59723737472511,107.5,ok,79856.233835254,235437.28370778877,5.363770104371838,2.9726095596398965,0.0,7,3,inf,1.1285683138187084,3.996026583843411,10.613770104371838,,0.85,,,,,
unseen,reference_PI/C_add7,cross_equivalence,base_minus15,2.5,2.5,109.59723737472511,107.5,ok,74209.0975839433,182937.88852364826,4.866662654586808,2.7484278031386298,0.0,7,3,inf,1.7168813844999842,3.2674876977417426,10.190283378315945,,,0.85,,,,
unseen,reference_PI/C_add7,cross_equivalence,base_plus15,2.5,2.5,109.59723737472511,107.5,ok,75882.52379696204,220838.5080494417,5.336541926198036,2.876301477628787,0.0,7,3,inf,1.0025937618621636,3.9535432246070767,10.586541926198036,,,1.15,,,,
unseen,reference_PI/C_add7,cross_equivalence,Kw_half,2.5,2.5,109.59723737472511,107.5,ok,51577.01237677964,123695.455875462,4.081920525159359,1.7497412344359988,0.0,7,1,inf,0.9110376395207549,3.9417184640098166,10.47252197838162,,,,0.5,,,
unseen,reference_PI/C_add7,cross_equivalence,Kw_double,2.5,2.5,109.59723737472511,107.5,ok,47774.5850321342,104149.41595821828,4.070007574500588,1.5705118683548385,0.0,7,1,inf,1.1019982395317314,3.9423351637794446,9.90423484035864,,,,2.0,,,
unseen,reference_PI/C_add7,cross_equivalence,volume_plus20,2.5,2.5,109.59723737472511,107.5,ok,58882.99868798218,130474.50464936395,4.034489786582757,1.8387457467416217,0.0,7,2,inf,1.455615929266993,3.9774151976659318,10.154685404798748,,,,,1.2,,
unseen,reference_PI/C_add7,cross_equivalence,volume_minus20,2.5,2.5,109.59723737472511,107.5,ok,42857.93801846971,101692.48323572363,4.128867814065964,1.4661956570037127,0.0,7,1,inf,0.6496215806178105,3.9010279043332536,10.224973088599986,,,,,0.8,,
unseen,reference_PI/C_add7,cross_equivalence,noise_0.01_seed104729,2.5,2.5,109.59723737472511,107.5,ok,52376.76456856472,117227.29315678382,4.077853409835457,3.485756112771453,0.0,7,2,inf,0.7459020536804575,3.9419090696445718,10.187740816603698,,,,,,0.01,104729.0
unseen,reference_PI/C_add7,cross_equivalence,noise_0.01_seed130363,2.5,2.5,109.59723737472511,107.5,ok,52352.95851126817,117185.63522634582,4.07804384287087,3.4829721528005715,0.0,7,2,inf,0.7470923603545492,3.941884083639747,10.187762966827519,,,,,,0.01,130363.0
unseen,reference_PI/C_add7,cross_equivalence,noise_0.01_seed155921,2.5,2.5,109.59723737472511,107.5,ok,52299.06247889792,117118.70716521757,4.077728938170477,3.4830425938829945,0.0,7,2,inf,0.7459489675113815,3.9421515053165854,10.187759088000107,,,,,,0.01,155921.0
unseen,reference_PI/C_add7,cross_equivalence,noise_0.01_seed196613,2.5,2.5,109.59723737472511,107.5,ok,52352.10638058472,117182.50483169184,4.0778605803213965,3.474816335216894,0.0,7,2,inf,0.7488073988348303,3.9418494337656305,10.187716743363353,,,,,,0.01,196613.0
unseen,reference_PI/C_add7,cross_equivalence,noise_0.01_seed262147,2.5,2.5,109.59723737472511,107.5,ok,52338.18527343985,117173.64124101569,4.077782381159992,3.51383145623773,0.0,7,2,inf,0.7445691337570395,3.9419494551569287,10.187780144973624,,,,,,0.01,262147.0
unseen,reference_PI/C_add7,cross_equivalence,noise_0.05_seed104729,2.5,2.5,109.59723737472511,107.5,ok,52535.59732019354,117388.19006474924,4.078082119349707,14.114294891401443,0.0,7,2,inf,0.750984793823303,3.9419268126649545,10.187673648390135,,,,,,0.05,104729.0
unseen,reference_PI/C_add7,cross_equivalence,noise_0.05_seed130363,2.5,2.5,109.59723737472511,107.5,ok,52438.0855214487,117234.49244255759,4.078870980815249,14.110618174542337,0.0,7,2,inf,0.7602962211112185,3.9416879248146355,10.187785692916691,,,,,,0.05,130363.0
unseen,reference_PI/C_add7,cross_equivalence,noise_0.05_seed155921,2.5,2.5,109.59723737472511,107.5,ok,52124.95741695908,116792.0731558943,4.077417133225382,14.112008468553247,0.0,7,2,inf,0.7480666044830926,3.9430095371062572,10.187774981943324,,,,,,0.05,155921.0
unseen,reference_PI/C_add7,cross_equivalence,noise_0.05_seed196613,2.5,2.5,109.59723737472511,107.5,ok,52471.985039070896,117247.04892235211,4.078136426508783,14.122149258983612,0.0,7,2,inf,0.7647555897621245,3.941548172485255,10.187558426596285,,,,,,0.05,196613.0
unseen,reference_PI/C_add7,cross_equivalence,noise_0.05_seed262147,2.5,2.5,109.59723737472511,107.5,ok,52307.84880845251,117062.4337826781,4.0778117922539225,14.264100483849674,0.0,7,2,inf,0.7505858439670172,3.9421714552557163,10.187877324811302,,,,,,0.05,262147.0
unseen,reference_PI/C_add7,cross_equivalence,combined_seed104729,2.5,2.5,164.39585606208766,162.5,ok,106922.49683415113,309755.9284083559,5.367433144252454,28.479623241374973,0.0,7,6,inf,2.2175223985342787,2.933102444579242,9.941545133982808,1.5,1.15,0.85,2.0,1.2,0.05,104729.0
unseen,reference_PI/C_add7,cross_equivalence,combined_seed130363,2.5,2.5,164.39585606208766,162.5,ok,106901.55416032753,309653.2177417412,5.36730575758795,28.209629881057783,0.0,7,6,inf,2.2173956092553353,2.9331685550948414,9.941629843240731,1.5,1.15,0.85,2.0,1.2,0.05,130363.0
unseen,reference_PI/C_add7,cross_equivalence,combined_seed155921,2.5,2.5,164.39585606208766,162.5,ok,106880.0282340648,309714.61030790687,5.36719075895312,28.270370577742735,0.0,7,7,inf,2.21728417546782,2.933274842492845,9.941849593120299,1.5,1.15,0.85,2.0,1.2,0.05,155921.0
unseen,reference_PI/C_add7,cross_equivalence,combined_seed196613,2.5,2.5,164.39585606208766,162.5,ok,106970.77406002914,309802.08824890933,5.367145359733559,28.230986590877873,0.0,7,6,inf,2.2172396534543535,2.9331789651276736,9.941444578926296,1.5,1.15,0.85,2.0,1.2,0.05,196613.0
unseen,reference_PI/C_add7,cross_equivalence,combined_seed262147,2.5,2.5,164.39585606208766,162.5,ok,106907.8727444488,309769.9820422281,5.367526951316725,28.556104657464953,0.0,7,6,inf,2.217618657655683,2.933102467671969,9.94168567881606,1.5,1.15,0.85,2.0,1.2,0.05,262147.0
unseen,reference_PI/C_add7,regulatory_off_anchor,nominal,2.5,2.5,109.59723737472511,107.5,ok,61972.00003634898,159611.00461065746,3.5867652767317333,2.152490669743586,0.0,4,0,13817.5,1.0989592093224587e-05,3.7632347232682664,10.624499896506876,,,,,,,
unseen,reference_PI/C_add7,regulatory_off_anchor,delay_minus30,2.5,2.5,76.71806616230758,75.0,ok,58095.049957943884,152241.12671270646,3.578502320456888,2.035744120483531,0.0,4,0,12572.5,1.141183290975789e-06,3.7714976795431117,10.621120011644555,0.7,,,,,,
unseen,reference_PI/C_add7,regulatory_off_anchor,delay_plus50,2.5,2.5,164.39585606208766,162.5,ok,80773.98983305693,189161.53467896162,3.600399245440847,2.599934131182395,0.0,4,1,inf,0.26581215255395296,3.7496007545591525,10.630133096228215,1.5,,,,,,
unseen,reference_PI/C_add7,regulatory_off_anchor,acid_plus15,2.5,2.5,109.59723737472511,107.5,ok,84706.04952236667,246446.2841847597,4.010329295878291,3.115730718445655,0.0,4,1,inf,1.648756397658513,3.339670704121709,10.674987806116464,,1.15,,,,,
unseen,reference_PI/C_add7,regulatory_off_anchor,acid_minus15,2.5,2.5,109.59723737472511,107.5,ok,79435.1601681445,210262.68982467707,3.5532737772584175,2.875915281913943,0.0,4,1,inf,2.7018850621757533,3.796726222741582,10.711435419080306,,0.85,,,,,
unseen,reference_PI/C_add7,regulatory_off_anchor,base_minus15,2.5,2.5,109.59723737472511,107.5,ok,87825.72801101713,254956.93080508252,4.030280671164576,3.162630070454729,0.0,4,1,inf,3.121998092086355,3.3197193288354234,10.614601581495172,,,0.85,,,,
unseen,reference_PI/C_add7,regulatory_off_anchor,base_plus15,2.5,2.5,109.59723737472511,107.5,ok,78706.08863846387,214165.92641086888,3.703694973792453,2.912664270465898,0.0,4,1,inf,2.032474353880314,3.6463050262075467,10.695147186322679,,,1.15,,,,
unseen,reference_PI/C_add7,regulatory_off_anchor,Kw_half,2.5,2.5,109.59723737472511,107.5,ok,61710.03466777708,168482.247499905,3.586971335034792,2.2365873388013844,0.0,4,0,12207.5,2.900613083056669e-11,3.7630286649652076,10.914105571936046,,,,0.5,,,
unseen,reference_PI/C_add7,regulatory_off_anchor,Kw_double,2.5,2.5,109.59723737472511,107.5,ok,60757.0965383009,149573.9233603203,3.586367125551697,2.0441543348908144,0.0,4,0,14962.5,0.0011859817622399405,3.7636328744483025,10.335486059736045,,,,2.0,,,
unseen,reference_PI/C_add7,regulatory_off_anchor,volume_plus20,2.5,2.5,109.59723737472511,107.5,ok,71235.60960962197,175952.9112300967,3.5536659978958562,2.409706148939697,0.0,4,0,16310.0,0.00264683454917769,3.7963340021041434,10.602478877857115,,,,,1.2,,
unseen,reference_PI/C_add7,regulatory_off_anchor,volume_minus20,2.5,2.5,109.59723737472511,107.5,ok,53372.61060799294,143991.770088199,3.6244888941214746,1.9027848994888723,0.0,4,0,11372.5,8.002078999425066e-10,3.725511105878525,10.648675761703474,,,,,0.8,,
unseen,reference_PI/C_add7,regulatory_off_anchor,noise_0.01_seed104729,2.5,2.5,109.59723737472511,107.5,ok,62006.94146925052,159624.1276583294,3.586814188657916,3.4819834596063455,0.0,4,0,13810.0,0.0015163042873682642,3.7631858113420837,10.624489483132214,,,,,,0.01,104729.0
unseen,reference_PI/C_add7,regulatory_off_anchor,noise_0.01_seed130363,2.5,2.5,109.59723737472511,107.5,ok,61999.044012029975,159606.9609781764,3.5868252342581557,3.473870828519223,0.0,4,0,13812.5,0.0006501272230279298,3.763174765741844,10.62447834662495,,,,,,0.01,130363.0
unseen,reference_PI/C_add7,regulatory_off_anchor,noise_0.01_seed155921,2.5,2.5,109.59723737472511,107.5,ok,61995.31571201231,159610.50212372583,3.586780608603625,3.5028236469490235,0.0,4,0,13817.5,0.002570367574613819,3.7632193913963747,10.624522079955245,,,,,,0.01,155921.0
unseen,reference_PI/C_add7,regulatory_off_anchor,noise_0.01_seed196613,2.5,2.5,109.59723737472511,107.5,ok,61981.081079563824,159598.74350965436,3.5867078519272266,3.436118815214882,0.0,4,0,13822.5,0.0008940859635790943,3.763292148072773,10.62450941510289,,,,,,0.01,196613.0
unseen,reference_PI/C_add7,regulatory_off_anchor,noise_0.01_seed262147,2.5,2.5,109.59723737472511,107.5,ok,61972.947389013265,159595.41706978454,3.5867660470032843,3.5115881710736163,0.0,4,0,13822.5,0.0027557065835415173,3.7632339529967154,10.624556546228602,,,,,,0.01,262147.0
unseen,reference_PI/C_add7,regulatory_off_anchor,noise_0.05_seed104729,2.5,2.5,109.59723737472511,107.5,ok,62187.77661664321,159677.73035358966,3.586944206119754,13.253209430495218,0.0,4,0,13777.5,0.007723397167646695,3.7630557938802456,10.624459967542718,,,,,,0.05,104729.0
unseen,reference_PI/C_add7,regulatory_off_anchor,noise_0.05_seed130363,2.5,2.5,109.59723737472511,107.5,ok,62220.441898484845,159678.56831341665,3.587119617117657,13.054947694070464,0.0,4,0,13782.5,0.0023058319472371025,3.7628803828823427,10.624414238015337,,,,,,0.05,130363.0
unseen,reference_PI/C_add7,regulatory_off_anchor,noise_0.05_seed155921,2.5,2.5,109.59723737472511,107.5,ok,62211.445125855935,159687.67020146543,3.5869061028963105,13.213577092922012,0.0,4,0,13835.0,0.013662169044975414,3.763093897103689,10.624615454891988,,,,,,0.05,155921.0
unseen,reference_PI/C_add7,regulatory_off_anchor,noise_0.05_seed196613,2.5,2.5,109.59723737472511,107.5,ok,62048.14375134869,159554.78325001837,3.5865217255016564,12.88369845085088,0.0,4,0,13860.0,0.004048199696369714,3.7634782744983433,10.62454505366011,,,,,,0.05,196613.0
unseen,reference_PI/C_add7,regulatory_off_anchor,noise_0.05_seed262147,2.5,2.5,109.59723737472511,107.5,ok,62052.87801698616,159593.15612496724,3.5867533219409307,13.363257970992755,0.0,4,0,13880.0,0.017417950638800583,3.763246678059069,10.62480238253773,,,,,,0.05,262147.0
unseen,reference_PI/C_add7,regulatory_off_anchor,combined_seed104729,2.5,2.5,164.39585606208766,162.5,ok,125550.17942031473,385593.48613382736,4.377446173154415,28.92391699521169,0.0,4,3,inf,4.184774728115038,2.9725538268455844,10.3571785991238,1.5,1.15,0.85,2.0,1.2,0.05,104729.0
unseen,reference_PI/C_add7,regulatory_off_anchor,combined_seed130363,2.5,2.5,164.39585606208766,162.5,ok,125551.49038046089,385499.1708124647,4.377232297303653,28.567059342369575,0.0,4,3,inf,4.184402844488387,2.9727677026963466,10.356981960646047,1.5,1.15,0.85,2.0,1.2,0.05,130363.0
unseen,reference_PI/C_add7,regulatory_off_anchor,combined_seed155921,2.5,2.5,164.39585606208766,162.5,ok,125502.87011257879,385397.0758185921,4.377177587505053,28.924672822485118,0.0,4,3,inf,4.184352649671296,2.9728224124949465,10.357207100649083,1.5,1.15,0.85,2.0,1.2,0.05,155921.0
unseen,reference_PI/C_add7,regulatory_off_anchor,combined_seed196613,2.5,2.5,164.39585606208766,162.5,ok,125386.02782157475,385234.6494062543,4.3773777522648,28.177961701523405,0.0,4,3,inf,4.184489325600717,2.9726222477352,10.357233584435678,1.5,1.15,0.85,2.0,1.2,0.05,196613.0
unseen,reference_PI/C_add7,regulatory_off_anchor,combined_seed262147,2.5,2.5,164.39585606208766,162.5,ok,125542.63000175508,385512.4079475607,4.377252833878394,28.970630888077302,0.0,4,3,inf,4.184852281618831,2.972747166121606,10.357347548414282,1.5,1.15,0.85,2.0,1.2,0.05,262147.0
unseen,reference_PI/D_add8,reverse_off_anchor,nominal,2.5,2.5,109.59723737472511,107.5,ok,16603.611413053557,19037.54573268872,1.9840695107256128,0.19478657063896154,0.0,4,0,10395.0,7.757735892877093e-05,5.364849517245095,8.7,,,,,,,
unseen,reference_PI/D_add8,reverse_off_anchor,delay_minus30,2.5,2.5,76.71806616230758,75.0,ok,12945.654528460655,14144.175945623647,1.9500123681289043,0.14484463693305472,0.0,4,0,8245.0,1.1424997785169921e-05,5.398826062029887,8.7,0.7,,,,,,
unseen,reference_PI/D_add8,reverse_off_anchor,delay_plus50,2.5,2.5,164.39585606208766,162.5,ok,36107.96454588566,47791.25868621965,2.085072532082929,0.5883695714619677,0.0,4,1,inf,1.580138617756579,5.158577821141414,8.73507253208293,1.5,,,,,,
unseen,reference_PI/D_add8,reverse_off_anchor,acid_plus15,2.5,2.5,109.59723737472511,107.5,ok,43557.796452506576,139581.88108991517,5.31510157513816,1.3226212664471078,0.0,4,1,inf,0.879267655867471,3.38489842486184,9.610595419320303,,1.15,,,,,
unseen,reference_PI/D_add8,reverse_off_anchor,acid_minus15,2.5,2.5,109.59723737472511,107.5,ok,45453.87581408846,84575.50486251496,3.212585762364233,1.2863621466731319,0.0,4,2,inf,1.8628117550666534,4.473985129435195,10.760592341902836,,0.85,,,,,
unseen,reference_PI/D_add8,reverse_off_anchor,base_minus15,2.5,2.5,109.59723737472511,107.5,ok,46551.300910271806,156362.90978891443,5.338874713219015,1.4351762650764908,0.0,4,1,inf,0.870620656830793,3.361125286780984,9.580927389019546,,,0.85,,,,
unseen,reference_PI/D_add8,reverse_off_anchor,base_plus15,2.5,2.5,109.59723737472511,107.5,ok,42320.43815523191,76299.02627862699,3.138358402978696,1.1822805734090922,0.0,4,1,inf,1.788661937376835,4.438789247118365,10.748627602576208,,,1.15,,,,
unseen,reference_PI/D_add8,reverse_off_anchor,Kw_half,2.5,2.5,109.59723737472511,107.5,ok,20251.998402329824,24041.376648362122,2.218814892831288,0.26430977458178084,0.0,4,0,11320.0,0.00035900101688213226,5.27935017705359,8.868814892831288,,,,0.5,,,
unseen,reference_PI/D_add8,reverse_off_anchor,Kw_double,2.5,2.5,109.59723737472511,107.5,ok,14846.42676268872,16135.698158279774,1.9609202463853972,0.16382354528692922,0.0,4,0,10260.0,0.004141832130681422,5.3890797536146025,8.713125867821587,,,,2.0,,,
unseen,reference_PI/D_add8,reverse_off_anchor,volume_plus20,2.5,2.5,109.59723737472511,107.5,ok,20144.63035945807,22776.35973475304,1.984855751558289,0.2272941520851015,0.0,4,0,12822.5,0.0009413725607831935,5.358511820878888,8.7,,,,,1.2,,
unseen,reference_PI/D_add8,reverse_off_anchor,volume_minus20,2.5,2.5,109.59723737472511,107.5,ok,12948.302913587158,14585.199342991209,1.9752468783959696,0.16042146004286373,0.0,4,0,7890.0,1.2423118791460297e-06,5.382208123110612,8.7,,,,,0.8,,
unseen,reference_PI/D_add8,reverse_off_anchor,noise_0.01_seed104729,2.5,2.5,109.59723737472511,107.5,ok,16622.186891242607,19052.44800389562,1.9858211027293784,1.789110665455424,0.0,4,0,10395.0,0.0005663496923267175,5.36327182721887,8.700543146241824,,,,,,0.01,104729.0
unseen,reference_PI/D_add8,reverse_off_anchor,noise_0.01_seed130363,2.5,2.5,109.59723737472511,107.5,ok,16626.012445580654,19059.71006749962,1.984622389732925,1.7797826793555362,0.0,4,0,10402.5,0.0005543068178983646,5.364060338263888,8.701001837435872,,,,,,0.01,130363.0
unseen,reference_PI/D_add8,reverse_off_anchor,noise_0.01_seed155921,2.5,2.5,109.59723737472511,107.5,ok,16613.409317587266,19032.007520121442,1.9837646706028362,1.7949061846218912,0.0,4,0,10402.5,0.0012451990139643598,5.365685619850451,8.700747640662271,,,,,,0.01,155921.0
unseen,reference_PI/D_add8,reverse_off_anchor,noise_0.01_seed196613,2.5,2.5,109.59723737472511,107.5,ok,16633.97426043445,19057.900491363176,1.9842465849311122,1.7826566325491005,0.0,4,0,10397.5,0.0008850759204586112,5.36496188552198,8.70188597568043,,,,,,0.01,196613.0
unseen,reference_PI/D_add8,reverse_off_anchor,noise_0.01_seed262147,2.5,2.5,109.59723737472511,107.5,ok,16614.40443482339,19035.081343578666,1.9833863987813185,1.7974164208424908,0.0,4,0,10385.0,0.0011172306093243378,5.365515895905882,8.700447949234512,,,,,,0.01,262147.0
unseen,reference_PI/D_add8,reverse_off_anchor,noise_0.05_seed104729,2.5,2.5,109.59723737472511,107.5,ok,16722.956062464516,19118.040437738306,1.9918034601837729,8.585861612840603,0.0,4,0,10412.5,0.004108969599228907,5.35816198426012,8.702531671007629,,,,,,0.05,104729.0
unseen,reference_PI/D_add8,reverse_off_anchor,noise_0.05_seed130363,2.5,2.5,109.59723737472511,107.5,ok,16832.23069697043,19252.075408625646,1.9879824144771607,8.528112000622889,0.0,4,0,10470.0,0.002198317378382164,5.359980920851838,8.704709618959116,,,,,,0.05,130363.0
unseen,reference_PI/D_add8,reverse_off_anchor,noise_0.05_seed155921,2.5,2.5,109.59723737472511,107.5,ok,16760.25382152567,19129.93324228769,1.9814092898777762,8.59723756271989,0.0,4,0,10442.5,0.00577648025274069,5.368682401095534,8.703126476605751,,,,,,0.05,155921.0
unseen,reference_PI/D_add8,reverse_off_anchor,noise_0.05_seed196613,2.5,2.5,109.59723737472511,107.5,ok,16769.523736413084,19133.969251493625,1.9841125901963519,8.538890767816818,0.0,4,0,10397.5,0.005734808760042398,5.366450039562972,8.709360892336885,,,,,,0.05,196613.0
unseen,reference_PI/D_add8,reverse_off_anchor,noise_0.05_seed262147,2.5,2.5,109.59723737472511,107.5,ok,16654.74811656178,18967.208843188993,1.9805555938893438,8.615378588236432,0.0,4,0,10350.0,0.006824876057660134,5.368175976954906,8.702721100786759,,,,,,0.05,262147.0
unseen,reference_PI/D_add8,reverse_off_anchor,combined_seed104729,2.5,2.5,164.39585606208766,162.5,ok,71202.26297180796,265990.92530691583,5.698290036984256,20.645664700182902,0.0,4,2,inf,5.3678228436459765,3.001709963015743,9.071224398087361,1.5,1.15,0.85,2.0,1.2,0.05,104729.0
unseen,reference_PI/D_add8,reverse_off_anchor,combined_seed130363,2.5,2.5,164.39585606208766,162.5,ok,71155.0677848727,265811.92895365634,5.698095893186595,20.386792603036152,0.0,4,2,inf,5.367298147943293,3.0019041068134036,9.06848660560669,1.5,1.15,0.85,2.0,1.2,0.05,130363.0
unseen,reference_PI/D_add8,reverse_off_anchor,combined_seed155921,2.5,2.5,164.39585606208766,162.5,ok,71145.40295324245,265793.4984433084,5.697993438325986,20.631038677677964,0.0,4,2,inf,5.3671896859909385,3.0020065616740133,9.069944952631275,1.5,1.15,0.85,2.0,1.2,0.05,155921.0
unseen,reference_PI/D_add8,reverse_off_anchor,combined_seed196613,2.5,2.5,164.39585606208766,162.5,ok,71211.06419569523,266153.02472084493,5.698962098138992,20.194560244711813,0.0,4,2,inf,5.369007178861295,3.0010379018610074,9.07099995370528,1.5,1.15,0.85,2.0,1.2,0.05,196613.0
unseen,reference_PI/D_add8,reverse_off_anchor,combined_seed262147,2.5,2.5,164.39585606208766,162.5,ok,71108.87292643065,265720.46377519506,5.697887472002559,20.729830922384654,0.0,4,2,inf,5.367427489449466,3.0021125279974394,9.069349458428706,1.5,1.15,0.85,2.0,1.2,0.05,262147.0
unseen,reference_PI/D_add8,cross_equivalence,nominal,2.5,2.5,109.59723737472511,107.5,ok,57846.70689313999,128901.11229884127,4.109314153949691,1.705591329735812,0.0,7,3,inf,1.5383150609151413,3.9402859809602857,10.194004665579978,,,,,,,
unseen,reference_PI/D_add8,cross_equivalence,delay_minus30,2.5,2.5,76.71806616230758,75.0,ok,53642.99995345234,121431.31002143017,4.0902639954701625,1.5729429683914082,0.0,7,2,inf,1.3850581123637946,3.950497397936402,10.186217908858913,0.7,,,,,,
unseen,reference_PI/D_add8,cross_equivalence,delay_plus50,2.5,2.5,164.39585606208766,162.5,ok,67611.65656378509,150391.13609659948,4.1421592583340185,2.0519348448174677,0.0,7,5,inf,1.7750727062955134,3.96377633523215,10.2067951714218,1.5,,,,,,
unseen,reference_PI/D_add8,cross_equivalence,acid_plus15,2.5,2.5,109.59723737472511,107.5,ok,78050.88431588418,183628.39779513312,4.762144374492037,2.6983977141652726,0.0,7,5,inf,1.6124476126417293,3.2843885713143655,10.253332595512504,,1.15,,,,,
unseen,reference_PI/D_add8,cross_equivalence,acid_minus15,2.5,2.5,109.59723737472511,107.5,ok,88905.2516370687,252897.35563846678,5.366170406929328,3.02968205254623,0.0,7,6,inf,1.20086831763878,3.983961672852855,10.616170406929328,,0.85,,,,,
unseen,reference_PI/D_add8,cross_equivalence,base_minus15,2.5,2.5,109.59723737472511,107.5,ok,81822.78246735432,197279.10140802886,4.866662654586808,2.7894706985724893,0.0,7,4,inf,1.7168813844999842,3.2674876977417426,10.1955820907955,,,0.85,,,,
unseen,reference_PI/D_add8,cross_equivalence,base_plus15,2.5,2.5,109.59723737472511,107.5,ok,87786.47791498224,241678.8872403723,5.339360633936186,2.9558838472624425,0.0,7,6,inf,1.0278245987769603,3.952044507792803,10.589360633936186,,,1.15,,,,
unseen,reference_PI/D_add8,cross_equivalence,Kw_half,2.5,2.5,109.59723737472511,107.5,ok,68604.65458012241,149514.8557942846,4.113943191801633,1.9349145074874254,0.0,7,3,inf,1.30919271186161,3.9475900828148136,10.478560766721632,,,,0.5,,,
unseen,reference_PI/D_add8,cross_equivalence,Kw_double,2.5,2.5,109.59723737472511,107.5,ok,53776.928282448614,113365.82427000161,4.101362388678105,1.513524921864251,0.0,7,3,inf,0.6742452006567001,3.94086556228446,9.91095050478248,,,,2.0,,,
unseen,reference_PI/D_add8,cross_equivalence,volume_plus20,2.5,2.5,109.59723737472511,107.5,ok,63589.91947599343,139071.93015922053,4.064640499999213,1.8921093284282353,0.0,7,4,inf,0.7285880552233328,3.9845017761735866,10.161183455704956,,,,,1.2,,
unseen,reference_PI/D_add8,cross_equivalence,volume_minus20,2.5,2.5,109.59723737472511,107.5,ok,52011.48794651167,117604.4358643396,4.161031175758329,1.4929831339548159,0.0,7,2,inf,0.71854526666014,3.8994154487479107,10.230967620443042,,,,,0.8,,
unseen,reference_PI/D_add8,cross_equivalence,noise_0.01_seed104729,2.5,2.5,109.59723737472511,107.5,ok,57858.03820638299,128890.5368901116,4.109253998554681,3.4504401958356627,0.0,7,3,inf,1.538246943646663,3.9402646051445847,10.194005781582835,,,,,,0.01,104729.0
unseen,reference_PI/D_add8,cross_equivalence,noise_0.01_seed130363,2.5,2.5,109.59723737472511,107.5,ok,57857.63170885209,128899.2281653304,4.109449293826249,3.45135464570493,0.0,7,3,inf,1.5372998993462668,3.940250020144652,10.194038071671967,,,,,,0.01,130363.0
unseen,reference_PI/D_add8,cross_equivalence,noise_0.01_seed155921,2.5,2.5,109.59723737472511,107.5,ok,57830.54234245124,128859.18445399721,4.109268422914067,3.446969941593869,0.0,7,3,inf,1.5381343378132497,3.9405414763193747,10.194005369199504,,,,,,0.01,155921.0
unseen,reference_PI/D_add8,cross_equivalence,noise_0.01_seed196613,2.5,2.5,109.59723737472511,107.5,ok,57857.921944154084,128874.15484913217,4.109331852776418,3.448728200247669,0.0,7,3,inf,1.5364874126537105,3.9402043021614044,10.193976664134482,,,,,,0.01,196613.0
unseen,reference_PI/D_add8,cross_equivalence,noise_0.01_seed262147,2.5,2.5,109.59723737472511,107.5,ok,57856.23637277542,128915.19415482978,4.10942267637502,3.481574154531433,0.0,7,3,inf,1.5385309799369606,3.9402987868291532,10.194032818572655,,,,,,0.01,262147.0
unseen,reference_PI/D_add8,cross_equivalence,noise_0.05_seed104729,2.5,2.5,109.59723737472511,107.5,ok,57892.71863287129,128831.81249230079,4.109211114918289,13.958255963706492,0.0,7,3,inf,1.537533006149343,3.9402612156874595,10.194001948715803,,,,,,0.05,104729.0
unseen,reference_PI/D_add8,cross_equivalence,noise_0.05_seed130363,2.5,2.5,109.59723737472511,107.5,ok,57967.71018920519,128940.54823873921,4.110002405318377,13.997260103291211,0.0,7,3,inf,1.5359157271032275,3.940146876135903,10.194174602088703,,,,,,0.05,130363.0
unseen,reference_PI/D_add8,cross_equivalence,noise_0.05_seed155921,2.5,2.5,109.59723737472511,107.5,ok,57800.79525754154,128734.36552819228,4.109063274945505,13.988090634240663,0.0,7,3,inf,1.5374400302109228,3.9415673745063033,10.194013259267026,,,,,,0.05,155921.0
unseen,reference_PI/D_add8,cross_equivalence,noise_0.05_seed196613,2.5,2.5,109.59723737472511,107.5,ok,57936.34745587007,128805.65704953723,4.109336120908005,14.039074726342161,0.0,7,3,inf,1.5282996335386558,3.9399131492022814,10.193866560325235,,,,,,0.05,196613.0
unseen,reference_PI/D_add8,cross_equivalence,noise_0.05_seed262147,2.5,2.5,109.59723737472511,107.5,ok,57936.680882833454,129014.77976231484,4.109980452743436,14.145107867774106,0.0,7,3,inf,1.5388466881685163,3.940524051436422,10.194146473039549,,,,,,0.05,262147.0
unseen,reference_PI/D_add8,cross_equivalence,combined_seed104729,2.5,2.5,164.39585606208766,162.5,ok,102693.02239365497,307306.8353592801,5.367433144252454,27.38927560975549,0.0,7,5,inf,2.2175223985342787,2.933102444579242,9.946525267474552,1.5,1.15,0.85,2.0,1.2,0.05,104729.0
unseen,reference_PI/D_add8,cross_equivalence,combined_seed130363,2.5,2.5,164.39585606208766,162.5,ok,102536.72429388214,307502.36295651505,5.36730575758795,27.12842884564531,0.0,7,5,inf,2.2173956092553353,2.9331685550948414,9.946662596317712,1.5,1.15,0.85,2.0,1.2,0.05,130363.0
unseen,reference_PI/D_add8,cross_equivalence,combined_seed155921,2.5,2.5,164.39585606208766,162.5,ok,102704.33971882868,307276.262265513,5.36719075895312,27.214635531079065,0.0,7,5,inf,2.21728417546782,2.933274842492845,9.946698378495977,1.5,1.15,0.85,2.0,1.2,0.05,155921.0
unseen,reference_PI/D_add8,cross_equivalence,combined_seed196613,2.5,2.5,164.39585606208766,162.5,ok,102726.80345584982,307335.62675547216,5.367145359733559,27.136600583185874,0.0,7,5,inf,2.2172396534543535,2.9331789651276736,9.946435119330697,1.5,1.15,0.85,2.0,1.2,0.05,196613.0
unseen,reference_PI/D_add8,cross_equivalence,combined_seed262147,2.5,2.5,164.39585606208766,162.5,ok,102728.77298594918,307379.82176170335,5.367526951316725,27.41860913512386,0.0,7,6,inf,2.217618657655683,2.933102467671969,9.946591451299895,1.5,1.15,0.85,2.0,1.2,0.05,262147.0
unseen,reference_PI/D_add8,regulatory_off_anchor,nominal,2.5,2.5,109.59723737472511,107.5,ok,75537.9187996852,177069.05443191994,3.589689542735438,2.2669732369333504,0.0,4,1,inf,0.38031283871333876,3.760310457264562,10.629007801390687,,,,,,,
unseen,reference_PI/D_add8,regulatory_off_anchor,delay_minus30,2.5,2.5,76.71806616230758,75.0,ok,67314.37955071802,164162.44914229552,3.581508673907494,2.101965008637775,0.0,4,0,16752.5,0.03891356144751956,3.7684913260925055,10.625652574574177,0.7,,,,,,
unseen,reference_PI/D_add8,regulatory_off_anchor,delay_plus50,2.5,2.5,164.39585606208766,162.5,ok,98113.71809142381,220926.38927634578,3.603199419163955,2.9599180344361367,0.0,4,3,inf,1.795755437867391,3.7468005808360445,10.630404082997961,1.5,,,,,,
unseen,reference_PI/D_add8,regulatory_off_anchor,acid_plus15,2.5,2.5,109.59723737472511,107.5,ok,96483.47013245625,262238.6484927725,4.011862475600884,3.201461304892258,0.0,4,1,inf,1.6334298900331294,3.3381375243991154,10.678846094948769,,1.15,,,,,
unseen,reference_PI/D_add8,regulatory_off_anchor,acid_minus15,2.5,2.5,109.59723737472511,107.5,ok,95531.37293269769,232354.97416198126,3.553305814174085,3.01447184128386,0.0,4,2,inf,2.7207251401212815,3.7966941858259147,10.715320497913774,,0.85,,,,,
unseen,reference_PI/D_add8,regulatory_off_anchor,base_minus15,2.5,2.5,109.59723737472511,107.5,ok,97681.46619106972,267681.8742090329,4.031581369002156,3.2375102106371196,0.0,4,2,inf,3.1307605823527718,3.3184186309978436,10.61829772747741,,,0.85,,,,
unseen,reference_PI/D_add8,regulatory_off_anchor,base_plus15,2.5,2.5,109.59723737472511,107.5,ok,95996.82375031352,237365.8777545907,3.7040507807275014,3.0671519202251387,0.0,4,2,inf,2.117480902389836,3.6459492192724983,10.699689101225763,,,1.15,,,,
unseen,reference_PI/D_add8,regulatory_off_anchor,Kw_half,2.5,2.5,109.59723737472511,107.5,ok,86309.50358750632,202149.80239808594,3.5899062568667666,2.5142051093258457,0.0,4,1,inf,0.294149660638686,3.760093743133233,10.918805045726476,,,,0.5,,,
unseen,reference_PI/D_add8,regulatory_off_anchor,Kw_double,2.5,2.5,109.59723737472511,107.5,ok,67815.29847521667,157306.9410694075,3.5892824649339508,2.0690349898375286,0.0,4,0,17430.0,0.02973248061856193,3.760717535066049,10.339687794038866,,,,2.0,,,
unseen,reference_PI/D_add8,regulatory_off_anchor,volume_plus20,2.5,2.5,109.59723737472511,107.5,ok,86112.27765671902,196627.42327294755,3.556562847839289,2.5584615369706434,0.0,4,3,inf,1.3136688215684744,3.7934371521607106,10.607501171877164,,,,,1.2,,
unseen,reference_PI/D_add8,regulatory_off_anchor,volume_minus20,2.5,2.5,109.59723737472511,107.5,ok,63363.58056600763,156899.43996556132,3.627434262316853,1.969220653117274,0.0,4,0,15975.0,0.006553450900823599,3.7225657376831465,10.653109706038558,,,,,0.8,,
unseen,reference_PI/D_add8,regulatory_off_anchor,noise_0.01_seed104729,2.5,2.5,109.59723737472511,107.5,ok,75537.03056564169,177046.08788911515,3.589733724977921,3.494863135857356,0.0,4,1,inf,0.3701296860153187,3.7602662750220786,10.628998559142193,,,,,,0.01,104729.0
unseen,reference_PI/D_add8,regulatory_off_anchor,noise_0.01_seed130363,2.5,2.5,109.59723737472511,107.5,ok,75512.0090622594,177021.64703957934,3.5897698156813735,3.488575436439824,0.0,4,1,inf,0.3870284407024043,3.760230184318626,10.628999623797538,,,,,,0.01,130363.0
unseen,reference_PI/D_add8,regulatory_off_anchor,noise_0.01_seed155921,2.5,2.5,109.59723737472511,107.5,ok,75540.7780086818,177076.10985417914,3.589685987267458,3.5155320725363124,0.0,4,1,inf,0.39082976240189016,3.760314012732542,10.629013400340988,,,,,,0.01,155921.0
unseen,reference_PI/D_add8,regulatory_off_anchor,noise_0.01_seed196613,2.5,2.5,109.59723737472511,107.5,ok,75526.0835798704,177038.10228876065,3.589672814863607,3.444689878970144,0.0,4,1,inf,0.3751053813032801,3.7603271851363926,10.629015738769162,,,,,,0.01,196613.0
unseen,reference_PI/D_add8,regulatory_off_anchor,noise_0.01_seed262147,2.5,2.5,109.59723737472511,107.5,ok,75526.95263808532,177046.30865321198,3.589663268651181,3.5246460914604727,0.0,4,1,inf,0.3844831249522933,3.7603367313488185,10.629056269692395,,,,,,0.01,262147.0
unseen,reference_PI/D_add8,regulatory_off_anchor,noise_0.05_seed104729,2.5,2.5,109.59723737472511,107.5,ok,75616.47801484799,177089.27290900837,3.589855530509906,13.242470292372719,0.0,4,1,inf,0.30209562693419834,3.760144469490094,10.628962450789155,,,,,,0.05,104729.0
unseen,reference_PI/D_add8,regulatory_off_anchor,noise_0.05_seed130363,2.5,2.5,109.59723737472511,107.5,ok,75445.55734322676,176874.9100828746,3.5901209960310436,13.028891052704795,0.0,4,1,inf,0.3942756114195243,3.759879003968956,10.628976761665784,,,,,,0.05,130363.0
unseen,reference_PI/D_add8,regulatory_off_anchor,noise_0.05_seed155921,2.5,2.5,109.59723737472511,107.5,ok,75623.37097518813,177219.16060786255,3.5897033493847044,13.223543134029283,0.0,4,1,inf,0.4133984654831675,3.7602966506152953,10.629032072788743,,,,,,0.05,155921.0
unseen,reference_PI/D_add8,regulatory_off_anchor,noise_0.05_seed196613,2.5,2.5,109.59723737472511,107.5,ok,75535.33412782566,177011.85211694843,3.5896453343474928,12.866149187348698,0.0,4,1,inf,0.32427858989295455,3.760354665652507,10.62904346777426,,,,,,0.05,196613.0
unseen,reference_PI/D_add8,regulatory_off_anchor,noise_0.05_seed262147,2.5,2.5,109.59723737472511,107.5,ok,75454.65772854934,176909.5567110356,3.5895071004232686,13.355892001601415,0.0,4,1,inf,0.3952963677712651,3.760492899576731,10.629260982461638,,,,,,0.05,262147.0
unseen,reference_PI/D_add8,regulatory_off_anchor,combined_seed104729,2.5,2.5,164.39585606208766,162.5,ok,128889.76897853072,390940.8132918933,4.378012756474857,28.575521496168456,0.0,4,4,inf,4.185671719509286,2.9719872435251427,10.359150305228136,1.5,1.15,0.85,2.0,1.2,0.05,104729.0
unseen,reference_PI/D_add8,regulatory_off_anchor,combined_seed130363,2.5,2.5,164.39585606208766,162.5,ok,128791.50892638369,390737.73405626055,4.377858378745369,28.271129796889248,0.0,4,4,inf,4.185394592954386,2.97214162125463,10.359204175905257,1.5,1.15,0.85,2.0,1.2,0.05,130363.0
unseen,reference_PI/D_add8,regulatory_off_anchor,combined_seed155921,2.5,2.5,164.39585606208766,162.5,ok,128615.53486863646,390432.1887450984,4.377802469197827,28.565864261203345,0.0,4,4,inf,4.1853419635431,2.9721975308021724,10.359252361012635,1.5,1.15,0.85,2.0,1.2,0.05,155921.0
unseen,reference_PI/D_add8,regulatory_off_anchor,combined_seed196613,2.5,2.5,164.39585606208766,162.5,ok,128644.8930364586,390412.1102152327,4.377727472339493,27.838697934853453,0.0,4,4,inf,4.185042914576315,2.9722725276605066,10.35915761830256,1.5,1.15,0.85,2.0,1.2,0.05,196613.0
unseen,reference_PI/D_add8,regulatory_off_anchor,combined_seed262147,2.5,2.5,164.39585606208766,162.5,ok,128784.0305518336,390735.7988162474,4.377919317542145,28.642079011733934,0.0,4,4,inf,4.185907782736388,2.9720806824578547,10.35931758645086,1.5,1.15,0.85,2.0,1.2,0.05,262147.0
unseen,reference_PI/D2_resample_Ti_Td,reverse_off_anchor,nominal,2.5,2.5,109.59723737472511,107.5,ok,15467.695900412149,17384.917253949377,1.9984430770865949,0.16869162181595332,0.0,4,0,9422.5,1.9165316246017028e-05,5.398896609258956,8.7,,,,,,,
unseen,reference_PI/D2_resample_Ti_Td,reverse_off_anchor,delay_minus30,2.5,2.5,76.71806616230758,75.0,ok,12688.591469380417,14183.892659974314,1.9499928636559192,0.1315131542670267,0.0,4,0,8305.0,1.1893163372356241e-05,5.39882709391824,8.7,0.7,,,,,,
unseen,reference_PI/D2_resample_Ti_Td,reverse_off_anchor,delay_plus50,2.5,2.5,164.39585606208766,162.5,ok,31437.762927204283,39253.21358130242,2.147365881071334,0.387316549731727,0.0,4,1,inf,0.1980718794360632,5.202620756861111,8.745503744009401,1.5,,,,,,
unseen,reference_PI/D2_resample_Ti_Td,reverse_off_anchor,acid_plus15,2.5,2.5,109.59723737472511,107.5,ok,42593.72953901517,138561.52989607255,5.3152198890550535,1.29876958242843,0.0,4,1,inf,0.8801696754204542,3.384780110944946,9.611249357483263,,1.15,,,,,
unseen,reference_PI/D2_resample_Ti_Td,reverse_off_anchor,acid_minus15,2.5,2.5,109.59723737472511,107.5,ok,43948.05311641692,82985.04810670215,3.212625239103472,1.254813773308582,0.0,4,1,inf,1.8628512135855573,4.473980580767888,10.760616386898402,,0.85,,,,,
unseen,reference_PI/D2_resample_Ti_Td,reverse_off_anchor,base_minus15,2.5,2.5,109.59723737472511,107.5,ok,46074.583057483265,156238.18138861097,5.338974946679949,1.4174338642299116,0.0,4,1,inf,0.8709881576616034,3.3610250533200507,9.581362018042494,,,0.85,,,,
unseen,reference_PI/D2_resample_Ti_Td,reverse_off_anchor,base_plus15,2.5,2.5,109.59723737472511,107.5,ok,40851.7471076301,74286.01991664081,3.1384110223318498,1.1498507653361987,0.0,4,1,inf,1.7887145249091283,4.438641253296626,10.748655707689919,,,1.15,,,,
unseen,reference_PI/D2_resample_Ti_Td,reverse_off_anchor,Kw_half,2.5,2.5,109.59723737472511,107.5,ok,17578.137377767285,20458.540245320884,2.2298383791560514,0.21716572690882519,0.0,4,0,10007.5,0.00041428390307096663,5.306049848285193,8.879838379156052,,,,0.5,,,
unseen,reference_PI/D2_resample_Ti_Td,reverse_off_anchor,Kw_double,2.5,2.5,109.59723737472511,107.5,ok,14749.450742088266,16095.33125490116,1.9498625019521452,0.14696570465565006,0.0,4,0,9442.5,0.006393321294121179,5.39888911599654,8.710355336256079,,,,2.0,,,
unseen,reference_PI/D2_resample_Ti_Td,reverse_off_anchor,volume_plus20,2.5,2.5,109.59723737472511,107.5,ok,18617.746126522547,21185.694067367534,2.00101075590017,0.1952795669310774,0.0,4,0,11950.0,0.0002741284427099089,5.394595020814547,8.7,,,,,1.2,,
unseen,reference_PI/D2_resample_Ti_Td,reverse_off_anchor,volume_minus20,2.5,2.5,109.59723737472511,107.5,ok,12060.969617554638,13834.673650636698,1.9869636705022113,0.14142282383936688,0.0,4,0,7557.5,2.2353719586476473e-07,5.399999999994945,8.7,,,,,0.8,,
unseen,reference_PI/D2_resample_Ti_Td,reverse_off_anchor,noise_0.01_seed104729,2.5,2.5,109.59723737472511,107.5,ok,15493.384863004867,17412.922340232464,2.000183926701359,1.7453389440190872,0.0,4,0,9422.5,0.0005970633010967674,5.398465128958103,8.70051576845434,,,,,,0.01,104729.0
unseen,reference_PI/D2_resample_Ti_Td,reverse_off_anchor,noise_0.01_seed130363,2.5,2.5,109.59723737472511,107.5,ok,15498.098401875206,17416.64851077291,1.998895076971003,1.7358875486252128,0.0,4,0,9417.5,0.0005421800582254832,5.398773268473156,8.700956221395465,,,,,,0.01,130363.0
unseen,reference_PI/D2_resample_Ti_Td,reverse_off_anchor,noise_0.01_seed155921,2.5,2.5,109.59723737472511,107.5,ok,15479.885030543983,17396.974692180225,1.9981921510478209,1.7538317026176786,0.0,4,0,9402.5,0.000959877375284357,5.398125323360868,8.700705841199408,,,,,,0.01,155921.0
unseen,reference_PI/D2_resample_Ti_Td,reverse_off_anchor,noise_0.01_seed196613,2.5,2.5,109.59723737472511,107.5,ok,15495.470033046095,17402.081632883528,1.9985798538677084,1.7367612270965065,0.0,4,0,9412.5,0.0008850759203697933,5.398312030687028,8.701943361853207,,,,,,0.01,196613.0
unseen,reference_PI/D2_resample_Ti_Td,reverse_off_anchor,noise_0.01_seed262147,2.5,2.5,109.59723737472511,107.5,ok,15478.699207183045,17379.735040648124,1.9977343576617717,1.7528767002191303,0.0,4,0,9430.0,0.0011262867708801139,5.397996612292531,8.700430878564823,,,,,,0.01,262147.0
unseen,reference_PI/D2_resample_Ti_Td,reverse_off_anchor,noise_0.05_seed104729,2.5,2.5,109.59723737472511,107.5,ok,15641.20203898624,17553.401070969994,2.0061977853821062,8.413046084268911,0.0,4,0,9392.5,0.004384846126803232,5.395657486290011,8.702237907105355,,,,,,0.05,104729.0
unseen,reference_PI/D2_resample_Ti_Td,reverse_off_anchor,noise_0.05_seed130363,2.5,2.5,109.59723737472511,107.5,ok,15731.871045337371,17647.82555914241,2.002008932378139,8.364015259454938,0.0,4,0,9367.5,0.002198317378176995,5.397260797222022,8.70441184275224,,,,,,0.05,130363.0
unseen,reference_PI/D2_resample_Ti_Td,reverse_off_anchor,noise_0.05_seed155921,2.5,2.5,109.59723737472511,107.5,ok,15607.741357079216,17514.181925238136,1.9962975476325795,8.444054727172015,0.0,4,0,9302.5,0.0048823538133406785,5.391858039178388,8.70278659964973,,,,,,0.05,155921.0
unseen,reference_PI/D2_resample_Ti_Td,reverse_off_anchor,noise_0.05_seed196613,2.5,2.5,109.59723737472511,107.5,ok,15632.574120184167,17483.60784968643,1.9983103194996623,8.363632085032904,0.0,4,0,9355.0,0.005734808759681798,5.395006453030697,8.70951691318049,,,,,,0.05,196613.0
unseen,reference_PI/D2_resample_Ti_Td,reverse_off_anchor,noise_0.05_seed262147,2.5,2.5,109.59723737472511,107.5,ok,15542.652071403332,17341.469068350627,1.9948304266316335,8.437828312773545,0.0,4,0,9455.0,0.006824876057315521,5.391483989030901,8.702644999162175,,,,,,0.05,262147.0
unseen,reference_PI/D2_resample_Ti_Td,reverse_off_anchor,combined_seed104729,2.5,2.5,164.39585606208766,162.5,ok,71201.55957972177,265576.0280103228,5.698337239441971,20.370682376829098,0.0,4,1,inf,5.367924791790863,3.001662760558029,9.076773725625012,1.5,1.15,0.85,2.0,1.2,0.05,104729.0
unseen,reference_PI/D2_resample_Ti_Td,reverse_off_anchor,combined_seed130363,2.5,2.5,164.39585606208766,162.5,ok,71103.17201844195,265274.21140898846,5.698144142822261,20.105898667967764,0.0,4,1,inf,5.367402512374677,3.0018558571777385,9.073844263248642,1.5,1.15,0.85,2.0,1.2,0.05,130363.0
unseen,reference_PI/D2_resample_Ti_Td,reverse_off_anchor,combined_seed155921,2.5,2.5,164.39585606208766,162.5,ok,71074.75987498081,265362.7067799417,5.698041682506284,20.385107808461918,0.0,4,1,inf,5.367293994409476,3.0019583174937154,9.075580759640607,1.5,1.15,0.85,2.0,1.2,0.05,155921.0
unseen,reference_PI/D2_resample_Ti_Td,reverse_off_anchor,combined_seed196613,2.5,2.5,164.39585606208766,162.5,ok,71205.20545394666,265718.2318262074,5.6990049496647135,19.943308575028393,0.0,4,1,inf,5.36909978681614,3.0009950503352862,9.07660164435294,1.5,1.15,0.85,2.0,1.2,0.05,196613.0
unseen,reference_PI/D2_resample_Ti_Td,reverse_off_anchor,combined_seed262147,2.5,2.5,164.39585606208766,162.5,ok,71040.97235263295,265147.6138055475,5.697936382969973,20.44253592632004,0.0,4,1,inf,5.36753312292449,3.002063617030026,9.075261849832971,1.5,1.15,0.85,2.0,1.2,0.05,262147.0
unseen,reference_PI/D2_resample_Ti_Td,cross_equivalence,nominal,2.5,2.5,109.59723737472511,107.5,ok,56928.76647872427,127944.69057246104,4.109086120204487,1.6773017300314779,0.0,7,3,inf,1.562851232001834,3.940314773191643,10.194862130004072,,,,,,,
unseen,reference_PI/D2_resample_Ti_Td,cross_equivalence,delay_minus30,2.5,2.5,76.71806616230758,75.0,ok,53611.89106899679,121481.03219445667,4.09039820495712,1.5570649090884565,0.0,7,2,inf,1.4245924045152156,3.950550592313865,10.18707993492895,0.7,,,,,,
unseen,reference_PI/D2_resample_Ti_Td,cross_equivalence,delay_plus50,2.5,2.5,164.39585606208766,162.5,ok,66777.15287841117,148876.2141504672,4.150423443176076,1.9960635422214734,0.0,7,5,inf,1.7521678184519471,3.9391919523704204,10.207589913863126,1.5,,,,,,
unseen,reference_PI/D2_resample_Ti_Td,cross_equivalence,acid_plus15,2.5,2.5,109.59723737472511,107.5,ok,77532.17858296992,183408.57285745037,4.762144374492037,2.675521826479173,0.0,7,4,inf,1.6124476126417293,3.2843885713143655,10.254042485661742,,1.15,,,,,
unseen,reference_PI/D2_resample_Ti_Td,cross_equivalence,acid_minus15,2.5,2.5,109.59723737472511,107.5,ok,86606.50484220294,250198.25137518698,5.366606540153091,2.983437171303387,0.0,7,5,inf,1.413770805525984,3.9840612250468572,10.616606540153091,,0.85,,,,,
unseen,reference_PI/D2_resample_Ti_Td,cross_equivalence,base_minus15,2.5,2.5,109.59723737472511,107.5,ok,81104.03013482848,196643.20673727104,4.866662654586808,2.7653148208361156,0.0,7,4,inf,1.7168813844999842,3.2674876977417426,10.196285844910813,,,0.85,,,,
unseen,reference_PI/D2_resample_Ti_Td,cross_equivalence,base_plus15,2.5,2.5,109.59723737472511,107.5,ok,85823.53808328477,239611.05441288935,5.33987219893368,2.906372162519192,0.0,7,6,inf,1.0285618998506196,3.952247385863899,10.58987219893368,,,1.15,,,,
unseen,reference_PI/D2_resample_Ti_Td,cross_equivalence,Kw_half,2.5,2.5,109.59723737472511,107.5,ok,64821.94785400336,144685.31923679356,4.113851149393431,1.8526628813189454,0.0,7,4,inf,1.2337628558755158,3.94139256160754,10.47927718366483,,,,0.5,,,
unseen,reference_PI/D2_resample_Ti_Td,cross_equivalence,Kw_double,2.5,2.5,109.59723737472511,107.5,ok,53615.72079453035,113327.64661188395,4.107811855501679,1.485780006810753,0.0,7,4,inf,0.3542334927704296,3.9405568833775004,9.911949409533662,,,,2.0,,,
unseen,reference_PI/D2_resample_Ti_Td,cross_equivalence,volume_plus20,2.5,2.5,109.59723737472511,107.5,ok,63824.91660455765,139843.1763545811,4.069192419243553,1.872045549442344,0.0,7,5,inf,1.075072715623178,3.974297440674855,10.162079448755387,,,,,1.2,,
unseen,reference_PI/D2_resample_Ti_Td,cross_equivalence,volume_minus20,2.5,2.5,109.59723737472511,107.5,ok,51128.88953768961,116512.11320974749,4.161078176888389,1.466972889738055,0.0,7,2,inf,0.31746389401483555,3.8993826665135303,10.231737181980296,,,,,0.8,,
unseen,reference_PI/D2_resample_Ti_Td,cross_equivalence,noise_0.01_seed104729,2.5,2.5,109.59723737472511,107.5,ok,56936.4973652019,127927.48143701017,4.109046173894536,3.4218127499550013,0.0,7,3,inf,1.5626858263466028,3.9402935911431163,10.194863859595124,,,,,,0.01,104729.0
unseen,reference_PI/D2_resample_Ti_Td,cross_equivalence,noise_0.01_seed130363,2.5,2.5,109.59723737472511,107.5,ok,56926.039559687306,127920.20492319894,4.109216437852716,3.4189434783817028,0.0,7,3,inf,1.5629433065990606,3.940273889837617,10.194896649344939,,,,,,0.01,130363.0
unseen,reference_PI/D2_resample_Ti_Td,cross_equivalence,noise_0.01_seed155921,2.5,2.5,109.59723737472511,107.5,ok,56911.15762086101,127901.77948550961,4.109034276775051,3.416909490861297,0.0,7,3,inf,1.5631387315716951,3.940571855616455,10.194862281078777,,,,,,0.01,155921.0
unseen,reference_PI/D2_resample_Ti_Td,cross_equivalence,noise_0.01_seed196613,2.5,2.5,109.59723737472511,107.5,ok,56951.34912372602,127933.17467732266,4.1091199560624085,3.419043646751656,0.0,7,3,inf,1.5614150380237684,3.940232305570604,10.194835407683165,,,,,,0.01,196613.0
unseen,reference_PI/D2_resample_Ti_Td,cross_equivalence,noise_0.01_seed262147,2.5,2.5,109.59723737472511,107.5,ok,56924.78860621195,127959.50850571464,4.109214366251097,3.452056443937651,0.0,7,3,inf,1.5629489026598664,3.940323616736401,10.194889098184928,,,,,,0.01,262147.0
unseen,reference_PI/D2_resample_Ti_Td,cross_equivalence,noise_0.05_seed104729,2.5,2.5,109.59723737472511,107.5,ok,56955.52733460338,127859.46281091656,4.109109412771699,13.874518218282656,0.0,7,3,inf,1.5609374526100384,3.9402909071860166,10.194864580609705,,,,,,0.05,104729.0
unseen,reference_PI/D2_resample_Ti_Td,cross_equivalence,noise_0.05_seed130363,2.5,2.5,109.59723737472511,107.5,ok,56894.30310134191,127784.5783333267,4.109768416662427,13.882490464474888,0.0,7,3,inf,1.565535220264306,3.9401032534968943,10.195037291402997,,,,,,0.05,130363.0
unseen,reference_PI/D2_resample_Ti_Td,cross_equivalence,noise_0.05_seed155921,2.5,2.5,109.59723737472511,107.5,ok,56834.726979177976,127711.75347008868,4.108839513091834,13.892797624292136,0.0,7,3,inf,1.5645205114921703,3.941579782387305,10.194870576374347,,,,,,0.05,155921.0
unseen,reference_PI/D2_resample_Ti_Td,cross_equivalence,noise_0.05_seed196613,2.5,2.5,109.59723737472511,107.5,ok,57020.735845672476,127828.75850986109,4.109226709002166,13.945856673003844,0.0,7,3,inf,1.5523708257708178,3.939925066388159,10.194727645023843,,,,,,0.05,196613.0
unseen,reference_PI/D2_resample_Ti_Td,cross_equivalence,noise_0.05_seed262147,2.5,2.5,109.59723737472511,107.5,ok,56907.92454927495,127979.28212688093,4.109873634256624,14.050843018406582,0.0,7,3,inf,1.5620147949381247,3.9405119178789687,10.19499809394112,,,,,,0.05,262147.0
unseen,reference_PI/D2_resample_Ti_Td,cross_equivalence,combined_seed104729,2.5,2.5,164.39585606208766,162.5,ok,101819.8321061281,306160.94696592365,5.367433144252454,27.251486189082506,0.0,7,5,inf,2.2175223985342787,2.933102444579242,9.947255996231428,1.5,1.15,0.85,2.0,1.2,0.05,104729.0
unseen,reference_PI/D2_resample_Ti_Td,cross_equivalence,combined_seed130363,2.5,2.5,164.39585606208766,162.5,ok,101709.87155325194,306282.531718382,5.36730575758795,27.009422152616022,0.0,7,6,inf,2.2173956092553353,2.9331685550948414,9.947402420659152,1.5,1.15,0.85,2.0,1.2,0.05,130363.0
unseen,reference_PI/D2_resample_Ti_Td,cross_equivalence,combined_seed155921,2.5,2.5,164.39585606208766,162.5,ok,101735.60247603583,305987.3183721313,5.36719075895312,27.072704084360222,0.0,7,6,inf,2.21728417546782,2.933274842492845,9.94742773721067,1.5,1.15,0.85,2.0,1.2,0.05,155921.0
unseen,reference_PI/D2_resample_Ti_Td,cross_equivalence,combined_seed196613,2.5,2.5,164.39585606208766,162.5,ok,101759.22287221265,306045.9324437132,5.367145359733559,26.99491262169298,0.0,7,5,inf,2.2172396534543535,2.9331789651276736,9.947168746569746,1.5,1.15,0.85,2.0,1.2,0.05,196613.0
unseen,reference_PI/D2_resample_Ti_Td,cross_equivalence,combined_seed262147,2.5,2.5,164.39585606208766,162.5,ok,101771.46980302135,306121.554872453,5.367526951316725,27.27763516286612,0.0,7,6,inf,2.217618657655683,2.933102467671969,9.94731845969827,1.5,1.15,0.85,2.0,1.2,0.05,262147.0
unseen,reference_PI/D2_resample_Ti_Td,regulatory_off_anchor,nominal,2.5,2.5,109.59723737472511,107.5,ok,73135.68246826874,174740.90628370704,3.589706954496982,2.220445900794444,0.0,4,0,17705.0,0.015166975883960987,3.7602930455030177,10.629228094941316,,,,,,,
unseen,reference_PI/D2_resample_Ti_Td,regulatory_off_anchor,delay_minus30,2.5,2.5,76.71806616230758,75.0,ok,66516.78799341715,163035.68263400966,3.5815265515139294,2.0782582436217742,0.0,4,0,17210.0,0.0024726203300637906,3.7684734484860702,10.625920426667788,0.7,,,,,,
unseen,reference_PI/D2_resample_Ti_Td,regulatory_off_anchor,delay_plus50,2.5,2.5,164.39585606208766,162.5,ok,96252.35854072691,216143.0674189104,3.6032160975627683,2.8194205916093678,0.0,4,3,inf,0.9496470059505722,3.7467839024372314,10.631135274348535,1.5,,,,,,
unseen,reference_PI/D2_resample_Ti_Td,regulatory_off_anchor,acid_plus15,2.5,2.5,109.59723737472511,107.5,ok,94804.89373668874,259589.09534934378,4.011870378727479,3.1662850846246737,0.0,4,2,inf,1.6333511983402929,3.338129621272521,10.679054632082329,,1.15,,,,,
unseen,reference_PI/D2_resample_Ti_Td,regulatory_off_anchor,acid_minus15,2.5,2.5,109.59723737472511,107.5,ok,92554.65250268,227439.53672975925,3.5533633611557445,2.95648138077133,0.0,4,2,inf,2.7217692895160717,3.796636638844255,10.715537949988612,,0.85,,,,,
unseen,reference_PI/D2_resample_Ti_Td,regulatory_off_anchor,base_minus15,2.5,2.5,109.59723737472511,107.5,ok,96139.83853754215,265078.08842754737,4.031588079398463,3.2037941449815603,0.0,4,2,inf,3.1308056270015294,3.3184119206015366,10.618527519296078,,,0.85,,,,
unseen,reference_PI/D2_resample_Ti_Td,regulatory_off_anchor,base_plus15,2.5,2.5,109.59723737472511,107.5,ok,92855.78379852371,232800.8544797933,3.703770980941071,3.0073810620302437,0.0,4,2,inf,2.1218538211036346,3.6462290190589286,10.699942928622079,,,1.15,,,,
unseen,reference_PI/D2_resample_Ti_Td,regulatory_off_anchor,Kw_half,2.5,2.5,109.59723737472511,107.5,ok,81224.33724796012,194553.6022911776,3.5899240675808604,2.4224123216917626,0.0,4,1,inf,0.3777501465171076,3.7600759324191393,10.919137676475989,,,,0.5,,,
unseen,reference_PI/D2_resample_Ti_Td,regulatory_off_anchor,Kw_double,2.5,2.5,109.59723737472511,107.5,ok,66363.76923620909,156045.64723573267,3.5893050425923714,2.0360161309054208,0.0,4,1,inf,0.06769921473437446,3.7606949574076283,10.34000172517295,,,,2.0,,,
unseen,reference_PI/D2_resample_Ti_Td,regulatory_off_anchor,volume_plus20,2.5,2.5,109.59723737472511,107.5,ok,83625.52576983302,193489.65544835298,3.556580802916041,2.509045761674824,0.0,4,2,inf,0.5763188850774714,3.7934191970839586,10.607248733684164,,,,,1.2,,
unseen,reference_PI/D2_resample_Ti_Td,regulatory_off_anchor,volume_minus20,2.5,2.5,109.59723737472511,107.5,ok,61632.9606515971,154420.09350266893,3.6274509955017114,1.9350511113609699,0.0,4,0,15580.0,0.003523984174309547,3.7225490044982883,10.653353293511643,,,,,0.8,,
unseen,reference_PI/D2_resample_Ti_Td,regulatory_off_anchor,noise_0.01_seed104729,2.5,2.5,109.59723737472511,107.5,ok,73133.72013526807,174712.19426535664,3.589751157336155,3.448212522708796,0.0,4,0,17695.0,0.017482970956234745,3.7602488426638447,10.629218974309252,,,,,,0.01,104729.0
unseen,reference_PI/D2_resample_Ti_Td,regulatory_off_anchor,noise_0.01_seed130363,2.5,2.5,109.59723737472511,107.5,ok,73113.77099133773,174706.3758512368,3.58978763030708,3.4393664180408106,0.0,4,0,17707.5,0.014172606071955585,3.7602123696929195,10.629220067746488,,,,,,0.01,130363.0
unseen,reference_PI/D2_resample_Ti_Td,regulatory_off_anchor,noise_0.01_seed155921,2.5,2.5,109.59723737472511,107.5,ok,73154.96245917078,174761.81801205283,3.5897031452684693,3.4664320861323503,0.0,4,0,17705.0,0.015122088665379785,3.7602968547315303,10.629233003224131,,,,,,0.01,155921.0
unseen,reference_PI/D2_resample_Ti_Td,regulatory_off_anchor,noise_0.01_seed196613,2.5,2.5,109.59723737472511,107.5,ok,73138.19139469977,174725.185409419,3.5896909008478866,3.393477844204149,0.0,4,0,17702.5,0.015658295522569254,3.760309099152113,10.629236330423835,,,,,,0.01,196613.0
unseen,reference_PI/D2_resample_Ti_Td,regulatory_off_anchor,noise_0.01_seed262147,2.5,2.5,109.59723737472511,107.5,ok,73109.49542084947,174698.29268579523,3.5896805684852535,3.4734217693291782,0.0,4,0,17705.0,0.014558961265297654,3.760319431514746,10.629277053949906,,,,,,0.01,262147.0
unseen,reference_PI/D2_resample_Ti_Td,regulatory_off_anchor,noise_0.05_seed104729,2.5,2.5,109.59723737472511,107.5,ok,73261.77152761353,174782.46571136435,3.589872025280153,13.095417899104191,0.0,4,0,17642.5,0.033240449378148185,3.760127974719847,10.629183415584377,,,,,,0.05,104729.0
unseen,reference_PI/D2_resample_Ti_Td,regulatory_off_anchor,noise_0.05_seed130363,2.5,2.5,109.59723737472511,107.5,ok,73064.16456836794,174607.27092692864,3.5901406421466624,12.870165035871587,0.0,4,0,17712.5,0.013300200001325813,3.7598593578533372,10.62920246117639,,,,,,0.05,130363.0
unseen,reference_PI/D2_resample_Ti_Td,regulatory_off_anchor,noise_0.05_seed155921,2.5,2.5,109.59723737472511,107.5,ok,73265.91664427915,174893.1771302014,3.589718854135879,13.058326996148388,0.0,4,0,17702.5,0.016800648042197608,3.7602811458641208,10.629249956333277,,,,,,0.05,155921.0
unseen,reference_PI/D2_resample_Ti_Td,regulatory_off_anchor,noise_0.05_seed196613,2.5,2.5,109.59723737472511,107.5,ok,73170.1095099654,174690.7706008358,3.5896657838556583,12.686664401533811,0.0,4,0,17692.5,0.019273611981584615,3.7603342161443414,10.629265141466178,,,,,,0.05,196613.0
unseen,reference_PI/D2_resample_Ti_Td,regulatory_off_anchor,noise_0.05_seed262147,2.5,2.5,109.59723737472511,107.5,ok,73054.28456013075,174584.41764260532,3.589524444085425,13.188865944850317,0.0,4,0,17697.5,0.0152086905236537,3.760475555914575,10.6294831225854,,,,,,0.05,262147.0
unseen,reference_PI/D2_resample_Ti_Td,regulatory_off_anchor,combined_seed104729,2.5,2.5,164.39585606208766,162.5,ok,128449.7969799651,388950.4902293674,4.378015906010049,28.39800274387798,0.0,4,4,inf,4.185676713713557,2.971984093989951,10.357950692253302,1.5,1.15,0.85,2.0,1.2,0.05,104729.0
unseen,reference_PI/D2_resample_Ti_Td,regulatory_off_anchor,combined_seed130363,2.5,2.5,164.39585606208766,162.5,ok,128338.68243706296,388637.27087216836,4.377861597691783,28.05143212783151,0.0,4,4,inf,4.185399699985489,2.9721384023082162,10.357985898428366,1.5,1.15,0.85,2.0,1.2,0.05,130363.0
unseen,reference_PI/D2_resample_Ti_Td,regulatory_off_anchor,combined_seed155921,2.5,2.5,164.39585606208766,162.5,ok,128329.44231418436,388596.5521790517,4.377805695953779,28.381602049838534,0.0,4,4,inf,4.185347077941705,2.97219430404622,10.35803875722985,1.5,1.15,0.85,2.0,1.2,0.05,155921.0
unseen,reference_PI/D2_resample_Ti_Td,regulatory_off_anchor,combined_seed196613,2.5,2.5,164.39585606208766,162.5,ok,128331.89289997346,388491.8221650378,4.3777303447924165,27.61283066576986,0.0,4,4,inf,4.185047469311113,2.9722696552075827,10.35801766738647,1.5,1.15,0.85,2.0,1.2,0.05,196613.0
unseen,reference_PI/D2_resample_Ti_Td,regulatory_off_anchor,combined_seed262147,2.5,2.5,164.39585606208766,162.5,ok,128393.6878438802,388878.76535953453,4.377922602027876,28.426919177909166,0.0,4,4,inf,4.185912992422022,2.9720773979721233,10.358151005836865,1.5,1.15,0.85,2.0,1.2,0.05,262147.0
unseen,reference_PI/E_original5_retuned,reverse_off_anchor,nominal,2.5,2.5,109.59723737472511,107.5,ok,69232.53520243286,142389.74747209786,2.8282168818080216,17.18178317860336,0.0,4,2,inf,2.7353180514667077,4.070712859484622,9.044265942379285,,,,,,,
unseen,reference_PI/E_original5_retuned,reverse_off_anchor,delay_minus30,2.5,2.5,76.71806616230758,75.0,ok,5670.223092352461,7109.84654363144,2.2164931590919092,0.6737666958066502,0.0,4,0,3020.0,1.3412382315891591e-11,5.28923699793744,8.86649315909191,0.7,,,,,,
unseen,reference_PI/E_original5_retuned,reverse_off_anchor,delay_plus50,2.5,2.5,164.39585606208766,162.5,ok,80594.52333847758,177602.6989577568,2.945186895969491,24.44691843880128,0.0,4,3,inf,2.9304007434984456,3.908218900952806,9.240787489416944,1.5,,,,,,
unseen,reference_PI/E_original5_retuned,reverse_off_anchor,acid_plus15,2.5,2.5,109.59723737472511,107.5,ok,45807.83530347145,112141.2602663002,5.001922681605754,10.550666426002206,0.0,4,2,inf,1.2493596238426017,3.6980773183942457,9.501733720583498,,1.15,,,,,
unseen,reference_PI/E_original5_retuned,reverse_off_anchor,acid_minus15,2.5,2.5,109.59723737472511,107.5,ok,84236.63497580223,187651.6333463414,4.148837891019257,21.195332978644746,0.0,4,3,inf,3.6486046371277547,4.048732590891655,10.552028798039055,,0.85,,,,,
unseen,reference_PI/E_original5_retuned,reverse_off_anchor,base_minus15,2.5,2.5,109.59723737472511,107.5,ok,22276.50775958971,58990.962985460246,5.036618507401235,4.002579209707418,0.0,4,0,6340.0,0.004551593061837167,3.6633814925987647,9.4763523380705,,,0.85,,,,
unseen,reference_PI/E_original5_retuned,reverse_off_anchor,base_plus15,2.5,2.5,109.59723737472511,107.5,ok,95168.4843031069,234146.53453534117,4.1926509592102255,26.759827531209467,0.0,4,3,inf,4.092012412597978,3.923650735452446,10.5252050527441,,,1.15,,,,
unseen,reference_PI/E_original5_retuned,reverse_off_anchor,Kw_half,2.5,2.5,109.59723737472511,107.5,ok,33881.30270618207,56634.64175662646,2.6948879229357843,7.27169004404192,0.0,4,1,inf,1.3099257396844237,4.643934402955785,9.344887922935785,,,,0.5,,,
unseen,reference_PI/E_original5_retuned,reverse_off_anchor,Kw_double,2.5,2.5,109.59723737472511,107.5,ok,66056.12930926465,133026.18057414432,2.8021506898343977,15.946843456300467,0.0,4,2,inf,2.7761737592214324,4.036041702980563,8.744664694423292,,,,2.0,,,
unseen,reference_PI/E_original5_retuned,reverse_off_anchor,volume_plus20,2.5,2.5,109.59723737472511,107.5,ok,12427.583862963693,16391.311773700672,2.316241342070784,1.6520677146781466,0.0,4,0,7057.5,1.3256062914024369e-11,5.002288096244944,8.966241342070784,,,,,1.2,,
unseen,reference_PI/E_original5_retuned,reverse_off_anchor,volume_minus20,2.5,2.5,109.59723737472511,107.5,ok,80962.00916827479,187483.1814123877,3.3057522933857957,22.270819504824082,0.0,4,2,inf,2.3542114282839854,3.6278683592892715,9.138772446674224,,,,,0.8,,
unseen,reference_PI/E_original5_retuned,reverse_off_anchor,noise_0.01_seed104729,2.5,2.5,109.59723737472511,107.5,ok,69310.56593340855,142546.6704609164,2.8315595819658457,35.47292344541775,0.0,4,2,inf,2.733689927106795,4.073017672736812,9.04510999914391,,,,,,0.01,104729.0
unseen,reference_PI/E_original5_retuned,reverse_off_anchor,noise_0.01_seed130363,2.5,2.5,109.59723737472511,107.5,ok,69322.14169317055,142552.89763325965,2.8322070691315124,35.606465860013266,0.0,4,2,inf,2.751967175675846,4.061051074179315,9.046453626531108,,,,,,0.01,130363.0
unseen,reference_PI/E_original5_retuned,reverse_off_anchor,noise_0.01_seed155921,2.5,2.5,109.59723737472511,107.5,ok,69357.93773397391,142651.30199379055,2.836350321402132,35.67072058090237,0.0,4,2,inf,2.765964074263265,4.052265427772534,9.045155254105579,,,,,,0.01,155921.0
unseen,reference_PI/E_original5_retuned,reverse_off_anchor,noise_0.01_seed196613,2.5,2.5,109.59723737472511,107.5,ok,69267.74737531463,142372.76052206423,2.829559244985316,35.86718234332908,0.0,4,2,inf,2.7406109883175844,4.066903239698313,9.041758499098272,,,,,,0.01,196613.0
unseen,reference_PI/E_original5_retuned,reverse_off_anchor,noise_0.01_seed262147,2.5,2.5,109.59723737472511,107.5,ok,69293.35386538126,142477.53918254355,2.8339890204722256,35.77871242849276,0.0,4,2,inf,2.7458038072687767,4.064125017194152,9.043549413222944,,,,,,0.01,262147.0
unseen,reference_PI/E_original5_retuned,reverse_off_anchor,noise_0.05_seed104729,2.5,2.5,109.59723737472511,107.5,ok,69502.69726241678,142827.74330427608,2.8548210691617415,138.36564553724006,0.0,4,2,inf,2.727399795869018,4.081326119752106,9.046770334944988,,,,,,0.05,104729.0
unseen,reference_PI/E_original5_retuned,reverse_off_anchor,noise_0.05_seed130363,2.5,2.5,109.59723737472511,107.5,ok,69494.8714390331,142704.5838219313,2.84824358005019,138.78344429298477,0.0,4,2,inf,2.782224778465852,4.044457569160578,9.056594009637712,,,,,,0.05,130363.0
unseen,reference_PI/E_original5_retuned,reverse_off_anchor,noise_0.05_seed155921,2.5,2.5,109.59723737472511,107.5,ok,69680.50575616282,143279.84525427688,2.852387121794174,139.6752289466058,0.0,4,2,inf,2.8032208409022354,4.028191996535558,9.049440647114938,,,,,,0.05,155921.0
unseen,reference_PI/E_original5_retuned,reverse_off_anchor,noise_0.05_seed196613,2.5,2.5,109.59723737472511,107.5,ok,69444.53574604177,142462.4840561557,2.850007823086342,139.46029827683688,0.0,4,2,inf,2.736980665012519,4.064904358099316,9.030005847270518,,,,,,0.05,196613.0
unseen,reference_PI/E_original5_retuned,reverse_off_anchor,noise_0.05_seed262147,2.5,2.5,109.59723737472511,107.5,ok,69115.09448903275,141621.90236966265,2.850283968946444,138.01321701792563,0.0,4,2,inf,2.7292305024212205,4.074337550540064,9.039518714314228,,,,,,0.05,262147.0
unseen,reference_PI/E_original5_retuned,reverse_off_anchor,combined_seed104729,2.5,2.5,164.39585606208766,162.5,ok,51378.52898512852,121048.22754923423,5.4438736625114315,80.50743345852948,0.0,4,2,inf,1.911908886485139,3.256126337488568,9.541145816426537,1.5,1.15,0.85,2.0,1.2,0.05,104729.0
unseen,reference_PI/E_original5_retuned,reverse_off_anchor,combined_seed130363,2.5,2.5,164.39585606208766,162.5,ok,50948.07271712257,120325.65921115341,5.442900003666476,80.54410629095356,0.0,4,1,inf,1.8789493209208743,3.2570999963335234,9.543204264887747,1.5,1.15,0.85,2.0,1.2,0.05,130363.0
unseen,reference_PI/E_original5_retuned,reverse_off_anchor,combined_seed155921,2.5,2.5,164.39585606208766,162.5,ok,51236.09318638533,120401.62933972225,5.4431254244329885,79.70514397257952,0.0,4,1,inf,1.904870382742482,3.256874575567011,9.541283778414638,1.5,1.15,0.85,2.0,1.2,0.05,155921.0
unseen,reference_PI/E_original5_retuned,reverse_off_anchor,combined_seed196613,2.5,2.5,164.39585606208766,162.5,ok,51051.74001153928,120811.10991558252,5.44791089872547,80.41291607065688,0.0,4,1,inf,1.9114763936253292,3.252089101274529,9.541228356002321,1.5,1.15,0.85,2.0,1.2,0.05,196613.0
unseen,reference_PI/E_original5_retuned,reverse_off_anchor,combined_seed262147,2.5,2.5,164.39585606208766,162.5,ok,49712.50841127419,118097.65644107945,5.44269246747321,79.07276299737934,0.0,4,1,inf,1.8044406256223953,3.2573075325267897,9.541465581911503,1.5,1.15,0.85,2.0,1.2,0.05,262147.0
unseen,reference_PI/E_original5_retuned,cross_equivalence,nominal,2.5,2.5,109.59723737472511,107.5,ok,97115.0670712437,232882.35464335518,3.8379731670320254,25.190648983783838,0.0,7,5,inf,3.4687673575012914,4.417357686419936,9.728245575865525,,,,,,,
unseen,reference_PI/E_original5_retuned,cross_equivalence,delay_minus30,2.5,2.5,76.71806616230758,75.0,ok,52821.42259919772,138601.63623761616,3.779359165402271,11.391547010269122,0.0,7,1,inf,2.8964797804128724,4.092510043293112,9.90613593817287,0.7,,,,,,
unseen,reference_PI/E_original5_retuned,cross_equivalence,delay_plus50,2.5,2.5,164.39585606208766,162.5,ok,109585.44622346049,271442.08276168624,3.915630385642344,31.37979594782523,0.0,7,4,inf,2.238470076529242,4.222862115541932,9.863074080992945,1.5,,,,,,
unseen,reference_PI/E_original5_retuned,cross_equivalence,acid_plus15,2.5,2.5,109.59723737472511,107.5,ok,100994.44766647386,238727.66785216957,3.908568215305591,25.542305735362547,0.0,7,5,inf,3.41858552773597,3.6055523697087604,9.718927707374954,,1.15,,,,,
unseen,reference_PI/E_original5_retuned,cross_equivalence,acid_minus15,2.5,2.5,109.59723737472511,107.5,ok,105565.16125025511,261539.01931854052,4.932094571551314,26.642322467478138,0.0,7,5,inf,3.508619764386828,3.9045140736964017,10.182094571551314,,0.85,,,,,
unseen,reference_PI/E_original5_retuned,cross_equivalence,base_minus15,2.5,2.5,109.59723737472511,107.5,ok,54131.93976668918,108031.57940670653,3.8578436589675054,10.702534042293212,0.0,7,2,inf,1.4253219165083655,3.5621869746013153,9.950727396708663,,,0.85,,,,
unseen,reference_PI/E_original5_retuned,cross_equivalence,base_plus15,2.5,2.5,109.59723737472511,107.5,ok,135330.24928767595,382409.4498203868,4.87749798326969,38.78649967537601,0.0,7,6,inf,2.2722693346395104,3.9102713724809384,10.12749798326969,,,1.15,,,,
unseen,reference_PI/E_original5_retuned,cross_equivalence,Kw_half,2.5,2.5,109.59723737472511,107.5,ok,88298.40758854031,200934.54613021368,3.8361289274008286,22.595826540718082,0.0,7,4,inf,2.1649032966018327,4.482970188622244,9.974719629360978,,,,0.5,,,
unseen,reference_PI/E_original5_retuned,cross_equivalence,Kw_double,2.5,2.5,109.59723737472511,107.5,ok,97100.31147862042,234344.04157909765,3.83989938706109,23.613095760945065,0.0,7,5,inf,2.8576102637007663,4.091094327768749,9.494577303407723,,,,2.0,,,
unseen,reference_PI/E_original5_retuned,cross_equivalence,volume_plus20,2.5,2.5,109.59723737472511,107.5,ok,52461.55891952518,105311.2150563033,3.7831723760940497,10.257031688485952,0.0,7,2,inf,1.0681985101032927,4.260954325754998,9.884838005135656,,,,,1.2,,
unseen,reference_PI/E_original5_retuned,cross_equivalence,volume_minus20,2.5,2.5,109.59723737472511,107.5,ok,129466.44571446138,364759.7855173156,4.061952481780589,36.92657145827997,0.0,7,6,inf,4.050490265797537,3.9321670157997812,9.764740936772185,,,,,0.8,,
unseen,reference_PI/E_original5_retuned,cross_equivalence,noise_0.01_seed104729,2.5,2.5,109.59723737472511,107.5,ok,97093.61015574855,232418.46453035978,3.8375565449071924,41.69758379114083,0.0,7,5,inf,3.4709656562469258,4.427996037698128,9.730908586125633,,,,,,0.01,104729.0
unseen,reference_PI/E_original5_retuned,cross_equivalence,noise_0.01_seed130363,2.5,2.5,109.59723737472511,107.5,ok,97165.58897916603,233270.019486301,3.8385593544728893,42.15888063929212,0.0,7,5,inf,3.4650114944044237,4.410794270172927,9.726581269384766,,,,,,0.01,130363.0
unseen,reference_PI/E_original5_retuned,cross_equivalence,noise_0.01_seed155921,2.5,2.5,109.59723737472511,107.5,ok,97037.43826048175,232594.4566429162,3.8379164061140525,41.760542337953844,0.0,7,5,inf,3.4547393111944205,4.419880300126687,9.725970316532095,,,,,,0.01,155921.0
unseen,reference_PI/E_original5_retuned,cross_equivalence,noise_0.01_seed196613,2.5,2.5,109.59723737472511,107.5,ok,97256.98450795717,232995.41280217795,3.838089923771137,41.852039821852685,0.0,7,5,inf,3.483128997202596,4.425217633319391,9.731486850241062,,,,,,0.01,196613.0
unseen,reference_PI/E_original5_retuned,cross_equivalence,noise_0.01_seed262147,2.5,2.5,109.59723737472511,107.5,ok,97213.39750872753,233132.8444148734,3.8381406724558165,41.897674702485304,0.0,7,5,inf,3.442412220023326,4.4018036031340415,9.729908692243724,,,,,,0.01,262147.0
unseen,reference_PI/E_original5_retuned,cross_equivalence,noise_0.05_seed104729,2.5,2.5,109.59723737472511,107.5,ok,96957.97922675012,231584.58972317696,3.8362183967182046,145.4276493318168,0.0,7,5,inf,3.266340739416747,3.962897776980999,9.741189225675335,,,,,,0.05,104729.0
unseen,reference_PI/E_original5_retuned,cross_equivalence,noise_0.05_seed130363,2.5,2.5,109.59723737472511,107.5,ok,97551.7997444136,234430.45113661748,3.8411442423390874,148.8213264491361,0.0,7,5,inf,3.443841120893275,4.3357934392162205,9.719840650597275,,,,,,0.05,130363.0
unseen,reference_PI/E_original5_retuned,cross_equivalence,noise_0.05_seed155921,2.5,2.5,109.59723737472511,107.5,ok,96820.65707365752,231248.42595650355,3.837882935331038,146.29142890769248,0.0,7,5,inf,3.3865113992344433,4.463881538741777,9.71681378884376,,,,,,0.05,155921.0
unseen,reference_PI/E_original5_retuned,cross_equivalence,noise_0.05_seed196613,2.5,2.5,109.59723737472511,107.5,ok,98056.02330282712,236084.73697146727,3.83886431634168,147.24746673538,0.0,7,5,inf,3.5446911579581206,3.9888740086862433,9.7445468186825,,,,,,0.05,196613.0
unseen,reference_PI/E_original5_retuned,cross_equivalence,noise_0.05_seed262147,2.5,2.5,109.59723737472511,107.5,ok,97222.92449324913,232054.8205227228,3.8396004663590215,146.1787900542981,0.0,7,5,inf,3.2168375897418917,4.357275010188736,9.736692557137069,,,,,,0.05,262147.0
unseen,reference_PI/E_original5_retuned,cross_equivalence,combined_seed104729,2.5,2.5,164.39585606208766,162.5,ok,69338.39110971412,125343.33374226662,3.9406812531959385,90.14004413804338,0.0,7,5,inf,1.7689855399549472,3.1619344683383552,9.730071653132834,1.5,1.15,0.85,2.0,1.2,0.05,104729.0
unseen,reference_PI/E_original5_retuned,cross_equivalence,combined_seed130363,2.5,2.5,164.39585606208766,162.5,ok,68228.98443605825,124332.65883262444,3.9430406735302377,88.98585925943723,0.0,7,5,inf,1.7120376882167054,3.1620833854799173,9.732442405017787,1.5,1.15,0.85,2.0,1.2,0.05,130363.0
unseen,reference_PI/E_original5_retuned,cross_equivalence,combined_seed155921,2.5,2.5,164.39585606208766,162.5,ok,69850.72672639189,125333.19134725371,3.9415959940596954,90.1723101691928,0.0,7,4,inf,1.7474354788537294,3.1620629748073052,9.732047333274538,1.5,1.15,0.85,2.0,1.2,0.05,155921.0
unseen,reference_PI/E_original5_retuned,cross_equivalence,combined_seed196613,2.5,2.5,164.39585606208766,162.5,ok,68839.85513880667,124590.74832507048,3.940787292767853,89.68163578631933,0.0,7,5,inf,1.7356450872851017,3.1618595554786753,9.730514534497187,1.5,1.15,0.85,2.0,1.2,0.05,196613.0
unseen,reference_PI/E_original5_retuned,cross_equivalence,combined_seed262147,2.5,2.5,164.39585606208766,162.5,ok,67504.04179645661,122603.60258937931,3.9403506837710873,89.84567614954236,0.0,7,4,inf,1.7416631785614847,3.161183353728119,9.733010542585236,1.5,1.15,0.85,2.0,1.2,0.05,262147.0
unseen,reference_PI/E_original5_retuned,regulatory_off_anchor,nominal,2.5,2.5,109.59723737472511,107.5,ok,124619.7071536543,311145.937633661,3.406830702505811,32.8177248919809,0.0,4,3,inf,2.808596817699865,3.9431692974941885,9.851265376276848,,,,,,,
unseen,reference_PI/E_original5_retuned,regulatory_off_anchor,delay_minus30,2.5,2.5,76.71806616230758,75.0,ok,73583.21668982669,160985.50072795097,3.282400539047096,13.789440378203892,0.0,4,0,16110.0,0.00015262970649487784,4.067599460952904,10.374849120358945,0.7,,,,,,
unseen,reference_PI/E_original5_retuned,regulatory_off_anchor,delay_plus50,2.5,2.5,164.39585606208766,162.5,ok,129333.79971926362,330792.62294160016,3.3663098893619607,38.65192164444486,0.0,4,3,inf,2.742588790159486,3.983690110638039,10.096904892103147,1.5,,,,,,
unseen,reference_PI/E_original5_retuned,regulatory_off_anchor,acid_plus15,2.5,2.5,109.59723737472511,107.5,ok,140211.5958003568,354897.0067088866,3.7379022511741065,35.76105656161377,0.0,4,4,inf,2.504069794108119,3.612097748825893,10.342492019388443,,1.15,,,,,
unseen,reference_PI/E_original5_retuned,regulatory_off_anchor,acid_minus15,2.5,2.5,109.59723737472511,107.5,ok,140379.42939797707,354483.5965312766,3.3633488615343263,37.11730494505727,0.0,4,4,inf,2.8290292995989192,3.9866511384656733,10.48135266769182,,0.85,,,,,
unseen,reference_PI/E_original5_retuned,regulatory_off_anchor,base_minus15,2.5,2.5,109.59723737472511,107.5,ok,90526.52277876489,203196.81312762634,3.767738098962292,18.1064373499659,0.0,4,1,inf,1.4514114542602332,3.5822619010377075,10.404106437613557,,,0.85,,,,
unseen,reference_PI/E_original5_retuned,regulatory_off_anchor,base_plus15,2.5,2.5,109.59723737472511,107.5,ok,152077.01921666902,411327.2911772783,3.527243350154576,43.60354571611359,0.0,4,4,inf,3.009729122038081,3.8227566498454237,10.455126143783735,,,1.15,,,,
unseen,reference_PI/E_original5_retuned,regulatory_off_anchor,Kw_half,2.5,2.5,109.59723737472511,107.5,ok,125359.35484064397,308892.5092178693,3.315248789270071,34.735040774938525,0.0,4,3,inf,2.7696202030817156,4.034751210729929,10.132203100730603,,,,0.5,,,
unseen,reference_PI/E_original5_retuned,regulatory_off_anchor,Kw_double,2.5,2.5,109.59723737472511,107.5,ok,119670.33250077427,294378.1836642992,3.314419323002996,29.957208388955088,0.0,4,3,inf,2.6003314287460055,4.035580676997004,9.675401965632991,,,,2.0,,,
unseen,reference_PI/E_original5_retuned,regulatory_off_anchor,volume_plus20,2.5,2.5,109.59723737472511,107.5,ok,72006.7051221579,152791.16464028574,3.2631515893957816,13.838453683733693,0.0,4,0,16770.0,0.0009526984828793772,4.086848410604218,10.348541049208995,,,,,1.2,,
unseen,reference_PI/E_original5_retuned,regulatory_off_anchor,volume_minus20,2.5,2.5,109.59723737472511,107.5,ok,139310.6945143248,382654.2798878567,3.376693280076893,39.65859666852678,0.0,4,3,inf,3.070075445562315,3.9733067199231065,10.259697742410898,,,,,0.8,,
unseen,reference_PI/E_original5_retuned,regulatory_off_anchor,noise_0.01_seed104729,2.5,2.5,109.59723737472511,107.5,ok,124627.22230559506,311157.47077363904,3.4064928857360606,48.68607330545453,0.0,4,3,inf,2.7989744746623444,3.943507114263939,9.85155218385904,,,,,,0.01,104729.0
unseen,reference_PI/E_original5_retuned,regulatory_off_anchor,noise_0.01_seed130363,2.5,2.5,109.59723737472511,107.5,ok,124679.78232031666,311407.19735351746,3.4093189428314457,48.74893222414873,0.0,4,3,inf,2.7986912628908005,3.940681057168554,9.850570795106716,,,,,,0.01,130363.0
unseen,reference_PI/E_original5_retuned,regulatory_off_anchor,noise_0.01_seed155921,2.5,2.5,109.59723737472511,107.5,ok,124658.51617012534,311309.9144816878,3.4128390204807766,48.93103310597107,0.0,4,3,inf,2.7926316004704574,3.937160979519223,9.851907059499256,,,,,,0.01,155921.0
unseen,reference_PI/E_original5_retuned,regulatory_off_anchor,noise_0.01_seed196613,2.5,2.5,109.59723737472511,107.5,ok,124610.49655285303,311001.2845952005,3.3943645954295056,48.85998217283873,0.0,4,3,inf,2.8145906120740367,3.955635404570494,9.850368688221645,,,,,,0.01,196613.0
unseen,reference_PI/E_original5_retuned,regulatory_off_anchor,noise_0.01_seed262147,2.5,2.5,109.59723737472511,107.5,ok,124618.42274365402,311077.67241818376,3.3973714514849838,49.16353822158618,0.0,4,3,inf,2.8186450614553795,3.952628548515016,9.84962754787899,,,,,,0.01,262147.0
unseen,reference_PI/E_original5_retuned,regulatory_off_anchor,noise_0.05_seed104729,2.5,2.5,109.59723737472511,107.5,ok,124754.0672168637,311614.09445826034,3.4108655322177897,163.3446974635673,0.0,4,3,inf,2.7954371198649914,3.93913446778221,9.852487276211868,,,,,,0.05,104729.0
unseen,reference_PI/E_original5_retuned,regulatory_off_anchor,noise_0.05_seed130363,2.5,2.5,109.59723737472511,107.5,ok,124963.08767805979,312647.72017018974,3.4295595421560763,163.18397881037552,0.0,4,3,inf,2.803020258307069,3.9204404578439234,9.851587961088702,,,,,,0.05,130363.0
unseen,reference_PI/E_original5_retuned,regulatory_off_anchor,noise_0.05_seed155921,2.5,2.5,109.59723737472511,107.5,ok,124950.82852722378,312609.70892824436,3.444041543950769,164.43512027777354,0.0,4,3,inf,2.817506743621075,3.905958456049231,9.846580753374534,,,,,,0.05,155921.0
unseen,reference_PI/E_original5_retuned,regulatory_off_anchor,noise_0.05_seed196613,2.5,2.5,109.59723737472511,107.5,ok,124644.22648104286,310852.8902085682,3.3834567155327187,162.8253500872845,0.0,4,3,inf,2.799493652022468,3.966543284467281,9.849568320702693,,,,,,0.05,196613.0
unseen,reference_PI/E_original5_retuned,regulatory_off_anchor,noise_0.05_seed262147,2.5,2.5,109.59723737472511,107.5,ok,124683.49991164409,311186.78445391834,3.3660551594969834,164.87107106554402,0.0,4,3,inf,2.82791439243568,3.9839448405030162,9.843564126417814,,,,,,0.05,262147.0
unseen,reference_PI/E_original5_retuned,regulatory_off_anchor,combined_seed104729,2.5,2.5,164.39585606208766,162.5,ok,97411.3906502485,206874.42200946272,4.151424821499081,89.87580173999281,0.0,4,4,inf,1.87878104061343,3.1985751785009193,10.156914691639289,1.5,1.15,0.85,2.0,1.2,0.05,104729.0
unseen,reference_PI/E_original5_retuned,regulatory_off_anchor,combined_seed130363,2.5,2.5,164.39585606208766,162.5,ok,97091.87985640432,205878.77543215983,4.150805966654555,87.58800337139868,0.0,4,4,inf,1.8870961012918936,3.199194033345445,10.168205473082914,1.5,1.15,0.85,2.0,1.2,0.05,130363.0
unseen,reference_PI/E_original5_retuned,regulatory_off_anchor,combined_seed155921,2.5,2.5,164.39585606208766,162.5,ok,97289.18560526319,206849.96857204373,4.15088244450598,88.88608725816312,0.0,4,4,inf,1.7145035095213412,3.1991175554940194,10.16181219678032,1.5,1.15,0.85,2.0,1.2,0.05,155921.0
unseen,reference_PI/E_original5_retuned,regulatory_off_anchor,combined_seed196613,2.5,2.5,164.39585606208766,162.5,ok,97203.17159363789,206009.26932128938,4.150767284919752,85.88852206819267,0.0,4,4,inf,1.9326441004675683,3.199232715080248,10.170497408465476,1.5,1.15,0.85,2.0,1.2,0.05,196613.0
unseen,reference_PI/E_original5_retuned,regulatory_off_anchor,combined_seed262147,2.5,2.5,164.39585606208766,162.5,ok,97274.97107517786,206645.9540328235,4.1517945893385555,89.052513433203,0.0,4,4,inf,1.7611208463921528,3.198205410661444,10.155293619671008,1.5,1.15,0.85,2.0,1.2,0.05,262147.0
unseen,reference_PI/P_move_interior_Kc,reverse_off_anchor,nominal,2.5,2.5,109.59723737472511,107.5,ok,9754.411050595783,10503.151661122542,1.9499999507312813,0.06268475246368688,0.0,4,0,5832.5,3.8836324467439454e-07,5.39855472221681,8.7,,,,,,,
unseen,reference_PI/P_move_interior_Kc,reverse_off_anchor,delay_minus30,2.5,2.5,76.71806616230758,75.0,ok,8625.183532881758,8949.764130651522,1.9499999519049611,0.05650480045391593,0.0,4,0,6217.5,1.8320419226114382e-07,5.398800805127856,8.7,0.7,,,,,,
unseen,reference_PI/P_move_interior_Kc,reverse_off_anchor,delay_plus50,2.5,2.5,164.39585606208766,162.5,ok,11448.433349115594,12597.849325745578,1.964165428329962,0.0825384829761644,0.0,4,0,7655.0,2.3217018139121137e-06,5.3858345716700375,8.7,1.5,,,,,,
unseen,reference_PI/P_move_interior_Kc,reverse_off_anchor,acid_plus15,2.5,2.5,109.59723737472511,107.5,ok,40369.94870178739,140082.3362814664,5.324232591150549,1.2377047862413733,0.0,4,1,inf,1.048015872970124,3.3757674088494505,9.756008094692621,,1.15,,,,,
unseen,reference_PI/P_move_interior_Kc,reverse_off_anchor,acid_minus15,2.5,2.5,109.59723737472511,107.5,ok,39989.24859689289,80260.25004307389,3.2133936539580095,1.1753547868192413,0.0,4,1,inf,1.8636192741062825,4.4171344205076934,10.761085134547955,,0.85,,,,,
unseen,reference_PI/P_move_interior_Kc,reverse_off_anchor,base_minus15,2.5,2.5,109.59723737472511,107.5,ok,43900.88016247334,157127.1325889562,5.3466406453787245,1.3461312900483389,0.0,4,1,inf,0.9736109444049035,3.3533593546212748,9.692289968065245,,,0.85,,,,
unseen,reference_PI/P_move_interior_Kc,reverse_off_anchor,base_plus15,2.5,2.5,109.59723737472511,107.5,ok,37226.60201232782,72872.08270944144,3.139435300634416,1.0788175422763864,0.0,4,1,inf,1.789738184487602,4.382714588377194,10.749203828370613,,,1.15,,,,
unseen,reference_PI/P_move_interior_Kc,reverse_off_anchor,Kw_half,2.5,2.5,109.59723737472511,107.5,ok,9080.537002053334,9605.62960287747,1.9500000000324471,0.06673738190034495,0.0,4,0,5300.0,0.0014267787999493464,5.398594953907411,8.819388607325937,,,,0.5,,,
unseen,reference_PI/P_move_interior_Kc,reverse_off_anchor,Kw_double,2.5,2.5,109.59723737472511,107.5,ok,10350.34347922148,10623.738143799139,1.9500209565161573,0.07259090686418013,0.0,4,0,7920.0,0.008685388400646588,5.398485958245115,8.709869782769985,,,,2.0,,,
unseen,reference_PI/P_move_interior_Kc,reverse_off_anchor,volume_plus20,2.5,2.5,109.59723737472511,107.5,ok,11018.61169510745,11929.163639458115,1.9499958971387077,0.07022770544580759,0.0,4,0,7227.5,4.091519046234282e-06,5.393808211298998,8.7,,,,,1.2,,
unseen,reference_PI/P_move_interior_Kc,reverse_off_anchor,volume_minus20,2.5,2.5,109.59723737472511,107.5,ok,7982.007433026828,8620.533046182376,1.9500000006204026,0.05608151838223119,0.0,4,0,5380.0,1.4740190401596465e-08,5.399953984593695,8.7,,,,,0.8,,
unseen,reference_PI/P_move_interior_Kc,reverse_off_anchor,noise_0.01_seed104729,2.5,2.5,109.59723737472511,107.5,ok,9785.321100328634,10535.141787993445,1.9499703708272413,0.7626015947108122,0.0,4,0,5792.5,0.0004246860554300014,5.39878912635215,8.700465723435425,,,,,,0.01,104729.0
unseen,reference_PI/P_move_interior_Kc,reverse_off_anchor,noise_0.01_seed130363,2.5,2.5,109.59723737472511,107.5,ok,9774.550926265798,10525.905410499645,1.9506372190440207,0.7575061286667433,0.0,4,0,5812.5,0.0006073798364827354,5.398875821556964,8.70091677829795,,,,,,0.01,130363.0
unseen,reference_PI/P_move_interior_Kc,reverse_off_anchor,noise_0.01_seed155921,2.5,2.5,109.59723737472511,107.5,ok,9772.696626893023,10507.756582363614,1.9483209351523163,0.7637955617417171,0.0,4,0,5832.5,0.0019809514170257003,5.398130996024313,8.700621843973012,,,,,,0.01,155921.0
unseen,reference_PI/P_move_interior_Kc,reverse_off_anchor,noise_0.01_seed196613,2.5,2.5,109.59723737472511,107.5,ok,9784.297990680057,10520.361228006288,1.950869916971433,0.7557782107664242,0.0,4,0,5825.0,0.000683872829731591,5.398717063310572,8.70190399072433,,,,,,0.01,196613.0
unseen,reference_PI/P_move_interior_Kc,reverse_off_anchor,noise_0.01_seed262147,2.5,2.5,109.59723737472511,107.5,ok,9751.032397244826,10470.104421059457,1.9490925344347563,0.7657025357483356,0.0,4,0,5832.5,0.0011162685739414258,5.397907904738353,8.700413034658002,,,,,,0.01,262147.0
unseen,reference_PI/P_move_interior_Kc,reverse_off_anchor,noise_0.05_seed104729,2.5,2.5,109.59723737472511,107.5,ok,9912.792620615324,10478.207263746004,1.9481845453448505,3.596695849160078,0.0,4,0,5765.0,0.00804405087175386,5.400737276109283,8.701678544252493,,,,,,0.05,104729.0
unseen,reference_PI/P_move_interior_Kc,reverse_off_anchor,noise_0.05_seed130363,2.5,2.5,109.59723737472511,107.5,ok,9889.420070333548,10497.42669020771,1.9505319888155084,3.591953523020133,0.0,4,0,5767.5,0.006534516152999714,5.40223167081196,8.704022134263338,,,,,,0.05,130363.0
unseen,reference_PI/P_move_interior_Kc,reverse_off_anchor,noise_0.05_seed155921,2.5,2.5,109.59723737472511,107.5,ok,9851.275023955925,10403.239065533242,1.9416211665626397,3.6182214751480988,0.0,4,0,6590.0,0.010044754251010701,5.400654173261007,8.701863078053163,,,,,,0.05,155921.0
unseen,reference_PI/P_move_interior_Kc,reverse_off_anchor,noise_0.05_seed196613,2.5,2.5,109.59723737472511,107.5,ok,9958.417904366277,10556.812184435212,1.9553433519406243,3.6025352153928,0.0,4,0,5790.0,0.004109639700568657,5.394369547221629,8.709004292569158,,,,,,0.05,196613.0
unseen,reference_PI/P_move_interior_Kc,reverse_off_anchor,noise_0.05_seed262147,2.5,2.5,109.59723737472511,107.5,ok,9746.84344270475,10251.832877470551,1.9440181689107598,3.660713152360586,0.0,4,0,5857.5,0.0072352082954685315,5.395924435757373,8.70283103917178,,,,,,0.05,262147.0
unseen,reference_PI/P_move_interior_Kc,reverse_off_anchor,combined_seed104729,2.5,2.5,164.39585606208766,162.5,ok,66204.5392405547,261620.82904797074,5.702168585444196,16.020216827166465,0.0,4,1,inf,5.376226133718618,2.9978314145558036,9.178292638123398,1.5,1.15,0.85,2.0,1.2,0.05,104729.0
unseen,reference_PI/P_move_interior_Kc,reverse_off_anchor,combined_seed130363,2.5,2.5,164.39585606208766,162.5,ok,66210.2554569352,261509.19110948854,5.701950828936762,15.811493684832463,0.0,4,1,inf,5.375662839055756,2.9980491710632373,9.178171521380483,1.5,1.15,0.85,2.0,1.2,0.05,130363.0
unseen,reference_PI/P_move_interior_Kc,reverse_off_anchor,combined_seed155921,2.5,2.5,164.39585606208766,162.5,ok,65967.34525532636,261318.07016630098,5.7018823213969405,16.02050587102112,0.0,4,1,inf,5.3756206029626865,2.9981176786030588,9.177166610340164,1.5,1.15,0.85,2.0,1.2,0.05,155921.0
unseen,reference_PI/P_move_interior_Kc,reverse_off_anchor,combined_seed196613,2.5,2.5,164.39585606208766,162.5,ok,66294.10314392929,261759.6721443982,5.7023865193624,15.642497074280296,0.0,4,1,inf,5.376440275034295,2.9976134806375994,9.178388546704788,1.5,1.15,0.85,2.0,1.2,0.05,196613.0
unseen,reference_PI/P_move_interior_Kc,reverse_off_anchor,combined_seed262147,2.5,2.5,164.39585606208766,162.5,ok,66134.91169485173,261479.6451315098,5.701776023807149,16.191619770856853,0.0,4,1,inf,5.375848070006758,2.99822397619285,9.1782020531114,1.5,1.15,0.85,2.0,1.2,0.05,262147.0
unseen,reference_PI/P_move_interior_Kc,cross_equivalence,nominal,2.5,2.5,109.59723737472511,107.5,ok,62740.65027919006,146216.22346890066,4.14588103795539,1.5874782198735327,0.0,7,3,inf,0.9701713406115449,3.9221493218977033,10.194368617485889,,,,,,,
unseen,reference_PI/P_move_interior_Kc,cross_equivalence,delay_minus30,2.5,2.5,76.71806616230758,75.0,ok,57641.695510869045,134306.1247622436,4.129271847593156,1.4867582320708,0.0,7,3,inf,0.9174085519648365,3.931767349211423,10.186581250144084,0.7,,,,,,
unseen,reference_PI/P_move_interior_Kc,cross_equivalence,delay_plus50,2.5,2.5,164.39585606208766,162.5,ok,71533.3468181432,166186.73518492302,4.172690607217891,1.8653429116242757,0.0,7,4,inf,1.5305611030186723,3.9128408444378637,10.207120093832245,1.5,,,,,,
unseen,reference_PI/P_move_interior_Kc,cross_equivalence,acid_plus15,2.5,2.5,109.59723737472511,107.5,ok,84842.23558183151,205912.303176983,4.776992381263678,2.6818921680455814,0.0,7,5,inf,1.6272887128249156,3.2767296076666796,10.253605715085211,,1.15,,,,,
unseen,reference_PI/P_move_interior_Kc,cross_equivalence,acid_minus15,2.5,2.5,109.59723737472511,107.5,ok,94158.26534142887,278614.23381123325,5.39493248384068,3.0078232680041204,0.0,7,5,inf,1.32520553260757,3.9580017975000255,10.64493248384068,,0.85,,,,,
unseen,reference_PI/P_move_interior_Kc,cross_equivalence,base_minus15,2.5,2.5,109.59723737472511,107.5,ok,86679.106292176,215122.3919765031,4.877429803272025,2.7367065573372598,0.0,7,5,inf,1.7276449135267504,3.2609963395097,10.19587321079593,,,0.85,,,,
unseen,reference_PI/P_move_interior_Kc,cross_equivalence,base_plus15,2.5,2.5,109.59723737472511,107.5,ok,91109.81124208399,265578.5482024724,5.373126163495577,2.951600747465405,0.0,7,5,inf,1.7092402015334534,3.9290623542073275,10.623126163495577,,,1.15,,,,
unseen,reference_PI/P_move_interior_Kc,cross_equivalence,Kw_half,2.5,2.5,109.59723737472511,107.5,ok,63769.36373243301,155449.99317059162,4.150226281180391,1.7064357289604208,0.0,7,3,inf,1.8443676348456899,3.9219835689207465,10.478711607652265,,,,0.5,,,
unseen,reference_PI/P_move_interior_Kc,cross_equivalence,Kw_double,2.5,2.5,109.59723737472511,107.5,ok,55376.86685675423,122524.042630299,4.136518050280262,1.451596392979054,0.0,7,3,inf,1.507698142737362,3.9226428487710754,9.911596823927136,,,,2.0,,,
unseen,reference_PI/P_move_interior_Kc,cross_equivalence,volume_plus20,2.5,2.5,109.59723737472511,107.5,ok,71033.18390409721,163125.62034072622,4.106354331563637,1.814360017094204,0.0,7,4,inf,1.7581205143319032,3.9552414423628948,10.161558298063357,,,,,1.2,,
unseen,reference_PI/P_move_interior_Kc,cross_equivalence,volume_minus20,2.5,2.5,109.59723737472511,107.5,ok,52484.93442075135,125160.84342793432,4.193016240005051,1.3969344474058767,0.0,7,1,inf,1.2114819189446466,3.883181199553355,10.231238205003377,,,,,0.8,,
unseen,reference_PI/P_move_interior_Kc,cross_equivalence,noise_0.01_seed104729,2.5,2.5,109.59723737472511,107.5,ok,62754.412450944015,146220.77735689608,4.145968414433613,2.9357177335062694,0.0,7,3,inf,0.9639274050983424,3.922137513568999,10.194357263488829,,,,,,0.01,104729.0
unseen,reference_PI/P_move_interior_Kc,cross_equivalence,noise_0.01_seed130363,2.5,2.5,109.59723737472511,107.5,ok,62739.70444156571,146199.2604975647,4.145910821666593,2.932753758271674,0.0,7,3,inf,0.9652445374284087,3.922138407300387,10.194356813431407,,,,,,0.01,130363.0
unseen,reference_PI/P_move_interior_Kc,cross_equivalence,noise_0.01_seed155921,2.5,2.5,109.59723737472511,107.5,ok,62727.445315176825,146170.90089122276,4.145800258389422,2.9298740039661277,0.0,7,3,inf,0.9678264020138805,3.9223510854065102,10.194368317294657,,,,,,0.01,155921.0
unseen,reference_PI/P_move_interior_Kc,cross_equivalence,noise_0.01_seed196613,2.5,2.5,109.59723737472511,107.5,ok,62757.78254996661,146209.92572114323,4.145931634067493,2.930584589539359,0.0,7,3,inf,0.9653131532226267,3.922124542946665,10.194348891225093,,,,,,0.01,196613.0
unseen,reference_PI/P_move_interior_Kc,cross_equivalence,noise_0.01_seed262147,2.5,2.5,109.59723737472511,107.5,ok,62731.76901672684,146195.2595095939,4.145873556970226,2.954990319130977,0.0,7,3,inf,0.9636672946556226,3.9222158419492885,10.194378439701133,,,,,,0.01,262147.0
unseen,reference_PI/P_move_interior_Kc,cross_equivalence,noise_0.05_seed104729,2.5,2.5,109.59723737472511,107.5,ok,62794.82665186213,146122.47404916605,4.146358730725212,11.730102974645888,0.0,7,3,inf,0.9305637006751022,3.922198787386656,10.194303089651807,,,,,,0.05,104729.0
unseen,reference_PI/P_move_interior_Kc,cross_equivalence,noise_0.05_seed130363,2.5,2.5,109.59723737472511,107.5,ok,62657.15236336833,145923.06678140155,4.145945812333131,11.706697859247058,0.0,7,3,inf,0.9279592320612826,3.9220816275474664,10.194329779044594,,,,,,0.05,130363.0
unseen,reference_PI/P_move_interior_Kc,cross_equivalence,noise_0.05_seed155921,2.5,2.5,109.59723737472511,107.5,ok,62691.78641179089,145964.58988925727,4.145497267510386,11.725852911258974,0.0,7,3,inf,0.9495370350947994,3.923138524730733,10.194364460015697,,,,,,0.05,155921.0
unseen,reference_PI/P_move_interior_Kc,cross_equivalence,noise_0.05_seed196613,2.5,2.5,109.59723737472511,107.5,ok,62869.65207998654,146229.4899864962,4.146099741127166,11.806555405838985,0.0,7,3,inf,0.9437945920617414,3.9219722328890527,10.194270194909713,,,,,,0.05,196613.0
unseen,reference_PI/P_move_interior_Kc,cross_equivalence,noise_0.05_seed262147,2.5,2.5,109.59723737472511,107.5,ok,62653.8786964827,145970.35369672344,4.145908990418523,11.822105716762362,0.0,7,3,inf,0.927119510729491,3.92262092673901,10.194411721011047,,,,,,0.05,262147.0
unseen,reference_PI/P_move_interior_Kc,cross_equivalence,combined_seed104729,2.5,2.5,164.39585606208766,162.5,ok,104014.52770573442,315144.53357246536,5.371694926215355,26.828916018779577,0.0,7,6,inf,2.221783631814163,2.929663594646586,9.947019618745017,1.5,1.15,0.85,2.0,1.2,0.05,104729.0
unseen,reference_PI/P_move_interior_Kc,cross_equivalence,combined_seed130363,2.5,2.5,164.39585606208766,162.5,ok,104241.08170133698,315849.3969626083,5.37169579600741,26.595097056702542,0.0,7,6,inf,2.221785077180716,2.929628117750075,9.947081925681122,1.5,1.15,0.85,2.0,1.2,0.05,130363.0
unseen,reference_PI/P_move_interior_Kc,cross_equivalence,combined_seed155921,2.5,2.5,164.39585606208766,162.5,ok,104125.05730024342,315105.42227422365,5.371575629778997,26.652249453374864,0.0,7,5,inf,2.2216684442616113,2.929742415773944,9.94718709505837,1.5,1.15,0.85,2.0,1.2,0.05,155921.0
unseen,reference_PI/P_move_interior_Kc,cross_equivalence,combined_seed196613,2.5,2.5,164.39585606208766,162.5,ok,104091.45327380438,314947.6482715643,5.370887355907014,26.6090563109565,0.0,7,6,inf,2.220981128779534,2.930162232763213,9.946957069871534,1.5,1.15,0.85,2.0,1.2,0.05,196613.0
unseen,reference_PI/P_move_interior_Kc,cross_equivalence,combined_seed262147,2.5,2.5,164.39585606208766,162.5,ok,104007.67194699214,315401.77552179585,5.372053786959128,26.923116474264386,0.0,7,5,inf,2.2221448878036534,2.9294561147632026,9.947101967619925,1.5,1.15,0.85,2.0,1.2,0.05,262147.0
unseen,reference_PI/P_move_interior_Kc,regulatory_off_anchor,nominal,2.5,2.5,109.59723737472511,107.5,ok,76092.47850639804,188387.67060672428,3.601238676567793,2.2268194795009135,0.0,4,0,17217.5,0.028100049465072274,3.748761323432207,10.62862080011248,,,,,,,
unseen,reference_PI/P_move_interior_Kc,regulatory_off_anchor,delay_minus30,2.5,2.5,76.71806616230758,75.0,ok,69401.129859123,175998.40664384532,3.593371031030838,2.1127119029310126,0.0,4,0,15940.0,0.002830720518375074,3.7566289689691614,10.625291163651504,0.7,,,,,,
unseen,reference_PI/P_move_interior_Kc,regulatory_off_anchor,delay_plus50,2.5,2.5,164.39585606208766,162.5,ok,89261.46647035348,214639.2785193576,3.6142255014905045,2.5408072469953344,0.0,4,1,inf,0.3139303397062605,3.735774498509495,10.634211109225822,1.5,,,,,,
unseen,reference_PI/P_move_interior_Kc,regulatory_off_anchor,acid_plus15,2.5,2.5,109.59723737472511,107.5,ok,96336.14145522632,269531.29194499704,4.016378520947133,3.113119145456894,0.0,4,1,inf,1.610214390837859,3.3336214790528667,10.678514433421393,,1.15,,,,,
unseen,reference_PI/P_move_interior_Kc,regulatory_off_anchor,acid_minus15,2.5,2.5,109.59723737472511,107.5,ok,94736.05853413093,242718.90839447198,3.5669491881197573,2.9637535960451995,0.0,4,1,inf,2.7191706427915907,3.7830508118802424,10.7149888926973,,0.85,,,,,
unseen,reference_PI/P_move_interior_Kc,regulatory_off_anchor,base_minus15,2.5,2.5,109.59723737472511,107.5,ok,96820.56878679206,274199.0977772605,4.035430736714334,3.1780814350093314,0.0,4,1,inf,3.156621429765293,3.3145692632856654,10.618009681713216,,,0.85,,,,
unseen,reference_PI/P_move_interior_Kc,regulatory_off_anchor,base_plus15,2.5,2.5,109.59723737472511,107.5,ok,95446.65894497698,249315.00098527077,3.714363642865813,3.0469260410786365,0.0,4,1,inf,2.110919149190133,3.6356363571341865,10.699300826545064,,,1.15,,,,
unseen,reference_PI/P_move_interior_Kc,regulatory_off_anchor,Kw_half,2.5,2.5,109.59723737472511,107.5,ok,79279.9336680044,204273.82078128093,3.6014388029216065,2.3589296024796207,0.0,4,0,16107.5,0.0044408801156397,3.748561197078393,10.918399022528583,,,,0.5,,,
unseen,reference_PI/P_move_interior_Kc,regulatory_off_anchor,Kw_double,2.5,2.5,109.59723737472511,107.5,ok,69842.10049808207,168251.14332213605,3.6008480909446567,2.073003792846113,0.0,4,0,17432.5,0.010655430677440236,3.749151909055343,10.33950518611037,,,,2.0,,,
unseen,reference_PI/P_move_interior_Kc,regulatory_off_anchor,volume_plus20,2.5,2.5,109.59723737472511,107.5,ok,85772.66494375403,208461.65786575497,3.5692118482323916,2.4804497486953236,0.0,4,1,inf,0.26627341120857917,3.780788151767608,10.606648113711731,,,,,1.2,,
unseen,reference_PI/P_move_interior_Kc,regulatory_off_anchor,volume_minus20,2.5,2.5,109.59723737472511,107.5,ok,64160.89307310633,166043.15579303564,3.637841967531809,1.9714776225697186,0.0,4,0,13682.5,6.345446819011613e-05,3.7121580324681904,10.652717250398313,,,,,0.8,,
unseen,reference_PI/P_move_interior_Kc,regulatory_off_anchor,noise_0.01_seed104729,2.5,2.5,109.59723737472511,107.5,ok,76065.0864388844,188320.58962642783,3.6013423873380304,3.4465985173155893,0.0,4,0,17220.0,0.027127191043720522,3.7486576126619693,10.628606850269136,,,,,,0.01,104729.0
unseen,reference_PI/P_move_interior_Kc,regulatory_off_anchor,noise_0.01_seed130363,2.5,2.5,109.59723737472511,107.5,ok,76083.56946314352,188357.29232479248,3.601301120833778,3.441526728752982,0.0,4,0,17207.5,0.028364196767754812,3.7486988791662217,10.62861317849098,,,,,,0.01,130363.0
unseen,reference_PI/P_move_interior_Kc,regulatory_off_anchor,noise_0.01_seed155921,2.5,2.5,109.59723737472511,107.5,ok,76091.22928619565,188383.62058107418,3.6012077727429155,3.4629899194021245,0.0,4,0,17215.0,0.02882281127074382,3.748792227257084,10.628629126231978,,,,,,0.01,155921.0
unseen,reference_PI/P_move_interior_Kc,regulatory_off_anchor,noise_0.01_seed196613,2.5,2.5,109.59723737472511,107.5,ok,76095.27559212327,188358.8768539876,3.6011950243930584,3.4102331031729074,0.0,4,0,17222.5,0.02854669265211207,3.7488049756069413,10.62863517841074,,,,,,0.01,196613.0
unseen,reference_PI/P_move_interior_Kc,regulatory_off_anchor,noise_0.01_seed262147,2.5,2.5,109.59723737472511,107.5,ok,76085.28730042336,188380.80270107763,3.6012841991089166,3.483880123950833,0.0,4,0,17190.0,0.028938815965416254,3.748715800891083,10.628671624728138,,,,,,0.01,262147.0
unseen,reference_PI/P_move_interior_Kc,regulatory_off_anchor,noise_0.05_seed104729,2.5,2.5,109.59723737472511,107.5,ok,75994.356879552,188118.33479584544,3.6017492973870984,13.078106688740158,0.0,4,0,17285.0,0.02045517871380298,3.7482507026129013,10.628563032991542,,,,,,0.05,104729.0
unseen,reference_PI/P_move_interior_Kc,regulatory_off_anchor,noise_0.05_seed130363,2.5,2.5,109.59723737472511,107.5,ok,76102.36232162132,188285.83452638448,3.6015752897363758,12.924027010587727,0.0,4,0,17237.5,0.027470948762177372,3.748424710263624,10.628605108020475,,,,,,0.05,130363.0
unseen,reference_PI/P_move_interior_Kc,regulatory_off_anchor,noise_0.05_seed155921,2.5,2.5,109.59723737472511,107.5,ok,76118.37301340727,188384.21093721635,3.6011573588805046,13.0380292602421,0.0,4,0,17247.5,0.030175247220460832,3.748842641119495,10.628658236611477,,,,,,0.05,155921.0
unseen,reference_PI/P_move_interior_Kc,regulatory_off_anchor,noise_0.05_seed196613,2.5,2.5,109.59723737472511,107.5,ok,76146.34891001438,188359.09691486158,3.6010647821263393,12.761562517798946,0.0,4,0,17242.5,0.028764384185031133,3.7489352178736604,10.628690687548119,,,,,,0.05,196613.0
unseen,reference_PI/P_move_interior_Kc,regulatory_off_anchor,noise_0.05_seed262147,2.5,2.5,109.59723737472511,107.5,ok,76117.00111979616,188416.66760657114,3.601386018530819,13.245018965839984,0.0,4,0,17112.5,0.02882706815981262,3.748613981469181,10.628889782852228,,,,,,0.05,262147.0
unseen,reference_PI/P_move_interior_Kc,regulatory_off_anchor,combined_seed104729,2.5,2.5,164.39585606208766,162.5,ok,129206.59347016262,397548.85107388225,4.37982844382902,27.98713855735184,0.0,4,3,inf,4.1885720843640835,2.9701715561709805,10.358083019970437,1.5,1.15,0.85,2.0,1.2,0.05,104729.0
unseen,reference_PI/P_move_interior_Kc,regulatory_off_anchor,combined_seed130363,2.5,2.5,164.39585606208766,162.5,ok,129266.33074908103,397561.8158625108,4.379672606195474,27.644964248168733,0.0,4,3,inf,4.1882982982241925,2.9703273938045256,10.3581172392498,1.5,1.15,0.85,2.0,1.2,0.05,130363.0
unseen,reference_PI/P_move_interior_Kc,regulatory_off_anchor,combined_seed155921,2.5,2.5,164.39585606208766,162.5,ok,129210.80532683076,397485.48440248834,4.379645387703207,27.935968748494968,0.0,4,3,inf,4.188287702746084,2.9703546122967923,10.358185222328729,1.5,1.15,0.85,2.0,1.2,0.05,155921.0
unseen,reference_PI/P_move_interior_Kc,regulatory_off_anchor,combined_seed196613,2.5,2.5,164.39585606208766,162.5,ok,129222.1157624971,397549.33714693674,4.3796620912719,27.216431102237255,0.0,4,3,inf,4.188134293968567,2.9703379087280997,10.358175937907914,1.5,1.15,0.85,2.0,1.2,0.05,196613.0
unseen,reference_PI/P_move_interior_Kc,regulatory_off_anchor,combined_seed262147,2.5,2.5,164.39585606208766,162.5,ok,129145.66170926459,397430.87867835164,4.3796868413220285,28.00883356849277,0.0,4,3,inf,4.188729546042829,2.9703131586779707,10.358308401708923,1.5,1.15,0.85,2.0,1.2,0.05,262147.0
unseen,IMC_PID/A_original3,reverse_off_anchor,nominal,2.5,2.5,109.59723737472511,107.5,ok,4442.30384764588,2992.9889172835483,2.048200452315056,0.38128493686031284,0.0,4,0,17965.0,0.00039611636779035564,5.232908863715715,8.7,,,,,,,
unseen,IMC_PID/A_original3,reverse_off_anchor,delay_minus30,2.5,2.5,76.71806616230758,75.0,ok,2967.7550184510524,2057.160200897459,1.9499999999955913,0.1484406328325525,0.0,4,0,6170.0,6.199592692457401e-05,5.2229105541698475,8.7,0.7,,,,,,
unseen,IMC_PID/A_original3,reverse_off_anchor,delay_plus50,2.5,2.5,164.39585606208766,162.5,ok,40837.85799574081,48565.287876570765,3.1919085340114393,2.3612326690288024,0.0,4,2,inf,1.2421976380325273,4.8402702054067825,8.7,1.5,,,,,,
unseen,IMC_PID/A_original3,reverse_off_anchor,acid_plus15,2.5,2.5,109.59723737472511,107.5,ok,91397.53350360433,372208.77604356175,5.422198242659279,1.3553981116402332,0.0,4,2,inf,5.328794588601712,3.2778017573407205,8.7,,1.15,,,,,
unseen,IMC_PID/A_original3,reverse_off_anchor,acid_minus15,2.5,2.5,109.59723737472511,107.5,ok,28667.453997451397,59946.65312758922,2.948124736623061,1.3578665311446434,0.0,4,1,inf,1.5986695036119887,4.485457700146018,10.717016079623772,,0.85,,,,,
unseen,IMC_PID/A_original3,reverse_off_anchor,base_minus15,2.5,2.5,109.59723737472511,107.5,ok,107088.17855927619,420962.9144911811,5.44197957843825,1.4398700928721286,0.0,4,2,inf,5.3716436482635626,3.2580204215617496,8.7,,,0.85,,,,
unseen,IMC_PID/A_original3,reverse_off_anchor,base_plus15,2.5,2.5,109.59723737472511,107.5,ok,26392.625783216492,49444.43492540128,2.7886993701262632,1.589524333220944,0.0,4,2,inf,1.3962839831821139,4.561300629873736,10.700409225002543,,,1.15,,,,
unseen,IMC_PID/A_original3,reverse_off_anchor,Kw_half,2.5,2.5,109.59723737472511,107.5,ok,15080.705786737426,12509.139249617416,2.542108316994999,1.6831259561719643,0.0,4,1,inf,0.605465013027497,5.084413905299646,8.876342214262941,,,,0.5,,,
unseen,IMC_PID/A_original3,reverse_off_anchor,Kw_double,2.5,2.5,109.59723737472511,107.5,ok,3709.997502017174,2776.8962562570687,1.9499999999945272,0.14591835385793317,0.0,4,0,6687.5,0.0007599536125209028,5.170995407653913,8.707403514625856,,,,2.0,,,
unseen,IMC_PID/A_original3,reverse_off_anchor,volume_plus20,2.5,2.5,109.59723737472511,107.5,ok,3868.5291083164566,2904.8227092536245,1.949999999998984,0.1680202574339802,0.0,4,0,7045.0,8.55200507485776e-05,5.163270907955051,8.7,,,,,1.2,,
unseen,IMC_PID/A_original3,reverse_off_anchor,volume_minus20,2.5,2.5,109.59723737472511,107.5,ok,8117.550267752948,4852.664725650551,2.3418740121923642,0.9712274007184778,0.0,4,1,inf,0.3985044698594553,5.156690928597317,8.7,,,,,0.8,,
unseen,IMC_PID/A_original3,reverse_off_anchor,noise_0.01_seed104729,2.5,2.5,109.59723737472511,107.5,ok,4500.475599026198,2995.3890110826933,2.064392653530583,47.06804473743613,0.0,4,0,17950.0,0.022365575683277683,5.2306621651246665,8.701924261464871,,,,,,0.01,104729.0
unseen,IMC_PID/A_original3,reverse_off_anchor,noise_0.01_seed130363,2.5,2.5,109.59723737472511,107.5,ok,4534.569007745343,3011.4621438093636,2.0717602198020755,47.13512009824522,0.0,4,0,17942.5,0.04786832608571334,5.2292910327715925,8.701979158454764,,,,,,0.01,130363.0
unseen,IMC_PID/A_original3,reverse_off_anchor,noise_0.01_seed155921,2.5,2.5,109.59723737472511,107.5,ok,4447.983311188887,3000.1935679009684,2.0631577290090046,46.904206745997655,0.0,4,1,inf,0.0656620244520063,5.224398364025237,8.702425618900955,,,,,,0.01,155921.0
unseen,IMC_PID/A_original3,reverse_off_anchor,noise_0.01_seed196613,2.5,2.5,109.59723737472511,107.5,ok,4574.820358035439,3005.652399573687,2.0570744196670736,46.95534590043222,0.0,4,0,17967.5,0.0022893753159882735,5.228684456137624,8.702875637139364,,,,,,0.01,196613.0
unseen,IMC_PID/A_original3,reverse_off_anchor,noise_0.01_seed262147,2.5,2.5,109.59723737472511,107.5,ok,4515.890379964939,2998.1991462584238,2.0598410738009694,47.389986145370955,0.0,4,0,17957.5,0.0059543291739503346,5.236874033378877,8.70166217948549,,,,,,0.01,262147.0
unseen,IMC_PID/A_original3,reverse_off_anchor,noise_0.05_seed104729,2.5,2.5,109.59723737472511,107.5,ok,5080.1809699933565,2969.583544131512,2.12836661839882,232.78827083103292,0.0,4,0,17995.0,0.04674186407553638,5.227874020805043,8.711038175516798,,,,,,0.05,104729.0
unseen,IMC_PID/A_original3,reverse_off_anchor,noise_0.05_seed130363,2.5,2.5,109.59723737472511,107.5,ok,5560.891178189912,3091.9908634662906,2.1746923982739794,233.31871454210682,0.0,4,1,inf,0.12867312711387324,5.222804617716762,8.710474971274483,,,,,,0.05,130363.0
unseen,IMC_PID/A_original3,reverse_off_anchor,noise_0.05_seed155921,2.5,2.5,109.59723737472511,107.5,ok,5141.461448993674,3111.2305696875555,2.171122136111032,234.6192749908341,0.0,4,1,inf,0.05528045445598995,5.287361390988807,8.712092975009615,,,,,,0.05,155921.0
unseen,IMC_PID/A_original3,reverse_off_anchor,noise_0.05_seed196613,2.5,2.5,109.59723737472511,107.5,ok,5896.944367937986,3260.926162398877,2.0931755029114685,235.5254759713542,0.0,4,2,inf,0.08914614985703473,5.173085256930563,8.714870336488914,,,,,,0.05,196613.0
unseen,IMC_PID/A_original3,reverse_off_anchor,noise_0.05_seed262147,2.5,2.5,109.59723737472511,107.5,ok,5051.46122424954,3032.0616516538194,2.12842186722124,235.26221984112092,0.0,4,0,17985.0,0.024981710115224764,5.294428957741618,8.711313476954729,,,,,,0.05,262147.0
unseen,IMC_PID/A_original3,reverse_off_anchor,combined_seed104729,2.5,2.5,164.39585606208766,162.5,ok,203050.25246789673,767234.7759660148,5.790313577498033,1092.4641970865132,0.0,4,4,inf,5.7732551726683,2.9096864225019665,8.7,1.5,1.15,0.85,2.0,1.2,0.05,104729.0
unseen,IMC_PID/A_original3,reverse_off_anchor,combined_seed130363,2.5,2.5,164.39585606208766,162.5,ok,203060.89489059988,767301.3285915129,5.790428985127081,1094.2361246935748,0.0,4,4,inf,5.773381919958544,2.909571014872918,8.7,1.5,1.15,0.85,2.0,1.2,0.05,130363.0
unseen,IMC_PID/A_original3,reverse_off_anchor,combined_seed155921,2.5,2.5,164.39585606208766,162.5,ok,203067.74241609106,767343.2769245293,5.7904534574439595,1091.4360228893552,0.0,4,4,inf,5.77341011574167,2.90954654255604,8.7,1.5,1.15,0.85,2.0,1.2,0.05,155921.0
unseen,IMC_PID/A_original3,reverse_off_anchor,combined_seed196613,2.5,2.5,164.39585606208766,162.5,ok,203194.4394354787,768118.2567631695,5.791414642946736,1085.7881793791335,0.0,4,4,inf,5.774415291350664,2.908585357053263,8.7,1.5,1.15,0.85,2.0,1.2,0.05,196613.0
unseen,IMC_PID/A_original3,reverse_off_anchor,combined_seed262147,2.5,2.5,164.39585606208766,162.5,ok,202997.9288361059,766917.5621518539,5.7899627176065165,1097.031366626109,0.0,4,4,inf,5.7729038619181665,2.910037282393483,8.7,1.5,1.15,0.85,2.0,1.2,0.05,262147.0
unseen,IMC_PID/A_original3,cross_equivalence,nominal,2.5,2.5,109.59723737472511,107.5,ok,68916.03852867847,199185.70505806027,4.089082269377597,2.3322096603932634,0.0,7,3,inf,2.5546952613907195,3.7883994299868844,10.098006348449664,,,,,,,
unseen,IMC_PID/A_original3,cross_equivalence,delay_minus30,2.5,2.5,76.71806616230758,75.0,ok,63155.916250832786,194608.08376309226,4.079292652931582,1.5863802506400937,0.0,7,2,inf,2.6134601574861067,3.7780010018815036,10.087385905698744,0.7,,,,,,
unseen,IMC_PID/A_original3,cross_equivalence,delay_plus50,2.5,2.5,164.39585606208766,162.5,ok,85981.52612231669,233010.44891158823,4.107750735840759,2.538262851809159,0.0,7,4,inf,2.711549540804226,3.754743168398641,10.184068586612153,1.5,,,,,,
unseen,IMC_PID/A_original3,cross_equivalence,acid_plus15,2.5,2.5,109.59723737472511,107.5,ok,167508.9461533685,634613.6544812456,5.209610327704045,2.5369621929841504,0.0,7,7,inf,4.834622814234548,3.164415031071133,10.155225302786645,,1.15,,,,,
unseen,IMC_PID/A_original3,cross_equivalence,acid_minus15,2.5,2.5,109.59723737472511,107.5,ok,100759.00497895145,330771.83448502125,5.298462648375374,3.716310810634919,0.0,7,5,inf,1.8430203001459464,3.837270183593623,10.548462648375374,,0.85,,,,,
unseen,IMC_PID/A_original3,cross_equivalence,base_minus15,2.5,2.5,109.59723737472511,107.5,ok,174197.8240942551,670132.534244454,5.2191491840136095,2.2705255241425,0.0,7,6,inf,4.926114154516089,3.1601236768068106,9.941787931001896,,,0.85,,,,
unseen,IMC_PID/A_original3,cross_equivalence,base_plus15,2.5,2.5,109.59723737472511,107.5,ok,99718.13194673404,315310.8530902615,5.266316829209744,4.038206024238664,0.0,7,5,inf,1.3976046337909405,3.8080915492037652,10.516316829209744,,,1.15,,,,
unseen,IMC_PID/A_original3,cross_equivalence,Kw_half,2.5,2.5,109.59723737472511,107.5,ok,81181.05097154414,215294.4409825835,4.08885244653314,3.722868130315989,0.0,7,4,inf,2.136981829638607,3.8465856499525786,10.330535931782915,,,,0.5,,,
unseen,IMC_PID/A_original3,cross_equivalence,Kw_double,2.5,2.5,109.59723737472511,107.5,ok,64576.53459804745,196295.7371984345,4.085420291599902,1.4140301824114312,0.0,7,2,inf,2.6201421904531825,3.775641529198529,9.819264301498476,,,,2.0,,,
unseen,IMC_PID/A_original3,cross_equivalence,volume_plus20,2.5,2.5,109.59723737472511,107.5,ok,68199.49015772686,208236.13992281156,4.070955132060854,1.6118328978997498,0.0,7,2,inf,2.683984562602194,3.7907360360669506,10.060547146828174,,,,,1.2,,
unseen,IMC_PID/A_original3,cross_equivalence,volume_minus20,2.5,2.5,109.59723737472511,107.5,ok,69253.07567605245,191704.5560009241,4.108903808533072,2.9559283600769444,0.0,7,4,inf,2.409711364107979,3.783175747975726,10.132107182197753,,,,,0.8,,
unseen,IMC_PID/A_original3,cross_equivalence,noise_0.01_seed104729,2.5,2.5,109.59723737472511,107.5,ok,68904.3981521343,199117.9020602571,4.089737007388929,88.16058962251566,0.0,7,2,inf,2.550497245821087,3.7889657126919074,10.097957428558923,,,,,,0.01,104729.0
unseen,IMC_PID/A_original3,cross_equivalence,noise_0.01_seed130363,2.5,2.5,109.59723737472511,107.5,ok,68795.03476690766,198718.87610462052,4.088786489136493,88.76192377032875,0.0,7,3,inf,2.5447702770990306,3.7899823145466764,10.095545186483992,,,,,,0.01,130363.0
unseen,IMC_PID/A_original3,cross_equivalence,noise_0.01_seed155921,2.5,2.5,109.59723737472511,107.5,ok,68930.17445616506,199237.27285643102,4.08869154599817,87.97313092699086,0.0,7,2,inf,2.558734749761123,3.7875793902808885,10.098181000810252,,,,,,0.01,155921.0
unseen,IMC_PID/A_original3,cross_equivalence,noise_0.01_seed196613,2.5,2.5,109.59723737472511,107.5,ok,68946.79246890298,199293.09871752944,4.089452100475606,89.16400743799872,0.0,7,3,inf,2.5575334004860375,3.7875184072040273,10.098950209424764,,,,,,0.01,196613.0
unseen,IMC_PID/A_original3,cross_equivalence,noise_0.01_seed262147,2.5,2.5,109.59723737472511,107.5,ok,68881.45249123483,198972.6054957332,4.089268821253741,88.72788141649761,0.0,7,2,inf,2.5468489241000825,3.7896704841256406,10.096698190691555,,,,,,0.01,262147.0
unseen,IMC_PID/A_original3,cross_equivalence,noise_0.05_seed104729,2.5,2.5,109.59723737472511,107.5,ok,68698.55901608134,198590.0717080159,4.091474336777393,438.7515590630064,0.0,7,4,inf,2.533340958986977,3.78977503028781,10.100979364596913,,,,,,0.05,104729.0
unseen,IMC_PID/A_original3,cross_equivalence,noise_0.05_seed130363,2.5,2.5,109.59723737472511,107.5,ok,68647.40504204416,197555.81693752704,4.088236724457145,441.5827656186352,0.0,7,3,inf,2.5956589616777377,3.773822101247268,10.082607076185298,,,,,,0.05,130363.0
unseen,IMC_PID/A_original3,cross_equivalence,noise_0.05_seed155921,2.5,2.5,109.59723737472511,107.5,ok,69385.61139237066,200692.39236188395,4.087552682624454,436.23373536743173,0.0,7,3,inf,2.5927793280671256,3.7792610550879626,10.09954662131775,,,,,,0.05,155921.0
unseen,IMC_PID/A_original3,cross_equivalence,noise_0.05_seed196613,2.5,2.5,109.59723737472511,107.5,ok,69124.74094798708,200946.8545227438,4.094060645902875,443.40045885642326,0.0,7,3,inf,2.5961082916119382,3.775759749063665,10.100822619986893,,,,,,0.05,196613.0
unseen,IMC_PID/A_original3,cross_equivalence,noise_0.05_seed262147,2.5,2.5,109.59723737472511,107.5,ok,69303.57155065778,199419.23193392402,4.094414202392759,443.2635983214248,0.0,7,3,inf,2.545052812167736,3.7865232272271183,10.09702618048461,,,,,,0.05,262147.0
unseen,IMC_PID/A_original3,cross_equivalence,combined_seed104729,2.5,2.5,164.39585606208766,162.5,ok,228280.644593106,942519.6101701758,5.542811394207764,1064.1759240818865,0.0,7,7,inf,5.4097801315881995,2.8513939648329925,5.25,1.5,1.15,0.85,2.0,1.2,0.05,104729.0
unseen,IMC_PID/A_original3,cross_equivalence,combined_seed130363,2.5,2.5,164.39585606208766,162.5,ok,228152.13082328235,941857.0496570703,5.54289377612196,1065.019194096225,0.0,7,7,inf,5.409926015182926,2.851312817845476,5.25,1.5,1.15,0.85,2.0,1.2,0.05,130363.0
unseen,IMC_PID/A_original3,cross_equivalence,combined_seed155921,2.5,2.5,164.39585606208766,162.5,ok,228252.08917654626,942358.0520419902,5.542809816889945,1062.5928921029013,0.0,7,7,inf,5.409845820533101,2.8513835471103794,5.25,1.5,1.15,0.85,2.0,1.2,0.05,155921.0
unseen,IMC_PID/A_original3,cross_equivalence,combined_seed196613,2.5,2.5,164.39585606208766,162.5,ok,228187.6237707713,941957.8928184919,5.542482823509719,1057.562353922598,0.0,7,7,inf,5.409487708588253,2.851669760176085,5.25,1.5,1.15,0.85,2.0,1.2,0.05,196613.0
unseen,IMC_PID/A_original3,cross_equivalence,combined_seed262147,2.5,2.5,164.39585606208766,162.5,ok,228240.0454262373,942320.9170659676,5.542972729643028,1069.404029075812,0.0,7,7,inf,5.40997974531648,2.851212447708128,5.25,1.5,1.15,0.85,2.0,1.2,0.05,262147.0
unseen,IMC_PID/A_original3,regulatory_off_anchor,nominal,2.5,2.5,109.59723737472511,107.5,ok,108449.64872802322,344219.06228159094,3.73991572575338,2.4717152283255226,0.0,4,0,17997.5,0.04882720664115148,3.6100842742466197,10.564693897328572,,,,,,,
unseen,IMC_PID/A_original3,regulatory_off_anchor,delay_minus30,2.5,2.5,76.71806616230758,75.0,ok,106941.69927527808,341077.753635649,3.7380953811525894,2.277045003099051,0.0,4,0,14790.0,7.631627388882123e-05,3.61190461884741,10.558663286032521,0.7,,,,,,
unseen,IMC_PID/A_original3,regulatory_off_anchor,delay_plus50,2.5,2.5,164.39585606208766,162.5,ok,122886.91646757915,355973.7744832474,3.7428977219444883,3.3510796946042785,0.0,4,3,inf,1.1679749414229974,3.6071022780555113,10.565877355289862,1.5,,,,,,
unseen,IMC_PID/A_original3,regulatory_off_anchor,acid_plus15,2.5,2.5,109.59723737472511,107.5,ok,158686.2329987198,589796.006934404,4.260965524501678,2.7788760136558004,0.0,4,3,inf,4.080726218387866,3.089034475498321,10.154440335670493,,1.15,,,,,
unseen,IMC_PID/A_original3,regulatory_off_anchor,acid_minus15,2.5,2.5,109.59723737472511,107.5,ok,122967.2433712217,387249.47056932695,3.8053645475243942,3.4952073618257966,0.0,4,3,inf,2.9043116362965486,3.5446354524756054,10.654676687438945,,0.85,,,,,
unseen,IMC_PID/A_original3,regulatory_off_anchor,base_minus15,2.5,2.5,109.59723737472511,107.5,ok,158217.69870003813,589809.5439410727,4.257600428757382,2.320729966425896,0.0,4,2,inf,4.103419711938486,3.0923995712426176,9.916719578004665,,,0.85,,,,
unseen,IMC_PID/A_original3,regulatory_off_anchor,base_plus15,2.5,2.5,109.59723737472511,107.5,ok,124506.14019178439,389167.56019378983,3.8442425637126263,4.01974305660796,0.0,4,4,inf,2.9498317143799566,3.5057574362873734,10.632895745478631,,,1.15,,,,
unseen,IMC_PID/A_original3,regulatory_off_anchor,Kw_half,2.5,2.5,109.59723737472511,107.5,ok,116988.14432557058,340757.3465697053,3.697882229395642,4.6814046359927675,0.0,4,4,inf,0.972163432293403,3.6521177706043577,10.854883166593975,,,,0.5,,,
unseen,IMC_PID/A_original3,regulatory_off_anchor,Kw_double,2.5,2.5,109.59723737472511,107.5,ok,106750.54441779197,337575.46166846727,3.739857023910235,2.0805572146372944,0.0,4,0,14665.0,3.922584838456089e-05,3.6101429760897648,10.278483629731312,,,,2.0,,,
unseen,IMC_PID/A_original3,regulatory_off_anchor,volume_plus20,2.5,2.5,109.59723737472511,107.5,ok,113388.57120777215,360958.7432720215,3.72670799659993,2.381053978971466,0.0,4,0,15340.0,0.00019135497733291373,3.6232920034000697,10.537004341493757,,,,,1.2,,
unseen,IMC_PID/A_original3,regulatory_off_anchor,volume_minus20,2.5,2.5,109.59723737472511,107.5,ok,105617.79291920809,326005.9504188477,3.754113193429752,3.1847858954689414,0.0,4,3,inf,0.15693069822288042,3.5958868065702476,10.594128931884866,,,,,0.8,,
unseen,IMC_PID/A_original3,regulatory_off_anchor,noise_0.01_seed104729,2.5,2.5,109.59723737472511,107.5,ok,108534.98912482378,344108.0742419779,3.739263258930225,118.230913016702,0.0,4,0,17975.0,0.04575879909136216,3.6107367410697746,10.5646902519182,,,,,,0.01,104729.0
unseen,IMC_PID/A_original3,regulatory_off_anchor,noise_0.01_seed130363,2.5,2.5,109.59723737472511,107.5,ok,108520.5553867362,344286.5042827411,3.7399899689571465,118.62550852623863,0.0,4,1,inf,0.060966653016458316,3.610010031042853,10.564718293149566,,,,,,0.01,130363.0
unseen,IMC_PID/A_original3,regulatory_off_anchor,noise_0.01_seed155921,2.5,2.5,109.59723737472511,107.5,ok,108517.19450656448,343878.80001660116,3.7389804895375223,118.00082085805676,0.0,4,1,inf,0.05148570498493221,3.6110195104624774,10.56494810476857,,,,,,0.01,155921.0
unseen,IMC_PID/A_original3,regulatory_off_anchor,noise_0.01_seed196613,2.5,2.5,109.59723737472511,107.5,ok,108414.18626242728,343316.38611423864,3.7375752569730314,116.86652887902775,0.0,4,1,inf,0.09551301517760269,3.6124247430269683,10.5643618104954,,,,,,0.01,196613.0
unseen,IMC_PID/A_original3,regulatory_off_anchor,noise_0.01_seed262147,2.5,2.5,109.59723737472511,107.5,ok,108529.51564090018,344357.9512624175,3.740020096923,118.64428744012817,0.0,4,1,inf,0.06755937441212545,3.6099799030769995,10.564852719971277,,,,,,0.01,262147.0
unseen,IMC_PID/A_original3,regulatory_off_anchor,noise_0.05_seed104729,2.5,2.5,109.59723737472511,107.5,ok,109070.53414466343,344535.3157784284,3.7367697238267565,588.1815573809008,0.0,4,2,inf,0.1405521877677387,3.613230276173243,10.564540271220183,,,,,,0.05,104729.0
unseen,IMC_PID/A_original3,regulatory_off_anchor,noise_0.05_seed130363,2.5,2.5,109.59723737472511,107.5,ok,108806.09300758387,343525.43107729027,3.741686629338452,589.370229561719,0.0,4,2,inf,0.163800702892126,3.6083133706615476,10.564388725154046,,,,,,0.05,130363.0
unseen,IMC_PID/A_original3,regulatory_off_anchor,noise_0.05_seed155921,2.5,2.5,109.59723737472511,107.5,ok,109264.3902037477,345281.2413096706,3.738131063673852,586.6062091168767,0.0,4,3,inf,0.11662324460894169,3.6118689363261476,10.564903882385673,,,,,,0.05,155921.0
unseen,IMC_PID/A_original3,regulatory_off_anchor,noise_0.05_seed196613,2.5,2.5,109.59723737472511,107.5,ok,108962.3622886929,343196.27986481326,3.736425590917655,581.094455118621,0.0,4,3,inf,0.15351350939274955,3.6135744090823447,10.563354591018111,,,,,,0.05,196613.0
unseen,IMC_PID/A_original3,regulatory_off_anchor,noise_0.05_seed262147,2.5,2.5,109.59723737472511,107.5,ok,108749.29247109052,343462.67726859404,3.739150686267358,589.9237157589716,0.0,4,3,inf,0.09523320208580888,3.6108493137326416,10.56548714513919,,,,,,0.05,262147.0
unseen,IMC_PID/A_original3,regulatory_off_anchor,combined_seed104729,2.5,2.5,164.39585606208766,162.5,ok,225185.7612969098,886679.5969526875,4.542301055914198,1009.0730615128873,0.0,4,4,inf,4.460268496392116,2.8076989440858013,7.860237592956362,1.5,1.15,0.85,2.0,1.2,0.05,104729.0
unseen,IMC_PID/A_original3,regulatory_off_anchor,combined_seed130363,2.5,2.5,164.39585606208766,162.5,ok,225264.7393378326,886273.4303688849,4.54201678756827,1011.9330690156429,0.0,4,3,inf,4.4599407780191385,2.807983212431729,7.882512101584989,1.5,1.15,0.85,2.0,1.2,0.05,130363.0
unseen,IMC_PID/A_original3,regulatory_off_anchor,combined_seed155921,2.5,2.5,164.39585606208766,162.5,ok,225618.25980644318,887537.5565852779,4.5419966043678635,1008.5937905935352,0.0,4,3,inf,4.459886023422314,2.808003395632136,7.7959491388954785,1.5,1.15,0.85,2.0,1.2,0.05,155921.0
unseen,IMC_PID/A_original3,regulatory_off_anchor,combined_seed196613,2.5,2.5,164.39585606208766,162.5,ok,225829.71434514783,889577.1599436356,4.5431089785043435,1003.7801494414684,0.0,4,3,inf,4.461237121390409,2.806891021495656,7.860784076917781,1.5,1.15,0.85,2.0,1.2,0.05,196613.0
unseen,IMC_PID/A_original3,regulatory_off_anchor,combined_seed262147,2.5,2.5,164.39585606208766,162.5,ok,225429.75789507458,886755.9959216496,4.541874442362401,1012.4026385429249,0.0,4,3,inf,4.459773692827154,2.8081255576375987,7.8518303143129575,1.5,1.15,0.85,2.0,1.2,0.05,262147.0
unseen,IMC_PID/B_analytic3,reverse_off_anchor,nominal,2.5,2.5,109.59723737472511,107.5,ok,6926.632653984079,6197.895595386858,1.9499999999404087,0.0317791039491242,0.0,4,0,4607.5,1.279017692645823e-06,5.399992015101525,8.7,,,,,,,
unseen,IMC_PID/B_analytic3,reverse_off_anchor,delay_minus30,2.5,2.5,76.71806616230758,75.0,ok,6511.665150035416,5575.72443485598,1.9499999999391644,0.030323440767265453,0.0,4,0,4500.0,1.355734560171129e-06,5.399995423936239,8.7,0.7,,,,,,
unseen,IMC_PID/B_analytic3,reverse_off_anchor,delay_plus50,2.5,2.5,164.39585606208766,162.5,ok,7966.620990821652,7621.408355784917,1.950000000009072,0.03450085403737013,0.0,4,0,5085.0,9.258974138504072e-07,5.399981644287704,8.7,1.5,,,,,,
unseen,IMC_PID/B_analytic3,reverse_off_anchor,acid_plus15,2.5,2.5,109.59723737472511,107.5,ok,73898.68374545325,298001.3720381842,5.455746800322016,0.9107772703269656,0.0,4,1,inf,5.2952378459775105,3.2442531996779826,8.711263779160484,,1.15,,,,,
unseen,IMC_PID/B_analytic3,reverse_off_anchor,acid_minus15,2.5,2.5,109.59723737472511,107.5,ok,108853.225287597,372651.1456974221,4.99467449606974,0.8280947617052776,0.0,4,2,inf,3.0447779697470043,4.776453564725663,10.842557406561406,,0.85,,,,,
unseen,IMC_PID/B_analytic3,reverse_off_anchor,base_minus15,2.5,2.5,109.59723737472511,107.5,ok,84823.4639560006,338512.8558026738,5.468182689050641,1.0391571657811198,0.0,4,2,inf,5.345336774057742,3.231817310949358,8.7,,,0.85,,,,
unseen,IMC_PID/B_analytic3,reverse_off_anchor,base_plus15,2.5,2.5,109.59723737472511,107.5,ok,95738.26747464176,308101.41634556995,4.842321148584,0.7319393723462184,0.0,4,2,inf,2.892484094670438,4.7356880470670575,10.838676804861816,,,1.15,,,,
unseen,IMC_PID/B_analytic3,reverse_off_anchor,Kw_half,2.5,2.5,109.59723737472511,107.5,ok,6082.831390124925,5162.7757086157435,1.9499999999551996,0.03303221365482667,0.0,4,0,4380.0,0.009968895730315452,5.399992072820788,8.871521677955442,,,,0.5,,,
unseen,IMC_PID/B_analytic3,reverse_off_anchor,Kw_double,2.5,2.5,109.59723737472511,107.5,ok,8088.896804479777,6334.871833190268,1.9500000269663058,0.03780597294222954,0.0,4,1,inf,0.0534174306482722,5.399991915425896,8.7,,,,2.0,,,
unseen,IMC_PID/B_analytic3,reverse_off_anchor,volume_plus20,2.5,2.5,109.59723737472511,107.5,ok,8897.565461688508,8407.438288938545,1.950000000285657,0.034267535550859485,0.0,4,0,5550.0,3.4877999022242534e-06,5.399190400758586,8.7,,,,,1.2,,
unseen,IMC_PID/B_analytic3,reverse_off_anchor,volume_minus20,2.5,2.5,109.59723737472511,107.5,ok,5417.752117469969,4637.812020426074,1.949999999936126,0.029384828872737856,0.0,4,0,4447.5,9.619518945847005e-06,5.400008982353466,8.7,,,,,0.8,,
unseen,IMC_PID/B_analytic3,reverse_off_anchor,noise_0.01_seed104729,2.5,2.5,109.59723737472511,107.5,ok,6961.986994107551,6186.468394835384,1.9508378611644215,18.85710917950994,0.0,4,0,4592.5,0.0025579238049857622,5.396192625884545,8.700050018180317,,,,,,0.01,104729.0
unseen,IMC_PID/B_analytic3,reverse_off_anchor,noise_0.01_seed130363,2.5,2.5,109.59723737472511,107.5,ok,6977.020490230087,6203.851896579646,1.9515530427104357,18.832024947321155,0.0,4,0,4635.0,0.0009563912953876041,5.3971186408949245,8.700316508570126,,,,,,0.01,130363.0
unseen,IMC_PID/B_analytic3,reverse_off_anchor,noise_0.01_seed155921,2.5,2.5,109.59723737472511,107.5,ok,6948.277745154466,6187.669326035801,1.9501238965615624,18.975963187871336,0.0,4,0,4617.5,0.0022487717402501772,5.393619557302559,8.70035228597291,,,,,,0.01,155921.0
unseen,IMC_PID/B_analytic3,reverse_off_anchor,noise_0.01_seed196613,2.5,2.5,109.59723737472511,107.5,ok,6984.193040345192,6205.664336828721,1.9525210216373408,18.776280464928274,0.0,4,0,4607.5,0.0022912485934254434,5.394775671501351,8.700387279234922,,,,,,0.01,196613.0
unseen,IMC_PID/B_analytic3,reverse_off_anchor,noise_0.01_seed262147,2.5,2.5,109.59723737472511,107.5,ok,6947.775471640562,6196.266484294476,1.9503848705638793,18.971815832010623,0.0,4,0,4625.0,0.0018089118133950421,5.397349114713831,8.700205894439001,,,,,,0.01,262147.0
unseen,IMC_PID/B_analytic3,reverse_off_anchor,noise_0.05_seed104729,2.5,2.5,109.59723737472511,107.5,ok,7478.211706253337,5806.366503982965,1.9567563824871934,90.05897004086029,0.0,4,1,inf,0.07601354905897129,5.32682138615309,8.70030571721766,,,,,,0.05,104729.0
unseen,IMC_PID/B_analytic3,reverse_off_anchor,noise_0.05_seed130363,2.5,2.5,109.59723737472511,107.5,ok,7919.032966257166,6268.695645782498,1.9499988061489493,89.61270915400682,0.0,4,0,17047.5,0.012618996325576504,5.327164322849491,8.702001543922396,,,,,,0.05,130363.0
unseen,IMC_PID/B_analytic3,reverse_off_anchor,noise_0.05_seed155921,2.5,2.5,109.59723737472511,107.5,ok,7452.656797816035,5938.1986351879295,1.9536698392248013,98.38310111005072,0.0,4,0,11550.0,0.016541018780128702,5.263842225536358,8.701205913865147,,,,,,0.05,155921.0
unseen,IMC_PID/B_analytic3,reverse_off_anchor,noise_0.05_seed196613,2.5,2.5,109.59723737472511,107.5,ok,8022.649575389397,6468.09802784903,1.9675184939556205,92.81160520488673,0.0,4,1,inf,0.0581993270371175,5.288203512509806,8.701436835651378,,,,,,0.05,196613.0
unseen,IMC_PID/B_analytic3,reverse_off_anchor,noise_0.05_seed262147,2.5,2.5,109.59723737472511,107.5,ok,7550.368589155298,6307.685284898312,1.9490285533004794,94.69914624083722,0.0,4,0,15915.0,0.012263298240064557,5.340955227196351,8.701586226564272,,,,,,0.05,262147.0
unseen,IMC_PID/B_analytic3,reverse_off_anchor,combined_seed104729,2.5,2.5,164.39585606208766,162.5,ok,153843.81988412645,588532.4614308403,5.797579132494225,1269.0978029083217,0.0,4,3,inf,5.762518775946085,2.902420867505774,8.7,1.5,1.15,0.85,2.0,1.2,0.05,104729.0
unseen,IMC_PID/B_analytic3,reverse_off_anchor,combined_seed130363,2.5,2.5,164.39585606208766,162.5,ok,155113.91315614455,589646.4715363364,5.797829465161577,1268.9414335441973,0.0,4,3,inf,5.762806356598309,2.902170534838423,8.7,1.5,1.15,0.85,2.0,1.2,0.05,130363.0
unseen,IMC_PID/B_analytic3,reverse_off_anchor,combined_seed155921,2.5,2.5,164.39585606208766,162.5,ok,154959.04355309627,589741.5700984605,5.797930426794968,1269.5142654117233,0.0,4,3,inf,5.762896352516171,2.9020695732050314,8.7,1.5,1.15,0.85,2.0,1.2,0.05,155921.0
unseen,IMC_PID/B_analytic3,reverse_off_anchor,combined_seed196613,2.5,2.5,164.39585606208766,162.5,ok,154184.20369845405,588556.0037597864,5.797759478828964,1253.9494565896257,0.0,4,3,inf,5.762666868369186,2.902240521171035,8.7,1.5,1.15,0.85,2.0,1.2,0.05,196613.0
unseen,IMC_PID/B_analytic3,reverse_off_anchor,combined_seed262147,2.5,2.5,164.39585606208766,162.5,ok,154296.01111374254,588442.5138234573,5.79765990369084,1274.9783470693544,0.0,4,3,inf,5.762638973324634,2.9023400963091595,8.7,1.5,1.15,0.85,2.0,1.2,0.05,262147.0
unseen,IMC_PID/B_analytic3,cross_equivalence,nominal,2.5,2.5,109.59723737472511,107.5,ok,95737.39816808382,287260.52478377987,4.302858793582493,0.8996852412112419,0.0,7,4,inf,3.2732309436277296,3.7651457289395127,10.367068375611598,,,,,,,
unseen,IMC_PID/B_analytic3,cross_equivalence,delay_minus30,2.5,2.5,76.71806616230758,75.0,ok,95192.2762563279,285652.7655587829,4.296550605954729,0.891751109513776,0.0,7,4,inf,3.270601269462847,3.7671696585696943,10.365657256135304,0.7,,,,,,
unseen,IMC_PID/B_analytic3,cross_equivalence,delay_plus50,2.5,2.5,164.39585606208766,162.5,ok,96849.22063622928,290322.5553798646,4.3133662274089275,0.9138574976835647,0.0,7,4,inf,3.277665390860901,3.7617969548166292,10.36944060388112,1.5,,,,,,
unseen,IMC_PID/B_analytic3,cross_equivalence,acid_plus15,2.5,2.5,109.59723737472511,107.5,ok,157186.8980068425,556475.771950473,5.169263899248001,1.740927358571538,0.0,7,6,inf,4.1128798284406045,3.1811424940119224,10.410025496247924,,1.15,,,,,
unseen,IMC_PID/B_analytic3,cross_equivalence,acid_minus15,2.5,2.5,109.59723737472511,107.5,ok,137961.6153663263,454498.8726979605,5.477328446904227,1.3924985594702113,0.0,7,5,inf,5.362078874951434,3.827445730741413,10.727328446904227,,0.85,,,,,
unseen,IMC_PID/B_analytic3,cross_equivalence,base_minus15,2.5,2.5,109.59723737472511,107.5,ok,168255.11179485387,610812.4412259174,5.185197601665991,1.8745783876114679,0.0,7,6,inf,4.536768311908611,3.1751272697299124,10.347364121793666,,,0.85,,,,
unseen,IMC_PID/B_analytic3,cross_equivalence,base_plus15,2.5,2.5,109.59723737472511,107.5,ok,131487.7704896316,449534.0717196143,5.4548393020778345,1.3400195009846403,0.0,7,5,inf,5.301114685430841,3.7603745934133883,10.704839302077835,,,1.15,,,,
unseen,IMC_PID/B_analytic3,cross_equivalence,Kw_half,2.5,2.5,109.59723737472511,107.5,ok,97607.90263271797,303896.5413249261,4.307007184923202,0.9641357736091365,0.0,7,4,inf,3.5161033192981543,3.7661494610471773,10.661678911149831,,,,0.5,,,
unseen,IMC_PID/B_analytic3,cross_equivalence,Kw_double,2.5,2.5,109.59723737472511,107.5,ok,92604.67716253825,269613.3515934638,4.293689311343793,0.865445802464551,0.0,7,4,inf,3.023860288979791,3.750994363982232,10.072828506630302,,,,2.0,,,
unseen,IMC_PID/B_analytic3,cross_equivalence,volume_plus20,2.5,2.5,109.59723737472511,107.5,ok,99384.68937653609,294901.01101202995,4.274748230264651,0.9341188157271185,0.0,7,4,inf,3.292046216625823,3.7952849013849512,10.35312781819755,,,,,1.2,,
unseen,IMC_PID/B_analytic3,cross_equivalence,volume_minus20,2.5,2.5,109.59723737472511,107.5,ok,92477.17288983156,279369.4828093663,4.334941120790173,0.8851918794786338,0.0,7,4,inf,3.253303003552058,3.7413570725068683,10.382148247924079,,,,,0.8,,
unseen,IMC_PID/B_analytic3,cross_equivalence,noise_0.01_seed104729,2.5,2.5,109.59723737472511,107.5,ok,95757.62593234892,287251.81084448367,4.30325617498935,68.94213990854239,0.0,7,4,inf,3.2732076504548084,3.765103555087911,10.367058619300444,,,,,,0.01,104729.0
unseen,IMC_PID/B_analytic3,cross_equivalence,noise_0.01_seed130363,2.5,2.5,109.59723737472511,107.5,ok,95742.8747076333,287191.7712035564,4.302879051581903,69.54903239325769,0.0,7,4,inf,3.273256944664767,3.765027096434699,10.36707373516577,,,,,,0.01,130363.0
unseen,IMC_PID/B_analytic3,cross_equivalence,noise_0.01_seed155921,2.5,2.5,109.59723737472511,107.5,ok,95749.92017825588,287285.57315832,4.302885168746714,68.09313119900054,0.0,7,4,inf,3.273206034924283,3.765115031374478,10.367055056000103,,,,,,0.01,155921.0
unseen,IMC_PID/B_analytic3,cross_equivalence,noise_0.01_seed196613,2.5,2.5,109.59723737472511,107.5,ok,95762.84077353093,287254.4487924173,4.30308554103147,70.10578325831108,0.0,7,4,inf,3.2732812723202,3.765107138064507,10.367068176973344,,,,,,0.01,196613.0
unseen,IMC_PID/B_analytic3,cross_equivalence,noise_0.01_seed262147,2.5,2.5,109.59723737472511,107.5,ok,95735.59990384293,287205.3314941478,4.30315249943896,68.98423430055402,0.0,7,4,inf,3.2732716410110756,3.765273630606481,10.36708179502527,,,,,,0.01,262147.0
unseen,IMC_PID/B_analytic3,cross_equivalence,noise_0.05_seed104729,2.5,2.5,109.59723737472511,107.5,ok,96038.71984428956,286707.1050217253,4.305277529720599,346.22518386046477,0.0,7,5,inf,3.2732132350380754,3.7670521134815997,10.367069329850693,,,,,,0.05,104729.0
unseen,IMC_PID/B_analytic3,cross_equivalence,noise_0.05_seed130363,2.5,2.5,109.59723737472511,107.5,ok,95811.67391256659,285838.92839288723,4.3025882695924365,347.2999317152662,0.0,7,4,inf,3.273521640765419,3.7633671462173517,10.367176759470569,,,,,,0.05,130363.0
unseen,IMC_PID/B_analytic3,cross_equivalence,noise_0.05_seed155921,2.5,2.5,109.59723737472511,107.5,ok,95911.78328509175,287850.4452423699,4.3047935317478725,338.685584606256,0.0,7,4,inf,3.2731954523563322,3.767005542464395,10.367046499247737,,,,,,0.05,155921.0
unseen,IMC_PID/B_analytic3,cross_equivalence,noise_0.05_seed196613,2.5,2.5,109.59723737472511,107.5,ok,96065.6055199567,287537.3015942796,4.307606231348913,349.4740851327333,0.0,7,4,inf,3.27358808800535,3.7646767718943352,10.367118846296306,,,,,,0.05,196613.0
unseen,IMC_PID/B_analytic3,cross_equivalence,noise_0.05_seed262147,2.5,2.5,109.59723737472511,107.5,ok,96069.62660520477,286663.67155916,4.308379716204827,348.29087589959676,0.0,7,5,inf,3.2734231345991036,3.768816650709383,10.367131294920897,,,,,,0.05,262147.0
unseen,IMC_PID/B_analytic3,cross_equivalence,combined_seed104729,2.5,2.5,164.39585606208766,162.5,ok,198586.81648915465,794651.8848238838,5.523951794631906,1246.3457593447224,0.0,7,6,inf,5.293420525244848,2.8629330486332294,9.593955919605131,1.5,1.15,0.85,2.0,1.2,0.05,104729.0
unseen,IMC_PID/B_analytic3,cross_equivalence,combined_seed130363,2.5,2.5,164.39585606208766,162.5,ok,198479.98012511892,795025.4945744066,5.524093868083332,1250.806143847493,0.0,7,6,inf,5.293715139294765,2.8627997123807405,9.599293130581904,1.5,1.15,0.85,2.0,1.2,0.05,130363.0
unseen,IMC_PID/B_analytic3,cross_equivalence,combined_seed155921,2.5,2.5,164.39585606208766,162.5,ok,198815.98548833586,795735.1891536571,5.52395441927489,1243.3240986534843,0.0,7,6,inf,5.293556850662292,2.8628722392978196,9.600576204670885,1.5,1.15,0.85,2.0,1.2,0.05,155921.0
unseen,IMC_PID/B_analytic3,cross_equivalence,combined_seed196613,2.5,2.5,164.39585606208766,162.5,ok,198712.90369670407,795063.9482611207,5.523398334407641,1245.0108350129617,0.0,7,6,inf,5.292832773598819,2.863407764141333,9.596332205726567,1.5,1.15,0.85,2.0,1.2,0.05,196613.0
unseen,IMC_PID/B_analytic3,cross_equivalence,combined_seed262147,2.5,2.5,164.39585606208766,162.5,ok,198791.77900684444,795288.5060955951,5.524225818131756,1255.2184255105637,0.0,7,6,inf,5.29382037756999,2.8626473007257878,9.59973961468915,1.5,1.15,0.85,2.0,1.2,0.05,262147.0
unseen,IMC_PID/B_analytic3,regulatory_off_anchor,nominal,2.5,2.5,109.59723737472511,107.5,ok,114240.55306767114,350135.15600968065,3.749548537981574,1.0592533357613743,0.0,4,1,inf,3.0207138889900342,3.600451462018426,10.742872023901883,,,,,,,
unseen,IMC_PID/B_analytic3,regulatory_off_anchor,delay_minus30,2.5,2.5,76.71806616230758,75.0,ok,113267.46733226985,348322.92333423713,3.7472554155891133,1.0538725334747427,0.0,4,1,inf,3.019538126418608,3.6027445844108863,10.74230260191253,0.7,,,,,,
unseen,IMC_PID/B_analytic3,regulatory_off_anchor,delay_plus50,2.5,2.5,164.39585606208766,162.5,ok,116640.55904406135,354423.1784293237,3.753374869644994,1.0671118479482997,0.0,4,1,inf,3.022700998263499,3.596625130355006,10.743832897755292,1.5,,,,,,
unseen,IMC_PID/B_analytic3,regulatory_off_anchor,acid_plus15,2.5,2.5,109.59723737472511,107.5,ok,177361.5994914295,619573.6641620683,4.206952422612904,2.995268017876426,0.0,4,3,inf,4.034012197778608,3.1430475773870956,10.59600179604059,,1.15,,,,,
unseen,IMC_PID/B_analytic3,regulatory_off_anchor,acid_minus15,2.5,2.5,109.59723737472511,107.5,ok,144918.62448671632,426692.64776581986,3.473905190317451,1.1632373113375785,0.0,4,3,inf,3.447482655567528,4.065474368020089,10.82390519031745,,0.85,,,,,
unseen,IMC_PID/B_analytic3,regulatory_off_anchor,base_minus15,2.5,2.5,109.59723737472511,107.5,ok,179261.80148705255,625015.7659038439,4.210717429815833,2.8484478543137097,0.0,4,3,inf,4.065334233800069,3.1392825701841667,10.444106240820778,,,0.85,,,,
unseen,IMC_PID/B_analytic3,regulatory_off_anchor,base_plus15,2.5,2.5,109.59723737472511,107.5,ok,132598.8648699831,394875.0566664302,3.4677813490648894,1.0850277072407861,0.0,4,2,inf,3.43386763265506,4.0033022430894105,10.817781349064889,,,1.15,,,,
unseen,IMC_PID/B_analytic3,regulatory_off_anchor,Kw_half,2.5,2.5,109.59723737472511,107.5,ok,123790.4107313075,397633.0897116113,3.7497038090152737,1.1631847386531007,0.0,4,1,inf,3.2508050104240933,3.600296190984726,11.039989813741673,,,,0.5,,,
unseen,IMC_PID/B_analytic3,regulatory_off_anchor,Kw_double,2.5,2.5,109.59723737472511,107.5,ok,105261.28703039576,306171.3758247172,3.7492375846240638,0.9588735436130769,0.0,4,1,inf,2.780809825134922,3.600762415375936,10.44595696990346,,,,2.0,,,
unseen,IMC_PID/B_analytic3,regulatory_off_anchor,volume_plus20,2.5,2.5,109.59723737472511,107.5,ok,123086.94866145095,365295.19147644914,3.7310545409303413,1.0881337139816996,0.0,4,1,inf,3.029592775390716,3.6189454590696584,10.735060486603098,,,,,1.2,,
unseen,IMC_PID/B_analytic3,regulatory_off_anchor,volume_minus20,2.5,2.5,109.59723737472511,107.5,ok,108785.55252164704,340962.85942594166,3.769903557887625,1.0310793370071938,0.0,4,1,inf,3.011745702218221,3.5800964421123744,10.751175364171138,,,,,0.8,,
unseen,IMC_PID/B_analytic3,regulatory_off_anchor,noise_0.01_seed104729,2.5,2.5,109.59723737472511,107.5,ok,114228.8618258333,350109.1922409581,3.749588132913917,68.75238221013095,0.0,4,1,inf,3.020696050983249,3.6004118670860827,10.742870838002368,,,,,,0.01,104729.0
unseen,IMC_PID/B_analytic3,regulatory_off_anchor,noise_0.01_seed130363,2.5,2.5,109.59723737472511,107.5,ok,114268.51604741451,350165.454298735,3.7496701797743617,69.35198591947815,0.0,4,1,inf,3.0207433798380485,3.600329820225638,10.742865014924606,,,,,,0.01,130363.0
unseen,IMC_PID/B_analytic3,regulatory_off_anchor,noise_0.01_seed155921,2.5,2.5,109.59723737472511,107.5,ok,114236.6744843245,350105.36959166534,3.749610785630937,69.40386696859949,0.0,4,1,inf,3.0207149395116506,3.600389214369063,10.742875263209994,,,,,,0.01,155921.0
unseen,IMC_PID/B_analytic3,regulatory_off_anchor,noise_0.01_seed196613,2.5,2.5,109.59723737472511,107.5,ok,114250.4700584996,350120.0629985058,3.7495941709958323,68.08159437286322,0.0,4,1,inf,3.020709174749607,3.6004058290041674,10.74286641137178,,,,,,0.01,196613.0
unseen,IMC_PID/B_analytic3,regulatory_off_anchor,noise_0.01_seed262147,2.5,2.5,109.59723737472511,107.5,ok,114262.62226145656,350148.8898596275,3.7495816443982144,69.8605623392858,0.0,4,1,inf,3.0207259861115556,3.6004183556017852,10.742878969768894,,,,,,0.01,262147.0
unseen,IMC_PID/B_analytic3,regulatory_off_anchor,noise_0.05_seed104729,2.5,2.5,109.59723737472511,107.5,ok,114329.62918546397,350538.0698977545,3.7501460574664254,344.91624613701754,0.0,4,1,inf,3.020608596089213,3.5998539425335743,10.742859656290193,,,,,,0.05,104729.0
unseen,IMC_PID/B_analytic3,regulatory_off_anchor,noise_0.05_seed130363,2.5,2.5,109.59723737472511,107.5,ok,114687.93053879327,350671.7635471148,3.7506520138424104,346.3069614930477,0.0,4,1,inf,3.0208841653378418,3.599347986157589,10.742846655584609,,,,,,0.05,130363.0
unseen,IMC_PID/B_analytic3,regulatory_off_anchor,noise_0.05_seed155921,2.5,2.5,109.59723737472511,107.5,ok,113958.25366568464,349483.58557164273,3.7507909790957155,345.7297127268189,0.0,4,1,inf,3.0207139467007007,3.599209020904284,10.742887391393625,,,,,,0.05,155921.0
unseen,IMC_PID/B_analytic3,regulatory_off_anchor,noise_0.05_seed196613,2.5,2.5,109.59723737472511,107.5,ok,114295.86678984761,350164.04034669045,3.750245121705127,340.5755639198235,0.0,4,1,inf,3.020695631777585,3.5997548782948727,10.742846743907974,,,,,,0.05,196613.0
unseen,IMC_PID/B_analytic3,regulatory_off_anchor,noise_0.05_seed262147,2.5,2.5,109.59723737472511,107.5,ok,114532.0037232006,350239.751026758,3.748928316301903,348.5347867178077,0.0,4,1,inf,3.0207939571714295,3.6010716836980965,10.74291527114232,,,,,,0.05,262147.0
unseen,IMC_PID/B_analytic3,regulatory_off_anchor,combined_seed104729,2.5,2.5,164.39585606208766,162.5,ok,169592.2903405789,647681.2219275761,4.514275688380788,1055.90555455926,0.0,4,3,inf,4.442283730647013,2.8357243116192112,8.977331808281688,1.5,1.15,0.85,2.0,1.2,0.05,104729.0
unseen,IMC_PID/B_analytic3,regulatory_off_anchor,combined_seed130363,2.5,2.5,164.39585606208766,162.5,ok,169744.25449690197,647883.0706986065,4.514234506546373,1061.5425307866105,0.0,4,3,inf,4.442270436091356,2.8357654934536263,8.978486348907968,1.5,1.15,0.85,2.0,1.2,0.05,130363.0
unseen,IMC_PID/B_analytic3,regulatory_off_anchor,combined_seed155921,2.5,2.5,164.39585606208766,162.5,ok,168911.59600024825,646069.604703199,4.514147732477242,1051.3323843078642,0.0,4,3,inf,4.442161724761458,2.8358522675227578,8.962638600738316,1.5,1.15,0.85,2.0,1.2,0.05,155921.0
unseen,IMC_PID/B_analytic3,regulatory_off_anchor,combined_seed196613,2.5,2.5,164.39585606208766,162.5,ok,169496.35489623022,647155.4373892997,4.51441451911108,1038.0834258201016,0.0,4,3,inf,4.44247808648082,2.8355854808889194,8.974463209519973,1.5,1.15,0.85,2.0,1.2,0.05,196613.0
unseen,IMC_PID/B_analytic3,regulatory_off_anchor,combined_seed262147,2.5,2.5,164.39585606208766,162.5,ok,169193.51234087723,646432.0118645054,4.514263263275372,1061.975237847781,0.0,4,3,inf,4.4423070919754615,2.835736736724628,8.974188266612805,1.5,1.15,0.85,2.0,1.2,0.05,262147.0
unseen,IMC_PID/C_add7,reverse_off_anchor,nominal,2.5,2.5,109.59723737472511,107.5,ok,13988.788449145466,12898.300023897831,1.9499984196980353,0.02982697425598424,0.0,4,0,10390.0,0.00023436290777922864,5.399992692753685,8.7,,,,,,,
unseen,IMC_PID/C_add7,reverse_off_anchor,delay_minus30,2.5,2.5,76.71806616230758,75.0,ok,14129.387492686856,12862.775812806301,1.950001009776357,0.028557696107945674,0.0,4,0,10195.0,4.354276417828373e-05,5.39999574264875,8.7,0.7,,,,,,
unseen,IMC_PID/C_add7,reverse_off_anchor,delay_plus50,2.5,2.5,164.39585606208766,162.5,ok,14060.37332586771,13309.916856346545,1.9500015717360242,0.03255710084719077,0.0,4,0,10610.0,0.0006682673632871783,5.399983966634017,8.7,1.5,,,,,,
unseen,IMC_PID/C_add7,reverse_off_anchor,acid_plus15,2.5,2.5,109.59723737472511,107.5,ok,85282.48221111472,309208.066599322,5.455524204854219,0.9001271969269036,0.0,4,2,inf,5.294903846028073,3.2444757951457794,8.749613279563025,,1.15,,,,,
unseen,IMC_PID/C_add7,reverse_off_anchor,acid_minus15,2.5,2.5,109.59723737472511,107.5,ok,112090.13622915596,375162.6120389465,4.9949273066467,0.8277723736491174,0.0,4,2,inf,3.045030725028461,4.761320889617771,10.842649934253433,,0.85,,,,,
unseen,IMC_PID/C_add7,reverse_off_anchor,base_minus15,2.5,2.5,109.59723737472511,107.5,ok,90001.07178572807,342384.7808057628,5.467993497673783,1.0274803478240306,0.0,4,2,inf,5.345077453590983,3.232006502326217,8.7,,,0.85,,,,
unseen,IMC_PID/C_add7,reverse_off_anchor,base_plus15,2.5,2.5,109.59723737472511,107.5,ok,98824.96925917783,310620.9193000354,4.84271850203695,0.7315824282849199,0.0,4,2,inf,2.89288131463657,4.72059160963223,10.838784752830724,,,1.15,,,,
unseen,IMC_PID/C_add7,reverse_off_anchor,Kw_half,2.5,2.5,109.59723737472511,107.5,ok,14360.214244515028,13079.891116101673,1.9500000267201791,0.0313448593647534,0.0,4,0,9902.5,0.010968061950551444,5.3999926596780945,8.873711404765512,,,,0.5,,,
unseen,IMC_PID/C_add7,reverse_off_anchor,Kw_double,2.5,2.5,109.59723737472511,107.5,ok,16580.146237315443,13761.090813155872,1.9500333724757937,0.03525792260786886,0.0,4,1,inf,0.06322348469082684,5.399992759250432,8.7,,,,2.0,,,
unseen,IMC_PID/C_add7,reverse_off_anchor,volume_plus20,2.5,2.5,109.59723737472511,107.5,ok,14913.870822636882,13926.927982314231,1.9499979282625803,0.03301347696361656,0.0,4,0,10957.5,0.0034291316044035014,5.39931542548425,8.7,,,,,1.2,,
unseen,IMC_PID/C_add7,reverse_off_anchor,volume_minus20,2.5,2.5,109.59723737472511,107.5,ok,12981.68075276357,11316.765319574242,1.9500003051663573,0.02724607022002079,0.0,4,0,9580.0,0.0007911212531181988,5.400041143959582,8.7,,,,,0.8,,
unseen,IMC_PID/C_add7,reverse_off_anchor,noise_0.01_seed104729,2.5,2.5,109.59723737472511,107.5,ok,13949.56078936676,12829.622509089226,1.9511484292287564,14.586676677135866,0.0,4,0,10375.0,0.0025538592987830455,5.39623009712452,8.700021356448335,,,,,,0.01,104729.0
unseen,IMC_PID/C_add7,reverse_off_anchor,noise_0.01_seed130363,2.5,2.5,109.59723737472511,107.5,ok,14028.680977314498,12896.722167192096,1.948066484991469,14.618640849915632,0.0,4,0,10392.5,0.0025918886513132122,5.398953501188822,8.700329798512529,,,,,,0.01,130363.0
unseen,IMC_PID/C_add7,reverse_off_anchor,noise_0.01_seed155921,2.5,2.5,109.59723737472511,107.5,ok,13934.717394144209,12851.267566800849,1.9502045094581142,14.781696992755968,0.0,4,0,10372.5,0.0007873009628580618,5.398316002828549,8.700281526325774,,,,,,0.01,155921.0
unseen,IMC_PID/C_add7,reverse_off_anchor,noise_0.01_seed196613,2.5,2.5,109.59723737472511,107.5,ok,14032.153982603779,12900.645340429382,1.952745306159808,14.597451175546354,0.0,4,0,10377.5,0.0022955574881633467,5.394771312960974,8.700251409552008,,,,,,0.01,196613.0
unseen,IMC_PID/C_add7,reverse_off_anchor,noise_0.01_seed262147,2.5,2.5,109.59723737472511,107.5,ok,13972.035491342038,12882.900091663514,1.9490797368999484,14.693559289013574,0.0,4,0,10352.5,0.0017230944126795933,5.397584839361521,8.700242580397559,,,,,,0.01,262147.0
unseen,IMC_PID/C_add7,reverse_off_anchor,noise_0.05_seed104729,2.5,2.5,109.59723737472511,107.5,ok,13552.369047816923,11547.031925307801,1.9730765784805948,68.46837533554276,0.0,4,1,inf,0.07602230758654382,5.3270689261810595,8.700594491914128,,,,,,0.05,104729.0
unseen,IMC_PID/C_add7,reverse_off_anchor,noise_0.05_seed130363,2.5,2.5,109.59723737472511,107.5,ok,16028.302383973261,13656.553302149223,1.8703725607879775,64.08406936649638,0.0,4,1,inf,0.08413330362233218,5.340730467287868,8.703139365128875,,,,,,0.05,130363.0
unseen,IMC_PID/C_add7,reverse_off_anchor,noise_0.05_seed155921,2.5,2.5,109.59723737472511,107.5,ok,13883.507655473311,12174.948503312482,1.9605700266319905,78.8646264520456,0.0,4,0,13895.0,0.009731053428438052,5.269593353028761,8.700197686572102,,,,,,0.05,155921.0
unseen,IMC_PID/C_add7,reverse_off_anchor,noise_0.05_seed196613,2.5,2.5,109.59723737472511,107.5,ok,15024.349868058653,13031.165326377472,1.9938764591472689,72.94367461207992,0.0,4,1,inf,0.05820837797929901,5.288185640450934,8.700000357240514,,,,,,0.05,196613.0
unseen,IMC_PID/C_add7,reverse_off_anchor,noise_0.05_seed262147,2.5,2.5,109.59723737472511,107.5,ok,13844.062824786415,12522.910477098265,1.9310273440638257,72.65966171873421,0.0,4,0,15915.0,0.023109928285070858,5.360563313935515,8.703573839907087,,,,,,0.05,262147.0
unseen,IMC_PID/C_add7,reverse_off_anchor,combined_seed104729,2.5,2.5,164.39585606208766,162.5,ok,156762.05097975396,590804.9701185407,5.797515865172857,1266.1137243168873,0.0,4,4,inf,5.762447688610158,2.902484134827142,8.7,1.5,1.15,0.85,2.0,1.2,0.05,104729.0
unseen,IMC_PID/C_add7,reverse_off_anchor,combined_seed130363,2.5,2.5,164.39585606208766,162.5,ok,157296.87170668223,591686.9347921956,5.797707663431677,1266.5712559462827,0.0,4,4,inf,5.7626698568810175,2.9022923365683226,8.7,1.5,1.15,0.85,2.0,1.2,0.05,130363.0
unseen,IMC_PID/C_add7,reverse_off_anchor,combined_seed155921,2.5,2.5,164.39585606208766,162.5,ok,157934.81326319952,592229.7858231061,5.797786403842615,1266.7014206159806,0.0,4,4,inf,5.762735162726038,2.9022135961573845,8.7,1.5,1.15,0.85,2.0,1.2,0.05,155921.0
unseen,IMC_PID/C_add7,reverse_off_anchor,combined_seed196613,2.5,2.5,164.39585606208766,162.5,ok,157093.35204540542,591019.8815726709,5.797717124335838,1251.0635492851354,0.0,4,4,inf,5.7626192958696745,2.9022828756641617,8.7,1.5,1.15,0.85,2.0,1.2,0.05,196613.0
unseen,IMC_PID/C_add7,reverse_off_anchor,combined_seed262147,2.5,2.5,164.39585606208766,162.5,ok,156666.56350235365,590437.7368241824,5.797458075125534,1272.0306807130858,0.0,4,4,inf,5.762412491281424,2.9025419248744653,8.7,1.5,1.15,0.85,2.0,1.2,0.05,262147.0
unseen,IMC_PID/C_add7,cross_equivalence,nominal,2.5,2.5,109.59723737472511,107.5,ok,97744.7221353496,289978.7521882642,4.3069936172444985,0.8781444389296906,0.0,7,4,inf,3.280168885436411,3.766631230427881,10.370521302930241,,,,,,,
unseen,IMC_PID/C_add7,cross_equivalence,delay_minus30,2.5,2.5,76.71806616230758,75.0,ok,96926.58042840908,288273.18659203005,4.300725014621379,0.8697308179974117,0.0,7,4,inf,3.277632939133155,3.7681532791955537,10.36916190330932,0.7,,,,,,
unseen,IMC_PID/C_add7,cross_equivalence,delay_plus50,2.5,2.5,164.39585606208766,162.5,ok,99501.4828714764,293281.16511597566,4.317407579093419,0.8937495922392404,0.0,7,5,inf,3.2844811301822263,3.7648870954881035,10.372824333206676,1.5,,,,,,
unseen,IMC_PID/C_add7,cross_equivalence,acid_plus15,2.5,2.5,109.59723737472511,107.5,ok,158556.10543780305,558112.0719738908,5.169263899248001,1.7174707005923588,0.0,7,6,inf,4.1128798284406045,3.1811424940119224,10.413003446909919,,1.15,,,,,
unseen,IMC_PID/C_add7,cross_equivalence,acid_minus15,2.5,2.5,109.59723737472511,107.5,ok,141640.37164094433,458829.26251379354,5.477672890385749,1.3740990503021946,0.0,7,7,inf,5.362559719789871,3.828003164670986,10.72767289038575,,0.85,,,,,
unseen,IMC_PID/C_add7,cross_equivalence,base_minus15,2.5,2.5,109.59723737472511,107.5,ok,169445.39825943665,611943.7887073403,5.185197601665991,1.8447806668025644,0.0,7,6,inf,4.536768311908611,3.1751272697299124,10.35035873088926,,,0.85,,,,
unseen,IMC_PID/C_add7,cross_equivalence,base_plus15,2.5,2.5,109.59723737472511,107.5,ok,134060.31555536538,453713.17915420595,5.455254035362003,1.320242873375527,0.0,7,6,inf,5.301752062677105,3.7590656563678784,10.705254035362003,,,1.15,,,,
unseen,IMC_PID/C_add7,cross_equivalence,Kw_half,2.5,2.5,109.59723737472511,107.5,ok,99636.80013537832,306689.8111614967,4.310022132271936,0.9317841339379695,0.0,7,4,inf,3.524223664057339,3.769720131907668,10.665262539536002,,,,0.5,,,
unseen,IMC_PID/C_add7,cross_equivalence,Kw_double,2.5,2.5,109.59723737472511,107.5,ok,94500.35142964587,272324.9694559152,4.297658771905624,0.8481560643280028,0.0,7,4,inf,3.030093035465886,3.748169370530776,10.076281169298742,,,,2.0,,,
unseen,IMC_PID/C_add7,cross_equivalence,volume_plus20,2.5,2.5,109.59723737472511,107.5,ok,102397.82708258856,298328.5562636543,4.279674654251118,0.9127020567379409,0.0,7,6,inf,3.298404390285211,3.7969299721342953,10.356458599658211,,,,,1.2,,
unseen,IMC_PID/C_add7,cross_equivalence,volume_minus20,2.5,2.5,109.59723737472511,107.5,ok,93882.74523444157,282164.28495314094,4.338397894963417,0.842894506231862,0.0,7,4,inf,3.2611292405234886,3.7379091023734046,10.385829896208662,,,,,0.8,,
unseen,IMC_PID/C_add7,cross_equivalence,noise_0.01_seed104729,2.5,2.5,109.59723737472511,107.5,ok,97754.03306953612,289932.80273767037,4.307276921151628,68.59498704000474,0.0,7,4,inf,3.280171596088935,3.7667943672192106,10.370524579817223,,,,,,0.01,104729.0
unseen,IMC_PID/C_add7,cross_equivalence,noise_0.01_seed130363,2.5,2.5,109.59723737472511,107.5,ok,97753.26873309918,289911.6947779844,4.307129545569512,69.19812056992231,0.0,7,4,inf,3.2801931150297703,3.7666867612080814,10.370526068485056,,,,,,0.01,130363.0
unseen,IMC_PID/C_add7,cross_equivalence,noise_0.01_seed155921,2.5,2.5,109.59723737472511,107.5,ok,97738.67608968154,290006.6656837609,4.307078996297335,67.75869911448763,0.0,7,4,inf,3.2801624380330354,3.766512346997299,10.370517512739854,,,,,,0.01,155921.0
unseen,IMC_PID/C_add7,cross_equivalence,noise_0.01_seed196613,2.5,2.5,109.59723737472511,107.5,ok,97771.56917923952,290004.0696750279,4.307266517880179,69.78807175938057,0.0,7,4,inf,3.280190769854621,3.7664471468474128,10.370506086197254,,,,,,0.01,196613.0
unseen,IMC_PID/C_add7,cross_equivalence,noise_0.01_seed262147,2.5,2.5,109.59723737472511,107.5,ok,97768.07401154118,289962.5457933302,4.307293054168205,68.66832015383244,0.0,7,4,inf,3.280200354978656,3.7666541895700827,10.370530634292205,,,,,,0.01,262147.0
unseen,IMC_PID/C_add7,cross_equivalence,noise_0.05_seed104729,2.5,2.5,109.59723737472511,107.5,ok,98427.4013396975,289274.498045461,4.30896201784715,343.5487496796941,0.0,7,6,inf,3.2801410756656653,3.7725671018567764,10.370516532642286,,,,,,0.05,104729.0
unseen,IMC_PID/C_add7,cross_equivalence,noise_0.05_seed130363,2.5,2.5,109.59723737472511,107.5,ok,97688.05144050176,288404.4565463702,4.307177241713177,345.4975184207831,0.0,7,4,inf,3.2802967339918814,3.7660066834921375,10.370548990294772,,,,,,0.05,130363.0
unseen,IMC_PID/C_add7,cross_equivalence,noise_0.05_seed155921,2.5,2.5,109.59723737472511,107.5,ok,97853.53069223704,290770.0955530564,4.309217710072604,337.76487033829545,0.0,7,4,inf,3.280608227450581,3.765105671587501,10.370744462956534,,,,,,0.05,155921.0
unseen,IMC_PID/C_add7,cross_equivalence,noise_0.05_seed196613,2.5,2.5,109.59723737472511,107.5,ok,98034.01401731404,290505.70676791196,4.311806084466669,348.66967523748633,0.0,7,4,inf,3.280378881096323,3.7635990054476913,10.370502688987392,,,,,,0.05,196613.0
unseen,IMC_PID/C_add7,cross_equivalence,noise_0.05_seed262147,2.5,2.5,109.59723737472511,107.5,ok,98265.96672920721,289638.86449587415,4.312596245370353,347.0969810992849,0.0,7,6,inf,3.2802165327945483,3.7682925885663425,10.370512394370929,,,,,,0.05,262147.0
unseen,IMC_PID/C_add7,cross_equivalence,combined_seed104729,2.5,2.5,164.39585606208766,162.5,ok,199388.31027869802,795653.9197699728,5.523951794631906,1246.1589738011257,0.0,7,7,inf,5.293420525244848,2.8629330486332294,9.596179319839376,1.5,1.15,0.85,2.0,1.2,0.05,104729.0
unseen,IMC_PID/C_add7,cross_equivalence,combined_seed130363,2.5,2.5,164.39585606208766,162.5,ok,199153.56492185747,795891.9191157667,5.524093868083332,1250.2612392483352,0.0,7,7,inf,5.293715139294765,2.8627997123807405,9.601226590371015,1.5,1.15,0.85,2.0,1.2,0.05,130363.0
unseen,IMC_PID/C_add7,cross_equivalence,combined_seed155921,2.5,2.5,164.39585606208766,162.5,ok,199425.54703994194,796559.255548162,5.52395441927489,1242.9591305826305,0.0,7,7,inf,5.293556850662292,2.8628722392978196,9.602320466170738,1.5,1.15,0.85,2.0,1.2,0.05,155921.0
unseen,IMC_PID/C_add7,cross_equivalence,combined_seed196613,2.5,2.5,164.39585606208766,162.5,ok,199220.5697827317,795806.0654677706,5.523398334407641,1244.5746961590753,0.0,7,7,inf,5.292832773598819,2.863407764141333,9.59845877032479,1.5,1.15,0.85,2.0,1.2,0.05,196613.0
unseen,IMC_PID/C_add7,cross_equivalence,combined_seed262147,2.5,2.5,164.39585606208766,162.5,ok,199418.39727129624,796214.4167328577,5.524225818131756,1255.187620177509,0.0,7,7,inf,5.29382037756999,2.8626473007257878,9.601662444469452,1.5,1.15,0.85,2.0,1.2,0.05,262147.0
unseen,IMC_PID/C_add7,regulatory_off_anchor,nominal,2.5,2.5,109.59723737472511,107.5,ok,120992.46215577003,359329.2751229963,3.752617707037109,1.0179350830278242,0.0,4,2,inf,3.025362079942729,3.5973822929628905,10.744875915713308,,,,,,,
unseen,IMC_PID/C_add7,regulatory_off_anchor,delay_minus30,2.5,2.5,76.71806616230758,75.0,ok,122007.39557728037,359466.1638467005,3.750360592073474,1.0094506234176084,0.0,4,2,inf,3.025500850061622,3.5996394079265257,10.744873829651144,0.7,,,,,,
unseen,IMC_PID/C_add7,regulatory_off_anchor,delay_plus50,2.5,2.5,164.39585606208766,162.5,ok,119417.4642932177,359273.7641667176,3.756391103237278,1.0270508201971085,0.0,4,1,inf,3.0266572937066663,3.5936088967627215,10.745537369321983,1.5,,,,,,
unseen,IMC_PID/C_add7,regulatory_off_anchor,acid_plus15,2.5,2.5,109.59723737472511,107.5,ok,181794.79101828713,625057.5850001158,4.208186277846526,2.909023933966031,0.0,4,3,inf,4.03586700688939,3.1418137221534743,10.59482131746004,,1.15,,,,,
unseen,IMC_PID/C_add7,regulatory_off_anchor,acid_minus15,2.5,2.5,109.59723737472511,107.5,ok,146163.44944220159,429720.3520197488,3.4754973111526333,1.1371782560680783,0.0,4,3,inf,3.449219898123678,4.072821192081928,10.825497311152633,,0.85,,,,,
unseen,IMC_PID/C_add7,regulatory_off_anchor,base_minus15,2.5,2.5,109.59723737472511,107.5,ok,183409.61301916244,629567.2660807574,4.2117815527249265,2.8460379456152936,0.0,4,4,inf,4.066831823100301,3.138218447275073,10.44300872776897,,,0.85,,,,
unseen,IMC_PID/C_add7,regulatory_off_anchor,base_plus15,2.5,2.5,109.59723737472511,107.5,ok,135514.12022358488,398514.37989497493,3.4696429495630667,1.0478365958571798,0.0,4,3,inf,3.4359417613893193,4.0160822069847155,10.819642949563066,,,1.15,,,,
unseen,IMC_PID/C_add7,regulatory_off_anchor,Kw_half,2.5,2.5,109.59723737472511,107.5,ok,125681.01278725301,401222.99229916756,3.752751511662394,1.1150598461932457,0.0,4,1,inf,3.2566152135321573,3.5972484883376055,11.042138714370513,,,,0.5,,,
unseen,IMC_PID/C_add7,regulatory_off_anchor,Kw_double,2.5,2.5,109.59723737472511,107.5,ok,112681.72651278248,313170.9856759345,3.7523306350988905,0.9197016857929805,0.0,4,2,inf,2.7849627713280043,3.597669364901109,10.447991482385296,,,,2.0,,,
unseen,IMC_PID/C_add7,regulatory_off_anchor,volume_plus20,2.5,2.5,109.59723737472511,107.5,ok,122735.40298210655,365756.4134013295,3.734150668556963,1.0547520656885085,0.0,4,2,inf,3.032876283959439,3.6158493314430364,10.73651910676223,,,,,1.2,,
unseen,IMC_PID/C_add7,regulatory_off_anchor,volume_minus20,2.5,2.5,109.59723737472511,107.5,ok,115570.0916064804,347218.754057899,3.7729356572171917,0.9876875021374127,0.0,4,2,inf,3.0170837781403197,3.577064342782808,10.753406981083032,,,,,0.8,,
unseen,IMC_PID/C_add7,regulatory_off_anchor,noise_0.01_seed104729,2.5,2.5,109.59723737472511,107.5,ok,121064.52777570204,359411.0315717797,3.7526996655843137,67.01028695607367,0.0,4,2,inf,3.0253743120154883,3.597300334415686,10.74488771051436,,,,,,0.01,104729.0
unseen,IMC_PID/C_add7,regulatory_off_anchor,noise_0.01_seed130363,2.5,2.5,109.59723737472511,107.5,ok,121046.42895657475,359389.41993981646,3.7527400599740073,67.59700103504412,0.0,4,2,inf,3.0254402839376713,3.5972599400259924,10.744889935538083,,,,,,0.01,130363.0
unseen,IMC_PID/C_add7,regulatory_off_anchor,noise_0.01_seed155921,2.5,2.5,109.59723737472511,107.5,ok,121031.10834899332,359326.69474161434,3.7525974550066494,67.64074788291205,0.0,4,2,inf,3.02542342454322,3.59740254499335,10.74490537913145,,,,,,0.01,155921.0
unseen,IMC_PID/C_add7,regulatory_off_anchor,noise_0.01_seed196613,2.5,2.5,109.59723737472511,107.5,ok,120973.49073245737,359314.4280632332,3.752669876930797,66.33692258597759,0.0,4,1,inf,3.025301985852309,3.5973301230692027,10.7448463715835,,,,,,0.01,196613.0
unseen,IMC_PID/C_add7,regulatory_off_anchor,noise_0.01_seed262147,2.5,2.5,109.59723737472511,107.5,ok,120897.64747451039,359210.78705188556,3.7526309822204422,68.13194342564867,0.0,4,1,inf,3.025343850325923,3.5973690177795574,10.744869899922719,,,,,,0.01,262147.0
unseen,IMC_PID/C_add7,regulatory_off_anchor,noise_0.05_seed104729,2.5,2.5,109.59723737472511,107.5,ok,122188.41403654765,360795.0074496701,3.7530479718058105,335.77936338025955,0.0,4,2,inf,3.0254394770080086,3.596952028194189,10.744941943064129,,,,,,0.05,104729.0
unseen,IMC_PID/C_add7,regulatory_off_anchor,noise_0.05_seed130363,2.5,2.5,109.59723737472511,107.5,ok,120275.51342617144,358914.87801751005,3.753683365435776,338.74039874744625,0.0,4,1,inf,3.024870944218801,3.5963166345642237,10.744566452285103,,,,,,0.05,130363.0
unseen,IMC_PID/C_add7,regulatory_off_anchor,noise_0.05_seed155921,2.5,2.5,109.59723737472511,107.5,ok,121745.82115783296,359617.3462076059,3.75350643102934,336.5155158521173,0.0,4,2,inf,3.02633893434572,3.5964935689706596,10.745312082556046,,,,,,0.05,155921.0
unseen,IMC_PID/C_add7,regulatory_off_anchor,noise_0.05_seed196613,2.5,2.5,109.59723737472511,107.5,ok,120347.24306251548,358913.87726933265,3.753295040249812,333.1130701893128,0.0,4,2,inf,3.024458187494405,3.5967049597501877,10.744470477790653,,,,,,0.05,196613.0
unseen,IMC_PID/C_add7,regulatory_off_anchor,noise_0.05_seed262147,2.5,2.5,109.59723737472511,107.5,ok,119922.97980549611,357720.7163475064,3.7514559067021223,340.55811292835443,0.0,4,1,inf,3.025357960268817,3.5985440932978774,10.744883268693654,,,,,,0.05,262147.0
unseen,IMC_PID/C_add7,regulatory_off_anchor,combined_seed104729,2.5,2.5,164.39585606208766,162.5,ok,174299.01644564394,654237.552049031,4.514889755237485,1054.0099318853281,0.0,4,4,inf,4.443007499421741,2.835110244762514,8.982235870573605,1.5,1.15,0.85,2.0,1.2,0.05,104729.0
unseen,IMC_PID/C_add7,regulatory_off_anchor,combined_seed130363,2.5,2.5,164.39585606208766,162.5,ok,172991.62504738502,652628.4332118173,4.514844666309212,1058.7685173010877,0.0,4,3,inf,4.442989624625561,2.8351553336907878,8.984002280368767,1.5,1.15,0.85,2.0,1.2,0.05,130363.0
unseen,IMC_PID/C_add7,regulatory_off_anchor,combined_seed155921,2.5,2.5,164.39585606208766,162.5,ok,172944.14113521954,651781.0605867642,4.51476036059514,1048.796059861928,0.0,4,4,inf,4.442883768108439,2.83523963940486,8.966816545518828,1.5,1.15,0.85,2.0,1.2,0.05,155921.0
unseen,IMC_PID/C_add7,regulatory_off_anchor,combined_seed196613,2.5,2.5,164.39585606208766,162.5,ok,172277.3489619284,651499.615474123,4.515102656262304,1035.2282575833985,0.0,4,3,inf,4.4432890774368765,2.834897343737696,8.978529905335215,1.5,1.15,0.85,2.0,1.2,0.05,196613.0
unseen,IMC_PID/C_add7,regulatory_off_anchor,combined_seed262147,2.5,2.5,164.39585606208766,162.5,ok,172491.2787604997,651562.3218342649,4.514885998624601,1059.5536763441046,0.0,4,3,inf,4.443041133138449,2.8351140013753984,8.978873285892218,1.5,1.15,0.85,2.0,1.2,0.05,262147.0
unseen,IMC_PID/D_add8,reverse_off_anchor,nominal,2.5,2.5,109.59723737472511,107.5,ok,18073.529451737562,18706.97307767036,1.9500150302093395,0.02675978703949955,0.0,4,0,10597.5,6.074745615158861e-05,5.4000111407210385,8.7,,,,,,,
unseen,IMC_PID/D_add8,reverse_off_anchor,delay_minus30,2.5,2.5,76.71806616230758,75.0,ok,18357.212018617207,18982.494226097795,1.950181547554025,0.02570402232226332,0.0,4,0,10380.0,0.00025280555559170637,5.400028832781915,8.7,0.7,,,,,,
unseen,IMC_PID/D_add8,reverse_off_anchor,delay_plus50,2.5,2.5,164.39585606208766,162.5,ok,18353.594578996624,18784.77406239034,1.94963543766647,0.029065684986531615,0.0,4,0,10910.0,0.0004044814538444186,5.39998697667213,8.7,1.5,,,,,,
unseen,IMC_PID/D_add8,reverse_off_anchor,acid_plus15,2.5,2.5,109.59723737472511,107.5,ok,87358.84546245098,313417.5195366632,5.454764111816586,0.8790244629638693,0.0,4,2,inf,5.293762081979024,3.245235888183413,8.793079226847656,,1.15,,,,,
unseen,IMC_PID/D_add8,reverse_off_anchor,acid_minus15,2.5,2.5,109.59723737472511,107.5,ok,112916.47251626453,377165.2648374003,4.995454903624889,0.8254331224731342,0.0,4,2,inf,3.0455582066970237,4.7325841552796835,10.84284312684948,,0.85,,,,,
unseen,IMC_PID/D_add8,reverse_off_anchor,base_minus15,2.5,2.5,109.59723737472511,107.5,ok,90503.38616332921,344537.6706121081,5.467348192739847,1.0057358363103432,0.0,4,2,inf,5.344192254679827,3.232651807260153,8.721717891049751,,,0.85,,,,
unseen,IMC_PID/D_add8,reverse_off_anchor,base_plus15,2.5,2.5,109.59723737472511,107.5,ok,99936.49425867909,312675.4677915588,4.8435473810639404,0.7291749334416462,0.0,4,2,inf,2.8937099155440826,4.691722707018895,10.839010131637306,,,1.15,,,,
unseen,IMC_PID/D_add8,reverse_off_anchor,Kw_half,2.5,2.5,109.59723737472511,107.5,ok,17686.420099899915,17044.47579255186,1.9500785509767828,0.029813934584713486,0.0,4,0,10672.5,0.012444490778879214,5.400002687822574,8.87843392275143,,,,0.5,,,
unseen,IMC_PID/D_add8,reverse_off_anchor,Kw_double,2.5,2.5,109.59723737472511,107.5,ok,22285.113968324542,20219.15359189332,1.9191797490944165,0.02972509215993746,0.0,4,1,inf,0.09085989048389287,5.400048101329987,8.7,,,,2.0,,,
unseen,IMC_PID/D_add8,reverse_off_anchor,volume_plus20,2.5,2.5,109.59723737472511,107.5,ok,19560.494870739414,19988.608997058116,1.9483209979637852,0.029531275724097306,0.0,4,0,11455.0,0.0029642564241756375,5.399316580863908,8.7,,,,,1.2,,
unseen,IMC_PID/D_add8,reverse_off_anchor,volume_minus20,2.5,2.5,109.59723737472511,107.5,ok,16988.722993712436,17064.17470029939,1.949631368457844,0.02445603733596524,0.0,4,0,9727.5,0.0006188476018600397,5.400260557205577,8.7,,,,,0.8,,
unseen,IMC_PID/D_add8,reverse_off_anchor,noise_0.01_seed104729,2.5,2.5,109.59723737472511,107.5,ok,18032.114656102778,18656.685715127904,1.9503585717508942,11.30958756652548,0.0,4,0,10587.5,0.0025755854232487607,5.397058013666754,8.700006425389697,,,,,,0.01,104729.0
unseen,IMC_PID/D_add8,reverse_off_anchor,noise_0.01_seed130363,2.5,2.5,109.59723737472511,107.5,ok,18064.569468444268,18667.5439086267,1.9487019734763171,11.394653445447343,0.0,4,0,10600.0,0.0014549449824139415,5.398967638467669,8.700371025482307,,,,,,0.01,130363.0
unseen,IMC_PID/D_add8,reverse_off_anchor,noise_0.01_seed155921,2.5,2.5,109.59723737472511,107.5,ok,18056.00934626536,18698.21661052631,1.9503315419115834,11.471921890059184,0.0,4,0,10575.0,0.0008065725684476277,5.398738784196916,8.70012429032953,,,,,,0.01,155921.0
unseen,IMC_PID/D_add8,reverse_off_anchor,noise_0.01_seed196613,2.5,2.5,109.59723737472511,107.5,ok,18130.105534019975,18730.04746073752,1.951154922332992,11.390521648770315,0.0,4,0,10585.0,0.002273312065473654,5.394904258050037,8.70000006553777,,,,,,0.01,196613.0
unseen,IMC_PID/D_add8,reverse_off_anchor,noise_0.01_seed262147,2.5,2.5,109.59723737472511,107.5,ok,18067.869522621095,18691.335123170124,1.9494771188364197,11.431484760169125,0.0,4,0,10552.5,0.0007144238547924786,5.397684142065394,8.700346074863662,,,,,,0.01,262147.0
unseen,IMC_PID/D_add8,reverse_off_anchor,noise_0.05_seed104729,2.5,2.5,109.59723737472511,107.5,ok,17526.66951097786,17942.71132490014,1.956138241254311,56.1110262092341,0.0,4,1,inf,0.07608879557661119,5.328260261507972,8.70160607442069,,,,,,0.05,104729.0
unseen,IMC_PID/D_add8,reverse_off_anchor,noise_0.05_seed130363,2.5,2.5,109.59723737472511,107.5,ok,18638.854010411553,18386.245427439346,1.919368044024277,50.76211475137228,0.0,4,0,17047.5,0.03137008361410931,5.394303252405166,8.706194566690359,,,,,,0.05,130363.0
unseen,IMC_PID/D_add8,reverse_off_anchor,noise_0.05_seed155921,2.5,2.5,109.59723737472511,107.5,ok,17758.023561772356,18320.388276673984,1.9550991644757971,61.013200783160464,0.0,4,0,10440.0,0.009733022632993027,5.318866018581471,8.700145706685564,,,,,,0.05,155921.0
unseen,IMC_PID/D_add8,reverse_off_anchor,noise_0.05_seed196613,2.5,2.5,109.59723737472511,107.5,ok,19713.05842423078,19537.972145098418,1.9683008747210398,55.45914692902238,0.0,4,1,inf,0.058150054399767725,5.288326717409547,8.700000280689837,,,,,,0.05,196613.0
unseen,IMC_PID/D_add8,reverse_off_anchor,noise_0.05_seed262147,2.5,2.5,109.59723737472511,107.5,ok,18016.75523800643,18213.115459031796,1.939100121237626,54.83759799096784,0.0,4,0,15915.0,0.0119081616458514,5.366319453801562,8.710028511899191,,,,,,0.05,262147.0
unseen,IMC_PID/D_add8,reverse_off_anchor,combined_seed104729,2.5,2.5,164.39585606208766,162.5,ok,158186.4911291193,594157.27408766,5.7971165035132834,1264.2411982672575,0.0,4,4,inf,5.761999122439464,2.902883496486716,8.7,1.5,1.15,0.85,2.0,1.2,0.05,104729.0
unseen,IMC_PID/D_add8,reverse_off_anchor,combined_seed130363,2.5,2.5,164.39585606208766,162.5,ok,156836.76409423005,593541.0470365256,5.797345138118249,1264.7357776041977,0.0,4,3,inf,5.762263577631769,2.9026548618817505,8.7,1.5,1.15,0.85,2.0,1.2,0.05,130363.0
unseen,IMC_PID/D_add8,reverse_off_anchor,combined_seed155921,2.5,2.5,164.39585606208766,162.5,ok,156880.3807622405,593635.028009807,5.797372406575116,1264.33522186971,0.0,4,3,inf,5.762271831569395,2.902627593424883,8.7,1.5,1.15,0.85,2.0,1.2,0.05,155921.0
unseen,IMC_PID/D_add8,reverse_off_anchor,combined_seed196613,2.5,2.5,164.39585606208766,162.5,ok,156841.0791837771,593409.8538377571,5.797469891409399,1249.367305417525,0.0,4,3,inf,5.762342017159716,2.9025301085905997,8.7,1.5,1.15,0.85,2.0,1.2,0.05,196613.0
unseen,IMC_PID/D_add8,reverse_off_anchor,combined_seed262147,2.5,2.5,164.39585606208766,162.5,ok,156741.1915876578,593007.8862817137,5.797089301711291,1270.2786343520497,0.0,4,3,inf,5.76199859039723,2.902910698288708,8.7,1.5,1.15,0.85,2.0,1.2,0.05,262147.0
unseen,IMC_PID/D_add8,cross_equivalence,nominal,2.5,2.5,109.59723737472511,107.5,ok,99750.83336271971,292904.26507810794,4.314607668261268,0.8666749839424064,0.0,7,4,inf,3.281890681184154,3.770798070287921,10.371381240897218,,,,,,,
unseen,IMC_PID/D_add8,cross_equivalence,delay_minus30,2.5,2.5,76.71806616230758,75.0,ok,99034.2074698054,290889.6182640531,4.308301191993915,0.8585906722451337,0.0,7,4,inf,3.2794165751343742,3.7719767548208667,10.370055264410224,0.7,,,,,,
unseen,IMC_PID/D_add8,cross_equivalence,delay_plus50,2.5,2.5,164.39585606208766,162.5,ok,101303.89092330707,296718.63447880745,4.32512044922352,0.8809760085585543,0.0,7,5,inf,3.286065636018855,3.769225802660269,10.373609887785873,1.5,,,,,,
unseen,IMC_PID/D_add8,cross_equivalence,acid_plus15,2.5,2.5,109.59723737472511,107.5,ok,160395.5610875304,559900.980641447,5.169263899248001,1.6961985628209204,0.0,7,7,inf,4.1128798284406045,3.1811424940119224,10.413780605100339,,1.15,,,,,
unseen,IMC_PID/D_add8,cross_equivalence,acid_minus15,2.5,2.5,109.59723737472511,107.5,ok,143294.27495504034,462360.1451842553,5.478095788714066,1.362290709050936,0.0,7,7,inf,5.363150255740377,3.8326892768394525,10.728095788714066,,0.85,,,,,
unseen,IMC_PID/D_add8,cross_equivalence,base_minus15,2.5,2.5,109.59723737472511,107.5,ok,170860.70483370786,612913.0338729334,5.185197601665991,1.8432684446415095,0.0,7,7,inf,4.536768311908611,3.1751272697299124,10.35141867402924,,,0.85,,,,
unseen,IMC_PID/D_add8,cross_equivalence,base_plus15,2.5,2.5,109.59723737472511,107.5,ok,136459.7927283464,457445.5137394171,5.455762796239227,1.3090618041689064,0.0,7,6,inf,5.302534215106853,3.764624807878693,10.705762796239227,,,1.15,,,,
unseen,IMC_PID/D_add8,cross_equivalence,Kw_half,2.5,2.5,109.59723737472511,107.5,ok,102614.07991323911,310497.68998289783,4.318404834947548,0.9045052925930381,0.0,7,5,inf,3.525460911918226,3.7753369006679303,10.6658058525894,,,,0.5,,,
unseen,IMC_PID/D_add8,cross_equivalence,Kw_double,2.5,2.5,109.59723737472511,107.5,ok,96182.21652395572,274521.98622314306,4.303749172598483,0.8316294113917015,0.0,7,6,inf,3.0326321526584623,3.7461403356051473,10.077707327279937,,,,2.0,,,
unseen,IMC_PID/D_add8,cross_equivalence,volume_plus20,2.5,2.5,109.59723737472511,107.5,ok,104322.88631822883,302763.1147822298,4.289399754912217,0.901570932602322,0.0,7,6,inf,3.2998930120302328,3.797656951597179,10.357235388964122,,,,,1.2,,
unseen,IMC_PID/D_add8,cross_equivalence,volume_minus20,2.5,2.5,109.59723737472511,107.5,ok,94616.3236345934,283856.5636145909,4.344356688627681,0.8272136476590726,0.0,7,4,inf,3.262391710974673,3.7390140332321713,10.38642099895393,,,,,0.8,,
unseen,IMC_PID/D_add8,cross_equivalence,noise_0.01_seed104729,2.5,2.5,109.59723737472511,107.5,ok,99782.432320156,292897.6670318459,4.314741539618656,68.47447679867562,0.0,7,4,inf,3.2819229610486405,3.770928431680913,10.371398916859507,,,,,,0.01,104729.0
unseen,IMC_PID/D_add8,cross_equivalence,noise_0.01_seed130363,2.5,2.5,109.59723737472511,107.5,ok,99757.97630744767,292852.2179066006,4.314888011305769,69.05935190804912,0.0,7,4,inf,3.2819604320515596,3.7708494304884175,10.371408595185084,,,,,,0.01,130363.0
unseen,IMC_PID/D_add8,cross_equivalence,noise_0.01_seed155921,2.5,2.5,109.59723737472511,107.5,ok,99721.61192183557,292849.73739894346,4.314689501843932,67.61778080927405,0.0,7,4,inf,3.281862494375555,3.770743916855187,10.37136681032177,,,,,,0.01,155921.0
unseen,IMC_PID/D_add8,cross_equivalence,noise_0.01_seed196613,2.5,2.5,109.59723737472511,107.5,ok,99790.63699423571,292925.3074578687,4.314666675495979,69.65618177875105,0.0,7,4,inf,3.2819360197140997,3.7706297982519863,10.371378111829435,,,,,,0.01,196613.0
unseen,IMC_PID/D_add8,cross_equivalence,noise_0.01_seed262147,2.5,2.5,109.59723737472511,107.5,ok,99745.67671209338,292855.25331461855,4.315072074596038,68.5227006249639,0.0,7,4,inf,3.281894556938293,3.7708359311262507,10.371377057801803,,,,,,0.01,262147.0
unseen,IMC_PID/D_add8,cross_equivalence,noise_0.05_seed104729,2.5,2.5,109.59723737472511,107.5,ok,100024.89809301494,292152.56932383345,4.315873169161257,343.02179481691985,0.0,7,5,inf,3.2821216277769603,3.776224549743551,10.371506830313507,,,,,,0.05,104729.0
unseen,IMC_PID/D_add8,cross_equivalence,noise_0.05_seed130363,2.5,2.5,109.59723737472511,107.5,ok,99342.8238193688,290759.50472675916,4.315332281900306,344.2356993303481,0.0,7,4,inf,3.282390277449683,3.7701512771526056,10.371598464347281,,,,,,0.05,130363.0
unseen,IMC_PID/D_add8,cross_equivalence,noise_0.05_seed155921,2.5,2.5,109.59723737472511,107.5,ok,99344.69660839826,292853.8927181123,4.31654570044812,337.65712886893243,0.0,7,5,inf,3.2822934830407258,3.767793972991214,10.371588109253578,,,,,,0.05,155921.0
unseen,IMC_PID/D_add8,cross_equivalence,noise_0.05_seed196613,2.5,2.5,109.59723737472511,107.5,ok,100075.7053620377,293372.162768115,4.318075844108401,348.3733222701994,0.0,7,4,inf,3.282274439090185,3.7666559778858972,10.371450159671921,,,,,,0.05,196613.0
unseen,IMC_PID/D_add8,cross_equivalence,noise_0.05_seed262147,2.5,2.5,109.59723737472511,107.5,ok,99930.23241369892,292294.6369088931,4.320495868711728,346.2512147918162,0.0,7,5,inf,3.2818755700639537,3.7737684648072793,10.371343944069537,,,,,,0.05,262147.0
unseen,IMC_PID/D_add8,cross_equivalence,combined_seed104729,2.5,2.5,164.39585606208766,162.5,ok,199497.2721767129,795879.9597859551,5.523951794631906,1244.835544781789,0.0,7,7,inf,5.293420525244848,2.8629330486332294,9.598120487221049,1.5,1.15,0.85,2.0,1.2,0.05,104729.0
unseen,IMC_PID/D_add8,cross_equivalence,combined_seed130363,2.5,2.5,164.39585606208766,162.5,ok,199402.8555243364,796413.3399842354,5.524093868083332,1249.2862591464434,0.0,7,7,inf,5.293715139294765,2.8627997123807405,9.60334214172113,1.5,1.15,0.85,2.0,1.2,0.05,130363.0
unseen,IMC_PID/D_add8,cross_equivalence,combined_seed155921,2.5,2.5,164.39585606208766,162.5,ok,199515.045699189,796921.0971410691,5.52395441927489,1241.8598839335395,0.0,7,7,inf,5.293556850662292,2.8628722392978196,9.604463304161186,1.5,1.15,0.85,2.0,1.2,0.05,155921.0
unseen,IMC_PID/D_add8,cross_equivalence,combined_seed196613,2.5,2.5,164.39585606208766,162.5,ok,199528.67462220142,796232.8476280456,5.523398334407641,1243.5566149283695,0.0,7,7,inf,5.292832773598819,2.863407764141333,9.60077617892793,1.5,1.15,0.85,2.0,1.2,0.05,196613.0
unseen,IMC_PID/D_add8,cross_equivalence,combined_seed262147,2.5,2.5,164.39585606208766,162.5,ok,199684.2724271158,796557.8535458421,5.524225818131756,1254.049416375329,0.0,7,7,inf,5.29382037756999,2.8626473007257878,9.603685641665264,1.5,1.15,0.85,2.0,1.2,0.05,262147.0
unseen,IMC_PID/D_add8,regulatory_off_anchor,nominal,2.5,2.5,109.59723737472511,107.5,ok,120907.68285896615,360201.34461976384,3.755469843535271,0.9982192667031438,0.0,4,1,inf,3.026313017817534,3.5945301564647285,10.745289146535233,,,,,,,
unseen,IMC_PID/D_add8,regulatory_off_anchor,delay_minus30,2.5,2.5,76.71806616230758,75.0,ok,122292.23423379459,360813.7058420717,3.7532448653753203,0.9928244759093063,0.0,4,2,inf,3.025497105976653,3.5967551346246793,10.744872757770164,0.7,,,,,,
unseen,IMC_PID/D_add8,regulatory_off_anchor,delay_plus50,2.5,2.5,164.39585606208766,162.5,ok,121471.79957526401,361416.67870900116,3.7591958274054793,1.009061375824687,0.0,4,2,inf,3.027920613231963,3.5908041725945203,10.74609081069639,1.5,,,,,,
unseen,IMC_PID/D_add8,regulatory_off_anchor,acid_plus15,2.5,2.5,109.59723737472511,107.5,ok,182209.80278840178,625953.5967183363,4.209630613557831,2.6421652549324968,0.0,4,4,inf,4.03803470399398,3.1403693864421687,10.593181007203189,,1.15,,,,,
unseen,IMC_PID/D_add8,regulatory_off_anchor,acid_minus15,2.5,2.5,109.59723737472511,107.5,ok,147794.13043067046,431486.7533619004,3.475995018176258,1.1138237918560332,0.0,4,3,inf,3.4497629032242294,4.081370015659636,10.825995018176258,,0.85,,,,,
unseen,IMC_PID/D_add8,regulatory_off_anchor,base_minus15,2.5,2.5,109.59723737472511,107.5,ok,183586.87417644644,629855.1837471161,4.213027796016732,2.788704704221038,0.0,4,4,inf,4.068583714909341,3.1369722039832677,10.441943356284531,,,0.85,,,,
unseen,IMC_PID/D_add8,regulatory_off_anchor,base_plus15,2.5,2.5,109.59723737472511,107.5,ok,138231.6196441747,401714.64634668746,3.4702246410010513,1.034303303779291,0.0,4,3,inf,3.436589743148321,4.0144482710671054,10.820224641001051,,,1.15,,,,
unseen,IMC_PID/D_add8,regulatory_off_anchor,Kw_half,2.5,2.5,109.59723737472511,107.5,ok,128837.78775693764,404048.9153926617,3.7556397306757408,1.098518557629757,0.0,4,1,inf,3.25770472553058,3.594360269324259,11.042543352191155,,,,0.5,,,
unseen,IMC_PID/D_add8,regulatory_off_anchor,Kw_double,2.5,2.5,109.59723737472511,107.5,ok,110992.61918690165,312234.49117359245,3.755286885505446,0.9076178820679903,0.0,4,4,inf,2.785411768925176,3.5947131144945534,10.448212673487246,,,,2.0,,,
unseen,IMC_PID/D_add8,regulatory_off_anchor,volume_plus20,2.5,2.5,109.59723737472511,107.5,ok,125275.83978784269,368658.1296910962,3.7368731947818596,1.035611435449102,0.0,4,3,inf,3.034794543489607,3.61312680521814,10.737392304269216,,,,,1.2,,
unseen,IMC_PID/D_add8,regulatory_off_anchor,volume_minus20,2.5,2.5,109.59723737472511,107.5,ok,117294.39911399414,349752.65016500885,3.7759517001702103,0.9651783134624159,0.0,4,2,inf,3.0178739936869494,3.5740482998297893,10.75373735899118,,,,,0.8,,
unseen,IMC_PID/D_add8,regulatory_off_anchor,noise_0.01_seed104729,2.5,2.5,109.59723737472511,107.5,ok,120975.17926527026,360313.7399259588,3.7555439773661408,66.77182247061435,0.0,4,1,inf,3.02630300847448,3.594456022633859,10.745291286759372,,,,,,0.01,104729.0
unseen,IMC_PID/D_add8,regulatory_off_anchor,noise_0.01_seed130363,2.5,2.5,109.59723737472511,107.5,ok,120874.6288961927,360187.1810509489,3.7555812197923877,67.3733586517049,0.0,4,2,inf,3.02633916233237,3.594418780207612,10.745281065764635,,,,,,0.01,130363.0
unseen,IMC_PID/D_add8,regulatory_off_anchor,noise_0.01_seed155921,2.5,2.5,109.59723737472511,107.5,ok,120950.19289953433,360208.08918942104,3.755451372693758,67.40026310119754,0.0,4,1,inf,3.0262986304710857,3.5945486273062417,10.745285830273225,,,,,,0.01,155921.0
unseen,IMC_PID/D_add8,regulatory_off_anchor,noise_0.01_seed196613,2.5,2.5,109.59723737472511,107.5,ok,120886.17391605087,360169.020405927,3.755516113174148,66.09218148230713,0.0,4,2,inf,3.026311954833945,3.5944838868258517,10.745285219697983,,,,,,0.01,196613.0
unseen,IMC_PID/D_add8,regulatory_off_anchor,noise_0.01_seed262147,2.5,2.5,109.59723737472511,107.5,ok,120869.1403927471,360127.30412724696,3.755466801577735,67.887216750337,0.0,4,1,inf,3.026322231626274,3.5945331984222646,10.745294959074606,,,,,,0.01,262147.0
unseen,IMC_PID/D_add8,regulatory_off_anchor,noise_0.05_seed104729,2.5,2.5,109.59723737472511,107.5,ok,122656.5163846841,362832.40417530923,3.7560509783464804,335.50136971484915,0.0,4,1,inf,3.026295879487641,3.5939490216535193,10.745313806993815,,,,,,0.05,104729.0
unseen,IMC_PID/D_add8,regulatory_off_anchor,noise_0.05_seed130363,2.5,2.5,109.59723737472511,107.5,ok,120775.82033953845,359909.27204059856,3.7566751533660354,337.0676759669704,0.0,4,2,inf,3.0262573442791485,3.5933248466339642,10.745173072540355,,,,,,0.05,130363.0
unseen,IMC_PID/D_add8,regulatory_off_anchor,noise_0.05_seed155921,2.5,2.5,109.59723737472511,107.5,ok,121698.64398832494,360572.04553323635,3.7565167074107464,335.4630298229057,0.0,4,2,inf,3.02667085505891,3.5934832925892533,10.745456464082375,,,,,,0.05,155921.0
unseen,IMC_PID/D_add8,regulatory_off_anchor,noise_0.05_seed196613,2.5,2.5,109.59723737472511,107.5,ok,120624.95241226506,359827.3123719773,3.7559292540092764,331.01899811725804,0.0,4,2,inf,3.026176021076436,3.5940707459907233,10.745217792204256,,,,,,0.05,196613.0
unseen,IMC_PID/D_add8,regulatory_off_anchor,noise_0.05_seed262147,2.5,2.5,109.59723737472511,107.5,ok,120119.72155385498,358547.0245851219,3.7543208350836257,338.85979330396003,0.0,4,2,inf,3.0262111095335964,3.595679164916374,10.745257810166532,,,,,,0.05,262147.0
unseen,IMC_PID/D_add8,regulatory_off_anchor,combined_seed104729,2.5,2.5,164.39585606208766,162.5,ok,174383.5608117369,654512.8509493353,4.515611442287913,1053.8830946214887,0.0,4,4,inf,4.443857789821247,2.8343885577120864,8.992254285525357,1.5,1.15,0.85,2.0,1.2,0.05,104729.0
unseen,IMC_PID/D_add8,regulatory_off_anchor,combined_seed130363,2.5,2.5,164.39585606208766,162.5,ok,173847.02618225623,653609.4256735252,4.515600360414243,1058.6700993252205,0.0,4,4,inf,4.443880009173423,2.834399639585756,8.986677665557844,1.5,1.15,0.85,2.0,1.2,0.05,130363.0
unseen,IMC_PID/D_add8,regulatory_off_anchor,combined_seed155921,2.5,2.5,164.39585606208766,162.5,ok,173597.26567709842,652496.5857694845,4.515513048598607,1048.8117172346897,0.0,4,4,inf,4.44377054545211,2.8344869514013924,8.978150188463264,1.5,1.15,0.85,2.0,1.2,0.05,155921.0
unseen,IMC_PID/D_add8,regulatory_off_anchor,combined_seed196613,2.5,2.5,164.39585606208766,162.5,ok,174362.45006234833,654131.1845836991,4.515685896287535,1035.4700517426284,0.0,4,4,inf,4.44397619842922,2.8343141037124644,8.993997296331333,1.5,1.15,0.85,2.0,1.2,0.05,196613.0
unseen,IMC_PID/D_add8,regulatory_off_anchor,combined_seed262147,2.5,2.5,164.39585606208766,162.5,ok,173707.48666950152,652817.0115048748,4.515651141827027,1059.790269959319,0.0,4,4,inf,4.443942686489057,2.834348858172973,8.98048553093216,1.5,1.15,0.85,2.0,1.2,0.05,262147.0
unseen,IMC_PID/D2_resample_Ti_Td,reverse_off_anchor,nominal,2.5,2.5,109.59723737472511,107.5,ok,19293.85701515595,19953.188364626305,1.9491774672901006,0.02500130197881134,0.0,4,0,10567.5,0.001238519614826572,5.400026302392042,8.7,,,,,,,
unseen,IMC_PID/D2_resample_Ti_Td,reverse_off_anchor,delay_minus30,2.5,2.5,76.71806616230758,75.0,ok,18991.42356898156,19410.323738500243,1.9485430589375357,0.02413680942469565,0.0,4,0,10335.0,0.0015096103033265251,5.400049356636385,8.7,0.7,,,,,,
unseen,IMC_PID/D2_resample_Ti_Td,reverse_off_anchor,delay_plus50,2.5,2.5,164.39585606208766,162.5,ok,20000.240465470008,21108.840714594488,1.950069490353501,0.026655487531930255,0.0,4,0,11102.5,0.0010053923096942086,5.3999936569993405,8.7,1.5,,,,,,
unseen,IMC_PID/D2_resample_Ti_Td,reverse_off_anchor,acid_plus15,2.5,2.5,109.59723737472511,107.5,ok,86804.72523404131,312520.99973089667,5.454812786702761,0.8862006588508278,0.0,4,2,inf,5.293836945909103,3.245187213297238,8.806583624090164,,1.15,,,,,
unseen,IMC_PID/D2_resample_Ti_Td,reverse_off_anchor,acid_minus15,2.5,2.5,109.59723737472511,107.5,ok,112899.53991594081,377629.4372501278,4.995340078219016,0.8247928487953589,0.0,4,2,inf,3.0454434063768367,4.741741263114423,10.842801047417426,,0.85,,,,,
unseen,IMC_PID/D2_resample_Ti_Td,reverse_off_anchor,base_minus15,2.5,2.5,109.59723737472511,107.5,ok,92889.59885871623,346371.18741064443,5.46738976512578,1.0136778290652586,0.0,4,2,inf,5.344250427194222,3.2326102348742185,8.736042556091922,,,0.85,,,,
unseen,IMC_PID/D2_resample_Ti_Td,reverse_off_anchor,base_plus15,2.5,2.5,109.59723737472511,107.5,ok,99812.42009109673,312947.3464438562,4.843366973002951,0.728642336773202,0.0,4,2,inf,2.893529567978238,4.700853066212687,10.838961023103757,,,1.15,,,,
unseen,IMC_PID/D2_resample_Ti_Td,reverse_off_anchor,Kw_half,2.5,2.5,109.59723737472511,107.5,ok,18432.35250891292,18249.230320342824,1.9499133080556605,0.02801076754607479,0.0,4,0,10775.0,0.010271650471421978,5.40001047913497,8.880593327219371,,,,0.5,,,
unseen,IMC_PID/D2_resample_Ti_Td,reverse_off_anchor,Kw_double,2.5,2.5,109.59723737472511,107.5,ok,22588.924780668112,21827.12471461641,1.9411591171402254,0.027555753776178804,0.0,4,1,inf,0.11120306604467167,5.400093481435091,8.7,,,,2.0,,,
unseen,IMC_PID/D2_resample_Ti_Td,reverse_off_anchor,volume_plus20,2.5,2.5,109.59723737472511,107.5,ok,21205.00800832572,22533.04157673249,1.9519755732173047,0.02713992425890055,0.0,4,0,11895.0,0.0019784582342143864,5.399316610082559,8.7,,,,,1.2,,
unseen,IMC_PID/D2_resample_Ti_Td,reverse_off_anchor,volume_minus20,2.5,2.5,109.59723737472511,107.5,ok,17414.072150317174,17202.378257682973,1.9460862981799298,0.023021538210484138,0.0,4,0,11535.0,0.004085015667762981,5.400326543960195,8.7,,,,,0.8,,
unseen,IMC_PID/D2_resample_Ti_Td,reverse_off_anchor,noise_0.01_seed104729,2.5,2.5,109.59723737472511,107.5,ok,19285.292781383487,19955.268664292395,1.9496185955327885,11.152976945888756,0.0,4,0,10532.5,0.002593010021405995,5.39735801998059,8.700009425220154,,,,,,0.01,104729.0
unseen,IMC_PID/D2_resample_Ti_Td,reverse_off_anchor,noise_0.01_seed130363,2.5,2.5,109.59723737472511,107.5,ok,19341.643491858675,19974.660399501994,1.9474656126559635,11.218758643326623,0.0,4,0,10590.0,0.0027395604999060907,5.398982451532132,8.700286905097329,,,,,,0.01,130363.0
unseen,IMC_PID/D2_resample_Ti_Td,reverse_off_anchor,noise_0.01_seed155921,2.5,2.5,109.59723737472511,107.5,ok,19254.469338592375,19936.41932455339,1.9497920164566747,11.315586277355063,0.0,4,0,10550.0,0.0012819053529957714,5.398784433145076,8.700087121302044,,,,,,0.01,155921.0
unseen,IMC_PID/D2_resample_Ti_Td,reverse_off_anchor,noise_0.01_seed196613,2.5,2.5,109.59723737472511,107.5,ok,19317.574368099707,19947.144143502646,1.9505781613905082,11.22813952804784,0.0,4,0,10562.5,0.0022552767652550543,5.394964903087183,8.700000056813806,,,,,,0.01,196613.0
unseen,IMC_PID/D2_resample_Ti_Td,reverse_off_anchor,noise_0.01_seed262147,2.5,2.5,109.59723737472511,107.5,ok,19302.252589842785,19952.498749203154,1.9485494021940006,11.26465289858927,0.0,4,0,10527.5,0.0017323495445360493,5.397741511745955,8.700264442935953,,,,,,0.01,262147.0
unseen,IMC_PID/D2_resample_Ti_Td,reverse_off_anchor,noise_0.05_seed104729,2.5,2.5,109.59723737472511,107.5,ok,19710.86032431003,20395.314834941397,1.9573421137430103,56.84268655222678,0.0,4,1,inf,0.07608627236568744,5.328221058678837,8.700753067912872,,,,,,0.05,104729.0
unseen,IMC_PID/D2_resample_Ti_Td,reverse_off_anchor,noise_0.05_seed130363,2.5,2.5,109.59723737472511,107.5,ok,20511.322197293382,20302.820013129876,1.9068250734033212,47.68907345755458,0.0,4,0,17047.5,0.04395479652195533,5.3954970993145315,8.704632023420688,,,,,,0.05,130363.0
unseen,IMC_PID/D2_resample_Ti_Td,reverse_off_anchor,noise_0.05_seed155921,2.5,2.5,109.59723737472511,107.5,ok,18957.273524312684,19646.448504148615,1.9615717686760359,60.92762479441851,0.0,4,0,10355.0,0.010257691403630531,5.325404359060288,8.700162386638844,,,,,,0.05,155921.0
unseen,IMC_PID/D2_resample_Ti_Td,reverse_off_anchor,noise_0.05_seed196613,2.5,2.5,109.59723737472511,107.5,ok,20015.84401305547,19861.712384214803,1.974226912169594,55.391282154175954,0.0,4,1,inf,0.05812513947903142,5.288382319723554,8.700000234769023,,,,,,0.05,196613.0
unseen,IMC_PID/D2_resample_Ti_Td,reverse_off_anchor,noise_0.05_seed262147,2.5,2.5,109.59723737472511,107.5,ok,19869.252189281113,20198.268496484143,1.934409774137146,52.44004127180244,0.0,4,0,15915.0,0.01681379410158801,5.366410171832954,8.707759171378424,,,,,,0.05,262147.0
unseen,IMC_PID/D2_resample_Ti_Td,reverse_off_anchor,combined_seed104729,2.5,2.5,164.39585606208766,162.5,ok,161179.2621436277,597268.002230859,5.797007030269546,1264.500089614471,0.0,4,4,inf,5.761876653523324,2.9029929697304535,8.7,1.5,1.15,0.85,2.0,1.2,0.05,104729.0
unseen,IMC_PID/D2_resample_Ti_Td,reverse_off_anchor,combined_seed130363,2.5,2.5,164.39585606208766,162.5,ok,159894.88086267552,596451.3452464673,5.797284713253958,1264.9270195686618,0.0,4,4,inf,5.7621962528392565,2.902715286746041,8.7,1.5,1.15,0.85,2.0,1.2,0.05,130363.0
unseen,IMC_PID/D2_resample_Ti_Td,reverse_off_anchor,combined_seed155921,2.5,2.5,164.39585606208766,162.5,ok,159612.58295134854,596238.7495634661,5.797295503450732,1264.5263290445423,0.0,4,4,inf,5.762186159863813,2.902704496549267,8.7,1.5,1.15,0.85,2.0,1.2,0.05,155921.0
unseen,IMC_PID/D2_resample_Ti_Td,reverse_off_anchor,combined_seed196613,2.5,2.5,164.39585606208766,162.5,ok,159887.75106295725,595858.7745938939,5.79725557315328,1249.2161862897885,0.0,4,4,inf,5.762102551226809,2.902744426846719,8.7,1.5,1.15,0.85,2.0,1.2,0.05,196613.0
unseen,IMC_PID/D2_resample_Ti_Td,reverse_off_anchor,combined_seed262147,2.5,2.5,164.39585606208766,162.5,ok,160105.58268013335,595992.4186535879,5.797056500853782,1270.5598186963016,0.0,4,4,inf,5.761962123594018,2.9029434991462173,8.7,1.5,1.15,0.85,2.0,1.2,0.05,262147.0
unseen,IMC_PID/D2_resample_Ti_Td,cross_equivalence,nominal,2.5,2.5,109.59723737472511,107.5,ok,100125.42132860888,292640.18206854945,4.311874748590257,0.865141880404928,0.0,7,5,inf,3.282729080720805,3.7704319107536604,10.371807239996789,,,,,,,
unseen,IMC_PID/D2_resample_Ti_Td,cross_equivalence,delay_minus30,2.5,2.5,76.71806616230758,75.0,ok,99203.21622983662,290521.81080136786,4.305459258165804,0.8572038871420933,0.0,7,5,inf,3.280257155143965,3.7716692200343216,10.370481568208133,0.7,,,,,,
unseen,IMC_PID/D2_resample_Ti_Td,cross_equivalence,delay_plus50,2.5,2.5,164.39585606208766,162.5,ok,101839.63463923072,296721.57758386136,4.322573066686747,0.8789461616516849,0.0,7,4,inf,3.2868534410597716,3.7687656127827505,10.374011866575392,1.5,,,,,,
unseen,IMC_PID/D2_resample_Ti_Td,cross_equivalence,acid_plus15,2.5,2.5,109.59723737472511,107.5,ok,160487.18388354994,559500.5769773165,5.169263899248001,1.6990211713518448,0.0,7,7,inf,4.1128798284406045,3.1811424940119224,10.414272277514765,,1.15,,,,,
unseen,IMC_PID/D2_resample_Ti_Td,cross_equivalence,acid_minus15,2.5,2.5,109.59723737472511,107.5,ok,143456.40833533046,462623.77178335725,5.478204896181202,1.3586509775729132,0.0,7,7,inf,5.363302698646525,3.836893775039847,10.728204896181202,,0.85,,,,,
unseen,IMC_PID/D2_resample_Ti_Td,cross_equivalence,base_minus15,2.5,2.5,109.59723737472511,107.5,ok,170637.36250613935,612798.6300859676,5.185197601665991,1.8447688582736763,0.0,7,7,inf,4.536768311908611,3.1751272697299124,10.351684972169508,,,0.85,,,,
unseen,IMC_PID/D2_resample_Ti_Td,cross_equivalence,base_plus15,2.5,2.5,109.59723737472511,107.5,ok,136697.3901359972,457021.0923615034,5.455894344835574,1.3125488456030938,0.0,7,7,inf,5.302736551229447,3.769760153006776,10.705894344835574,,,1.15,,,,
unseen,IMC_PID/D2_resample_Ti_Td,cross_equivalence,Kw_half,2.5,2.5,109.59723737472511,107.5,ok,102945.77059326236,310538.5919891555,4.3191348812973915,0.9094232988975826,0.0,7,5,inf,3.525998153746035,3.777782804984725,10.666045186021535,,,,0.5,,,
unseen,IMC_PID/D2_resample_Ti_Td,cross_equivalence,Kw_double,2.5,2.5,109.59723737472511,107.5,ok,95363.11507485513,273753.81943526916,4.299245335341132,0.8285436704527616,0.0,7,6,inf,3.032617719601622,3.748242132193162,10.077685985950598,,,,2.0,,,
unseen,IMC_PID/D2_resample_Ti_Td,cross_equivalence,volume_plus20,2.5,2.5,109.59723737472511,107.5,ok,104951.48523678641,303330.643613462,4.2867797856663685,0.8980102999818191,0.0,7,5,inf,3.3007268903025233,3.7972984666617102,10.357693669021986,,,,,1.2,,
unseen,IMC_PID/D2_resample_Ti_Td,cross_equivalence,volume_minus20,2.5,2.5,109.59723737472511,107.5,ok,94342.56014591057,283659.8886770634,4.341381484142885,0.8279737600219157,0.0,7,4,inf,3.2626307476901735,3.7388807198043263,10.386529300291928,,,,,0.8,,
unseen,IMC_PID/D2_resample_Ti_Td,cross_equivalence,noise_0.01_seed104729,2.5,2.5,109.59723737472511,107.5,ok,100160.56205352343,292636.27918908995,4.312018757756455,68.42902081129343,0.0,7,5,inf,3.282775755471106,3.7705164477683177,10.371832048808251,,,,,,0.01,104729.0
unseen,IMC_PID/D2_resample_Ti_Td,cross_equivalence,noise_0.01_seed130363,2.5,2.5,109.59723737472511,107.5,ok,100140.00766297497,292584.80783459824,4.3120113262573545,69.02193168005168,0.0,7,5,inf,3.282758512576833,3.770424359607806,10.371814670169742,,,,,,0.01,130363.0
unseen,IMC_PID/D2_resample_Ti_Td,cross_equivalence,noise_0.01_seed155921,2.5,2.5,109.59723737472511,107.5,ok,100085.5320790486,292587.65041301545,4.311968058657467,67.58352370271163,0.0,7,5,inf,3.2827481413817443,3.7703786372220884,10.371816410169716,,,,,,0.01,155921.0
unseen,IMC_PID/D2_resample_Ti_Td,cross_equivalence,noise_0.01_seed196613,2.5,2.5,109.59723737472511,107.5,ok,100140.90405452729,292635.9156714159,4.312025399480322,69.61901960051713,0.0,7,5,inf,3.2827804291709457,3.7702181635183134,10.371807186119351,,,,,,0.01,196613.0
unseen,IMC_PID/D2_resample_Ti_Td,cross_equivalence,noise_0.01_seed262147,2.5,2.5,109.59723737472511,107.5,ok,100134.55899019209,292622.8829218726,4.312331124609457,68.4898635741663,0.0,7,5,inf,3.2827620467052983,3.7704899440491637,10.371817523520523,,,,,,0.01,262147.0
unseen,IMC_PID/D2_resample_Ti_Td,cross_equivalence,noise_0.05_seed104729,2.5,2.5,109.59723737472511,107.5,ok,100178.80093408615,291496.12239626644,4.313282569868546,342.5003809207378,0.0,7,6,inf,3.283065786681415,3.7759021377751623,10.371986809718404,,,,,,0.05,104729.0
unseen,IMC_PID/D2_resample_Ti_Td,cross_equivalence,noise_0.05_seed130363,2.5,2.5,109.59723737472511,107.5,ok,99860.5140558866,290838.4482859888,4.311902498785731,344.3368528378906,0.0,7,5,inf,3.2836219447415447,3.769666258804593,10.37222485852942,,,,,,0.05,130363.0
unseen,IMC_PID/D2_resample_Ti_Td,cross_equivalence,noise_0.05_seed155921,2.5,2.5,109.59723737472511,107.5,ok,99674.54701031672,292861.59562165814,4.313946522155772,337.6059079556428,0.0,7,5,inf,3.2835197289065503,3.7679882050075664,10.372205604552738,,,,,,0.05,155921.0
unseen,IMC_PID/D2_resample_Ti_Td,cross_equivalence,noise_0.05_seed196613,2.5,2.5,109.59723737472511,107.5,ok,100311.04319601101,293034.9544289901,4.315894538107817,348.15125823990536,0.0,7,5,inf,3.283034268588511,3.7665736402945127,10.371834241360109,,,,,,0.05,196613.0
unseen,IMC_PID/D2_resample_Ti_Td,cross_equivalence,noise_0.05_seed262147,2.5,2.5,109.59723737472511,107.5,ok,100294.8460605735,292098.8207644149,4.318215819566048,346.311363640393,0.0,7,6,inf,3.2830921120823,3.773286906134496,10.371961543447435,,,,,,0.05,262147.0
unseen,IMC_PID/D2_resample_Ti_Td,cross_equivalence,combined_seed104729,2.5,2.5,164.39585606208766,162.5,ok,199223.3664187356,795707.749583818,5.523951794631906,1244.4036010024136,0.0,7,7,inf,5.293420525244848,2.8629330486332294,9.59868385553218,1.5,1.15,0.85,2.0,1.2,0.05,104729.0
unseen,IMC_PID/D2_resample_Ti_Td,cross_equivalence,combined_seed130363,2.5,2.5,164.39585606208766,162.5,ok,199555.02261929854,796662.6206248194,5.524093868083332,1248.9465010526992,0.0,7,7,inf,5.293715139294765,2.8627997123807405,9.603930016735234,1.5,1.15,0.85,2.0,1.2,0.05,130363.0
unseen,IMC_PID/D2_resample_Ti_Td,cross_equivalence,combined_seed155921,2.5,2.5,164.39585606208766,162.5,ok,199956.71198461542,797369.2455484312,5.52395441927489,1241.7519571124194,0.0,7,6,inf,5.293556850662292,2.8628722392978196,9.605057245814711,1.5,1.15,0.85,2.0,1.2,0.05,155921.0
unseen,IMC_PID/D2_resample_Ti_Td,cross_equivalence,combined_seed196613,2.5,2.5,164.39585606208766,162.5,ok,199414.31133800617,796192.8359104272,5.523398334407641,1243.1678279920693,0.0,7,7,inf,5.292832773598819,2.863407764141333,9.601390077339053,1.5,1.15,0.85,2.0,1.2,0.05,196613.0
unseen,IMC_PID/D2_resample_Ti_Td,cross_equivalence,combined_seed262147,2.5,2.5,164.39585606208766,162.5,ok,199496.40152117785,796512.023754226,5.524225818131756,1253.8806178216455,0.0,7,7,inf,5.29382037756999,2.8626473007257878,9.604245878188795,1.5,1.15,0.85,2.0,1.2,0.05,262147.0
unseen,IMC_PID/D2_resample_Ti_Td,regulatory_off_anchor,nominal,2.5,2.5,109.59723737472511,107.5,ok,123866.46907730187,363101.0374197654,3.755355669912832,0.9964836807461115,0.0,4,2,inf,3.0272751544341414,3.5946443300871675,10.74569852512339,,,,,,,
unseen,IMC_PID/D2_resample_Ti_Td,regulatory_off_anchor,delay_minus30,2.5,2.5,76.71806616230758,75.0,ok,122880.26288170609,360493.6039486513,3.753129402413438,0.9919977213169693,0.0,4,2,inf,3.026141846232127,3.5968705975865616,10.745148930253865,0.7,,,,,,
unseen,IMC_PID/D2_resample_Ti_Td,regulatory_off_anchor,delay_plus50,2.5,2.5,164.39585606208766,162.5,ok,121617.31568454772,362135.83555181714,3.7590835800897717,1.0080798615621012,0.0,4,2,inf,3.028458571459005,3.590916419910228,10.746318106132474,1.5,,,,,,
unseen,IMC_PID/D2_resample_Ti_Td,regulatory_off_anchor,acid_plus15,2.5,2.5,109.59723737472511,107.5,ok,182146.4080749044,625582.8480555104,4.209569766716559,2.613529932094309,0.0,4,4,inf,4.03794345648075,3.1404302332834413,10.593290370047376,,1.15,,,,,
unseen,IMC_PID/D2_resample_Ti_Td,regulatory_off_anchor,acid_minus15,2.5,2.5,109.59723737472511,107.5,ok,147891.80953040964,431617.97459972784,3.4760953892406814,1.1171253039331503,0.0,4,4,inf,3.449872583644675,4.080546933087499,10.826095389240681,,0.85,,,,,
unseen,IMC_PID/D2_resample_Ti_Td,regulatory_off_anchor,base_minus15,2.5,2.5,109.59723737472511,107.5,ok,182981.11791473092,629104.4117681612,4.212975286930651,2.8110376988539914,0.0,4,4,inf,4.06850994177169,3.1370247130693487,10.442031876118955,,,0.85,,,,
unseen,IMC_PID/D2_resample_Ti_Td,regulatory_off_anchor,base_plus15,2.5,2.5,109.59723737472511,107.5,ok,138087.36423481104,401588.73544349795,3.4703419199086554,1.0378711005036987,0.0,4,3,inf,3.436720621510519,4.01436190986983,10.820341919908655,,,1.15,,,,
unseen,IMC_PID/D2_resample_Ti_Td,regulatory_off_anchor,Kw_half,2.5,2.5,109.59723737472511,107.5,ok,129465.02308478208,404751.5759204123,3.7555144967289125,1.0971813170734217,0.0,4,2,inf,3.2574889566972978,3.594485503271087,11.042467022845514,,,,0.5,,,
unseen,IMC_PID/D2_resample_Ti_Td,regulatory_off_anchor,Kw_double,2.5,2.5,109.59723737472511,107.5,ok,110715.47708857022,312999.9842105097,3.7552443290757735,0.907822884566917,0.0,4,2,inf,2.7855073708760028,3.594755670924226,10.448270689055645,,,,2.0,,,
unseen,IMC_PID/D2_resample_Ti_Td,regulatory_off_anchor,volume_plus20,2.5,2.5,109.59723737472511,107.5,ok,125197.6292017804,368619.3530208734,3.736765870965377,1.0341874689499058,0.0,4,3,inf,3.035166575301462,3.613234129034623,10.737553786478918,,,,,1.2,,
unseen,IMC_PID/D2_resample_Ti_Td,regulatory_off_anchor,volume_minus20,2.5,2.5,109.59723737472511,107.5,ok,116547.76957291544,348132.9952820847,3.7758288324351397,0.9677984998866531,0.0,4,3,inf,3.0182676739975083,3.57417116756486,10.753901532343004,,,,,0.8,,
unseen,IMC_PID/D2_resample_Ti_Td,regulatory_off_anchor,noise_0.01_seed104729,2.5,2.5,109.59723737472511,107.5,ok,123865.42741664019,363106.7459292334,3.7554319592639027,66.74439368052076,0.0,4,2,inf,3.0272803194395372,3.594568040736097,10.745707298805383,,,,,,0.01,104729.0
unseen,IMC_PID/D2_resample_Ti_Td,regulatory_off_anchor,noise_0.01_seed130363,2.5,2.5,109.59723737472511,107.5,ok,123890.14850076823,363151.194191852,3.755467238689312,67.35164374746425,0.0,4,2,inf,3.0272975252738625,3.5945327613106874,10.745688585250253,,,,,,0.01,130363.0
unseen,IMC_PID/D2_resample_Ti_Td,regulatory_off_anchor,noise_0.01_seed155921,2.5,2.5,109.59723737472511,107.5,ok,123833.69923884253,363022.4499025418,3.7553351975724723,67.37795384858761,0.0,4,2,inf,3.0272988817988136,3.5946648024275274,10.74571197771144,,,,,,0.01,155921.0
unseen,IMC_PID/D2_resample_Ti_Td,regulatory_off_anchor,noise_0.01_seed196613,2.5,2.5,109.59723737472511,107.5,ok,123889.16413542502,363125.61203275574,3.7554030606024935,66.06591451044635,0.0,4,2,inf,3.0272604385067314,3.594596939397506,10.74568858470296,,,,,,0.01,196613.0
unseen,IMC_PID/D2_resample_Ti_Td,regulatory_off_anchor,noise_0.01_seed262147,2.5,2.5,109.59723737472511,107.5,ok,123879.13337623785,363099.6040529512,3.7553517336678515,67.85402930829733,0.0,4,2,inf,3.027283109333183,3.594648266332148,10.745703732104863,,,,,,0.01,262147.0
unseen,IMC_PID/D2_resample_Ti_Td,regulatory_off_anchor,noise_0.05_seed104729,2.5,2.5,109.59723737472511,107.5,ok,123763.31105637783,363044.6236504392,3.7559153201672415,335.3224249723066,0.0,4,2,inf,3.0272411136196684,3.594084679832758,10.745716622469446,,,,,,0.05,104729.0
unseen,IMC_PID/D2_resample_Ti_Td,regulatory_off_anchor,noise_0.05_seed130363,2.5,2.5,109.59723737472511,107.5,ok,123264.5052543885,362274.9907398009,3.756586435966605,336.63373467248294,0.0,4,2,inf,3.027152874929003,3.5934135640333946,10.745551122006706,,,,,,0.05,130363.0
unseen,IMC_PID/D2_resample_Ti_Td,regulatory_off_anchor,noise_0.05_seed155921,2.5,2.5,109.59723737472511,107.5,ok,123510.06896814748,362080.382060715,3.756425156593837,335.52244860435735,0.0,4,2,inf,3.0271514733022418,3.5935748434061625,10.745660893457767,,,,,,0.05,155921.0
unseen,IMC_PID/D2_resample_Ti_Td,regulatory_off_anchor,noise_0.05_seed196613,2.5,2.5,109.59723737472511,107.5,ok,124147.96595068413,363559.5383794182,3.755841092147583,331.41100254835135,0.0,4,3,inf,3.026820158702659,3.5941589078524165,10.745484226290102,,,,,,0.05,196613.0
unseen,IMC_PID/D2_resample_Ti_Td,regulatory_off_anchor,noise_0.05_seed262147,2.5,2.5,109.59723737472511,107.5,ok,123684.76507753189,362369.70285915094,3.7541140301357525,338.7437734806691,0.0,4,2,inf,3.027111875106012,3.595885969864247,10.745638488166652,,,,,,0.05,262147.0
unseen,IMC_PID/D2_resample_Ti_Td,regulatory_off_anchor,combined_seed104729,2.5,2.5,164.39585606208766,162.5,ok,173687.8690539878,653186.2439540038,4.515581573620481,1055.2998770272661,0.0,4,4,inf,4.443822602607874,2.8344184263795187,8.999485374105063,1.5,1.15,0.85,2.0,1.2,0.05,104729.0
unseen,IMC_PID/D2_resample_Ti_Td,regulatory_off_anchor,combined_seed130363,2.5,2.5,164.39585606208766,162.5,ok,173220.42946490232,652483.0679270822,4.5155683400912245,1059.818584812887,0.0,4,4,inf,4.443842286382196,2.8344316599087755,8.995968790566234,1.5,1.15,0.85,2.0,1.2,0.05,130363.0
unseen,IMC_PID/D2_resample_Ti_Td,regulatory_off_anchor,combined_seed155921,2.5,2.5,164.39585606208766,162.5,ok,172720.42371936273,651124.8085226204,4.515481076925624,1050.0749208813838,0.0,4,4,inf,4.443732882771906,2.834518923074375,8.9834832625583,1.5,1.15,0.85,2.0,1.2,0.05,155921.0
unseen,IMC_PID/D2_resample_Ti_Td,regulatory_off_anchor,combined_seed196613,2.5,2.5,164.39585606208766,162.5,ok,173684.93606619272,652662.6273576464,4.5156626823319765,1036.7889096057706,0.0,4,4,inf,4.443948852070854,2.8343373176680227,8.999558946278066,1.5,1.15,0.85,2.0,1.2,0.05,196613.0
unseen,IMC_PID/D2_resample_Ti_Td,regulatory_off_anchor,combined_seed262147,2.5,2.5,164.39585606208766,162.5,ok,172925.10359124286,651379.5966413849,4.515618643719984,1060.9548775667822,0.0,4,4,inf,4.443904399378514,2.8343813562800158,8.987284744105114,1.5,1.15,0.85,2.0,1.2,0.05,262147.0
unseen,IMC_PID/E_original5_retuned,reverse_off_anchor,nominal,2.5,2.5,109.59723737472511,107.5,ok,7559.0682290387895,10155.613712795495,2.267978299375451,0.6931098229548649,0.0,4,0,5267.5,3.200328890784476e-10,4.382021700624549,8.7,,,,,,,
unseen,IMC_PID/E_original5_retuned,reverse_off_anchor,delay_minus30,2.5,2.5,76.71806616230758,75.0,ok,7397.450756720693,9820.971814759632,2.276998959818007,0.6413152849215713,0.0,4,0,4915.0,3.121929381677546e-10,4.373001040181993,8.7,0.7,,,,,,
unseen,IMC_PID/E_original5_retuned,reverse_off_anchor,delay_plus50,2.5,2.5,164.39585606208766,162.5,ok,13401.679819227542,18078.21102115197,2.2343423664658584,1.1703744319046852,0.0,4,0,8182.5,3.311821927809433e-10,4.531815254034826,8.884342366465859,1.5,,,,,,
unseen,IMC_PID/E_original5_retuned,reverse_off_anchor,acid_plus15,2.5,2.5,109.59723737472511,107.5,ok,89545.18277600779,315174.4198703447,5.19702303272944,21.958867317270396,0.0,4,2,inf,4.944249173460792,3.502976967270559,9.147756827960507,,1.15,,,,,
unseen,IMC_PID/E_original5_retuned,reverse_off_anchor,acid_minus15,2.5,2.5,109.59723737472511,107.5,ok,23107.159685998555,40042.69711749894,2.62072524131891,1.9813714587391313,0.0,4,1,inf,1.2719884378344233,4.373624414237015,10.69538830965575,,0.85,,,,,
unseen,IMC_PID/E_original5_retuned,reverse_off_anchor,base_minus15,2.5,2.5,109.59723737472511,107.5,ok,47171.06554123155,175253.71017701516,5.1354663937246645,10.90434101522704,0.0,4,1,inf,4.703187005984846,3.5645336062753348,9.10350272460745,,,0.85,,,,
unseen,IMC_PID/E_original5_retuned,reverse_off_anchor,base_plus15,2.5,2.5,109.59723737472511,107.5,ok,19647.460684024307,33142.09918397718,2.4662229425939506,1.8465894514437373,0.0,4,1,inf,0.5840573702049827,4.253662336825386,10.67705847486778,,,1.15,,,,
unseen,IMC_PID/E_original5_retuned,reverse_off_anchor,Kw_half,2.5,2.5,109.59723737472511,107.5,ok,7019.131243601268,9348.544080156162,2.2647104943620526,0.885116468531014,0.0,4,0,4977.5,2.4367468043351437e-08,4.4031775137437705,8.914710494362053,,,,0.5,,,
unseen,IMC_PID/E_original5_retuned,reverse_off_anchor,Kw_double,2.5,2.5,109.59723737472511,107.5,ok,8053.434998024033,10331.44709976024,2.1586562666000892,0.5865043106990759,0.0,4,0,4972.5,5.9487032508798166e-06,4.491343733399911,8.704900666896677,,,,2.0,,,
unseen,IMC_PID/E_original5_retuned,reverse_off_anchor,volume_plus20,2.5,2.5,109.59723737472511,107.5,ok,8200.17322514608,9961.584438462434,2.0908824563344215,0.5836911400498703,0.0,4,0,5215.0,6.161018362149662e-10,4.559117543665579,8.7,,,,,1.2,,
unseen,IMC_PID/E_original5_retuned,reverse_off_anchor,volume_minus20,2.5,2.5,109.59723737472511,107.5,ok,6789.277725826231,10384.511185716075,2.430198712315115,0.8422573448079298,0.0,4,0,3230.0,8.160716546967706e-10,4.219801287684885,8.735997912616847,,,,,0.8,,
unseen,IMC_PID/E_original5_retuned,reverse_off_anchor,noise_0.01_seed104729,2.5,2.5,109.59723737472511,107.5,ok,7714.018297494572,10246.587655427513,2.277261945225078,203.49215852788257,0.0,4,0,5260.0,0.004961199346518619,4.372738054774922,8.702220953798445,,,,,,0.01,104729.0
unseen,IMC_PID/E_original5_retuned,reverse_off_anchor,noise_0.01_seed130363,2.5,2.5,109.59723737472511,107.5,ok,7754.605368238588,10305.190350262696,2.282260388766778,201.90486114095677,0.0,4,0,5307.5,0.003204506433572618,4.3677396112332225,8.702206215826704,,,,,,0.01,130363.0
unseen,IMC_PID/E_original5_retuned,reverse_off_anchor,noise_0.01_seed155921,2.5,2.5,109.59723737472511,107.5,ok,7486.264295051316,9928.058437114309,2.2531975214985893,200.82327116840898,0.0,4,0,5210.0,0.008279466570724203,4.396802478501411,8.70248324223485,,,,,,0.01,155921.0
unseen,IMC_PID/E_original5_retuned,reverse_off_anchor,noise_0.01_seed196613,2.5,2.5,109.59723737472511,107.5,ok,7686.656077947911,10147.79496836929,2.2658091186572893,200.93652140187857,0.0,4,0,5272.5,0.0023056444713605018,4.384190881342711,8.703097177706352,,,,,,0.01,196613.0
unseen,IMC_PID/E_original5_retuned,reverse_off_anchor,noise_0.01_seed262147,2.5,2.5,109.59723737472511,107.5,ok,7642.225656400037,10166.563499085027,2.270392364057737,204.40400564773637,0.0,4,0,5247.5,0.00570419048834836,4.379607635942263,8.702398886894418,,,,,,0.01,262147.0
unseen,IMC_PID/E_original5_retuned,reverse_off_anchor,noise_0.05_seed104729,2.5,2.5,109.59723737472511,107.5,ok,8937.234263821092,8629.865954641191,2.0255847668634397,896.0477722922578,0.0,4,1,inf,0.09973829451444782,4.624415233136561,8.71865675027541,,,,,,0.05,104729.0
unseen,IMC_PID/E_original5_retuned,reverse_off_anchor,noise_0.05_seed130363,2.5,2.5,109.59723737472511,107.5,ok,10604.367021325541,12858.260339457958,2.4628313602356133,1018.5580062270041,0.0,4,2,inf,0.09068172722570633,4.187168639764387,8.771331346267884,,,,,,0.05,130363.0
unseen,IMC_PID/E_original5_retuned,reverse_off_anchor,noise_0.05_seed155921,2.5,2.5,109.59723737472511,107.5,ok,8137.989803853578,7381.436533700348,1.971599664089501,931.4953614024336,0.0,4,1,inf,0.17315753712276027,4.760559935792396,8.714140924461212,,,,,,0.05,155921.0
unseen,IMC_PID/E_original5_retuned,reverse_off_anchor,noise_0.05_seed196613,2.5,2.5,109.59723737472511,107.5,ok,9017.909206929451,8280.851252851988,1.9987520723295553,887.2930242392533,0.0,4,1,inf,0.09493026264697324,4.694181440018548,8.718568333965372,,,,,,0.05,196613.0
unseen,IMC_PID/E_original5_retuned,reverse_off_anchor,noise_0.05_seed262147,2.5,2.5,109.59723737472511,107.5,ok,10945.630646049729,11473.904941747189,2.164897829993726,1006.1407509471999,0.0,4,1,inf,0.08199124460569429,4.485102170006274,8.726859200155591,,,,,,0.05,262147.0
unseen,IMC_PID/E_original5_retuned,reverse_off_anchor,combined_seed104729,2.5,2.5,164.39585606208766,162.5,ok,79141.81433084393,269317.7921566694,5.540637501092867,4602.307100713584,0.0,4,2,inf,0.6173203908368512,3.1593624989071323,9.243691887952227,1.5,1.15,0.85,2.0,1.2,0.05,104729.0
unseen,IMC_PID/E_original5_retuned,reverse_off_anchor,combined_seed130363,2.5,2.5,164.39585606208766,162.5,ok,43523.6527472958,165978.30806848564,5.543678899157098,2395.308258563838,0.0,4,3,inf,4.330041511962336,3.1563211008429013,9.236108444393006,1.5,1.15,0.85,2.0,1.2,0.05,130363.0
unseen,IMC_PID/E_original5_retuned,reverse_off_anchor,combined_seed155921,2.5,2.5,164.39585606208766,162.5,ok,85312.89247095189,292240.8655798617,5.543619403443965,5312.096642380141,0.0,4,2,inf,3.954697259696311,3.1563805965560343,9.239653032436108,1.5,1.15,0.85,2.0,1.2,0.05,155921.0
unseen,IMC_PID/E_original5_retuned,reverse_off_anchor,combined_seed196613,2.5,2.5,164.39585606208766,162.5,ok,69916.1967468463,244166.9103723142,5.543315170709947,3896.3587818331644,0.0,4,1,inf,3.971118955288823,3.1566848292900525,9.243198355302193,1.5,1.15,0.85,2.0,1.2,0.05,196613.0
unseen,IMC_PID/E_original5_retuned,reverse_off_anchor,combined_seed262147,2.5,2.5,164.39585606208766,162.5,ok,83473.1149388733,284340.21068581013,5.5412229606084535,5122.197204722557,0.0,4,3,inf,4.06951458247754,3.1587770393915457,9.240182268230354,1.5,1.15,0.85,2.0,1.2,0.05,262147.0
unseen,IMC_PID/E_original5_retuned,cross_equivalence,nominal,2.5,2.5,109.59723737472511,107.5,ok,118525.77333241877,444331.59457137086,4.923093818962313,33.92873511923442,0.0,7,3,inf,4.898056313181497,3.476906181037688,10.09800319954369,,,,,,,
unseen,IMC_PID/E_original5_retuned,cross_equivalence,delay_minus30,2.5,2.5,76.71806616230758,75.0,ok,94546.01316958643,349951.33510084427,4.722941600446662,19.201182505971595,0.0,7,2,inf,4.1443039732183236,3.624391204811431,10.08449349143763,0.7,,,,,,
unseen,IMC_PID/E_original5_retuned,cross_equivalence,delay_plus50,2.5,2.5,164.39585606208766,162.5,ok,183090.143946119,686529.3229779055,5.116067565399739,79.70362628306077,0.0,7,6,inf,4.887307085370394,3.2130775068431827,9.714697518307819,1.5,,,,,,
unseen,IMC_PID/E_original5_retuned,cross_equivalence,acid_plus15,2.5,2.5,109.59723737472511,107.5,ok,110056.76364819895,408314.3621699218,4.845277089795209,30.364346443196148,0.0,7,3,inf,4.798286880694967,3.4094421556234096,10.163299448877309,,1.15,,,,,
unseen,IMC_PID/E_original5_retuned,cross_equivalence,acid_minus15,2.5,2.5,109.59723737472511,107.5,ok,142650.31006320167,515700.3193822438,5.010512207946565,46.23105522967518,0.0,7,5,inf,4.948205589740079,3.2821876599796234,9.869784124686,,0.85,,,,,
unseen,IMC_PID/E_original5_retuned,cross_equivalence,base_minus15,2.5,2.5,109.59723737472511,107.5,ok,112239.13170365494,386791.7737722469,4.719257959270499,25.75283982316728,0.0,7,1,inf,4.20112836279922,3.383211445276911,10.10788761924507,,,0.85,,,,
unseen,IMC_PID/E_original5_retuned,cross_equivalence,base_plus15,2.5,2.5,109.59723737472511,107.5,ok,121265.32987105747,476305.7232945372,5.157217652539789,41.84362829760605,0.0,7,3,inf,4.4498226302589945,3.2427823474602118,10.08560170574951,,,1.15,,,,
unseen,IMC_PID/E_original5_retuned,cross_equivalence,Kw_half,2.5,2.5,109.59723737472511,107.5,ok,178080.02776230496,650209.6871461363,5.039879887548061,62.004726108100705,0.0,7,6,inf,5.03793764746348,3.154591085397524,9.663998514984545,,,,0.5,,,
unseen,IMC_PID/E_original5_retuned,cross_equivalence,Kw_double,2.5,2.5,109.59723737472511,107.5,ok,110618.63364527625,407624.67796344135,4.890598983709703,26.416085873814364,0.0,7,2,inf,4.812832088473111,3.509401016290297,9.821490341818054,,,,2.0,,,
unseen,IMC_PID/E_original5_retuned,cross_equivalence,volume_plus20,2.5,2.5,109.59723737472511,107.5,ok,117339.5227926103,412099.3457602406,4.73723397667766,28.694684845984973,0.0,7,3,inf,4.685226474397655,3.66276602332234,10.057078500006464,,,,,1.2,,
unseen,IMC_PID/E_original5_retuned,cross_equivalence,volume_minus20,2.5,2.5,109.59723737472511,107.5,ok,114077.77097574374,454155.9935582153,5.0974371443906605,37.37833010370215,0.0,7,2,inf,4.971209876008851,3.253069661287547,10.14409901361563,,,,,0.8,,
unseen,IMC_PID/E_original5_retuned,cross_equivalence,noise_0.01_seed104729,2.5,2.5,109.59723737472511,107.5,ok,114519.3047587615,430704.0793909306,4.921549999631597,1276.2217143772968,0.0,7,3,inf,4.886382604700534,3.4784500003684036,10.098200629782713,,,,,,0.01,104729.0
unseen,IMC_PID/E_original5_retuned,cross_equivalence,noise_0.01_seed130363,2.5,2.5,109.59723737472511,107.5,ok,119749.01503056126,447730.003712654,4.931984017731493,1373.7309833809325,0.0,7,3,inf,4.908426877073001,3.4680159822685073,10.09860212830175,,,,,,0.01,130363.0
unseen,IMC_PID/E_original5_retuned,cross_equivalence,noise_0.01_seed155921,2.5,2.5,109.59723737472511,107.5,ok,113579.98420780041,427337.4173972269,4.904717808609446,1269.6320988312766,0.0,7,3,inf,4.871549897703301,3.495282191390555,10.097830053458475,,,,,,0.01,155921.0
unseen,IMC_PID/E_original5_retuned,cross_equivalence,noise_0.01_seed196613,2.5,2.5,109.59723737472511,107.5,ok,117244.6350302564,440162.8531283417,4.939222166595684,1337.840282331962,0.0,7,3,inf,4.886132494143476,3.460777833404316,10.09808102914554,,,,,,0.01,196613.0
unseen,IMC_PID/E_original5_retuned,cross_equivalence,noise_0.01_seed262147,2.5,2.5,109.59723737472511,107.5,ok,116935.76968880426,438271.02783065493,4.927462566188904,1350.0656739810975,0.0,7,3,inf,4.895296540570167,3.4725374338110964,10.097891344753263,,,,,,0.01,262147.0
unseen,IMC_PID/E_original5_retuned,cross_equivalence,noise_0.05_seed104729,2.5,2.5,109.59723737472511,107.5,ok,115950.75271803694,436775.073802516,5.046125354350769,6725.785307178971,0.0,7,3,inf,4.8939871681254115,3.353874645649231,10.09998746833575,,,,,,0.05,104729.0
unseen,IMC_PID/E_original5_retuned,cross_equivalence,noise_0.05_seed130363,2.5,2.5,109.59723737472511,107.5,ok,112697.58940518368,424135.212641134,4.942688724374134,6253.828892570721,0.0,7,4,inf,4.898107059740719,3.4573112756258655,10.10043676017558,,,,,,0.05,130363.0
unseen,IMC_PID/E_original5_retuned,cross_equivalence,noise_0.05_seed155921,2.5,2.5,109.59723737472511,107.5,ok,129604.71275356409,465514.7098261678,4.872494503617581,7680.316017580679,0.0,7,5,inf,4.872494503617581,3.4308479946588384,10.09154565849284,,,,,,0.05,155921.0
unseen,IMC_PID/E_original5_retuned,cross_equivalence,noise_0.05_seed196613,2.5,2.5,109.59723737472511,107.5,ok,111797.55592373374,410053.33419346565,4.876150259460787,6107.317969733228,0.0,7,6,inf,4.588100686769529,3.5238497405392133,10.09948262718489,,,,,,0.05,196613.0
unseen,IMC_PID/E_original5_retuned,cross_equivalence,noise_0.05_seed262147,2.5,2.5,109.59723737472511,107.5,ok,128144.77756447006,463593.15488302585,4.942143991230004,7388.818863656654,0.0,7,5,inf,4.84633150614922,3.364364345544092,10.09629321125523,,,,,,0.05,262147.0
unseen,IMC_PID/E_original5_retuned,cross_equivalence,combined_seed104729,2.5,2.5,164.39585606208766,162.5,ok,120603.45333921562,378001.1106979513,4.808750991011788,6509.463917252258,0.0,7,5,inf,4.041588649294862,3.0221697156311875,9.870505238361279,1.5,1.15,0.85,2.0,1.2,0.05,104729.0
unseen,IMC_PID/E_original5_retuned,cross_equivalence,combined_seed130363,2.5,2.5,164.39585606208766,162.5,ok,123988.75721097237,396217.5641978717,4.773798290332138,6957.665697283995,0.0,7,6,inf,4.1158183186665,3.0202756856663426,9.872426482651962,1.5,1.15,0.85,2.0,1.2,0.05,130363.0
unseen,IMC_PID/E_original5_retuned,cross_equivalence,combined_seed155921,2.5,2.5,164.39585606208766,162.5,ok,121719.70982669355,379343.04635312397,4.7694279922044025,6578.92424248768,0.0,7,5,inf,3.8341324107507972,3.0214558905370197,9.871132111240142,1.5,1.15,0.85,2.0,1.2,0.05,155921.0
unseen,IMC_PID/E_original5_retuned,cross_equivalence,combined_seed196613,2.5,2.5,164.39585606208766,162.5,ok,115841.24157021572,377669.7466046638,4.838980025160298,6423.514729482563,0.0,7,6,inf,4.087289892518392,3.026535501244612,9.87019832014578,1.5,1.15,0.85,2.0,1.2,0.05,196613.0
unseen,IMC_PID/E_original5_retuned,cross_equivalence,combined_seed262147,2.5,2.5,164.39585606208766,162.5,ok,119649.21749973328,368780.56979181094,4.799249178811738,6396.071136102173,0.0,7,5,inf,4.109130013199842,3.0194802110251353,9.869813488239851,1.5,1.15,0.85,2.0,1.2,0.05,262147.0
unseen,IMC_PID/E_original5_retuned,regulatory_off_anchor,nominal,2.5,2.5,109.59723737472511,107.5,ok,172846.65017335006,576672.1208712523,4.127175128674612,48.66433837736372,0.0,4,3,inf,3.606886937083177,3.2228248713253875,9.383938798861402,,,,,,,
unseen,IMC_PID/E_original5_retuned,regulatory_off_anchor,delay_minus30,2.5,2.5,76.71806616230758,75.0,ok,35091.96926943151,94119.43050294113,3.4342201270180874,3.174231708796758,0.0,4,0,7205.0,4.730171809796957e-10,3.915779872981912,10.551649484764686,0.7,,,,,,
unseen,IMC_PID/E_original5_retuned,regulatory_off_anchor,delay_plus50,2.5,2.5,164.39585606208766,162.5,ok,185686.4668433065,660729.7312594075,4.290528567829925,80.13554162403697,0.0,4,3,inf,3.874429829818506,3.0594714321700742,9.769392033210284,1.5,,,,,,
unseen,IMC_PID/E_original5_retuned,regulatory_off_anchor,acid_plus15,2.5,2.5,109.59723737472511,107.5,ok,185420.16290329225,599035.689436468,3.880664157407605,44.27648841537187,0.0,4,4,inf,3.6226464734628854,3.4693358425923946,9.899341478632575,,1.15,,,,,
unseen,IMC_PID/E_original5_retuned,regulatory_off_anchor,acid_minus15,2.5,2.5,109.59723737472511,107.5,ok,191059.74794351676,634024.555700515,3.929985481917044,51.96125699011454,0.0,4,4,inf,3.5981755902402943,3.4200145180829558,10.646507407033903,,0.85,,,,,
unseen,IMC_PID/E_original5_retuned,regulatory_off_anchor,base_minus15,2.5,2.5,109.59723737472511,107.5,ok,89046.86422660318,259141.83466104104,3.905324738201757,12.832084191350308,0.0,4,1,inf,3.3391407262141186,3.444675261798243,10.555950344957779,,,0.85,,,,
unseen,IMC_PID/E_original5_retuned,regulatory_off_anchor,base_plus15,2.5,2.5,109.59723737472511,107.5,ok,207750.94846669032,746505.3802355839,4.350793425647108,72.67530326109218,0.0,4,4,inf,3.955044224572942,2.999206574352891,10.626196005061226,,,1.15,,,,
unseen,IMC_PID/E_original5_retuned,regulatory_off_anchor,Kw_half,2.5,2.5,109.59723737472511,107.5,ok,179121.00667422224,614141.4340172983,4.230694611644321,61.857662927155076,0.0,4,3,inf,3.646596943521084,3.119305388355679,9.691870230179601,,,,0.5,,,
unseen,IMC_PID/E_original5_retuned,regulatory_off_anchor,Kw_double,2.5,2.5,109.59723737472511,107.5,ok,74003.6230616824,194649.3969470082,3.4516250114122675,8.621237965440013,0.0,4,0,13807.5,0.00026748940228848994,3.898374988587732,10.27218298324098,,,,2.0,,,
unseen,IMC_PID/E_original5_retuned,regulatory_off_anchor,volume_plus20,2.5,2.5,109.59723737472511,107.5,ok,166438.01073883782,536064.3783873902,4.006190718849503,47.165692914141964,0.0,4,3,inf,3.306222969341097,3.3438092811504965,9.754096969557878,,,,,1.2,,
unseen,IMC_PID/E_original5_retuned,regulatory_off_anchor,volume_minus20,2.5,2.5,109.59723737472511,107.5,ok,106138.50741574209,314456.60502827045,3.5060615804501953,15.35145811292178,0.0,4,1,inf,2.0082827598410082,3.8439384195498043,10.59043895512503,,,,,0.8,,
unseen,IMC_PID/E_original5_retuned,regulatory_off_anchor,noise_0.01_seed104729,2.5,2.5,109.59723737472511,107.5,ok,173641.41918169655,582310.4390094766,4.196660049905544,2408.5743166145976,4.1664930627890504e-05,4,3,inf,3.6495888724503485,3.1533399500944554,9.571431666783187,,,,,,0.01,104729.0
unseen,IMC_PID/E_original5_retuned,regulatory_off_anchor,noise_0.01_seed130363,2.5,2.5,109.59723737472511,107.5,ok,173693.11838674347,582826.2488793063,4.227819933581051,2417.275231522409,0.0,4,3,inf,3.6508559124506283,3.1221800664189487,9.522703260498483,,,,,,0.01,130363.0
unseen,IMC_PID/E_original5_retuned,regulatory_off_anchor,noise_0.01_seed155921,2.5,2.5,109.59723737472511,107.5,ok,174553.7182156327,587676.9779699842,4.2111794902478,2417.226063775412,0.0,4,3,inf,3.654303905807197,3.1388205097521995,9.490331521295294,,,,,,0.01,155921.0
unseen,IMC_PID/E_original5_retuned,regulatory_off_anchor,noise_0.01_seed196613,2.5,2.5,109.59723737472511,107.5,ok,174678.5555830816,588738.5972761576,4.225698139465189,2432.1527839863024,4.1664930627890504e-05,4,3,inf,3.695885136352924,3.124301860534811,9.741996291388153,,,,,,0.01,196613.0
unseen,IMC_PID/E_original5_retuned,regulatory_off_anchor,noise_0.01_seed262147,2.5,2.5,109.59723737472511,107.5,ok,172741.76455896383,575862.8760812928,4.116195211910304,2425.6017150307543,0.0,4,3,inf,3.5576419449021293,3.233804788089696,9.365861492543655,,,,,,0.01,262147.0
unseen,IMC_PID/E_original5_retuned,regulatory_off_anchor,noise_0.05_seed104729,2.5,2.5,109.59723737472511,107.5,ok,84902.4884750419,234327.4029076551,3.590631413164806,4067.441347579098,0.0,4,2,inf,0.11700403810835969,3.7593685868351936,10.559263638852379,,,,,,0.05,104729.0
unseen,IMC_PID/E_original5_retuned,regulatory_off_anchor,noise_0.05_seed130363,2.5,2.5,109.59723737472511,107.5,ok,75002.09999786588,207585.84075262537,3.554119650462933,3405.7781517380618,0.0,4,1,inf,0.06792415251124417,3.7958803495370668,10.558282318179646,,,,,,0.05,130363.0
unseen,IMC_PID/E_original5_retuned,regulatory_off_anchor,noise_0.05_seed155921,2.5,2.5,109.59723737472511,107.5,ok,74594.55380990551,222884.90429444864,3.6550672210676787,4559.94016835195,4.1664930627890504e-05,4,1,inf,2.9845226712336963,3.694932778932321,9.920002217483146,,,,,,0.05,155921.0
unseen,IMC_PID/E_original5_retuned,regulatory_off_anchor,noise_0.05_seed196613,2.5,2.5,109.59723737472511,107.5,ok,161303.06453616294,506727.1351146862,4.074623941282595,10708.414555589869,0.0,4,3,inf,3.4337489764692966,3.275376058717405,9.79148403209607,,,,,,0.05,196613.0
unseen,IMC_PID/E_original5_retuned,regulatory_off_anchor,noise_0.05_seed262147,2.5,2.5,109.59723737472511,107.5,ok,116847.68642179546,350490.5077557026,3.688171832458879,6541.010296246616,0.0,4,1,inf,3.392772477924032,3.661828167541121,10.55840407257528,,,,,,0.05,262147.0
unseen,IMC_PID/E_original5_retuned,regulatory_off_anchor,combined_seed104729,2.5,2.5,164.39585606208766,162.5,ok,119268.32464033208,340481.6029975942,4.270808196804265,6108.9929727939825,0.0,4,4,inf,3.4803288035864335,3.0791918031957346,9.670290189875153,1.5,1.15,0.85,2.0,1.2,0.05,104729.0
unseen,IMC_PID/E_original5_retuned,regulatory_off_anchor,combined_seed130363,2.5,2.5,164.39585606208766,162.5,ok,118557.78543187215,331900.40028164507,4.270869528709843,5275.627727263996,0.0,4,4,inf,3.4835407626641017,3.079130471290157,10.303610146431812,1.5,1.15,0.85,2.0,1.2,0.05,130363.0
unseen,IMC_PID/E_original5_retuned,regulatory_off_anchor,combined_seed155921,2.5,2.5,164.39585606208766,162.5,ok,124850.33217020883,350702.3009005133,4.270268824858741,5621.252055045792,0.0,4,2,inf,3.5842895962812023,3.0797311751412586,10.30355976414217,1.5,1.15,0.85,2.0,1.2,0.05,155921.0
unseen,IMC_PID/E_original5_retuned,regulatory_off_anchor,combined_seed196613,2.5,2.5,164.39585606208766,162.5,ok,115358.49544675204,321595.0963498501,4.27244356177419,4919.362809483519,0.0,4,3,inf,3.534262639023562,3.07755643822581,10.304468232650134,1.5,1.15,0.85,2.0,1.2,0.05,196613.0
unseen,IMC_PID/E_original5_retuned,regulatory_off_anchor,combined_seed262147,2.5,2.5,164.39585606208766,162.5,ok,100259.27635357824,289825.6478658299,4.271213338669921,4565.482557830108,0.0,4,1,inf,3.564027135999299,3.0787866613300787,10.30366848425729,1.5,1.15,0.85,2.0,1.2,0.05,262147.0
unseen,IMC_PID/P_move_interior_Kc,reverse_off_anchor,nominal,2.5,2.5,109.59723737472511,107.5,ok,14035.758961507872,11472.159502447957,1.9499985907189554,0.015387044297801467,0.0,4,1,inf,0.05200032005731359,5.451073612113573,8.7,,,,,,,
unseen,IMC_PID/P_move_interior_Kc,reverse_off_anchor,delay_minus30,2.5,2.5,76.71806616230758,75.0,ok,13928.086378737331,11177.953191837512,1.9499811309620583,0.015096340006074627,0.0,4,1,inf,0.0525913308881627,5.451940929373418,8.7,0.7,,,,,,
unseen,IMC_PID/P_move_interior_Kc,reverse_off_anchor,delay_plus50,2.5,2.5,164.39585606208766,162.5,ok,14310.174357598786,12035.346377721478,1.9500359199258996,0.015950961923622664,0.0,4,1,inf,0.05099977174425163,5.449613285182238,8.7,1.5,,,,,,
unseen,IMC_PID/P_move_interior_Kc,reverse_off_anchor,acid_plus15,2.5,2.5,109.59723737472511,107.5,ok,83881.01982379338,308062.53652101354,5.457868874267794,0.8514602277250001,0.0,4,3,inf,5.298418901991347,3.242131125732205,8.79712330927909,,1.15,,,,,
unseen,IMC_PID/P_move_interior_Kc,reverse_off_anchor,acid_minus15,2.5,2.5,109.59723737472511,107.5,ok,111477.97471683857,374395.38618258893,4.996037892722908,0.8159502949713202,0.0,4,2,inf,3.046141068517377,4.698511978662707,10.843056750712341,,0.85,,,,,
unseen,IMC_PID/P_move_interior_Kc,reverse_off_anchor,base_minus15,2.5,2.5,109.59723737472511,107.5,ok,92940.30016039094,346361.136838738,5.469983514897654,0.9778881925637943,0.0,4,3,inf,5.347803841157205,3.230016485102345,8.7,,,0.85,,,,
unseen,IMC_PID/P_move_interior_Kc,reverse_off_anchor,base_plus15,2.5,2.5,109.59723737472511,107.5,ok,98115.06511781861,309651.1013166701,4.844462705693287,0.7186628872754222,0.0,4,2,inf,2.8946249335720644,4.653384993240318,10.839259337289088,,,1.15,,,,
unseen,IMC_PID/P_move_interior_Kc,reverse_off_anchor,Kw_half,2.5,2.5,109.59723737472511,107.5,ok,13768.663446303344,10852.903661580782,1.9499965165642106,0.016709488412930185,0.0,4,1,inf,0.050179648268319,5.449272527714743,8.883890820059678,,,,0.5,,,
unseen,IMC_PID/P_move_interior_Kc,reverse_off_anchor,Kw_double,2.5,2.5,109.59723737472511,107.5,ok,15237.19292567335,11638.234362549681,1.9498025410819038,0.018179407943697434,0.0,4,2,inf,0.1403607233061397,5.45500483044863,8.7,,,,2.0,,,
unseen,IMC_PID/P_move_interior_Kc,reverse_off_anchor,volume_plus20,2.5,2.5,109.59723737472511,107.5,ok,15692.966501509563,13128.291587922222,1.9501857139627532,0.01674725401642707,0.0,4,0,17992.5,0.04994866446629498,5.449032698461069,8.7,,,,,1.2,,
unseen,IMC_PID/P_move_interior_Kc,reverse_off_anchor,volume_minus20,2.5,2.5,109.59723737472511,107.5,ok,12943.62819465815,9919.329647753373,1.9499982684045243,0.014183919177064297,0.0,4,1,inf,0.05389366645089577,5.452957879991291,8.7,,,,,0.8,,
unseen,IMC_PID/P_move_interior_Kc,reverse_off_anchor,noise_0.01_seed104729,2.5,2.5,109.59723737472511,107.5,ok,14044.704715124368,11476.639721811756,1.950723196938024,3.587410693610048,0.0,4,1,inf,0.05464785781527137,5.453894026731494,8.70000545468585,,,,,,0.01,104729.0
unseen,IMC_PID/P_move_interior_Kc,reverse_off_anchor,noise_0.01_seed130363,2.5,2.5,109.59723737472511,107.5,ok,14046.429227072418,11455.05718924919,1.948077541119483,3.5315441906128706,0.0,4,1,inf,0.05415208905061775,5.45324955869779,8.70044660005582,,,,,,0.01,130363.0
unseen,IMC_PID/P_move_interior_Kc,reverse_off_anchor,noise_0.01_seed155921,2.5,2.5,109.59723737472511,107.5,ok,14041.248734654566,11474.513237590865,1.950126750693058,3.586666566703407,0.0,4,1,inf,0.051600320255593246,5.450509506959365,8.700024251040457,,,,,,0.01,155921.0
unseen,IMC_PID/P_move_interior_Kc,reverse_off_anchor,noise_0.01_seed196613,2.5,2.5,109.59723737472511,107.5,ok,13961.747198022265,11383.280478214945,1.9519073291714468,3.557284337435018,0.0,4,0,17370.0,0.04484696056062276,5.444179448863173,8.700000052240606,,,,,,0.01,196613.0
unseen,IMC_PID/P_move_interior_Kc,reverse_off_anchor,noise_0.01_seed262147,2.5,2.5,109.59723737472511,107.5,ok,14048.725399900672,11470.15804248023,1.94920900582727,3.575386025726944,0.0,4,1,inf,0.05246613942269107,5.451553585540996,8.70061761922711,,,,,,0.01,262147.0
unseen,IMC_PID/P_move_interior_Kc,reverse_off_anchor,noise_0.05_seed104729,2.5,2.5,109.59723737472511,107.5,ok,13844.672345577168,11200.794736431217,1.9647894684278988,19.498236882786326,0.0,4,1,inf,0.12149190706576185,5.383180909155688,8.705353836013385,,,,,,0.05,104729.0
unseen,IMC_PID/P_move_interior_Kc,reverse_off_anchor,noise_0.05_seed130363,2.5,2.5,109.59723737472511,107.5,ok,14690.452771998405,11412.162868724345,1.8960520336734001,16.369547433279337,0.0,4,2,inf,0.16432897372699973,5.500283404525962,8.7101433401575,,,,,,0.05,130363.0
unseen,IMC_PID/P_move_interior_Kc,reverse_off_anchor,noise_0.05_seed155921,2.5,2.5,109.59723737472511,107.5,ok,14566.128218748083,11505.426782680088,1.952241502442189,16.834715028321945,0.0,4,1,inf,0.12357414623198704,5.4968996797707055,8.701193829289526,,,,,,0.05,155921.0
unseen,IMC_PID/P_move_interior_Kc,reverse_off_anchor,noise_0.05_seed196613,2.5,2.5,109.59723737472511,107.5,ok,14917.105716292714,11246.834782818662,1.982470669067415,19.995358931922144,0.0,4,1,inf,0.055839625021215866,5.324912084087007,8.700000195998728,,,,,,0.05,196613.0
unseen,IMC_PID/P_move_interior_Kc,reverse_off_anchor,noise_0.05_seed262147,2.5,2.5,109.59723737472511,107.5,ok,15186.931243994422,12383.852582231993,1.934709454516904,17.137150509236584,0.0,4,1,inf,0.09680977224349352,5.492300658428505,8.718633761939248,,,,,,0.05,262147.0
unseen,IMC_PID/P_move_interior_Kc,reverse_off_anchor,combined_seed104729,2.5,2.5,164.39585606208766,162.5,ok,156312.95228135458,593242.8837568691,5.799429631207525,1262.8269939968218,0.0,4,3,inf,5.7645937340576605,2.9005703687924744,8.7,1.5,1.15,0.85,2.0,1.2,0.05,104729.0
unseen,IMC_PID/P_move_interior_Kc,reverse_off_anchor,combined_seed130363,2.5,2.5,164.39585606208766,162.5,ok,157449.2793665274,595114.9851820733,5.799591696312264,1263.4971595030174,0.0,4,3,inf,5.764778524782024,2.9004083036877355,8.7,1.5,1.15,0.85,2.0,1.2,0.05,130363.0
unseen,IMC_PID/P_move_interior_Kc,reverse_off_anchor,combined_seed155921,2.5,2.5,164.39585606208766,162.5,ok,157270.3908274519,594709.7799594237,5.799480439391285,1262.8687252257773,0.0,4,3,inf,5.764628483608249,2.900519560608714,8.7,1.5,1.15,0.85,2.0,1.2,0.05,155921.0
unseen,IMC_PID/P_move_interior_Kc,reverse_off_anchor,combined_seed196613,2.5,2.5,164.39585606208766,162.5,ok,156571.25104476578,594049.0664161788,5.800254890106434,1250.7723799044556,0.0,4,3,inf,5.7654590564172095,2.899745109893566,8.7,1.5,1.15,0.85,2.0,1.2,0.05,196613.0
unseen,IMC_PID/P_move_interior_Kc,reverse_off_anchor,combined_seed262147,2.5,2.5,164.39585606208766,162.5,ok,156650.06325541242,593151.7136773744,5.799026446004399,1269.1322510275743,0.0,4,3,inf,5.764170254695006,2.9009735539955996,8.7,1.5,1.15,0.85,2.0,1.2,0.05,262147.0
unseen,IMC_PID/P_move_interior_Kc,cross_equivalence,nominal,2.5,2.5,109.59723737472511,107.5,ok,102803.92893073065,303718.70712355385,4.333617628516199,0.8271882707407148,0.0,7,5,inf,3.2830676196187527,3.757834427014589,10.371979321530048,,,,,,,
unseen,IMC_PID/P_move_interior_Kc,cross_equivalence,delay_minus30,2.5,2.5,76.71806616230758,75.0,ok,102571.89356006132,302446.8925067773,4.327997348495111,0.8206064547237206,0.0,7,5,inf,3.280050115671636,3.7597911824771377,10.370377031331257,0.7,,,,,,
unseen,IMC_PID/P_move_interior_Kc,cross_equivalence,delay_plus50,2.5,2.5,164.39585606208766,162.5,ok,103431.43249082199,306081.00453278294,4.343033745887546,0.840029252565885,0.0,7,5,inf,3.2881599491062383,3.7545528803077497,10.374673932159546,1.5,,,,,,
unseen,IMC_PID/P_move_interior_Kc,cross_equivalence,acid_plus15,2.5,2.5,109.59723737472511,107.5,ok,163646.9228043139,569175.787755692,5.172326635883293,1.6725170551731257,0.0,7,7,inf,4.137571388797247,3.178402212834004,10.413815098010852,,1.15,,,,,
unseen,IMC_PID/P_move_interior_Kc,cross_equivalence,acid_minus15,2.5,2.5,109.59723737472511,107.5,ok,150630.99763093278,487878.73716075567,5.510483983853476,1.231193163974445,0.0,7,7,inf,5.407409118389065,3.821204913380811,10.760483983853476,,0.85,,,,,
unseen,IMC_PID/P_move_interior_Kc,cross_equivalence,base_minus15,2.5,2.5,109.59723737472511,107.5,ok,172865.11290204476,619026.7259209194,5.187760469938723,1.8105341452207515,0.0,7,6,inf,4.545672314854881,3.1727850108487337,10.350891429932389,,,0.85,,,,
unseen,IMC_PID/P_move_interior_Kc,cross_equivalence,base_plus15,2.5,2.5,109.59723737472511,107.5,ok,134560.54697372922,456797.7326007589,5.494589714339186,1.1223843597735055,0.0,7,6,inf,5.36036482087084,3.7567981804752266,10.744589714339186,,,1.15,,,,
unseen,IMC_PID/P_move_interior_Kc,cross_equivalence,Kw_half,2.5,2.5,109.59723737472511,107.5,ok,105763.70520219154,322953.73787405586,4.337790366668048,0.851451278170595,0.0,7,5,inf,3.527335657207918,3.7596681467293136,10.66664827551602,,,,0.5,,,
unseen,IMC_PID/P_move_interior_Kc,cross_equivalence,Kw_double,2.5,2.5,109.59723737472511,107.5,ok,97597.79002805566,282040.72132627503,4.322603230470817,0.8011808163271796,0.0,7,5,inf,3.0321302266536625,3.7465654564570947,10.077409053453994,,,,2.0,,,
unseen,IMC_PID/P_move_interior_Kc,cross_equivalence,volume_plus20,2.5,2.5,109.59723737472511,107.5,ok,105888.01127017899,311977.87059943244,4.307444763948953,0.8599378477579753,0.0,7,5,inf,3.300593861333616,3.7771431835141867,10.357629969427677,,,,,1.2,,
unseen,IMC_PID/P_move_interior_Kc,cross_equivalence,volume_minus20,2.5,2.5,109.59723737472511,107.5,ok,97223.86552780773,292668.7953596525,4.363578522941971,0.7958977515935475,0.0,7,4,inf,3.26191879507122,3.7309496365026686,10.386192483881468,,,,,0.8,,
unseen,IMC_PID/P_move_interior_Kc,cross_equivalence,noise_0.01_seed104729,2.5,2.5,109.59723737472511,107.5,ok,102785.88520378905,303588.2744365673,4.333730411550281,63.1571078970567,0.0,7,5,inf,3.283099493691682,3.7579138179706395,10.371996623710842,,,,,,0.01,104729.0
unseen,IMC_PID/P_move_interior_Kc,cross_equivalence,noise_0.01_seed130363,2.5,2.5,109.59723737472511,107.5,ok,102813.15101348853,303679.11328072124,4.33401188631385,63.848021307687006,0.0,7,5,inf,3.2830652513796688,3.757783205766788,10.371970645373233,,,,,,0.01,130363.0
unseen,IMC_PID/P_move_interior_Kc,cross_equivalence,noise_0.01_seed155921,2.5,2.5,109.59723737472511,107.5,ok,102851.44145534417,303817.6170055327,4.333749201428796,62.2926455303614,0.0,7,5,inf,3.2829822732302754,3.757883861065905,10.371935462368262,,,,,,0.01,155921.0
unseen,IMC_PID/P_move_interior_Kc,cross_equivalence,noise_0.01_seed196613,2.5,2.5,109.59723737472511,107.5,ok,102831.92623429527,303757.5569542678,4.334109708196477,64.48862610454069,0.0,7,5,inf,3.283296601632526,3.75771965251484,10.372068271110859,,,,,,0.01,196613.0
unseen,IMC_PID/P_move_interior_Kc,cross_equivalence,noise_0.01_seed262147,2.5,2.5,109.59723737472511,107.5,ok,102873.74293540439,303738.39883117157,4.333947935774841,63.25977819492182,0.0,7,5,inf,3.2830488840319605,3.757894557235786,10.371963830081475,,,,,,0.01,262147.0
unseen,IMC_PID/P_move_interior_Kc,cross_equivalence,noise_0.05_seed104729,2.5,2.5,109.59723737472511,107.5,ok,102586.95352776282,301541.5474929503,4.334351139043701,317.50784598503265,0.0,7,6,inf,3.2839814279713595,3.762035194789526,10.372450388096162,,,,,,0.05,104729.0
unseen,IMC_PID/P_move_interior_Kc,cross_equivalence,noise_0.05_seed130363,2.5,2.5,109.59723737472511,107.5,ok,103190.00099648956,302672.72648839717,4.335210264673442,318.9266547216665,0.0,7,5,inf,3.2832694880598003,3.7567562967910457,10.372045962217747,,,,,,0.05,130363.0
unseen,IMC_PID/P_move_interior_Kc,cross_equivalence,noise_0.05_seed155921,2.5,2.5,109.59723737472511,107.5,ok,103359.42505072,305767.71922931576,4.336090606053616,309.585409249399,0.0,7,6,inf,3.2823540888552847,3.7587521008515603,10.371615367505155,,,,,,0.05,155921.0
unseen,IMC_PID/P_move_interior_Kc,cross_equivalence,noise_0.05_seed196613,2.5,2.5,109.59723737472511,107.5,ok,102951.39350438115,304222.46613294986,4.33927963890864,320.95758022659754,0.0,7,5,inf,3.284376829347111,3.756582953492234,10.372509012205843,,,,,,0.05,196613.0
unseen,IMC_PID/P_move_interior_Kc,cross_equivalence,noise_0.05_seed262147,2.5,2.5,109.59723737472511,107.5,ok,104784.7164149943,305196.86708211846,4.339563576554411,323.16716534830573,0.0,7,6,inf,3.282942713556138,3.7615400778168637,10.371887995220632,,,,,,0.05,262147.0
unseen,IMC_PID/P_move_interior_Kc,cross_equivalence,combined_seed104729,2.5,2.5,164.39585606208766,162.5,ok,202855.27203270062,804568.012147487,5.5253775662044475,1241.5996326529212,0.0,7,7,inf,5.2955070890180505,2.8615644944470646,9.654339299458602,1.5,1.15,0.85,2.0,1.2,0.05,104729.0
unseen,IMC_PID/P_move_interior_Kc,cross_equivalence,combined_seed130363,2.5,2.5,164.39585606208766,162.5,ok,202894.60543707234,804748.2864820386,5.5255732566298725,1246.1810587262826,0.0,7,7,inf,5.2958794155800035,2.8613803066748287,9.6519399627412,1.5,1.15,0.85,2.0,1.2,0.05,130363.0
unseen,IMC_PID/P_move_interior_Kc,cross_equivalence,combined_seed155921,2.5,2.5,164.39585606208766,162.5,ok,203056.27846601303,805347.9977115304,5.5254139019403254,1239.2973880859872,0.0,7,7,inf,5.295692143270674,2.861471484086725,9.652482900726934,1.5,1.15,0.85,2.0,1.2,0.05,155921.0
unseen,IMC_PID/P_move_interior_Kc,cross_equivalence,combined_seed196613,2.5,2.5,164.39585606208766,162.5,ok,202791.2160350548,804233.5132661159,5.524680173276068,1240.169652751277,0.0,7,7,inf,5.294709029066835,2.86217848792407,9.650073661118357,1.5,1.15,0.85,2.0,1.2,0.05,196613.0
unseen,IMC_PID/P_move_interior_Kc,cross_equivalence,combined_seed262147,2.5,2.5,164.39585606208766,162.5,ok,202347.77411795768,802853.144505091,5.5257370303189255,1250.7381604533748,0.0,7,7,inf,5.296031281690026,2.8611978948722063,9.634470856017913,1.5,1.15,0.85,2.0,1.2,0.05,262147.0
unseen,IMC_PID/P_move_interior_Kc,regulatory_off_anchor,nominal,2.5,2.5,109.59723737472511,107.5,ok,121673.07855602357,362527.6028477188,3.7570263931409085,0.9883606529283737,0.0,4,1,inf,3.026418552928945,3.592973606859091,10.745333063268651,,,,,,,
unseen,IMC_PID/P_move_interior_Kc,regulatory_off_anchor,delay_minus30,2.5,2.5,76.71806616230758,75.0,ok,120945.23499159928,360502.51805374504,3.754813939723548,0.9831703683854798,0.0,4,2,inf,3.025404772818847,3.595186060276452,10.744833880069654,0.7,,,,,,
unseen,IMC_PID/P_move_interior_Kc,regulatory_off_anchor,delay_plus50,2.5,2.5,164.39585606208766,162.5,ok,123326.33205047078,366629.1872440499,3.7607314088218535,0.9965365506979458,0.0,4,2,inf,3.0281755049321006,3.589268591178146,10.746194251553764,1.5,,,,,,
unseen,IMC_PID/P_move_interior_Kc,regulatory_off_anchor,acid_plus15,2.5,2.5,109.59723737472511,107.5,ok,180850.87913378194,624475.4361785348,4.209863982296225,2.693448579694037,0.0,4,3,inf,4.038384361415079,3.140136017703774,10.587974975957065,,1.15,,,,,
unseen,IMC_PID/P_move_interior_Kc,regulatory_off_anchor,acid_minus15,2.5,2.5,109.59723737472511,107.5,ok,150268.79978877614,438113.3746001682,3.4759764276867475,1.13412921642351,0.0,4,3,inf,3.4497429112821276,4.045590944239044,10.825976427686747,,0.85,,,,,
unseen,IMC_PID/P_move_interior_Kc,regulatory_off_anchor,base_minus15,2.5,2.5,109.59723737472511,107.5,ok,182297.25407366062,628609.5501013794,4.213229437395077,2.462666721715059,0.0,4,4,inf,4.068866780538743,3.136770562604923,10.440672707911604,,,0.85,,,,
unseen,IMC_PID/P_move_interior_Kc,regulatory_off_anchor,base_plus15,2.5,2.5,109.59723737472511,107.5,ok,140324.96819364245,409058.2801615237,3.4702028773186093,1.0259701507588925,0.0,4,3,inf,3.43656590451471,4.006071416269097,10.820202877318609,,,1.15,,,,
unseen,IMC_PID/P_move_interior_Kc,regulatory_off_anchor,Kw_half,2.5,2.5,109.59723737472511,107.5,ok,132433.03194029632,413102.8826668867,3.757184029858044,1.0873004265137078,0.0,4,2,inf,3.25691054619063,3.5928159701419555,11.04225108754724,,,,0.5,,,
unseen,IMC_PID/P_move_interior_Kc,regulatory_off_anchor,Kw_double,2.5,2.5,109.59723737472511,107.5,ok,112637.80140123761,317832.8456029644,3.756829190220937,0.9019281559878332,0.0,4,2,inf,2.785434278555588,3.5931708097790627,10.448229010672701,,,,2.0,,,
unseen,IMC_PID/P_move_interior_Kc,regulatory_off_anchor,volume_plus20,2.5,2.5,109.59723737472511,107.5,ok,128872.21229532688,377645.6602393292,3.738780454850224,1.021037558291205,0.0,4,3,inf,3.0365160048657245,3.6112195451497757,10.738135918807558,,,,,1.2,,
unseen,IMC_PID/P_move_interior_Kc,regulatory_off_anchor,volume_minus20,2.5,2.5,109.59723737472511,107.5,ok,116170.51268685434,350501.36241638596,3.7771397809347276,0.9558536646939206,0.0,4,2,inf,3.0181605670936538,3.572860219065272,10.753857457129849,,,,,0.8,,
unseen,IMC_PID/P_move_interior_Kc,regulatory_off_anchor,noise_0.01_seed104729,2.5,2.5,109.59723737472511,107.5,ok,121693.40599569681,362596.4324186548,3.7571628748329244,66.06338758177841,0.0,4,1,inf,3.0263851510684674,3.592837125167075,10.74532515883979,,,,,,0.01,104729.0
unseen,IMC_PID/P_move_interior_Kc,regulatory_off_anchor,noise_0.01_seed130363,2.5,2.5,109.59723737472511,107.5,ok,121680.71866950419,362529.24312488467,3.757005594706478,66.6350288877559,0.0,4,1,inf,3.0264611276463302,3.5929944052935214,10.745331855945016,,,,,,0.01,130363.0
unseen,IMC_PID/P_move_interior_Kc,regulatory_off_anchor,noise_0.01_seed155921,2.5,2.5,109.59723737472511,107.5,ok,121655.80451481073,362471.43777362304,3.756980553175422,66.72376944845564,0.0,4,1,inf,3.026403132326543,3.5930194468245777,10.745329522043537,,,,,,0.01,155921.0
unseen,IMC_PID/P_move_interior_Kc,regulatory_off_anchor,noise_0.01_seed196613,2.5,2.5,109.59723737472511,107.5,ok,121696.9098942136,362563.0479279744,3.7571478250917574,65.41395093188639,0.0,4,1,inf,3.02640107721629,3.5928521749082423,10.745321840628291,,,,,,0.01,196613.0
unseen,IMC_PID/P_move_interior_Kc,regulatory_off_anchor,noise_0.01_seed262147,2.5,2.5,109.59723737472511,107.5,ok,121689.93191177715,362546.4555266112,3.7570835809169147,67.18212380625391,0.0,4,1,inf,3.026429789871745,3.592916419083085,10.745339769613295,,,,,,0.01,262147.0
unseen,IMC_PID/P_move_interior_Kc,regulatory_off_anchor,noise_0.05_seed104729,2.5,2.5,109.59723737472511,107.5,ok,121966.07153185605,363378.9933069067,3.75781416623033,332.5665751000357,0.0,4,2,inf,3.026300002963472,3.5921858337696695,10.745314198627359,,,,,,0.05,104729.0
unseen,IMC_PID/P_move_interior_Kc,regulatory_off_anchor,noise_0.05_seed130363,2.5,2.5,109.59723737472511,107.5,ok,121749.18229230284,362543.76010291383,3.757608178253773,332.5410227816035,0.0,4,1,inf,3.0265333095972142,3.5923918217462267,10.745285594825372,,,,,,0.05,130363.0
unseen,IMC_PID/P_move_interior_Kc,regulatory_off_anchor,noise_0.05_seed155921,2.5,2.5,109.59723737472511,107.5,ok,121266.12527593202,361237.93825843843,3.7581604920364824,331.63660888135314,0.0,4,1,inf,3.026395108076171,3.5918395079635173,10.745338266026769,,,,,,0.05,155921.0
unseen,IMC_PID/P_move_interior_Kc,regulatory_off_anchor,noise_0.05_seed196613,2.5,2.5,109.59723737472511,107.5,ok,121842.9915524954,362877.5738217128,3.757854744745958,327.89327593402913,0.0,4,2,inf,3.0264209899264944,3.592145255254042,10.745316758135719,,,,,,0.05,196613.0
unseen,IMC_PID/P_move_interior_Kc,regulatory_off_anchor,noise_0.05_seed262147,2.5,2.5,109.59723737472511,107.5,ok,122145.14369702512,363135.41282103694,3.75612228404949,335.3408631910494,0.0,4,1,inf,3.0264001788687125,3.5938777159505095,10.745334857494974,,,,,,0.05,262147.0
unseen,IMC_PID/P_move_interior_Kc,regulatory_off_anchor,combined_seed104729,2.5,2.5,164.39585606208766,162.5,ok,174838.677301871,656851.1430336661,4.515509705760658,1048.9975238154166,0.0,4,4,inf,4.443737850356684,2.834490294239342,9.086801387740838,1.5,1.15,0.85,2.0,1.2,0.05,104729.0
unseen,IMC_PID/P_move_interior_Kc,regulatory_off_anchor,combined_seed130363,2.5,2.5,164.39585606208766,162.5,ok,174406.29434882238,655938.7054807593,4.515823021050579,1053.3405688978746,0.0,4,4,inf,4.444142087284876,2.83417697894942,9.075567374913602,1.5,1.15,0.85,2.0,1.2,0.05,130363.0
unseen,IMC_PID/P_move_interior_Kc,regulatory_off_anchor,combined_seed155921,2.5,2.5,164.39585606208766,162.5,ok,173801.27435069886,654114.41367432,4.515607766290424,1042.913815347644,0.0,4,4,inf,4.443881968497097,2.8343922337095755,9.057557773909503,1.5,1.15,0.85,2.0,1.2,0.05,155921.0
unseen,IMC_PID/P_move_interior_Kc,regulatory_off_anchor,combined_seed196613,2.5,2.5,164.39585606208766,162.5,ok,174595.6176532657,655748.0842489587,4.515646734682394,1030.1366831158127,0.0,4,4,inf,4.443929943239662,2.8343532653176053,9.078867579319343,1.5,1.15,0.85,2.0,1.2,0.05,196613.0
unseen,IMC_PID/P_move_interior_Kc,regulatory_off_anchor,combined_seed262147,2.5,2.5,164.39585606208766,162.5,ok,173946.30594413655,654282.1685968275,4.5156820942824405,1053.1796787215458,0.0,4,4,inf,4.443979003712413,2.834317905717559,9.066574441213803,1.5,1.15,0.85,2.0,1.2,0.05,262147.0
unseen,fixed/C1,reverse_off_anchor,nominal,2.5,2.5,109.59723737472511,107.5,ok,28789.602525566297,26759.49766336508,1.5887287651896234,4.882183594741286,0.0,4,2,inf,1.2641217913375433,5.28414213108281,8.7,,,,,,,
unseen,fixed/C1,reverse_off_anchor,delay_minus30,2.5,2.5,76.71806616230758,75.0,ok,16803.246181252678,9979.073987661823,2.513908393265635,4.336816952394062,0.0,4,1,inf,0.44863661972848856,5.2643088420600765,8.7,0.7,,,,,,
unseen,fixed/C1,reverse_off_anchor,delay_plus50,2.5,2.5,164.39585606208766,162.5,ok,41483.756122911975,52597.41743158361,3.109295590739663,4.440106119349599,0.0,4,2,inf,1.1636570997472155,4.9665767665188865,8.7,1.5,,,,,,
unseen,fixed/C1,reverse_off_anchor,acid_plus15,2.5,2.5,109.59723737472511,107.5,ok,54372.89320274297,145945.70132433588,5.298126095438971,5.832220042234473,0.0,4,3,inf,1.031082739020011,3.401873904561028,9.741042193620558,,1.15,,,,,
unseen,fixed/C1,reverse_off_anchor,acid_minus15,2.5,2.5,109.59723737472511,107.5,ok,49622.375415018774,81221.46602118472,3.2310599736891312,5.2763533146892785,0.0,4,3,inf,1.881260755383762,4.860204342058192,10.758559605533032,,0.85,,,,,
unseen,fixed/C1,reverse_off_anchor,base_minus15,2.5,2.5,109.59723737472511,107.5,ok,53429.90237333113,157547.74169969396,5.326542670429799,5.3164324420148645,0.0,4,3,inf,1.0158175732028676,3.3734573295702,9.66002887592689,,,0.85,,,,
unseen,fixed/C1,reverse_off_anchor,base_plus15,2.5,2.5,109.59723737472511,107.5,ok,50369.262171782815,78663.76543649074,3.163427807377552,5.730438783837856,0.0,4,3,inf,1.8136936723596264,4.817417842137463,10.745858848067225,,,1.15,,,,
unseen,fixed/C1,reverse_off_anchor,Kw_half,2.5,2.5,109.59723737472511,107.5,ok,36662.25819195109,42374.9766931495,1.8396389132796749,6.017081354003939,0.0,4,2,inf,1.6272047174972109,5.2970106444052885,8.791519306086428,,,,0.5,,,
unseen,fixed/C1,reverse_off_anchor,Kw_double,2.5,2.5,109.59723737472511,107.5,ok,14024.79250638565,9919.022940400284,1.9475930744366048,2.3430287384906503,0.0,4,1,inf,0.2533734721563672,5.22188285475849,8.709518097022492,,,,2.0,,,
unseen,fixed/C1,reverse_off_anchor,volume_plus20,2.5,2.5,109.59723737472511,107.5,ok,24722.236880258562,20295.35077556976,2.7419120330203715,4.186926704183627,0.0,4,2,inf,0.7878913797716844,5.167808917304076,8.7,,,,,1.2,,
unseen,fixed/C1,reverse_off_anchor,volume_minus20,2.5,2.5,109.59723737472511,107.5,ok,34139.14036284607,36950.80533002355,2.8699460763828917,5.7071809518115355,0.0,4,2,inf,0.9294694465458768,5.149842491396663,8.7,,,,,0.8,,
unseen,fixed/C1,reverse_off_anchor,noise_0.01_seed104729,2.5,2.5,109.59723737472511,107.5,ok,28803.434270694,26764.782935931515,1.5891748519621096,7.043662470970234,0.0,4,2,inf,1.2647538483120027,5.284510229846655,8.700897605052505,,,,,,0.01,104729.0
unseen,fixed/C1,reverse_off_anchor,noise_0.01_seed130363,2.5,2.5,109.59723737472511,107.5,ok,28799.895952674106,26763.916438053886,1.589793864015367,7.0436852320451635,0.0,4,2,inf,1.258625918013215,5.284088223987425,8.701255711984922,,,,,,0.01,130363.0
unseen,fixed/C1,reverse_off_anchor,noise_0.01_seed155921,2.5,2.5,109.59723737472511,107.5,ok,28797.50976986342,26761.47820422995,1.5896060224825392,7.0745285578776755,0.0,4,2,inf,1.270297997534998,5.284808138605325,8.701209977381465,,,,,,0.01,155921.0
unseen,fixed/C1,reverse_off_anchor,noise_0.01_seed196613,2.5,2.5,109.59723737472511,107.5,ok,28816.789962362986,26768.615909058844,1.5884868337423868,7.060733593132365,0.0,4,2,inf,1.2689495546852552,5.2841833854149005,8.701965203276636,,,,,,0.01,196613.0
unseen,fixed/C1,reverse_off_anchor,noise_0.01_seed262147,2.5,2.5,109.59723737472511,107.5,ok,28796.47264198316,26760.156439691404,1.587687735202553,7.076197863664669,0.0,4,2,inf,1.258719435999958,5.285489359389126,8.700712891676918,,,,,,0.01,262147.0
unseen,fixed/C1,reverse_off_anchor,noise_0.05_seed104729,2.5,2.5,109.59723737472511,107.5,ok,28860.961163151875,26787.01193373686,1.5906797919878155,20.496096508396896,0.0,4,2,inf,1.268081548531395,5.28563998958275,8.704471789751892,,,,,,0.05,104729.0
unseen,fixed/C1,reverse_off_anchor,noise_0.05_seed130363,2.5,2.5,109.59723737472511,107.5,ok,28847.434567906,26784.149465688868,1.5941940748916013,20.44622297529454,0.0,4,2,inf,1.2339237120700837,5.283114718502685,8.706247095735442,,,,,,0.05,130363.0
unseen,fixed/C1,reverse_off_anchor,noise_0.05_seed155921,2.5,2.5,109.59723737472511,107.5,ok,28836.094535623633,26770.078893433936,1.5933148168916151,20.456635738031398,0.0,4,2,inf,1.2839905748458227,5.287463124082198,8.706019347093761,,,,,,0.05,155921.0
unseen,fixed/C1,reverse_off_anchor,noise_0.05_seed196613,2.5,2.5,109.59723737472511,107.5,ok,28926.378868644875,26806.77970492197,1.5874490360681284,20.428235101470225,0.0,4,2,inf,1.2854973332665214,5.283773604936927,8.709667231136043,,,,,,0.05,196613.0
unseen,fixed/C1,reverse_off_anchor,noise_0.05_seed262147,2.5,2.5,109.59723737472511,107.5,ok,28832.32860950833,26769.189537789138,1.5835720642163933,20.566187086067796,0.0,4,2,inf,1.2275643450288847,5.289643488924195,8.70355596142076,,,,,,0.05,262147.0
unseen,fixed/C1,reverse_off_anchor,combined_seed104729,2.5,2.5,164.39585606208766,162.5,ok,71416.51413966838,261946.97182737122,5.697538413360801,20.032200345040614,0.0,4,3,inf,5.413529374867916,3.002461586639198,9.100194427871179,1.5,1.15,0.85,2.0,1.2,0.05,104729.0
unseen,fixed/C1,reverse_off_anchor,combined_seed130363,2.5,2.5,164.39585606208766,162.5,ok,71411.00004543498,261864.44070150575,5.697420788170923,20.021895472611156,0.0,4,3,inf,5.413164810577186,3.002579211829076,9.098740181004775,1.5,1.15,0.85,2.0,1.2,0.05,130363.0
unseen,fixed/C1,reverse_off_anchor,combined_seed155921,2.5,2.5,164.39585606208766,162.5,ok,71419.50600324593,261899.35336301,5.69740073906395,20.03443634385119,0.0,4,3,inf,5.413081360721387,3.00259926093605,9.099398508325775,1.5,1.15,0.85,2.0,1.2,0.05,155921.0
unseen,fixed/C1,reverse_off_anchor,combined_seed196613,2.5,2.5,164.39585606208766,162.5,ok,71435.50958484526,262017.3677059959,5.69792385951052,19.97985108936385,0.0,4,3,inf,5.414023231981347,3.0020761404894794,9.099061796687295,1.5,1.15,0.85,2.0,1.2,0.05,196613.0
unseen,fixed/C1,reverse_off_anchor,combined_seed262147,2.5,2.5,164.39585606208766,162.5,ok,71439.77625059453,261944.90566612457,5.697325117144135,20.106583115918564,0.0,4,3,inf,5.413195484377951,3.0026748828558647,9.099950113190172,1.5,1.15,0.85,2.0,1.2,0.05,262147.0
unseen,fixed/C1,cross_equivalence,nominal,2.5,2.5,109.59723737472511,107.5,ok,52419.817679694315,103389.5780643873,3.908355164477916,5.3926961263739495,0.0,7,4,inf,1.0435905148549027,3.995935348047482,10.125622928623677,,,,,,,
unseen,fixed/C1,cross_equivalence,delay_minus30,2.5,2.5,76.71806616230758,75.0,ok,42867.16178238571,86632.948420859,3.8722676735037664,5.397982153080327,0.0,7,4,inf,0.8764188306057061,4.012951245371907,10.105128538970266,0.7,,,,,,
unseen,fixed/C1,cross_equivalence,delay_plus50,2.5,2.5,164.39585606208766,162.5,ok,62863.89920292656,126124.00212469514,3.964372832256938,5.018116519585136,0.0,7,4,inf,1.2621175660220247,3.993881386903483,10.124214540893002,1.5,,,,,,
unseen,fixed/C1,cross_equivalence,acid_plus15,2.5,2.5,109.59723737472511,107.5,ok,79064.11812622799,181515.65718738502,4.867555616249312,6.3565880252271825,0.0,7,4,inf,1.7178008401969134,3.2476584162509914,10.195561091771994,,1.15,,,,,
unseen,fixed/C1,cross_equivalence,acid_minus15,2.5,2.5,109.59723737472511,107.5,ok,78822.42090680766,221782.22136322164,5.3597287084490315,6.576820377034492,0.0,7,5,inf,1.2518334753876976,4.103868500671699,10.609728708449031,,0.85,,,,,
unseen,fixed/C1,cross_equivalence,base_minus15,2.5,2.5,109.59723737472511,107.5,ok,79814.08852255241,192371.22848235766,4.946804294672991,6.00780883948574,0.0,7,5,inf,1.7969861903719018,3.2353656453876645,10.139353942353386,,,0.85,,,,
unseen,fixed/C1,cross_equivalence,base_plus15,2.5,2.5,109.59723737472511,107.5,ok,78485.53634901704,211729.58592654002,5.33080596932723,6.871069995861357,0.0,7,5,inf,1.3769247093152552,4.037076925075515,10.58080596932723,,,1.15,,,,
unseen,fixed/C1,cross_equivalence,Kw_half,2.5,2.5,109.59723737472511,107.5,ok,58556.677097023276,119054.99560630287,3.9159244693931807,6.314198463523639,0.0,7,4,inf,1.4419962754721611,3.9993372953471495,10.392323132747636,,,,0.5,,,
unseen,fixed/C1,cross_equivalence,Kw_double,2.5,2.5,109.59723737472511,107.5,ok,43851.12704122598,86718.82291839001,3.892930450083166,4.116879752835383,0.0,7,4,inf,0.7171093941851101,3.9935044953243373,9.846535023748617,,,,2.0,,,
unseen,fixed/C1,cross_equivalence,volume_plus20,2.5,2.5,109.59723737472511,107.5,ok,50702.36379220181,100572.2619260363,3.860158717843965,4.8701445610100755,0.0,7,4,inf,0.8156283447359458,4.037620318293353,10.081176047489784,,,,,1.2,,
unseen,fixed/C1,cross_equivalence,volume_minus20,2.5,2.5,109.59723737472511,107.5,ok,54255.423729974136,106276.66148970822,3.964609213390527,5.9697447055330155,0.0,7,4,inf,1.3473927255002156,3.9542897222879914,10.148772711111034,,,,,0.8,,
unseen,fixed/C1,cross_equivalence,noise_0.01_seed104729,2.5,2.5,109.59723737472511,107.5,ok,52434.49354489887,103401.63380950793,3.908423649339203,7.341726851611087,0.0,7,4,inf,1.0421705743770557,3.995835680280633,10.12570178802731,,,,,,0.01,104729.0
unseen,fixed/C1,cross_equivalence,noise_0.01_seed130363,2.5,2.5,109.59723737472511,107.5,ok,52428.94412663372,103400.87371205016,3.9085538391566814,7.34290817335569,0.0,7,4,inf,1.042184922403771,3.99580071608314,10.125658555174997,,,,,,0.01,130363.0
unseen,fixed/C1,cross_equivalence,noise_0.01_seed155921,2.5,2.5,109.59723737472511,107.5,ok,52429.626044479985,103397.42433634691,3.9082858653648467,7.330510191097947,0.0,7,4,inf,1.0428611348951362,3.996066763261359,10.125802284351348,,,,,,0.01,155921.0
unseen,fixed/C1,cross_equivalence,noise_0.01_seed196613,2.5,2.5,109.59723737472511,107.5,ok,52438.80062925159,103398.67312091749,3.908437595251791,7.330710798934525,0.0,7,4,inf,1.0394039415917726,3.99556038600923,10.12545895501205,,,,,,0.01,196613.0
unseen,fixed/C1,cross_equivalence,noise_0.01_seed262147,2.5,2.5,109.59723737472511,107.5,ok,52419.23973709693,103385.73301150295,3.908230303088094,7.357893740042419,0.0,7,4,inf,1.042049866984697,3.995872577461171,10.125771787627347,,,,,,0.01,262147.0
unseen,fixed/C1,cross_equivalence,noise_0.05_seed104729,2.5,2.5,109.59723737472511,107.5,ok,52495.72494163326,103448.9571891331,3.908700708392421,20.677646197563636,0.0,7,4,inf,1.0357556095471532,3.995431612235944,10.12598660828639,,,,,,0.05,104729.0
unseen,fixed/C1,cross_equivalence,noise_0.05_seed130363,2.5,2.5,109.59723737472511,107.5,ok,52475.12054766947,103446.55317312395,3.909348138358811,20.64701543175688,0.0,7,4,inf,1.0355353400984564,3.9952234495432912,10.125784461796052,,,,,,0.05,130363.0
unseen,fixed/C1,cross_equivalence,noise_0.05_seed155921,2.5,2.5,109.59723737472511,107.5,ok,52481.030202809554,103426.64557454886,3.908008209614257,20.606496016241426,0.0,7,4,inf,1.0394653371169431,3.996542446663625,10.126398733227159,,,,,,0.05,155921.0
unseen,fixed/C1,cross_equivalence,noise_0.05_seed196613,2.5,2.5,109.59723737472511,107.5,ok,52523.047614459436,103429.87065654731,3.9087706756533187,20.571999451548077,0.0,7,4,inf,1.0167891449023125,3.9941207896835693,10.124595845909687,,,,,,0.05,196613.0
unseen,fixed/C1,cross_equivalence,noise_0.05_seed262147,2.5,2.5,109.59723737472511,107.5,ok,52422.71543731266,103368.65636050877,3.907736481897376,20.751541803782054,0.0,7,4,inf,1.0354249032794902,3.9956117276026917,10.126303420751233,,,,,,0.05,262147.0
unseen,fixed/C1,cross_equivalence,combined_seed104729,2.5,2.5,164.39585606208766,162.5,ok,104662.0935414364,319336.65076858446,5.406170242580053,20.1927793148973,0.0,7,6,inf,2.256250296055018,2.911306457340568,9.892773330271789,1.5,1.15,0.85,2.0,1.2,0.05,104729.0
unseen,fixed/C1,cross_equivalence,combined_seed130363,2.5,2.5,164.39585606208766,162.5,ok,104690.9724049276,319379.9028806748,5.405978372197634,20.14302028369358,0.0,7,6,inf,2.256058611380238,2.91142677260296,9.89271071332797,1.5,1.15,0.85,2.0,1.2,0.05,130363.0
unseen,fixed/C1,cross_equivalence,combined_seed155921,2.5,2.5,164.39585606208766,162.5,ok,104635.59634444627,319233.0721051163,5.405909348784897,20.13956793947333,0.0,7,6,inf,2.2559904774740853,2.9114783832404343,9.893371364720547,1.5,1.15,0.85,2.0,1.2,0.05,155921.0
unseen,fixed/C1,cross_equivalence,combined_seed196613,2.5,2.5,164.39585606208766,162.5,ok,104747.4556197301,319680.9909519923,5.406432241623184,20.099734714636583,0.0,7,6,inf,2.256513536536367,2.910962692741057,9.893179303452484,1.5,1.15,0.85,2.0,1.2,0.05,196613.0
unseen,fixed/C1,cross_equivalence,combined_seed262147,2.5,2.5,164.39585606208766,162.5,ok,104691.75243303896,319433.6816572507,5.405971573378595,20.254889287623154,0.0,7,6,inf,2.2560522826191867,2.911542061546045,9.892968230554215,1.5,1.15,0.85,2.0,1.2,0.05,262147.0
unseen,fixed/C1,regulatory_off_anchor,nominal,2.5,2.5,109.59723737472511,107.5,ok,75286.99606692046,162492.4113196555,3.5526659044802718,7.022806793281981,0.0,4,3,inf,1.2852716238136228,3.797334095519728,10.607176007979803,,,,,,,
unseen,fixed/C1,regulatory_off_anchor,delay_minus30,2.5,2.5,76.71806616230758,75.0,ok,61407.50510455361,140739.7671325141,3.5439113193454896,6.395707698110499,0.0,4,3,inf,0.5635819934005895,3.80608868065451,10.603503833683426,0.7,,,,,,
unseen,fixed/C1,regulatory_off_anchor,delay_plus50,2.5,2.5,164.39585606208766,162.5,ok,88880.15260482338,192435.0589471633,3.567158958077051,6.501330253731204,0.0,4,3,inf,1.2365400303326535,3.7828410419229486,10.60578925591023,1.5,,,,,,
unseen,fixed/C1,regulatory_off_anchor,acid_plus15,2.5,2.5,109.59723737472511,107.5,ok,98471.82121099839,249973.64417185972,4.004564772883018,7.9382197064270255,0.0,4,4,inf,1.444470378096515,3.345435227116981,10.656996346440183,,1.15,,,,,
unseen,fixed/C1,regulatory_off_anchor,acid_minus15,2.5,2.5,109.59723737472511,107.5,ok,91120.57900861006,207805.72740244024,3.4641524651402675,7.766464128013666,0.0,4,4,inf,2.754787013357646,3.885847534859732,10.695898929499139,,0.85,,,,,
unseen,fixed/C1,regulatory_off_anchor,base_minus15,2.5,2.5,109.59723737472511,107.5,ok,97425.2335364528,258367.87051108855,4.0270020502577735,7.156235217425836,0.0,4,4,inf,3.270704403194113,3.322997949742226,10.601825117551634,,,0.85,,,,
unseen,fixed/C1,regulatory_off_anchor,base_plus15,2.5,2.5,109.59723737472511,107.5,ok,96372.50934760843,222608.31245464215,3.6404193781063423,8.330236251083758,0.0,4,4,inf,2.26506592951835,3.7095806218936573,10.67629077471338,,,1.15,,,,
unseen,fixed/C1,regulatory_off_anchor,Kw_half,2.5,2.5,109.59723737472511,107.5,ok,93090.6887363065,198411.0791424645,3.5454934294317386,9.623746936506603,0.0,4,4,inf,1.529236615427445,3.8064154531384684,10.895493429431738,,,,0.5,,,
unseen,fixed/C1,regulatory_off_anchor,Kw_double,2.5,2.5,109.59723737472511,107.5,ok,49915.9335908401,128443.79526923073,3.552198972231989,2.81481041461626,0.0,4,0,17202.5,0.018414536900561274,3.7978010277680108,10.318971857776223,,,,2.0,,,
unseen,fixed/C1,regulatory_off_anchor,volume_plus20,2.5,2.5,109.59723737472511,107.5,ok,72805.84007479361,160991.97867937398,3.520753021670264,6.168389279647689,0.0,4,3,inf,1.07309697251993,3.829246978329736,10.58238619982572,,,,,1.2,,
unseen,fixed/C1,regulatory_off_anchor,volume_minus20,2.5,2.5,109.59723737472511,107.5,ok,78330.94413196335,165205.8933169525,3.5885320982771263,7.989335282329321,0.0,4,3,inf,0.9653778125520454,3.7614679017228734,10.628408153116556,,,,,0.8,,
unseen,fixed/C1,regulatory_off_anchor,noise_0.01_seed104729,2.5,2.5,109.59723737472511,107.5,ok,78938.13635531397,165516.2047776435,3.547553259067753,8.66098719562316,0.0,4,4,inf,1.2106291784051821,3.8024467409322464,10.608023314128099,,,,,,0.01,104729.0
unseen,fixed/C1,regulatory_off_anchor,noise_0.01_seed130363,2.5,2.5,109.59723737472511,107.5,ok,78860.28135369875,165582.00656045077,3.5519509759958225,8.659966568709281,0.0,4,4,inf,1.2828497991127694,3.798049024004177,10.607216032261366,,,,,,0.01,130363.0
unseen,fixed/C1,regulatory_off_anchor,noise_0.01_seed155921,2.5,2.5,109.59723737472511,107.5,ok,78861.87179306887,165537.27685524855,3.5500680449064363,8.657477996768137,0.0,4,4,inf,1.2604026245452467,3.7999319550935633,10.607618557393861,,,,,,0.01,155921.0
unseen,fixed/C1,regulatory_off_anchor,noise_0.01_seed196613,2.5,2.5,109.59723737472511,107.5,ok,79177.07772186355,165639.94005073322,3.544459553991066,8.670149513222277,0.0,4,3,inf,1.1243130569678925,3.8055404460089335,10.608464491718244,,,,,,0.01,196613.0
unseen,fixed/C1,regulatory_off_anchor,noise_0.01_seed262147,2.5,2.5,109.59723737472511,107.5,ok,78697.20449905269,165583.40100490348,3.555600085117643,8.597536233185915,0.0,4,4,inf,1.28780445612475,3.794399914882357,10.606700392366905,,,,,,0.01,262147.0
unseen,fixed/C1,regulatory_off_anchor,noise_0.05_seed104729,2.5,2.5,109.59723737472511,107.5,ok,79324.73031535157,165877.03017705498,3.5462112696514096,21.025476860939474,0.0,4,4,inf,1.1576361023430053,3.80378873034859,10.608329222196891,,,,,,0.05,104729.0
unseen,fixed/C1,regulatory_off_anchor,noise_0.05_seed130363,2.5,2.5,109.59723737472511,107.5,ok,79134.14707020842,165584.6404357741,3.5458952210515324,21.015124947669076,0.0,4,4,inf,1.1280648505035948,3.804104778948467,10.608334801293527,,,,,,0.05,130363.0
unseen,fixed/C1,regulatory_off_anchor,noise_0.05_seed155921,2.5,2.5,109.59723737472511,107.5,ok,79205.84943280987,165730.59266016766,3.544500402878357,20.98299393517817,0.0,4,4,inf,1.098582956233681,3.8054995971216425,10.608656087715154,,,,,,0.05,155921.0
unseen,fixed/C1,regulatory_off_anchor,noise_0.05_seed196613,2.5,2.5,109.59723737472511,107.5,ok,79568.19417787,166256.75456066232,3.551657412288137,20.924542574631836,0.0,4,4,inf,1.2755387571792127,3.7983425877118626,10.607370858231938,,,,,,0.05,196613.0
unseen,fixed/C1,regulatory_off_anchor,noise_0.05_seed262147,2.5,2.5,109.59723737472511,107.5,ok,79077.21460283863,166019.32651176304,3.557991270968923,21.086028345522962,0.0,4,4,inf,1.2782713681774913,3.7920087290310764,10.606578553966127,,,,,,0.05,262147.0
unseen,fixed/C1,regulatory_off_anchor,combined_seed104729,2.5,2.5,164.39585606208766,162.5,ok,119739.23931371594,379696.78568683635,4.380563472764841,20.124282866583858,0.0,4,4,inf,4.215277476680191,2.969436527235159,10.346060482970678,1.5,1.15,0.85,2.0,1.2,0.05,104729.0
unseen,fixed/C1,regulatory_off_anchor,combined_seed130363,2.5,2.5,164.39585606208766,162.5,ok,119775.63239162363,379671.1992890827,4.380433484347844,20.115993633528554,0.0,4,4,inf,4.215007521306784,2.969566515652156,10.345565517849593,1.5,1.15,0.85,2.0,1.2,0.05,130363.0
unseen,fixed/C1,regulatory_off_anchor,combined_seed155921,2.5,2.5,164.39585606208766,162.5,ok,119719.80201760551,379619.7729029818,4.380411650816921,20.146698114544694,0.0,4,4,inf,4.214945786552059,2.969588349183079,10.34647551247478,1.5,1.15,0.85,2.0,1.2,0.05,155921.0
unseen,fixed/C1,regulatory_off_anchor,combined_seed196613,2.5,2.5,164.39585606208766,162.5,ok,119670.92204026997,379678.4628717802,4.380933319463695,20.048009099493335,0.0,4,4,inf,4.2156447673153625,2.9690666805363044,10.345703416046556,1.5,1.15,0.85,2.0,1.2,0.05,196613.0
unseen,fixed/C1,regulatory_off_anchor,combined_seed262147,2.5,2.5,164.39585606208766,162.5,ok,119702.56810551151,379620.5791350681,4.380332914503125,20.213055265828398,0.0,4,4,inf,4.2150280136337255,2.9696670854968743,10.346331944297493,1.5,1.15,0.85,2.0,1.2,0.05,262147.0
