Controller,pH,Kp,Kc,Kc*Kp
C1 -- Reference PI fixed,5.0,43.51199062255985,0.014214589751556997,0.6185050959732834
C1 -- Reference PI fixed,5.004,43.91371598507954,0.014214589751556995,0.6242154571942963
C1 -- Reference PI fixed,5.008,44.319156188704355,0.014214589751556997,0.6299786233576108
C1 -- Reference PI fixed,5.012,44.72834554238734,0.014214589751556999,0.6357950821509192
C1 -- Reference PI fixed,5.016,45.14131867074634,0.014214589751556997,0.6416653257489594
C1 -- Reference PI fixed,5.02,45.55811051693909,0.014214589751556997,0.6475898508543834
C1 -- Reference PI fixed,5.024,45.97875634555427,0.014214589751556997,0.6535691587388519
C1 -- Reference PI fixed,5.028,46.40329174553724,0.014214589751556997,0.659603755284623
C1 -- Reference PI fixed,5.032,46.83175263312418,0.014214589751556997,0.6656941510262594
C1 -- Reference PI fixed,5.036,47.26417525484263,0.014214589751556997,0.6718408611932798
C1 -- Reference PI fixed,5.04,47.70059619047115,0.014214589751556999,0.67804440575223
C1 -- Reference PI fixed,5.044,48.141052356104915,0.014214589751556995,0.6843053094502577
C1 -- Reference PI fixed,5.048,48.5855810071602,0.014214589751556997,0.6906241018578216
C1 -- Reference PI fixed,5.052,49.03421974150219,0.014214589751556997,0.6970013174131509
C1 -- Reference PI fixed,5.056,49.48700650251337,0.014214589751556997,0.703437495465861
C1 -- Reference PI fixed,5.06,49.94397958224212,0.014214589751556999,0.7099331803217108
C1 -- Reference PI fixed,5.064,50.405177624537444,0.014214589751556997,0.71648892128716
C1 -- Reference PI fixed,5.068,50.87063962827961,0.014214589751556997,0.7231052727152926
C1 -- Reference PI fixed,5.072,51.34040495053541,0.014214589751556997,0.7297827940506667
C1 -- Reference PI fixed,5.076,51.814513309846205,0.014214589751556997,0.7365220498760535
C1 -- Reference PI fixed,5.08,52.29300478948062,0.014214589751556997,0.7433236099586722
C1 -- Reference PI fixed,5.084,52.775919840713186,0.014214589751556999,0.7501880492967953
C1 -- Reference PI fixed,5.088,53.26329928617927,0.014214589751556999,0.757115948167437
C1 -- Reference PI fixed,5.092,53.75518432322935,0.014214589751556997,0.7641078921740333
C1 -- Reference PI fixed,5.096,54.2516165272598,0.014214589751556997,0.7711644722937874
C1 -- Reference PI fixed,5.1,54.752637855199495,0.014214589751556997,0.7782862849272304
C1 -- Reference PI fixed,5.104,55.258290648877505,0.014214589751556997,0.785473931946092
C1 -- Reference PI fixed,5.108,55.76861763855874,0.014214589751556997,0.7927280207435577
C1 -- Reference PI fixed,5.112,56.28366194640898,0.014214589751556997,0.8000491642835236
C1 -- Reference PI fixed,5.116,56.80346708999863,0.014214589751556997,0.8074379811503997
C1 -- Reference PI fixed,5.12,57.32807698592059,0.014214589751556997,0.8148950956005373
C1 -- Reference PI fixed,5.124,57.857535953340296,0.014214589751556997,0.8224211376126914
C1 -- Reference PI fixed,5.128,58.391888717612076,0.014214589751556997,0.8300167429394253
C1 -- Reference PI fixed,5.132,58.93118041396095,0.014214589751556997,0.8376825531594457
C1 -- Reference PI fixed,5.136,59.4754565911326,0.014214589751556999,0.8454192157294865
C1 -- Reference PI fixed,5.14,60.02476321511244,0.014214589751556997,0.8532273840371728
C1 -- Reference PI fixed,5.144,60.579146672872014,0.014214589751556997,0.8611077174542747
C1 -- Reference PI fixed,5.148,61.138653776153745,0.014214589751556997,0.8690608813905065
C1 -- Reference PI fixed,5.152,61.703331765252656,0.014214589751556997,0.8770875473472817
C1 -- Reference PI fixed,5.156,62.27322831288263,0.014214589751556997,0.8851883929726705
C1 -- Reference PI fixed,5.16,62.84839152800244,0.014214589751556997,0.893364102115785
C1 -- Reference PI fixed,5.164,63.42886995977745,0.014214589751556997,0.901615364883094
C1 -- Reference PI fixed,5.168,64.01471260144866,0.014214589751556997,0.9099428776934188
C1 -- Reference PI fixed,5.172,64.60596889435935,0.014214589751556997,0.9183473433351705
C1 -- Reference PI fixed,5.176,65.20268873191075,0.014214589751556997,0.9268294710225795
C1 -- Reference PI fixed,5.18,65.80492246359228,0.014214589751556997,0.9353899764529816
C1 -- Reference PI fixed,5.184,66.41272089909857,0.014214589751556997,0.9440295818653418
C1 -- Reference PI fixed,5.188,67.02613531236854,0.014214589751556997,0.9527490160976664
C1 -- Reference PI fixed,5.192,67.64521744574228,0.014214589751556997,0.9615490146460928
C1 -- Reference PI fixed,5.196,68.27001951414424,0.014214589751556997,0.9704303197243509
C1 -- Reference PI fixed,5.2,68.90059420920676,0.014214589751556997,0.9793936803223777
C1 -- Reference PI fixed,5.204,69.53699470363087,0.014214589751556997,0.9884398522683046
C1 -- Reference PI fixed,5.208,70.1792746553159,0.014214589751556997,0.997569598287157
C1 -- Reference PI fixed,5.212,70.82748821179025,0.014214589751556995,1.0067836880638377
C1 -- Reference PI fixed,5.216,71.48169001442503,0.014214589751556997,1.0160828983030201
C1 -- Reference PI fixed,5.22,72.14193520291902,0.014214589751556999,1.0254680127929017
C1 -- Reference PI fixed,5.224,72.8082794195968,0.014214589751556997,1.034939822466299
C1 -- Reference PI fixed,5.228,73.48077881392868,0.014214589751556999,1.0444991254648972
C1 -- Reference PI fixed,5.232,74.1594900469817,0.014214589751556995,1.0541467272025191
C1 -- Reference PI fixed,5.236,74.84447029593059,0.014214589751556995,1.063883440429247
C1 -- Reference PI fixed,5.24,75.53577725859489,0.014214589751556997,1.073710085295915
C1 -- Reference PI fixed,5.244,76.23346915803832,0.014214589751556997,1.083627489419488
C1 -- Reference PI fixed,5.248,76.93760474715798,0.014214589751556997,1.0936364879482947
C1 -- Reference PI fixed,5.252,77.64824331339119,0.014214589751556999,1.1037379236289346
C1 -- Reference PI fixed,5.256,78.36544468336541,0.014214589751556997,1.1139326468723727
C1 -- Reference PI fixed,5.26,79.08926922764702,0.014214589751556997,1.1242215158214435
C1 -- Reference PI fixed,5.264,79.81977786541493,0.014214589751556997,1.134605396417283
C1 -- Reference PI fixed,5.268,80.5570320694783,0.014214589751556999,1.1450851624706546
C1 -- Reference PI fixed,5.272,81.30109387083563,0.014214589751556999,1.1556616957267536
C1 -- Reference PI fixed,5.276,82.05202586377186,0.014214589751556997,1.1663358859376611
C1 -- Reference PI fixed,5.28,82.80989121065244,0.014214589751556995,1.17710863093049
C1 -- Reference PI fixed,5.284,83.57475364688081,0.014214589751556995,1.1879808366778526
C1 -- Reference PI fixed,5.288,84.34667748596812,0.014214589751556997,1.1989534173699257
C1 -- Reference PI fixed,5.292,85.12572762440062,0.014214589751556997,1.2100272954836375
C1 -- Reference PI fixed,5.296,85.91196954685026,0.014214589751556999,1.2212034018567346
C1 -- Reference PI fixed,5.3,86.70546933116805,0.014214589751556997,1.2324826757587608
C1 -- Reference PI fixed,5.304,87.50629365361573,0.014214589751556997,1.2438660649654232
C1 -- Reference PI fixed,5.308,88.31450979393782,0.014214589751556995,1.2553545258306884
C1 -- Reference PI fixed,5.312,89.1301856405905,0.014214589751556997,1.2669490233611103
C1 -- Reference PI fixed,5.316,89.95338969603918,0.014214589751556997,1.2786505312911314
C1 -- Reference PI fixed,5.32,90.78419108203649,0.014214589751556997,1.290460032158108
C1 -- Reference PI fixed,5.324,91.62265954489891,0.014214589751556997,1.302378517377316
C1 -- Reference PI fixed,5.328,92.46886546089979,0.014214589751556999,1.314406987318609
C1 -- Reference PI fixed,5.332,93.32287984162161,0.014214589751556997,1.3265464513824996
C1 -- Reference PI fixed,5.336,94.18477433948323,0.014214589751556999,1.3387979280787268
C1 -- Reference PI fixed,5.34,95.05462125314241,0.014214589751556999,1.3511624451030502
C1 -- Reference PI fixed,5.344,95.93249353303071,0.014214589751556997,1.3636410394159262
C1 -- Reference PI fixed,5.348,96.81846478688284,0.014214589751556997,1.376234757321107
C1 -- Reference PI fixed,5.352,97.71260928537653,0.014214589751556995,1.3889446545458062
C1 -- Reference PI fixed,5.356,98.61500196767444,0.014214589751556997,1.4017717963194782
C1 -- Reference PI fixed,5.36,99.52571844719724,0.014214589751556999,1.414717257455877
C1 -- Reference PI fixed,5.364,100.44483501718594,0.014214589751556997,1.4277821224321245
C1 -- Reference PI fixed,5.368,101.372428656627,0.014214589751556997,1.4409674854729329
C1 -- Reference PI fixed,5.372,102.30857703589749,0.014214589751556995,1.4542744506308478
C1 -- Reference PI fixed,5.376,103.25335852251285,0.014214589751556997,1.4677041318679516
C1 -- Reference PI fixed,5.38,104.20685218719312,0.014214589751556997,1.4812576531420902
C1 -- Reference PI fixed,5.384,105.16913780957908,0.014214589751556997,1.4949361484881283
C1 -- Reference PI fixed,5.388,106.14029588420985,0.014214589751556997,1.5087407621029165
C1 -- Reference PI fixed,5.392,107.120407626554,0.014214589751556997,1.5226726484310225
C1 -- Reference PI fixed,5.396,108.10955497883454,0.014214589751556997,1.5367329722475291
C1 -- Reference PI fixed,5.4,109.1078206163543,0.014214589751556997,1.550922908747949
C1 -- Reference PI fixed,5.404,110.11528795326254,0.014214589751556997,1.5652436436301933
C1 -- Reference PI fixed,5.408,111.13204114884277,0.014214589751556999,1.579696373183951
C1 -- Reference PI fixed,5.412,112.1581651136454,0.014214589751556997,1.5942823043778613
C1 -- Reference PI fixed,5.416,113.19374551564162,0.014214589751556997,1.6090026549469902
C1 -- Reference PI fixed,5.42,114.23886878645847,0.014214589751556997,1.623858653481457
C1 -- Reference PI fixed,5.424,115.29362212767958,0.014214589751556997,1.6388515395159993
C1 -- Reference PI fixed,5.428,116.3580935169764,0.014214589751556997,1.6539825636171233
C1 -- Reference PI fixed,5.432,117.43237171465769,0.014214589751556997,1.669252987476205
C1 -- Reference PI fixed,5.436,118.51654626981434,0.014214589751556997,1.6846640839968337
C1 -- Reference PI fixed,5.44,119.61070752700331,0.014214589751556997,1.7002171373898227
C1 -- Reference PI fixed,5.444,120.71494663232806,0.014214589751556997,1.7159134432596403
C1 -- Reference PI fixed,5.448,121.8293555400374,0.014214589751556997,1.7317543086982092
C1 -- Reference PI fixed,5.452,122.95402701927233,0.014214589751556997,1.7477410523808106
C1 -- Reference PI fixed,5.456,124.08905466021353,0.014214589751556997,1.7638750046534672
C1 -- Reference PI fixed,5.46,125.23453288081879,0.014214589751556997,1.7801575076287146
C1 -- Reference PI fixed,5.464,126.3905569334613,0.014214589751556997,1.79658991527996
C1 -- Reference PI fixed,5.468,127.55722291147433,0.014214589751556997,1.8131735935345143
C1 -- Reference PI fixed,5.472,128.73462775582286,0.014214589751556997,1.8299099203684246
C1 -- Reference PI fixed,5.476,129.92286926188692,0.014214589751556997,1.8468002859028974
C1 -- Reference PI fixed,5.48,131.1220460859269,0.014214589751556997,1.8638460924962008
C1 -- Reference PI fixed,5.484,132.33225775218975,0.014214589751556997,1.8810487548446753
C1 -- Reference PI fixed,5.488,133.55360465936903,0.014214589751556997,1.898409700074562
C1 -- Reference PI fixed,5.492,134.7861880875459,0.014214589751556997,1.9159303678406636
C1 -- Reference PI fixed,5.496,136.03011020507898,0.014214589751556997,1.9336122104242845
C1 -- Reference PI fixed,5.5,137.28547407525133,0.014214589751556997,1.9514566928277113
C1 -- Reference PI fixed,5.504,138.5523836634014,0.014214589751556997,1.9694652928755787
C1 -- Reference PI fixed,5.508,139.83094384363255,0.014214589751556997,1.9876395013102413
C1 -- Reference PI fixed,5.5120000000000005,141.12126040589607,0.014214589751556997,2.0059808218924564
C1 -- Reference PI fixed,5.516,142.42344006274902,0.014214589751556995,2.0244907714974443
C1 -- Reference PI fixed,5.52,143.73759045666148,0.014214589751556995,2.043170880218757
C1 -- Reference PI fixed,5.524,145.0638201665328,0.014214589751556997,2.0620226914609043
C1 -- Reference PI fixed,5.5280000000000005,146.40223871525257,0.014214589751556995,2.08104776204683
C1 -- Reference PI fixed,5.532,147.75295657618256,0.014214589751556995,2.1002476623100503
C1 -- Reference PI fixed,5.536,149.11608518078248,0.014214589751556997,2.1196239762030507
C1 -- Reference PI fixed,5.54,150.4917369251467,0.014214589751556995,2.139178301390202
C1 -- Reference PI fixed,5.5440000000000005,151.88002517750897,0.014214589751556995,2.1589122493544375
C1 -- Reference PI fixed,5.548,153.28106428504117,0.014214589751556999,2.1788274454938956
C1 -- Reference PI fixed,5.552,154.6949695812605,0.014214589751556999,2.198925529227207
C1 -- Reference PI fixed,5.556,156.12185739279977,0.014214589751556995,2.2192081540897344
C1 -- Reference PI fixed,5.5600000000000005,157.56184504683958,0.014214589751556995,2.2396769878392173
C1 -- Reference PI fixed,5.564,159.01505087823568,0.014214589751556997,2.2603337125570833
C1 -- Reference PI fixed,5.568,160.4815942364644,0.014214589751556995,2.281180024747175
C1 -- Reference PI fixed,5.572,161.96159549298324,0.014214589751556999,2.3022176354403796
C1 -- Reference PI fixed,5.5760000000000005,163.45517604837943,0.014214589751556999,2.323448270296239
C1 -- Reference PI fixed,5.58,164.96245833936,0.014214589751556995,2.3448736697023147
C1 -- Reference PI fixed,5.584,166.48356584617864,0.014214589751556997,2.366495588879755
C1 -- Reference PI fixed,5.588,168.01862309956425,0.014214589751556997,2.3883157979817837
C1 -- Reference PI fixed,5.5920000000000005,169.56775568818293,0.014214589751556997,2.4103360821997657
C1 -- Reference PI fixed,5.596,171.1310902653933,0.014214589751556997,2.432558241859235
C1 -- Reference PI fixed,5.6,172.70875455686374,0.014214589751556999,2.4549840925281683
C1 -- Reference PI fixed,5.604,174.30087736737315,0.014214589751556997,2.4776154651136553
C1 -- Reference PI fixed,5.608,175.90758858806305,0.014214589751556997,2.5004542059649855
C1 -- Reference PI fixed,5.612,177.52901920369945,0.014214589751556997,2.5235021769768715
C1 -- Reference PI fixed,5.616,179.16530129948327,0.014214589751556999,2.5467612556862567
C1 -- Reference PI fixed,5.62,180.816568068544,0.014214589751556997,2.5702333353788336
C1 -- Reference PI fixed,5.624,182.4829538184592,0.014214589751556997,2.593920325181719
C1 -- Reference PI fixed,5.628,184.16459397909674,0.014214589751556997,2.6178241501749238
C1 -- Reference PI fixed,5.632,185.86162510887735,0.014214589751556997,2.6419467514803765
C1 -- Reference PI fixed,5.636,187.57418490226883,0.014214589751556997,2.6662900863684476
C1 -- Reference PI fixed,5.64,189.30241219645387,0.014214589751556995,2.6908561283527312
C1 -- Reference PI fixed,5.644,191.04644697845362,0.014214589751556997,2.715646867291304
C1 -- Reference PI fixed,5.648,192.80643039206012,0.014214589751556997,2.740664309485265
C1 -- Reference PI fixed,5.652,194.5825047446097,0.014214589751556997,2.76591047777502
C1 -- Reference PI fixed,5.656,196.37481351376496,0.014214589751556995,2.7913874116366797
C1 -- Reference PI fixed,5.66,198.18350135436708,0.014214589751556997,2.8170971672794685
C1 -- Reference PI fixed,5.664,200.0087141053086,0.014214589751556997,2.843041817743413
C1 -- Reference PI fixed,5.668,201.8505987958441,0.014214589751556995,2.8692234529890484
C1 -- Reference PI fixed,5.672,203.70930365259105,0.014214589751556995,2.895644179996933
C1 -- Reference PI fixed,5.676,205.58497810589935,0.014214589751556997,2.9223061228581866
C1 -- Reference PI fixed,5.68,207.47777279653752,0.014214589751556997,2.949211422869533
C1 -- Reference PI fixed,5.684,209.38783958162438,0.014214589751556997,2.9763622386176185
C1 -- Reference PI fixed,5.688,211.31533154177026,0.014214589751556997,3.0037607460805167
C1 -- Reference PI fixed,5.692,213.26040298669832,0.014214589751556995,3.031409138707637
C1 -- Reference PI fixed,5.696,215.22320946194802,0.014214589751556997,3.0593096275150113
C1 -- Reference PI fixed,5.7,217.20390775448288,0.014214589751556997,3.087464441165004
C1 -- Reference PI fixed,5.704,219.20265589920328,0.014214589751556997,3.1158758260588897
C1 -- Reference PI fixed,5.708,221.2196131846999,0.014214589751556997,3.1445460464186383
C1 -- Reference PI fixed,5.712,223.25494015918207,0.014214589751556997,3.17347738437118
C1 -- Reference PI fixed,5.716,225.30879863596778,0.014214589751556997,3.2026721400264466
C1 -- Reference PI fixed,5.72,227.38135169963167,0.014214589751556997,3.2321326315647614
C1 -- Reference PI fixed,5.724,229.472763710734,0.014214589751556997,3.2618611953040597
C1 -- Reference PI fixed,5.728,231.58320031210062,0.014214589751556999,3.2918601857891567
C1 -- Reference PI fixed,5.732,233.71282843374672,0.014214589751556997,3.3221319758617347
C1 -- Reference PI fixed,5.736,235.8618162976848,0.014214589751556997,3.3526789567286897
C1 -- Reference PI fixed,5.74,238.030333423604,0.014214589751556997,3.383503538042856
C1 -- Reference PI fixed,5.744,240.21855063307194,0.014214589751556997,3.41460814796274
C1 -- Reference PI fixed,5.748,242.42664005496627,0.014214589751556997,3.4459952332297203
C1 -- Reference PI fixed,5.752,244.65477512927112,0.014214589751556997,3.477667259222019
C1 -- Reference PI fixed,5.756,246.90313061212944,0.014214589751556997,3.509626710026514
C1 -- Reference PI fixed,5.76,249.17188257986916,0.014214589751556997,3.5418760884959717
C1 -- Reference PI fixed,5.764,251.46120843298252,0.014214589751556997,3.5744179163056113
C1 -- Reference PI fixed,5.768,253.77128690006728,0.014214589751556997,3.6072547340091266
C1 -- Reference PI fixed,5.772,256.1022980414307,0.014214589751556997,3.6403891010899163
C1 -- Reference PI fixed,5.776,258.4544232530656,0.014214589751556997,3.6738235960176007
C1 -- Reference PI fixed,5.78,260.8278452691243,0.014214589751556997,3.707560816283188
C1 -- Reference PI fixed,5.784,263.2227481657854,0.014214589751556997,3.7416033784540415
C1 -- Reference PI fixed,5.788,265.63931736324736,0.014214589751556997,3.7759539182022124
C1 -- Reference PI fixed,5.792,268.07773962949614,0.014214589751556997,3.810615090358001
C1 -- Reference PI fixed,5.796,270.53820308157367,0.014214589751556997,3.8455895689279824
C1 -- Reference PI fixed,5.8,273.020897188529,0.014214589751556997,3.8808800471369604
C1 -- Reference PI fixed,5.804,275.5260127728074,0.014214589751556997,3.9164892374477103
C1 -- Reference PI fixed,5.808,278.053742011732,0.014214589751556997,3.9524198715820393
C1 -- Reference PI fixed,5.812,280.60427843986207,0.014214589751556997,3.9886747005543093
C1 -- Reference PI fixed,5.816,283.1778169481768,0.014214589751556995,4.025256494659837
C1 -- Reference PI fixed,5.82,285.77455378706486,0.014214589751556997,4.062168043517386
C1 -- Reference PI fixed,5.824,288.39468656482404,0.014214589751556999,4.0994121560478405
C1 -- Reference PI fixed,5.828,291.03841424888356,0.014214589751556995,4.13699166049158
C1 -- Reference PI fixed,5.832,293.70593716481676,0.014214589751556995,4.174909404394447
C1 -- Reference PI fixed,5.836,296.3974569973274,0.014214589751556997,4.213168254621766
C1 -- Reference PI fixed,5.84,299.1131767867068,0.014214589751556997,4.251771097307978
C1 -- Reference PI fixed,5.844,301.85330093029086,0.014214589751556997,4.2907208378773625
C1 -- Reference PI fixed,5.848,304.618035179041,0.014214589751556997,4.330020400995425
C1 -- Reference PI fixed,5.852,307.4075866361114,0.014214589751556997,4.3696727305485386
C1 -- Reference PI fixed,5.856,310.2221637539012,0.014214589751556997,4.4096807896020405
C1 -- Reference PI fixed,5.86,313.0619763323733,0.014214589751556995,4.4500475603763325
C1 -- Reference PI fixed,5.864,315.9272355141092,0.014214589751556997,4.490776044176591
C1 -- Reference PI fixed,5.868,318.81815378214174,0.014214589751556997,4.531869261361955
C1 -- Reference PI fixed,5.872,321.7349449536094,0.014214589751556997,4.573330251255331
C1 -- Reference PI fixed,5.876,324.67782417772366,0.014214589751556997,4.6151620721144955
C1 -- Reference PI fixed,5.88,327.6470079286566,0.014214589751556997,4.657367801030996
C1 -- Reference PI fixed,5.884,330.642714000146,0.014214589751556999,4.699950533853467
C1 -- Reference PI fixed,5.888,333.6651614994649,0.014214589751556997,4.742913385101904
C1 -- Reference PI fixed,5.892,336.71457084125535,0.014214589751556999,4.786259487880021
C1 -- Reference PI fixed,5.896,339.79116373870727,0.014214589751556997,4.829991993749854
C1 -- Reference PI fixed,5.9,342.8951631969869,0.014214589751556999,4.8741140726383545
C1 -- Reference PI fixed,5.904,346.0267935045409,0.014214589751556997,4.918628912713776
C1 -- Reference PI fixed,5.908,349.1862802226323,0.014214589751556999,4.963539720236939
C1 -- Reference PI fixed,5.912,352.3738501778324,0.014214589751556997,5.008849719454497
C1 -- Reference PI fixed,5.916,355.589731448947,0.014214589751556997,5.054562152413107
C1 -- Reference PI fixed,5.92,358.8341533588714,0.014214589751556997,5.100680278843645
C1 -- Reference PI fixed,5.924,362.1073464598985,0.014214589751556997,5.147207375952372
C1 -- Reference PI fixed,5.928,365.4095425232557,0.014214589751556997,5.1941467382722015
C1 -- Reference PI fixed,5.932,368.7409745255752,0.014214589751556995,5.241501677470381
C1 -- Reference PI fixed,5.936,372.101876633271,0.014214589751556995,5.289275522126419
C1 -- Reference PI fixed,5.94,375.4924841910659,0.014214589751556997,5.337471617569003
C1 -- Reference PI fixed,5.944,378.9130337017261,0.014214589751556997,5.386093325587926
C1 -- Reference PI fixed,5.948,382.3637628145687,0.014214589751556997,5.4351440242707385
C1 -- Reference PI fixed,5.952,385.84491030476795,0.014214589751556997,5.484627107708583
C1 -- Reference PI fixed,5.956,389.35671605687935,0.014214589751556997,5.534545985762005
C1 -- Reference PI fixed,5.96,392.8994210454617,0.014214589751556995,5.584904083785497
C1 -- Reference PI fixed,5.964,396.47326731472174,0.014214589751556997,5.6357048423381615
C1 -- Reference PI fixed,5.968,400.07849795815963,0.014214589751556997,5.686951716894373
C1 -- Reference PI fixed,5.972,403.71535709523647,0.014214589751556997,5.738648177512122
C1 -- Reference PI fixed,5.976,407.38408985232996,0.014214589751556997,5.790797708562304
C1 -- Reference PI fixed,5.98,411.08494233351473,0.014214589751556997,5.8434038083133775
C1 -- Reference PI fixed,5.984,414.8181615993896,0.014214589751556997,5.896469988630398
C1 -- Reference PI fixed,5.988,418.58399564054264,0.014214589751556995,5.949999774597836
C1 -- Reference PI fixed,5.992,422.3826933481341,0.014214589751556999,6.0039967041014295
C1 -- Reference PI fixed,5.996,426.2145044881782,0.014214589751556999,6.058464327462602
C1 -- Reference PI fixed,6.0,430.07967967084267,0.014214589751556997,6.113406207002076
C1 -- Reference PI fixed,6.004,433.97847031836693,0.014214589751556997,6.168825916583841
C1 -- Reference PI fixed,6.008,437.9111286366516,0.014214589751556997,6.224727041211305
C1 -- Reference PI fixed,6.0120000000000005,441.87790757827963,0.014214589751556997,6.2811131765016635
C1 -- Reference PI fixed,6.016,445.87906080998664,0.014214589751556997,6.337987928223495
C1 -- Reference PI fixed,6.02,449.91484267548094,0.014214589751556997,6.39535491176827
C1 -- Reference PI fixed,6.024,453.98550815894663,0.014214589751556997,6.453217751631558
C1 -- Reference PI fixed,6.0280000000000005,458.0913128461755,0.014214589751556997,6.511580080860536
C1 -- Reference PI fixed,6.032,462.2325128845045,0.014214589751556997,6.570445540484515
C1 -- Reference PI fixed,6.036,466.40936494053,0.014214589751556997,6.629817778913865
C1 -- Reference PI fixed,6.04,470.6221261568499,0.014214589751556997,6.689700451325122
C1 -- Reference PI fixed,6.0440000000000005,474.87105410751434,0.014214589751556995,6.750097219027741
C1 -- Reference PI fixed,6.048,479.1564067514605,0.014214589751556997,6.811011748802186
C1 -- Reference PI fixed,6.052,483.4784423842035,0.014214589751556997,6.872447712213239
C1 -- Reference PI fixed,6.056,487.8374195899489,0.014214589751556997,6.934408784929299
C1 -- Reference PI fixed,6.0600000000000005,492.23359718567565,0.014214589751556997,6.99689864592754
C1 -- Reference PI fixed,6.064,496.667234172085,0.014214589751556997,7.059920976796678
C1 -- Reference PI fixed,6.068,501.13858967684644,0.014214589751556997,7.123479460930229
C1 -- Reference PI fixed,6.072,505.64792289649296,0.014214589751556997,7.187577782700571
C1 -- Reference PI fixed,6.0760000000000005,510.19549303982154,0.014214589751556997,7.2522196266544166
C1 -- Reference PI fixed,6.08,514.7815592645412,0.014214589751556997,7.317408676612279
C1 -- Reference PI fixed,6.084,519.4063806161387,0.014214589751556997,7.383148614799477
C1 -- Reference PI fixed,6.088,524.0702159617829,0.014214589751556997,7.449443120906621
C1 -- Reference PI fixed,6.0920000000000005,528.7733239227483,0.014214589751556997,7.516295871129026
C1 -- Reference PI fixed,6.096,533.5159628084751,0.014214589751556997,7.583710537229415
C1 -- Reference PI fixed,6.1,538.2983905401203,0.014214589751556997,7.65169078545122
C1 -- Reference PI fixed,6.104,543.1208645807641,0.014214589751556997,7.720240275526504
C1 -- Reference PI fixed,6.1080000000000005,547.9836418584817,0.014214589751556997,7.789362659582454
C1 -- Reference PI fixed,6.112,552.8869786858605,0.014214589751556997,7.859061580997345
C1 -- Reference PI fixed,6.116,557.8311306820149,0.014214589751556997,7.92934067329202
C1 -- Reference PI fixed,6.12,562.816352688366,0.014214589751556997,8.000203558932736
C1 -- Reference PI fixed,6.1240000000000006,567.8428986816282,0.014214589751556995,8.07165384809429
C1 -- Reference PI fixed,6.128,572.911021688979,0.014214589751556997,8.143695137454209
C1 -- Reference PI fixed,6.132,578.0209736910139,0.014214589751556999,8.216331008813283
C1 -- Reference PI fixed,6.136,583.1730055342754,0.014214589751556995,8.289565027852202
C1 -- Reference PI fixed,6.140000000000001,588.3673668324566,0.014214589751556997,8.363400742727213
C1 -- Reference PI fixed,6.144,593.6043058654272,0.014214589751556999,8.437841682634808
C1 -- Reference PI fixed,6.148,598.8840694805273,0.014214589751556997,8.512891356408652
C1 -- Reference PI fixed,6.152,604.2069029843582,0.014214589751556997,8.58855325098145
C1 -- Reference PI fixed,6.156000000000001,609.5730500373123,0.014214589751556995,8.66483082988572
C1 -- Reference PI fixed,6.16,614.9827525410435,0.014214589751556995,8.741727531654229
C1 -- Reference PI fixed,6.164,620.4362505259866,0.014214589751556997,8.819246768221138
C1 -- Reference PI fixed,6.168,625.9337820326484,0.014214589751556997,8.897391923234595
C1 -- Reference PI fixed,6.172000000000001,631.475582991112,0.014214589751556995,8.97616635034394
C1 -- Reference PI fixed,6.176,637.0618870982416,0.014214589751556997,9.055573371454226
C1 -- Reference PI fixed,6.18,642.6929256907569,0.014214589751556997,9.135616274922015
C1 -- Reference PI fixed,6.184,648.3689276133631,0.014214589751556995,9.21629831368091
C1 -- Reference PI fixed,6.188000000000001,654.0901190869068,0.014214589751556997,9.297622703367441
C1 -- Reference PI fixed,6.192,659.8567235676326,0.014214589751556997,9.379592620320448
C1 -- Reference PI fixed,6.196,665.668961611651,0.014214589751556997,9.462211199654561
C1 -- Reference PI fixed,6.2,671.5270507250597,0.014214589751556999,9.54548153312973
C1 -- Reference PI fixed,6.204,677.4312074858076,0.014214589751556999,9.629406699312643
C1 -- Reference PI fixed,6.208,683.3816382875415,0.014214589751556995,9.713989632004317
C1 -- Reference PI fixed,6.212,689.3785528868781,0.014214589751556997,9.79923331280901
C1 -- Reference PI fixed,6.216,695.4221550741811,0.014214589751556997,9.885140638523135
C1 -- Reference PI fixed,6.22,701.5126448136607,0.014214589751556995,9.971714451555904
C1 -- Reference PI fixed,6.224,707.6502180720737,0.014214589751556995,10.058957537494372
C1 -- Reference PI fixed,6.228,713.8350666480061,0.014214589751556997,10.146872622676753
C1 -- Reference PI fixed,6.232,720.067377999111,0.014214589751556997,10.235462371736682
C1 -- Reference PI fixed,6.236,726.3473350539608,0.014214589751556997,10.324729384928768
C1 -- Reference PI fixed,6.24,732.6751160346005,0.014214589751556997,10.414676195606265
C1 -- Reference PI fixed,6.244,739.0508942652496,0.014214589751556997,10.50530526750185
C1 -- Reference PI fixed,6.248,745.4748379809563,0.014214589751556997,10.596618992007715
C1 -- Reference PI fixed,6.252,751.9471101222578,0.014214589751556995,10.688619685256745
C1 -- Reference PI fixed,6.256,758.46786814741,0.014214589751556997,10.781309585453457
C1 -- Reference PI fixed,6.26,765.0372638086673,0.014214589751556997,10.874690849693888
C1 -- Reference PI fixed,6.264,771.6554429573881,0.014214589751556995,10.968765551195263
C1 -- Reference PI fixed,6.268,778.3225453140225,0.014214589751556997,11.06353567602646
C1 -- Reference PI fixed,6.272,785.0387042609053,0.014214589751556995,11.159003120162648
C1 -- Reference PI fixed,6.276,791.8040466022148,0.014214589751556997,11.255169686073202
C1 -- Reference PI fixed,6.28,798.6186923503644,0.014214589751556997,11.35203707968534
C1 -- Reference PI fixed,6.284,805.4827544768887,0.014214589751556997,11.449606906843082
C1 -- Reference PI fixed,6.288,812.3963386790355,0.014214589751556997,11.547880669989445
C1 -- Reference PI fixed,6.292,819.359543139549,0.014214589751556999,11.646859764751857
C1 -- Reference PI fixed,6.296,826.3724582652327,0.014214589751556995,11.746545476225938
C1 -- Reference PI fixed,6.3,833.4351664444529,0.014214589751556997,11.84693897552852
C1 -- Reference PI fixed,6.304,840.5477417835665,0.014214589751556997,11.94804131605106
C1 -- Reference PI fixed,6.308,847.7102498373337,0.014214589751556997,12.049853429627584
C1 -- Reference PI fixed,6.312,854.9227473471494,0.014214589751556997,12.152376122813742
C1 -- Reference PI fixed,6.316,862.185281963435,0.014214589751556995,12.255610072940723
C1 -- Reference PI fixed,6.32,869.4978919631268,0.014214589751556997,12.359555824099475
C1 -- Reference PI fixed,6.324,876.860605972403,0.014214589751556997,12.464213783199378
C1 -- Reference PI fixed,6.328,884.2734426672374,0.014214589751556997,12.569584215711737
C1 -- Reference PI fixed,6.332,891.7364104881277,0.014214589751556999,12.675667241614764
C1 -- Reference PI fixed,6.336,899.2495073322993,0.014214589751556997,12.78246283101838
C1 -- Reference PI fixed,6.34,906.812720252526,0.014214589751556999,12.889970799883079
C1 -- Reference PI fixed,6.344,914.4260251529444,0.014214589751556997,12.998190805696044
C1 -- Reference PI fixed,6.348,922.0893864611706,0.014214589751556997,13.107122342810435
C1 -- Reference PI fixed,6.352,929.8027568159374,0.014214589751556997,13.216764738005267
C1 -- Reference PI fixed,6.356,937.5660767471683,0.014214589751556997,13.327117145937798
C1 -- Reference PI fixed,6.36,945.3792743327751,0.014214589751556997,13.438178544265057
C1 -- Reference PI fixed,6.364,953.2422648798722,0.014214589751556995,13.54994772911241
C1 -- Reference PI fixed,6.368,961.1549505726531,0.014214589751556995,13.662423310068306
C1 -- Reference PI fixed,6.372,969.1172201323345,0.014214589751556995,13.775603705350488
C1 -- Reference PI fixed,6.376,977.128948471932,0.014214589751556997,13.889487136898788
C1 -- Reference PI fixed,6.38,985.1899963361996,0.014214589751556997,14.004071625257017
C1 -- Reference PI fixed,6.384,993.3002099495945,0.014214589751556997,14.11935498456892
C1 -- Reference PI fixed,6.388,1001.4594206509054,0.014214589751556997,14.235334817384567
C1 -- Reference PI fixed,6.392,1009.6674445252506,0.014214589751556997,14.35200850942937
C1 -- Reference PI fixed,6.396,1017.9240820366754,0.014214589751556997,14.46937322438159
C1 -- Reference PI fixed,6.4,1026.2291176500719,0.014214589751556997,14.587425898498092
C1 -- Reference PI fixed,6.404,1034.5823194554343,0.014214589751556997,14.706163235273284
C1 -- Reference PI fixed,6.408,1042.983438783006,0.014214589751556997,14.825581699968591
C1 -- Reference PI fixed,6.412,1051.4322098166779,0.014214589751556997,14.945677514117076
C1 -- Reference PI fixed,6.416,1059.9283492059878,0.014214589751556997,15.06644665000816
C1 -- Reference PI fixed,6.42,1068.4715556739295,0.014214589751556997,15.1878848251128
C1 -- Reference PI fixed,6.424,1077.061509619035,0.014214589751556997,15.309987496427242
C1 -- Reference PI fixed,6.428,1085.6978727100716,0.014214589751556997,15.432749854711817
C1 -- Reference PI fixed,6.432,1094.3802875028791,0.014214589751556997,15.556166819044426
C1 -- Reference PI fixed,6.436,1103.1083770166276,0.014214589751556997,15.680233030797227
C1 -- Reference PI fixed,6.44,1111.881744340745,0.014214589751556997,15.80494284804927
C1 -- Reference PI fixed,6.444,1120.6999722209048,0.014214589751556997,15.930290339701484
C1 -- Reference PI fixed,6.448,1129.562622648641,0.014214589751556997,16.056269279643217
C1 -- Reference PI fixed,6.452,1138.4692364571613,0.014214589751556997,16.182873141006883
C1 -- Reference PI fixed,6.4559999999999995,1147.4193329028953,0.014214589751556999,16.310095090219864
C1 -- Reference PI fixed,6.46,1156.412409257203,0.014214589751556999,16.437927981200776
C1 -- Reference PI fixed,6.464,1165.4479403857715,0.014214589751556997,16.566364349380798
C1 -- Reference PI fixed,6.468,1174.525378346484,0.014214589751556997,16.695396405987537
C1 -- Reference PI fixed,6.4719999999999995,1183.6441519739979,0.014214589751556997,16.825016032139963
C1 -- Reference PI fixed,6.476,1192.803666455873,0.014214589751556997,16.955214772823265
C1 -- Reference PI fixed,6.48,1202.0033029441156,0.014214589751556995,17.085983831367084
C1 -- Reference PI fixed,6.484,1211.2424181257118,0.014214589751556997,17.217314063340858
C1 -- Reference PI fixed,6.4879999999999995,1220.5203438217843,0.014214589751556999,17.34919597085596
C1 -- Reference PI fixed,6.492,1229.8363865942003,0.014214589751556997,17.48161969697381
C1 -- Reference PI fixed,6.496,1239.1898273282525,0.014214589751556997,17.614575019773863
C1 -- Reference PI fixed,6.5,1248.5799208365365,0.014214589751556997,17.748051346722878
C1 -- Reference PI fixed,6.504,1258.0058954819212,0.014214589751556997,17.8820377093156
C1 -- Reference PI fixed,6.508,1267.4669527608564,0.014214589751556995,18.016522757151645
C1 -- Reference PI fixed,6.5120000000000005,1276.962266947312,0.014214589751556997,18.15149475287425
C1 -- Reference PI fixed,6.516,1286.4909846851456,0.014214589751556997,18.28694156637594
C1 -- Reference PI fixed,6.52,1296.0522246412716,0.014214589751556999,18.422850669868467
C1 -- Reference PI fixed,6.524,1305.6450771265427,0.014214589751556997,18.559209132493798
C1 -- Reference PI fixed,6.5280000000000005,1315.2686037303133,0.014214589751556995,18.69600361512959
C1 -- Reference PI fixed,6.532,1324.9218369876285,0.014214589751556997,18.833220365658413
C1 -- Reference PI fixed,6.536,1334.6037800276172,0.014214589751556997,18.970845213969795
C1 -- Reference PI fixed,6.54,1344.3134062379952,0.014214589751556997,19.108863567191285
C1 -- Reference PI fixed,6.5440000000000005,1354.0496589514744,0.014214589751556997,19.247260405230875
C1 -- Reference PI fixed,6.548,1363.8114511232395,0.014214589751556995,19.386020276192475
C1 -- Reference PI fixed,6.552,1373.5976650501968,0.014214589751556999,19.52512729238515
C1 -- Reference PI fixed,6.556,1383.4071520570346,0.014214589751556997,19.664565125860577
C1 -- Reference PI fixed,6.5600000000000005,1393.2387322443117,0.014214589751556997,19.804317004832257
C1 -- Reference PI fixed,6.564,1403.0911942210068,0.014214589751556999,19.944365709873793
C1 -- Reference PI fixed,6.568,1412.963294856688,0.014214589751556997,20.084693570396084
C1 -- Reference PI fixed,6.572,1422.8537590446701,0.014214589751556997,20.225282461280717
C1 -- Reference PI fixed,6.5760000000000005,1432.7612795087718,0.014214589751556997,20.36611380013308
C1 -- Reference PI fixed,6.58,1442.6845165790867,0.014214589751556997,20.507168544095045
C1 -- Reference PI fixed,6.584,1452.6220980399899,0.014214589751556995,20.64842718768446
C1 -- Reference PI fixed,6.588,1462.5726189508619,0.014214589751556997,20.7898697602468
C1 -- Reference PI fixed,6.5920000000000005,1472.5346415089964,0.014214589751556997,20.931475824006437
C1 -- Reference PI fixed,6.596,1482.5066949389366,0.014214589751556997,21.073224472493642
C1 -- Reference PI fixed,6.6,1492.487275386124,0.014214589751556999,21.215094329032826
C1 -- Reference PI fixed,6.604,1502.4748458434797,0.014214589751556999,21.357063545698907
C1 -- Reference PI fixed,6.6080000000000005,1512.4678361018991,0.014214589751556997,21.499109802613642
C1 -- Reference PI fixed,6.612,1522.464642714996,0.014214589751556997,21.641210307444467
C1 -- Reference PI fixed,6.616,1532.463628999799,0.014214589751556997,21.783341795414387
C1 -- Reference PI fixed,6.62,1542.4631250641194,0.014214589751556995,21.925480529691008
C1 -- Reference PI fixed,6.6240000000000006,1552.4614278480485,0.014214589751556995,22.06760230197641
C1 -- Reference PI fixed,6.628,1562.456801209709,0.014214589751556997,22.20968243372606
C1 -- Reference PI fixed,6.632,1572.447476024173,0.014214589751556997,22.351695777554877
C1 -- Reference PI fixed,6.636,1582.4316503259226,0.014214589751556997,22.493616719262285
C1 -- Reference PI fixed,6.640000000000001,1592.4074894632456,0.014214589751556997,22.635419180026858
C1 -- Reference PI fixed,6.644,1602.373126322876,0.014214589751556997,22.777076619599498
C1 -- Reference PI fixed,6.648,1612.326661526959,0.014214589751556997,22.918562039103218
C1 -- Reference PI fixed,6.652,1622.266163712916,0.014214589751556997,23.059847985011302
C1 -- Reference PI fixed,6.656000000000001,1632.1896698453947,0.014214589751556997,23.200906553581547
C1 -- Reference PI fixed,6.66,1642.095185518678,0.014214589751556995,23.341709395154883
C1 -- Reference PI fixed,6.664,1651.9806853396167,0.014214589751556997,23.48222771959862
C1 -- Reference PI fixed,6.668,1661.8441133391827,0.014214589751556997,23.622432302156472
C1 -- Reference PI fixed,6.672000000000001,1671.6833833960047,0.014214589751556997,23.762293489468973
C1 -- Reference PI fixed,6.676,1681.4963797291766,0.014214589751556997,23.901781206578548
C1 -- Reference PI fixed,6.68,1691.2809574044047,0.014214589751556997,24.040864964124157
C1 -- Reference PI fixed,6.684,1701.0349429024363,0.014214589751556997,24.179513866421313
C1 -- Reference PI fixed,6.688000000000001,1710.7561347047235,0.014214589751556997,24.317696619787025
C1 -- Reference PI fixed,6.692,1720.4423039426702,0.014214589751556997,24.45538154176859
C1 -- Reference PI fixed,6.696,1730.0911950448094,0.014214589751556995,24.592536570342943
C1 -- Reference PI fixed,6.7,1739.7005264947877,0.014214589751556997,24.72912927469112
C1 -- Reference PI fixed,6.704000000000001,1749.267991565062,0.014214589751556997,24.86512686562742
C1 -- Reference PI fixed,6.708,1758.7912591275876,0.014214589751556999,25.000496207123035
C1 -- Reference PI fixed,6.712,1768.2679744811342,0.014214589751556997,25.13520382806598
C1 -- Reference PI fixed,6.716,1777.6957602824316,0.014214589751556997,25.269215935496977
C1 -- Reference PI fixed,6.72,1787.0722174160512,0.014214589751556997,25.40249842697444
C1 -- Reference PI fixed,6.724,1796.3949260032193,0.014214589751556997,25.53501690491435
C1 -- Reference PI fixed,6.728,1805.6614464249028,0.014214589751556997,25.666736691133007
C1 -- Reference PI fixed,6.732,1814.8693203418338,0.014214589751556997,25.797622841346243
C1 -- Reference PI fixed,6.736,1824.0160718445836,0.014214589751556999,25.92764016151727
C1 -- Reference PI fixed,6.74,1833.0992085425264,0.014214589751556997,26.05675322333584
C1 -- Reference PI fixed,6.744,1842.1162227996244,0.014214589751556995,26.184926381784425
C1 -- Reference PI fixed,6.748,1851.0645929346804,0.014214589751556997,26.312123792199333
C1 -- Reference PI fixed,6.752,1859.941784492608,0.014214589751556997,26.438309428341256
C1 -- Reference PI fixed,6.756,1868.7452515714974,0.014214589751556997,26.56344710125901
C1 -- Reference PI fixed,6.76,1877.472438156354,0.014214589751556997,26.687500478248037
C1 -- Reference PI fixed,6.764,1886.1207795245994,0.014214589751556995,26.810433102829062
C1 -- Reference PI fixed,6.768,1894.6877036627793,0.014214589751556997,26.932208414886002
C1 -- Reference PI fixed,6.772,1903.1706327503357,0.014214589751556997,27.052789771757165
C1 -- Reference PI fixed,6.776,1911.566984658595,0.014214589751556997,27.172140469542775
C1 -- Reference PI fixed,6.78,1919.874174508849,0.014214589751556999,27.290223765252435
C1 -- Reference PI fixed,6.784,1928.0896162272943,0.014214589751556997,27.40700289890796
C1 -- Reference PI fixed,6.788,1936.2107241706908,0.014214589751556997,27.522441116651454
C1 -- Reference PI fixed,6.792,1944.2349147847008,0.014214589751556997,27.6365016943179
C1 -- Reference PI fixed,6.796,1952.1596082587218,0.014214589751556997,27.74914796095795
C1 -- Reference PI fixed,6.8,1959.9822302570715,0.014214589751556997,27.860343323445996
C1 -- Reference PI fixed,6.804,1967.7002136357385,0.014214589751556997,27.97005129088308
C1 -- Reference PI fixed,6.808,1975.3110002079645,0.014214589751556997,28.078235499693932
C1 -- Reference PI fixed,6.812,1982.8120425503446,0.014214589751556997,28.184859739299924
C1 -- Reference PI fixed,6.816,1990.2008057931594,0.014214589751556995,28.28988797756792
C1 -- Reference PI fixed,6.82,1997.4747694710277,0.014214589751556997,28.393284387116545
C1 -- Reference PI fixed,6.824,2004.6314293571127,0.014214589751556997,28.49501337138867
C1 -- Reference PI fixed,6.828,2011.668299337816,0.014214589751556997,28.595039591299415
C1 -- Reference PI fixed,6.832,2018.582913302145,0.014214589751556997,28.693327992092737
C1 -- Reference PI fixed,6.836,2025.3728270410388,0.014214589751556997,28.78984383033957
C1 -- Reference PI fixed,6.84,2032.0356201381908,0.014214589751556997,28.884552700815092
C1 -- Reference PI fixed,6.844,2038.568897895526,0.014214589751556997,28.977420563868588
C1 -- Reference PI fixed,6.848,2044.9702932631947,0.014214589751556997,29.068413772857514
C1 -- Reference PI fixed,6.852,2051.237468729475,0.014214589751556997,29.157499101011712
C1 -- Reference PI fixed,6.856,2057.368118283832,0.014214589751556997,29.244643769337458
C1 -- Reference PI fixed,6.86,2063.35996930534,0.014214589751556997,29.32981547346065
C1 -- Reference PI fixed,6.864,2069.2107844995703,0.014214589751556997,29.412982411158804
C1 -- Reference PI fixed,6.868,2074.9183637925844,0.014214589751556997,29.49411330928348
C1 -- Reference PI fixed,6.872,2080.4805462338495,0.014214589751556997,29.57317745080938
C1 -- Reference PI fixed,6.876,2085.895211879095,0.014214589751556997,29.650144701598393
C1 -- Reference PI fixed,6.88,2091.160283653113,0.014214589751556997,29.72498553687856
C1 -- Reference PI fixed,6.884,2096.27372919398,0.014214589751556997,29.797671067458918
C1 -- Reference PI fixed,6.888,2101.2335626918534,0.014214589751556997,29.868173065867214
C1 -- Reference PI fixed,6.892,2106.0378466867814,0.014214589751556997,29.93646399190509
C1 -- Reference PI fixed,6.896,2110.684693822142,0.014214589751556997,30.002517017572437
C1 -- Reference PI fixed,6.9,2115.172268604829,0.014214589751556997,30.066306052087764
C1 -- Reference PI fixed,6.904,2119.4987891128567,0.014214589751556997,30.127805766161078
C1 -- Reference PI fixed,6.908,2123.6625286558465,0.014214589751556997,30.186991615597012
C1 -- Reference PI fixed,6.912,2127.6618174129467,0.014214589751556997,30.243839864577208
C1 -- Reference PI fixed,6.916,2131.4950440289263,0.014214589751556997,30.298327608348107
C1 -- Reference PI fixed,6.92,2135.1606571439665,0.014214589751556997,30.35043279496633
C1 -- Reference PI fixed,6.924,2138.657166903792,0.014214589751556997,30.400134246764566
C1 -- Reference PI fixed,6.928,2141.983146409383,0.014214589751556997,30.447411680958627
C1 -- Reference PI fixed,6.932,2145.1372330981676,0.014214589751556997,30.492245729280548
C1 -- Reference PI fixed,6.936,2148.1181300890335,0.014214589751556997,30.534617957097353
C1 -- Reference PI fixed,6.94,2150.9246074734924,0.014214589751556997,30.57451088176446
C1 -- Reference PI fixed,6.944,2153.5555035236484,0.014214589751556997,30.61190798979642
C1 -- Reference PI fixed,6.948,2156.0097258622386,0.014214589751556997,30.64679375349859
C1 -- Reference PI fixed,6.952,2158.286252550698,0.014214589751556997,30.67915364643351
C1 -- Reference PI fixed,6.956,2160.384133122812,0.014214589751556997,30.708974158113868
C1 -- Reference PI fixed,6.96,2162.302489542088,0.014214589751556997,30.736242807611145
C1 -- Reference PI fixed,6.964,2164.0405170982553,0.014214589751556997,30.760948156298966
C1 -- Reference PI fixed,6.968,2165.5974852195422,0.014214589751556997,30.783079819399312
C1 -- Reference PI fixed,6.972,2166.972738221733,0.014214589751556997,30.802628476630048
C1 -- Reference PI fixed,6.976,2168.1656959810334,0.014214589751556997,30.81958588176944
C1 -- Reference PI fixed,6.98,2169.175854525286,0.014214589751556997,30.833944871060023
C1 -- Reference PI fixed,6.984,2170.0027865556326,0.014214589751556997,30.84569937062382
C1 -- Reference PI fixed,6.9879999999999995,2170.646141885231,0.014214589751556997,30.85484440269854
C1 -- Reference PI fixed,6.992,2171.105647801476,0.014214589751556997,30.86137609078638
C1 -- Reference PI fixed,6.996,2171.3811093453814,0.014214589751556997,30.86529166362532
C1 -- Reference PI fixed,7.0,2171.472409516259,0.014214589751556997,30.866589458098595
C1 -- Reference PI fixed,7.004,2171.3795093905564,0.014214589751556997,30.865268920923864
C1 -- Reference PI fixed,7.008,2171.1024481631703,0.014214589751556997,30.861330609240508
C1 -- Reference PI fixed,7.0120000000000005,2170.641343106724,0.014214589751556997,30.854776190030755
C1 -- Reference PI fixed,7.016,2169.996389449472,0.014214589751556997,30.845608438384154
C1 -- Reference PI fixed,7.02,2169.167860175498,0.014214589751556997,30.833831234657453
C1 -- Reference PI fixed,7.024,2168.156105741506,0.014214589751556997,30.81944956044894
C1 -- Reference PI fixed,7.0280000000000005,2166.961553714657,0.014214589751556997,30.80246949345039
C1 -- Reference PI fixed,7.032,2165.5847083337617,0.014214589751556997,30.782898201209637
C1 -- Reference PI fixed,7.036,2164.026149991047,0.014214589751556997,30.760743933764083
C1 -- Reference PI fixed,7.04,2162.2865346323874,0.014214589751556997,30.73601601511523
C1 -- Reference PI fixed,7.0440000000000005,2160.366593093935,0.014214589751556997,30.708724833799156
C1 -- Reference PI fixed,7.048,2158.2671303497273,0.014214589751556997,30.67888183219156
C1 -- Reference PI fixed,7.052,2155.9890246941304,0.014214589751556997,30.64649949488655
C1 -- Reference PI fixed,7.056,2153.5332268500933,0.014214589751556997,30.611591336020805
C1 -- Reference PI fixed,7.0600000000000005,2150.900759011142,0.014214589751556997,30.574171885655943
C1 -- Reference PI fixed,7.064,2148.092713807795,0.014214589751556997,30.53425667508654
C1 -- Reference PI fixed,7.068,2145.11025321614,0.014214589751556997,30.491862221325977
C1 -- Reference PI fixed,7.072,2141.95460739775,0.014214589751556997,30.447006010616345
C1 -- Reference PI fixed,7.0760000000000005,2138.62707347213,0.014214589751556997,30.399706480979273
C1 -- Reference PI fixed,7.08,2135.129014239474,0.014214589751556997,30.349983004060423
C1 -- Reference PI fixed,7.084,2131.46185684748,0.014214589751556997,30.297855866178832
C1 -- Reference PI fixed,7.088,2127.627091377049,0.014214589751556997,30.243346248223222
C1 -- Reference PI fixed,7.0920000000000005,2123.6262694213196,0.014214589751556997,30.18647620545351
C1 -- Reference PI fixed,7.096,2119.4610025651773,0.014214589751556997,30.127268645887685
C1 -- Reference PI fixed,7.1,2115.1329608471756,0.014214589751556997,30.06574730843867
C1 -- Reference PI fixed,7.104,2110.643871181928,0.014214589751556997,30.001936740489217
C1 -- Reference PI fixed,7.1080000000000005,2105.9955157118598,0.014214589751556997,29.935862274462796
C1 -- Reference PI fixed,7.112,2101.1897301358504,0.014214589751556997,29.86755000406587
C1 -- Reference PI fixed,7.116,2096.2284020163634,0.014214589751556997,29.797026760224497
C1 -- Reference PI fixed,7.12,2091.113469019912,0.014214589751556997,29.724320086073238
C1 -- Reference PI fixed,7.1240000000000006,2085.846917162311,0.014214589751556997,29.649458212012142
C1 -- Reference PI fixed,7.128,2080.4307789913887,0.014214589751556997,29.572470029874733
C1 -- Reference PI fixed,7.132,2074.8671317724907,0.014214589751556997,29.49338506713571
C1 -- Reference PI fixed,7.136,2069.1580956370703,0.014214589751556997,29.412233460593892
C1 -- Reference PI fixed,7.140000000000001,2063.3058317157615,0.014214589751556997,29.32904592983465
C1 -- Reference PI fixed,7.144,2057.312540259528,0.014214589751556997,29.243853750522778
C1 -- Reference PI fixed,7.148,2051.1804587390893,0.014214589751556997,29.156688727386637
C1 -- Reference PI fixed,7.152,2044.9118599310223,0.014214589751556997,29.067583167012867
C1 -- Reference PI fixed,7.156000000000001,2038.5090500205708,0.014214589751556997,28.976569850878597
C1 -- Reference PI fixed,7.16,2031.9743666641673,0.014214589751556997,28.883682007810993
C1 -- Reference PI fixed,7.164,2025.3101770691087,0.014214589751556997,28.78895328669064
C1 -- Reference PI fixed,7.168,2018.5188760763285,0.014214589751556997,28.692417729198926
C1 -- Reference PI fixed,7.172000000000001,2011.6028842442597,0.014214589751556997,28.59410974258095
C1 -- Reference PI fixed,7.176,2004.564645923686,0.014214589751556997,28.494064072280306
C1 -- Reference PI fixed,7.18,1997.4066273597268,0.014214589751556997,28.3923157749596
C1 -- Reference PI fixed,7.184,1990.1313147796736,0.014214589751556997,28.2889001913198
C1 -- Reference PI fixed,7.188000000000001,1982.7412125334565,0.014214589751556997,28.183852919667764
C1 -- Reference PI fixed,7.192,1975.238841209519,0.014214589751556997,28.077209789134148
C1 -- Reference PI fixed,7.196,1967.626735785205,0.014214589751556997,27.969006833381922
C1 -- Reference PI fixed,7.2,1959.907443791433,0.014214589751556997,27.859280264517974
C1 -- Reference PI fixed,7.204000000000001,1952.083523517332,0.014214589751556997,27.74806644757274
C1 -- Reference PI fixed,7.208,1944.1575421934167,0.014214589751556997,27.63540187467478
C1 -- Reference PI fixed,7.212,1936.1320742554556,0.014214589751556997,27.521323140372388
C1 -- Reference PI fixed,7.216,1928.0096995902736,0.014214589751556997,27.405866916698386
C1 -- Reference PI fixed,7.220000000000001,1919.7930018479574,0.014214589751556997,27.28906992917882
C1 -- Reference PI fixed,7.224,1911.4845667353172,0.014214589751556997,27.170968932575207
C1 -- Reference PI fixed,7.228,1903.0869803929509,0.014214589751556997,27.051600687815192
C1 -- Reference PI fixed,7.232,1894.6028277783578,0.014214589751556997,26.93100193900915
C1 -- Reference PI fixed,7.236000000000001,1886.0346910749354,0.014214589751556997,26.80920939083474
C1 -- Reference PI fixed,7.24,1877.3851481674278,0.014214589751556997,26.686259686866034
C1 -- Reference PI fixed,7.244,1868.6567711007401,0.014214589751556997,26.56218938766617
C1 -- Reference PI fixed,7.248,1859.8521246641656,0.014214589751556997,26.437034950662753
C1 -- Reference PI fixed,7.252000000000001,1850.9737649039935,0.014214589751556997,26.310832709005176
C1 -- Reference PI fixed,7.256,1842.024237766372,0.014214589751556997,26.183618852273458
C1 -- Reference PI fixed,7.26,1833.0060777351805,0.014214589751556999,26.055429407116186
C1 -- Reference PI fixed,7.264,1823.921806522233,0.014214589751556997,25.926300218632257
C1 -- Reference PI fixed,7.268000000000001,1814.7739317933244,0.014214589751556997,25.796266932262185
C1 -- Reference PI fixed,7.272,1805.5649459478593,0.014214589751556997,25.665364976441005
C1 -- Reference PI fixed,7.276,1796.2973249207469,0.014214589751556999,25.5336295455677
C1 -- Reference PI fixed,7.28,1786.9735270530998,0.014214589751556997,25.401095583952653
C1 -- Reference PI fixed,7.284000000000001,1777.595991988624,0.014214589751556997,25.26779777013029
C1 -- Reference PI fixed,7.288,1768.1671396015752,0.014214589751556997,25.1337705016204
C1 -- Reference PI fixed,7.292,1758.689368991185,0.014214589751556997,24.99904788063434
C1 -- Reference PI fixed,7.296,1749.1650575222957,0.014214589751556997,24.86366370043803
C1 -- Reference PI fixed,7.300000000000001,1739.5965598715463,0.014214589751556997,24.72765143179389
C1 -- Reference PI fixed,7.304,1729.9862071688237,0.014214589751556999,24.591044210756923
C1 -- Reference PI fixed,7.308,1720.3363061121959,0.014214589751556997,24.45387482609384
C1 -- Reference PI fixed,7.312,1710.6491382180895,0.014214589751556999,24.316175708624666
C1 -- Reference PI fixed,7.316000000000001,1700.9269590155739,0.014214589751556997,24.177978919769785
C1 -- Reference PI fixed,7.32,1691.1719973635059,0.014214589751556997,24.039316141843468
C1 -- Reference PI fixed,7.324,1681.3864547430355,0.014214589751556997,23.900218667997105
C1 -- Reference PI fixed,7.328,1671.5725046572995,0.014214589751556997,23.76071739368611
C1 -- Reference PI fixed,7.332000000000001,1661.7322919830513,0.014214589751556997,23.6208428074536
C1 -- Reference PI fixed,7.336,1651.8679324879413,0.014214589751556997,23.480624984068736
C1 -- Reference PI fixed,7.34,1641.981512233477,0.014214589751556997,23.34009357604004
C1 -- Reference PI fixed,7.344,1632.075087159019,0.014214589751556995,23.19927780770208
C1 -- Reference PI fixed,7.348000000000001,1622.150682607427,0.014214589751556997,23.05820646847272
C1 -- Reference PI fixed,7.352,1612.210292930746,0.014214589751556997,22.916907907248085
C1 -- Reference PI fixed,7.356,1602.2558811240895,0.014214589751556997,22.775410027198408
C1 -- Reference PI fixed,7.36,1592.2893784982111,0.014214589751556997,22.63374028111373
C1 -- Reference PI fixed,7.364000000000001,1582.3126843597222,0.014214589751556999,22.49192566685835
C1 -- Reference PI fixed,7.368,1572.3276657836404,0.014214589751556997,22.34999272413767
C1 -- Reference PI fixed,7.372,1562.33615734789,0.014214589751556997,22.207967530724257
C1 -- Reference PI fixed,7.376,1552.3399609636365,0.014214589751556997,22.065875700046096
C1 -- Reference PI fixed,7.38,1542.340845685647,0.014214589751556997,21.92374237849095
C1 -- Reference PI fixed,7.384,1532.3405475970073,0.014214589751556997,21.78159224376766
C1 -- Reference PI fixed,7.388,1522.3407696835447,0.014214589751556997,21.639449503121106
C1 -- Reference PI fixed,7.3919999999999995,1512.3431817775345,0.014214589751556997,21.49733789253204
C1 -- Reference PI fixed,7.396,1502.3494204819872,0.014214589751556997,21.35528067564085
C1 -- Reference PI fixed,7.4,1492.3610891751075,0.014214589751556997,21.21330064381092
C1 -- Reference PI fixed,7.404,1482.3797579887735,0.014214589751556997,21.07142011582276
C1 -- Reference PI fixed,7.4079999999999995,1472.406963856962,0.014214589751556997,20.929660938562325
C1 -- Reference PI fixed,7.412,1462.4442105627031,0.014214589751556997,20.788044487688463
C1 -- Reference PI fixed,7.416,1452.4929687939944,0.014214589751556999,20.64659166842771
C1 -- Reference PI fixed,7.42,1442.5546762832225,0.014214589751556999,20.505322917556118
C1 -- Reference PI fixed,7.4239999999999995,1432.6307378778201,0.014214589751556997,20.3642582044036
C1 -- Reference PI fixed,7.428,1422.7225257248601,0.014214589751556997,20.223417033477883
C1 -- Reference PI fixed,7.432,1412.8313794009687,0.014214589751556997,20.082818446311144
C1 -- Reference PI fixed,7.436,1402.9586061111233,0.014214589751556999,19.942481024285865
C1 -- Reference PI fixed,7.4399999999999995,1393.1054808692134,0.014214589751556997,19.802422891201402
C1 -- Reference PI fixed,7.444,1383.2732467206636,0.014214589751556997,19.662661716438517
C1 -- Reference PI fixed,7.448,1373.4631149743889,0.014214589751556997,19.523214718256497
C1 -- Reference PI fixed,7.452,1363.676265443683,0.014214589751556997,19.384098667217295
C1 -- Reference PI fixed,7.4559999999999995,1353.9138467071207,0.014214589751556997,19.245329889894148
C1 -- Reference PI fixed,7.46,1344.1769763928671,0.014214589751556997,19.10692427291292
C1 -- Reference PI fixed,7.464,1334.4667414512865,0.014214589751556997,18.968897266827117
C1 -- Reference PI fixed,7.468,1324.7841984590093,0.014214589751556997,18.831263890440084
C1 -- Reference PI fixed,7.4719999999999995,1315.1303739436187,0.014214589751556997,18.694038735420282
C1 -- Reference PI fixed,7.476,1305.5062646840206,0.014214589751556997,18.557235970570936
C1 -- Reference PI fixed,7.48,1295.912838061533,0.014214589751556997,18.42086934682061
C1 -- Reference PI fixed,7.484,1286.3510323856372,0.014214589751556999,18.284952201853642
C1 -- Reference PI fixed,7.4879999999999995,1276.8217572636984,0.014214589751556997,18.149497465365563
C1 -- Reference PI fixed,7.492,1267.325893936338,0.014214589751556997,18.01451766383028
C1 -- Reference PI fixed,7.496,1257.8642956675847,0.014214589751556997,17.88002492604591
C1 -- Reference PI fixed,7.5,1248.437788097958,0.014214589751556997,17.74603098815372
C1 -- Reference PI fixed,7.504,1239.0471696317438,0.014214589751556997,17.61254719914309
C1 -- Reference PI fixed,7.508,1229.693211825853,0.014214589751556997,17.47958452637898
C1 -- Reference PI fixed,7.5120000000000005,1220.3766597721294,0.014214589751556999,17.347153561036272
C1 -- Reference PI fixed,7.516,1211.098232492926,0.014214589751556997,17.215264523722738
C1 -- Reference PI fixed,7.52,1201.8586233391359,0.014214589751556997,17.083927270136883
C1 -- Reference PI fixed,7.524,1192.6585003997795,0.014214589751556995,16.95315129689004
C1 -- Reference PI fixed,7.5280000000000005,1183.4985068975914,0.014214589751556997,16.82294574712951
C1 -- Reference PI fixed,7.532,1174.3792615900622,0.014214589751556999,16.693319416239174
C1 -- Reference PI fixed,7.536,1165.301359200918,0.014214589751556997,16.564280757972806
C1 -- Reference PI fixed,7.54,1156.2653708068335,0.014214589751556997,16.435837889951067
C1 -- Reference PI fixed,7.5440000000000005,1147.2718442632643,0.014214589751556997,16.30799859971449
C1 -- Reference PI fixed,7.548,1138.3213046093354,0.014214589751556997,16.18077035047885
C1 -- Reference PI fixed,7.552,1129.4142544950541,0.014214589751556997,16.054160287207782
C1 -- Reference PI fixed,7.556,1120.5511745684062,0.014214589751556997,15.928175242115222
C1 -- Reference PI fixed,7.5600000000000005,1111.7325239171241,0.014214589751556997,15.802821740944946
C1 -- Reference PI fixed,7.564,1102.9587404544554,0.014214589751556997,15.678106008454115
C1 -- Reference PI fixed,7.568,1094.230241355968,0.014214589751556997,15.554033974622282
C1 -- Reference PI fixed,7.572,1085.5474234429646,0.014214589751556997,15.430611280101468
C1 -- Reference PI fixed,7.5760000000000005,1076.9106636102365,0.014214589751556997,15.307843282296512
C1 -- Reference PI fixed,7.58,1068.320319222285,0.014214589751556997,15.18573506099719
C1 -- Reference PI fixed,7.584,1059.7767285211692,0.014214589751556997,15.064291424175613
C1 -- Reference PI fixed,7.588,1051.2802110259383,0.014214589751556997,14.94351691366398
C1 -- Reference PI fixed,7.5920000000000005,1042.8310679331082,0.014214589751556997,14.823415810847198
C1 -- Reference PI fixed,7.596,1034.429582507116,0.014214589751556997,14.703992142213034
C1 -- Reference PI fixed,7.6,1026.0760204864275,0.014214589751556997,14.58524968512476
C1 -- Reference PI fixed,7.604,1017.7706304565376,0.014214589751556997,14.467191973123203
C1 -- Reference PI fixed,7.6080000000000005,1009.513644253079,0.014214589751556997,14.349822301656772
C1 -- Reference PI fixed,7.612,1001.305277323438,0.014214589751556997,14.233143733221677
C1 -- Reference PI fixed,7.616,993.1457291288525,0.014214589751556997,14.117159103077588
C1 -- Reference PI fixed,7.62,985.0351835065898,0.014214589751556997,14.001871024395836
C1 -- Reference PI fixed,7.6240000000000006,976.9738090377452,0.014214589751556997,13.887281893487536
C1 -- Reference PI fixed,7.628,968.9617594250126,0.014214589751556997,13.77339389517342
C1 -- Reference PI fixed,7.632,960.9991738431902,0.014214589751556997,13.660209007766152
C1 -- Reference PI fixed,7.636,953.0861773062999,0.014214589751556997,13.547729008288766
C1 -- Reference PI fixed,7.640000000000001,945.2228810170324,0.014214589751556997,13.435955477441887
C1 -- Reference PI fixed,7.644,937.4093827149275,0.014214589751556997,13.324889804552978
C1 -- Reference PI fixed,7.648,929.645767026642,0.014214589751556997,13.21453319255525
C1 -- Reference PI fixed,7.652,921.932105795398,0.014214589751556995,13.104886662670625
C1 -- Reference PI fixed,7.656000000000001,914.2684584239149,0.014214589751556997,12.995951059284396
C1 -- Reference PI fixed,7.66,906.6548721990708,0.014214589751556997,12.88772705456013
C1 -- Reference PI fixed,7.664,899.091382621955,0.014214589751556997,12.780215153131252
C1 -- Reference PI fixed,7.668,891.5780137213723,0.014214589751556997,12.673415696557361
C1 -- Reference PI fixed,7.672000000000001,884.1147783781886,0.014214589751556997,12.567328867934686
C1 -- Reference PI fixed,7.676,876.7016786218064,0.014214589751556997,12.461954696110345
C1 -- Reference PI fixed,7.68,869.3387059475614,0.014214589751556997,12.357293060194028
C1 -- Reference PI fixed,7.684,862.0258416131435,0.014214589751556997,12.253343693771484
C1 -- Reference PI fixed,7.688000000000001,854.7630569242353,0.014214589751556995,12.150106188964765
C1 -- Reference PI fixed,7.692,847.5503135427562,0.014214589751556997,12.047580000813781
C1 -- Reference PI fixed,7.696,840.3875637502858,0.014214589751556997,11.945764451020766
C1 -- Reference PI fixed,7.7,833.2747507446186,0.014214589751556997,11.844658732165666
C1 -- Reference PI fixed,7.704000000000001,826.2118089079574,0.014214589751556997,11.74426191151842
C1 -- Reference PI fixed,7.708,819.1986640700524,0.014214589751556997,11.64457293477935
C1 -- Reference PI fixed,7.712,812.2352337839258,0.014214589751556997,11.545590629998493
C1 -- Reference PI fixed,7.716,805.3214275796225,0.014214589751556997,11.447313711182552
C1 -- Reference PI fixed,7.720000000000001,798.4571472186382,0.014214589751556997,11.34974078191149
C1 -- Reference PI fixed,7.724,791.6422869400626,0.014214589751556997,11.252870338837358
C1 -- Reference PI fixed,7.728,784.8767337181457,0.014214589751556997,11.156700775345485
C1 -- Reference PI fixed,7.732,778.1603674825335,0.014214589751556995,11.061230384685047
C1 -- Reference PI fixed,7.736000000000001,771.4930613687634,0.014214589751556997,10.966457363529758
C1 -- Reference PI fixed,7.74,764.8746819436418,0.014214589751556997,10.872379815181509
C1 -- Reference PI fixed,7.744,758.3050894266744,0.014214589751556997,10.778995752717918
C1 -- Reference PI fixed,7.748,751.7841379176933,0.014214589751556995,10.686303102227955
C1 -- Reference PI fixed,7.752000000000001,745.3116756045082,0.014214589751556999,10.594299705763616
C1 -- Reference PI fixed,7.756,738.8875449818619,0.014214589751556999,10.502983324452284
C1 -- Reference PI fixed,7.76,732.5115830525426,0.014214589751556997,10.412351641355464
C1 -- Reference PI fixed,7.764,726.1836215288287,0.014214589751556997,10.322402264332233
C1 -- Reference PI fixed,7.768000000000001,719.903487040861,0.014214589751556997,10.233132729001168
C1 -- Reference PI fixed,7.772,713.6710013130149,0.014214589751556997,10.144540501247402
C1 -- Reference PI fixed,7.776,707.4859813666309,0.014214589751556997,10.056622980104356
C1 -- Reference PI fixed,7.78,701.3482396981387,0.014214589751556995,9.969377500285702
C1 -- Reference PI fixed,7.784000000000001,695.257584459021,0.014214589751556995,9.882801334743473
C1 -- Reference PI fixed,7.788,689.213819634148,0.014214589751556997,9.796891697203012
C1 -- Reference PI fixed,7.792,683.216745213288,0.014214589751556997,9.711645744600933
C1 -- Reference PI fixed,7.796,677.2661573596332,0.014214589751556997,9.62706057948063
C1 -- Reference PI fixed,7.800000000000001,671.3618462738782,0.014214589751556999,9.543133219631054
C1 -- Reference PI fixed,7.804,665.5036055146389,0.014214589751556997,9.459860730572617
C1 -- Reference PI fixed,7.808,659.6912184592983,0.014214589751556997,9.37724003310369
C1 -- Reference PI fixed,7.812,653.9244675595683,0.014214589751556999,9.295268034864606
C1 -- Reference PI fixed,7.816000000000001,648.2031322181587,0.014214589751556997,9.213941600155383
C1 -- Reference PI fixed,7.82,642.5269889343642,0.014214589751556999,9.13325755200519
C1 -- Reference PI fixed,7.824,636.8958114456469,0.014214589751556997,9.05321267418487
C1 -- Reference PI fixed,7.828,631.3093708677573,0.014214589751556997,8.973803713198718
C1 -- Reference PI fixed,7.832000000000001,625.7674358218007,0.014214589751556995,8.895027380090669
C1 -- Reference PI fixed,7.836,620.2697725718491,0.014214589751556999,8.816880352400396
C1 -- Reference PI fixed,7.84,614.8161451494814,0.014214589751556995,8.739359275933596
C1 -- Reference PI fixed,7.844,609.4063154744601,0.014214589751556997,8.662460766477372
C1 -- Reference PI fixed,7.848000000000001,604.0400434788908,0.014214589751556999,8.586181411565084
C1 -- Reference PI fixed,7.852,598.7170872243114,0.014214589751556997,8.510517772140753
C1 -- Reference PI fixed,7.856,593.4372030121452,0.014214589751556999,8.43546638412909
C1 -- Reference PI fixed,7.86,588.20014550028,0.014214589751556997,8.361023760092614
C1 -- Reference PI fixed,7.864000000000001,583.0056678064232,0.014214589751556999,8.287186390700827
C1 -- Reference PI fixed,7.868,577.8535216133871,0.014214589751556997,8.213950746226772
C1 -- Reference PI fixed,7.872,572.7434572747604,0.014214589751556997,8.141313278049132
C1 -- Reference PI fixed,7.876,567.6752239092478,0.014214589751556997,8.069270419993218
C1 -- Reference PI fixed,7.880000000000001,562.6485695022756,0.014214589751556997,7.9978185897752505
C1 -- Reference PI fixed,7.884,557.6632409940828,0.014214589751556997,7.926954190254549
C1 -- Reference PI fixed,7.888,552.7189843754393,0.014214589751556997,7.856673610794111
C1 -- Reference PI fixed,7.892,547.8155447726617,0.014214589751556997,7.7869732284690905
C1 -- Reference PI fixed,7.896000000000001,542.9526665357287,0.014214589751556997,7.717849409319312
C1 -- Reference PI fixed,7.9,538.1300933203396,0.014214589751556997,7.6492985095157096
C1 -- Reference PI fixed,7.904,533.3475681674964,0.014214589751556997,7.581316876491542
C1 -- Reference PI fixed,7.9079999999999995,528.6048335849855,0.014214589751556997,7.513900850100627
C1 -- Reference PI fixed,7.912,523.9016316217942,0.014214589751556997,7.447046763675145
C1 -- Reference PI fixed,7.916,519.2377039398524,0.014214589751556997,7.380750945045412
C1 -- Reference PI fixed,7.92,514.6127918889146,0.014214589751556997,7.3150097176042985
C1 -- Reference PI fixed,7.9239999999999995,510.0266365727467,0.014214589751556997,7.24981940124805
C1 -- Reference PI fixed,7.928,505.47897891967267,0.014214589751556997,7.185176313379074
C1 -- Reference PI fixed,7.932,500.9695597435679,0.014214589751556997,7.121076769772941
C1 -- Reference PI fixed,7.936,496.4981198095855,0.014214589751556997,7.057517085512652
C1 -- Reference PI fixed,7.9399999999999995,492.0643998941229,0.014214589751556997,6.994493575841044
C1 -- Reference PI fixed,7.944,487.6681408439234,0.014214589751556997,6.932002557000888
C1 -- Reference PI fixed,7.948,483.30908363316485,0.014214589751556997,6.870040347046388
C1 -- Reference PI fixed,7.952,478.9869694189363,0.014214589751556997,6.808603266631757
C1 -- Reference PI fixed,7.9559999999999995,474.7015395933697,0.014214589751556997,6.747687639752241
C1 -- Reference PI fixed,7.96,470.4525358354141,0.014214589751556997,6.687289794480078
C1 -- Reference PI fixed,7.964,466.2397001631514,0.014214589751556997,6.627406063708139
C1 -- Reference PI fixed,7.968,462.06277497908883,0.014214589751556997,6.568032785793743
C1 -- Reference PI fixed,7.9719999999999995,457.92150311662425,0.014214589751556997,6.509166305219143
C1 -- Reference PI fixed,7.976,453.8156278867726,0.014214589751556997,6.450802973255721
C1 -- Reference PI fixed,7.98,449.74489312022195,0.014214589751556997,6.392939148561804
C1 -- Reference PI fixed,7.984,445.70904320883676,0.014214589751556999,6.335571197772606
C1 -- Reference PI fixed,7.9879999999999995,441.7078231474883,0.014214589751556997,6.278695496094837
C1 -- Reference PI fixed,7.992,437.7409785708748,0.014214589751556997,6.222308427830088
C1 -- Reference PI fixed,7.996,433.80825579058734,0.014214589751556997,6.166406386901699
C1 -- Reference PI fixed,8.0,429.9094018339201,0.014214589751556997,6.11098577740644
C1 -- Reference PI fixed,8.004,426.04416447562363,0.014214589751556997,6.056043014065863
C1 -- Reference PI fixed,8.008,422.2122922727598,0.014214589751556997,6.001574522721759
C1 -- Reference PI fixed,8.012,418.41353459590067,0.014214589751556997,5.9475767407796285
C1 -- Reference PI fixed,8.016,414.64764165966244,0.014214589751556997,5.8940461176427155
C1 -- Reference PI fixed,8.02,410.9143645536046,0.014214589751556999,5.8409791151512245
C1 -- Reference PI fixed,8.024000000000001,407.2134552696948,0.014214589751556997,5.788372207972717
C1 -- Reference PI fixed,8.028,403.54466672792944,0.014214589751556997,5.7362218839663095
C1 -- Reference PI fixed,8.032,399.9077528067422,0.014214589751556997,5.684524644614907
C1 -- Reference PI fixed,8.036,396.3024683624747,0.014214589751556995,5.633277005301974
C1 -- Reference PI fixed,8.04,392.72856925780377,0.014214589751556995,5.582475495715619
C1 -- Reference PI fixed,8.044,389.1858123824597,0.014214589751556999,5.532116660143096
C1 -- Reference PI fixed,8.048,385.673955675239,0.014214589751556995,5.482197057783699
C1 -- Reference PI fixed,8.052,382.1927581455008,0.014214589751556997,5.432713263054338
C1 -- Reference PI fixed,8.056000000000001,378.7419798922786,0.014214589751556997,5.38366186586119
C1 -- Reference PI fixed,8.06,375.32138212409245,0.014214589751556997,5.335039471881332
C1 -- Reference PI fixed,8.064,371.9307271773526,0.014214589751556997,5.286842702824337
C1 -- Reference PI fixed,8.068,368.5697785321445,0.014214589751556997,5.239068196656653
C1 -- Reference PI fixed,8.072,365.23830083004907,0.014214589751556997,5.191712607854907
C1 -- Reference PI fixed,8.076,361.93605988892796,0.014214589751556995,5.1447726076160745
C1 -- Reference PI fixed,8.08,358.66282271780096,0.014214589751556997,5.098244884068958
C1 -- Reference PI fixed,8.084,355.4183575317472,0.014214589751556997,5.052126142485994
C1 -- Reference PI fixed,8.088000000000001,352.2024337632162,0.014214589751556999,5.006413105444046
C1 -- Reference PI fixed,8.092,349.01482207627555,0.014214589751556999,4.9611025130269155
C1 -- Reference PI fixed,8.096,345.8552943784706,0.014214589751556997,4.916191122993936
C1 -- Reference PI fixed,8.1,342.7236238297572,0.014214589751556997,4.871675710906942
C1 -- Reference PI fixed,8.104,339.6195848554001,0.014214589751556997,4.827553070313612
C1 -- Reference PI fixed,8.108,336.5429531543642,0.014214589751556997,4.7838200128667525
C1 -- Reference PI fixed,8.112,333.4935057088552,0.014214589751556997,4.740473368459908
C1 -- Reference PI fixed,8.116,330.47102079285264,0.014214589751556997,4.697509985348662
C1 -- Reference PI fixed,8.120000000000001,327.4752779802393,0.014214589751556999,4.6549267302661885
C1 -- Reference PI fixed,8.124,324.506058151032,0.014214589751556997,4.612720488511818
C1 -- Reference PI fixed,8.128,321.56314349948417,0.014214589751556995,4.570888164066219
C1 -- Reference PI fixed,8.132,318.6463175400636,0.014214589751556995,4.529426679676364
C1 -- Reference PI fixed,8.136,315.7553651129957,0.014214589751556999,4.488332976934327
C1 -- Reference PI fixed,8.14,312.89007238823365,0.014214589751556997,4.447604016333713
C1 -- Reference PI fixed,8.144,310.05022687304967,0.014214589751556999,4.407236777377574
C1 -- Reference PI fixed,8.148,307.2356174133661,0.014214589751556997,4.36722825859732
C1 -- Reference PI fixed,8.152000000000001,304.44603419904695,0.014214589751556997,4.327575477627944
C1 -- Reference PI fixed,8.156,301.6812687670383,0.014214589751556999,4.288275471252655
C1 -- Reference PI fixed,8.16,298.94111400384537,0.014214589751556997,4.2493252954380925
C1 -- Reference PI fixed,8.164,296.2253641482302,0.014214589751556997,4.2107220253726725
C1 -- Reference PI fixed,8.168,293.5338147937674,0.014214589751556995,4.172462755502916
C1 -- Reference PI fixed,8.172,290.86626288899527,0.014214589751556997,4.134544599535595
C1 -- Reference PI fixed,8.176,288.22250674107966,0.014214589751556995,4.096964690489818
C1 -- Reference PI fixed,8.18,285.6023460142093,0.014214589751556997,4.059720180674215
C1 -- Reference PI fixed,8.184000000000001,283.0055817320453,0.014214589751556995,4.022808241721757
C1 -- Reference PI fixed,8.188,280.43201627690115,0.014214589751556997,3.986226064578104
C1 -- Reference PI fixed,8.192,277.8814533899676,0.014214589751556997,3.9499708595047966
C1 -- Reference PI fixed,8.196,275.3536981710009,0.014214589751556997,3.9140398560748277
C1 -- Reference PI fixed,8.2,272.848557077102,0.014214589751556997,3.8784303031552883
C1 -- Reference PI fixed,8.204,270.3658379225079,0.014214589751556997,3.843139468904401
C1 -- Reference PI fixed,8.208,267.9053498765084,0.014214589751556997,3.808164640741908
C1 -- Reference PI fixed,8.212,265.46690346171766,0.014214589751556997,3.7735031253245026
C1 -- Reference PI fixed,8.216000000000001,263.0503105530588,0.014214589751556997,3.7391522485313953
C1 -- Reference PI fixed,8.22,260.65538437533684,0.014214589751556997,3.705109355429813
C1 -- Reference PI fixed,8.224,258.2819394996995,0.014214589751556997,3.671371810224693
C1 -- Reference PI fixed,8.228,255.92979184283362,0.014214589751556997,3.6379369962472583
C1 -- Reference PI fixed,8.232,253.598758663139,0.014214589751556997,3.6048023159006317
C1 -- Reference PI fixed,8.236,251.2886585571978,0.014214589751556997,3.5719651906096495
C1 -- Reference PI fixed,8.24,248.9993114575717,0.014214589751556997,3.5394230607895474
C1 -- Reference PI fixed,8.244,246.73053862849713,0.014214589751556997,3.507173385784773
C1 -- Reference PI fixed,8.248000000000001,244.48216266257813,0.014214589751556997,3.4752136438219736
C1 -- Reference PI fixed,8.252,242.25400747687937,0.014214589751556997,3.4435413319544614
C1 -- Reference PI fixed,8.256,240.04589830831569,0.014214589751556997,3.4121539659966773
C1 -- Reference PI fixed,8.26,237.8576617105284,0.014214589751556997,3.381049080479788
C1 -- Reference PI fixed,8.264,235.68912554783208,0.014214589751556997,3.350224228565644
C1 -- Reference PI fixed,8.268,233.54011899268255,0.014214589751556997,3.3196769820107868
C1 -- Reference PI fixed,8.272,231.41047251897513,0.014214589751556997,3.2894049310711857
C1 -- Reference PI fixed,8.276,229.30001789866157,0.014214589751556997,3.259405684454151
C1 -- Reference PI fixed,8.280000000000001,227.20858819548522,0.014214589751556997,3.2296768692292783
C1 -- Reference PI fixed,8.284,225.13601776124213,0.014214589751556997,3.2002161307753063
C1 -- Reference PI fixed,8.288,223.08214222907648,0.014214589751556997,3.171021132684811
C1 -- Reference PI fixed,8.292,221.0467985088565,0.014214589751556997,3.142089556698476
C1 -- Reference PI fixed,8.296,219.0298247815747,0.014214589751556997,3.1134191026254965
C1 -- Reference PI fixed,8.3,217.03106049376714,0.014214589751556997,3.085007488264249
C1 -- Reference PI fixed,8.304,215.05034635135436,0.014214589751556997,3.056852449314744
C1 -- Reference PI fixed,8.308,213.08752431411872,0.014214589751556997,3.0289517393001244
C1 -- Reference PI fixed,8.312000000000001,211.14243758979103,0.014214589751556997,3.0013031294826065
C1 -- Reference PI fixed,8.316,209.21493062790796,0.014214589751556997,2.9739044087761686
C1 -- Reference PI fixed,8.32,207.30484911346102,0.014214589751556997,2.9467533836562727
C1 -- Reference PI fixed,8.324,205.41203996134712,0.014214589751556997,2.919847878080981
C1 -- Reference PI fixed,8.328,203.5363513090911,0.014214589751556997,2.8931857333875106
C1 -- Reference PI fixed,8.332,201.67763251156092,0.014214589751556995,2.8667648082171118
C1 -- Reference PI fixed,8.336,199.8357341336166,0.014214589751556997,2.840582978410575
C1 -- Reference PI fixed,8.34,198.01050794400746,0.014214589751556999,2.814638136921484
C1 -- Reference PI fixed,8.344000000000001,196.20180690893662,0.014214589751556997,2.788928193724735
C1 -- Reference PI fixed,8.348,194.40948518527574,0.014214589751556997,2.7634510757200923
C1 -- Reference PI fixed,8.352,192.63339811371333,0.014214589751556997,2.7382047266347884
C1 -- Reference PI fixed,8.356,190.87340221230053,0.014214589751556997,2.713187106931784
C1 -- Reference PI fixed,8.36,189.12935516949818,0.014214589751556997,2.688396193710932
C1 -- Reference PI fixed,8.364,187.4011158374888,0.014214589751556997,2.663829980613914
C1 -- Reference PI fixed,8.368,185.6885442252518,0.014214589751556995,2.6394864777258022
C1 -- Reference PI fixed,8.372,183.99150149142338,0.014214589751556997,2.6153637114735706
C1 -- Reference PI fixed,8.376000000000001,182.30984993791782,0.014214589751556997,2.5914597245354205
C1 -- Reference PI fixed,8.38,180.64345300210957,0.014214589751556997,2.567772575729655
C1 -- Reference PI fixed,8.384,178.99217525092385,0.014214589751556999,2.5443003399306763
C1 -- Reference PI fixed,8.388,177.3558823726463,0.014214589751556997,2.5210411079525663
C1 -- Reference PI fixed,8.392,175.73444117062925,0.014214589751556997,2.4979929864596224
C1 -- Reference PI fixed,8.396,174.1277195562178,0.014214589751556997,2.4751540978658046
C1 -- Reference PI fixed,8.4,172.5355865410557,0.014214589751556997,2.4525225802253656
C1 -- Reference PI fixed,8.404,170.95791223060078,0.014214589751556997,2.4300965871406786
C1 -- Reference PI fixed,8.408000000000001,169.39456781669716,0.014214589751556997,2.40787428765665
C1 -- Reference PI fixed,8.412,167.84542557051893,0.014214589751556997,2.385853866160421
C1 -- Reference PI fixed,8.416,166.31035883511962,0.014214589751556997,2.364033522275458
C1 -- Reference PI fixed,8.42,164.78924201894569,0.014214589751556997,2.342411470769351
C1 -- Reference PI fixed,8.424,163.28195058810905,0.014214589751556999,2.320985941443971
C1 -- Reference PI fixed,8.428,161.78836105913777,0.014214589751556997,2.299755179032423
C1 -- Reference PI fixed,8.432,160.30835099233158,0.014214589751556999,2.2787174431045987
C1 -- Reference PI fixed,8.436,158.84179898419126,0.014214589751556997,2.2578710079595616
C1 -- Reference PI fixed,8.44,157.3885846604373,0.014214589751556997,2.2372141625263127
C1 -- Reference PI fixed,8.443999999999999,155.94858866849802,0.014214589751556997,2.2167452102570095
C1 -- Reference PI fixed,8.448,154.52169267095903,0.014214589751556995,2.196462469033854
C1 -- Reference PI fixed,8.452,153.1077793378073,0.014214589751556999,2.176364271058846
C1 -- Reference PI fixed,8.456,151.70673233958937,0.014214589751556997,2.1564489627565275
C1 -- Reference PI fixed,8.46,150.31843634028726,0.014214589751556997,2.1367149046727203
C1 -- Reference PI fixed,8.464,148.94277698991752,0.014214589751556999,2.117160471369321
C1 -- Reference PI fixed,8.468,147.57964091794398,0.014214589751556997,2.097784051330668
C1 -- Reference PI fixed,8.472,146.2289157255159,0.014214589751556997,2.07858404685321
C1 -- Reference PI fixed,8.475999999999999,144.89048997891987,0.014214589751556995,2.059558873952426
C1 -- Reference PI fixed,8.48,143.564253202202,0.014214589751556997,2.0407069622579543
C1 -- Reference PI fixed,8.484,142.25009587013233,0.014214589751556995,2.022026754913583
C1 -- Reference PI fixed,8.488,140.9479094015145,0.014214589751556997,2.003516708482152
C1 -- Reference PI fixed,8.492,139.65758615157623,0.014214589751556997,1.9851752928373838
C1 -- Reference PI fixed,8.496,138.37901940542912,0.014214589751556997,1.9670009910709196
C1 -- Reference PI fixed,8.5,137.11210337100093,0.014214589751556997,1.9489922993918534
C1 -- Reference PI fixed,8.504,135.85673317196097,0.014214589751556997,1.9311477270261699
C1 -- Reference PI fixed,8.508,134.6128048408465,0.014214589751556997,1.9134657961190389
C1 -- Reference PI fixed,8.512,133.3802153122974,0.014214589751556997,1.895945041638648
C1 -- Reference PI fixed,8.516,132.15886241583843,0.014214589751556997,1.878584011273608
C1 -- Reference PI fixed,8.52,130.94864486945096,0.014214589751556997,1.8613812653415742
C1 -- Reference PI fixed,8.524000000000001,129.74946227241648,0.014214589751556997,1.8443353766875226
C1 -- Reference PI fixed,8.528,128.56121509854435,0.014214589751556997,1.8274449305874831
C1 -- Reference PI fixed,8.532,127.38380468962299,0.014214589751556997,1.810708524655453
C1 -- Reference PI fixed,8.536,126.21713324846286,0.014214589751556997,1.794124768744504
C1 -- Reference PI fixed,8.54,125.06110383223069,0.014214589751556997,1.7776922848520318
C1 -- Reference PI fixed,8.544,123.9156203457519,0.014214589751556997,1.7614097070245527
C1 -- Reference PI fixed,8.548,122.78058753489657,0.014214589751556997,1.7452756812636876
C1 -- Reference PI fixed,8.552,121.65591097995433,0.014214589751556997,1.7292888654319891
C1 -- Reference PI fixed,8.556000000000001,120.54149708899676,0.014214589751556997,1.713447929158591
C1 -- Reference PI fixed,8.56,119.437253091346,0.014214589751556997,1.697751553746366
C1 -- Reference PI fixed,8.564,118.34308703092658,0.014214589751556997,1.6821984320774268
C1 -- Reference PI fixed,8.568,117.25890776002477,0.014214589751556997,1.6667872685244154
C1 -- Reference PI fixed,8.572,116.18462493260678,0.014214589751556997,1.6515167788555258
C1 -- Reference PI fixed,8.576,115.12014899795223,0.014214589751556997,1.6363856901440061
C1 -- Reference PI fixed,8.58,114.0653911942224,0.014214589751556997,1.6213927406767334
C1 -- Reference PI fixed,8.584,113.02026354220168,0.014214589751556995,1.6065366798652507
C1 -- Reference PI fixed,8.588000000000001,111.98467883889558,0.014214589751556997,1.5918162681547667
C1 -- Reference PI fixed,8.592,110.95855065118423,0.014214589751556997,1.5772302769339412
C1 -- Reference PI fixed,8.596,109.94179330966273,0.014214589751556997,1.5627774884473293
C1 -- Reference PI fixed,8.6,108.93432190240769,0.014214589751556995,1.5484566957067751
C1 -- Reference PI fixed,8.604,107.93605226873538,0.014214589751556997,1.5342667024026864
C1 -- Reference PI fixed,8.608,106.9469009931013,0.014214589751556995,1.5202063228173184
C1 -- Reference PI fixed,8.612,105.96678539897827,0.014214589751556997,1.5062743817377562
C1 -- Reference PI fixed,8.616,104.99562354278501,0.014214589751556997,1.4924697143696084
C1 -- Reference PI fixed,8.620000000000001,104.03333420776674,0.014214589751556997,1.478791166250025
C1 -- Reference PI fixed,8.624,103.07983689814603,0.014214589751556997,1.4652375931645534
C1 -- Reference PI fixed,8.628,102.13505183301845,0.014214589751556999,1.4518078610603669
C1 -- Reference PI fixed,8.632,101.19889994051148,0.014214589751556997,1.4385008459632365
C1 -- Reference PI fixed,8.636,100.2713028519003,0.014214589751556995,1.4253154338938898
C1 -- Reference PI fixed,8.64,99.35218289557211,0.014214589751556997,1.4122505207822158
C1 -- Reference PI fixed,8.644,98.44146309149218,0.014214589751556997,1.399305012388601
C1 -- Reference PI fixed,8.648,97.53906714524952,0.014214589751556997,1.3864778242192937
C1 -- Reference PI fixed,8.652000000000001,96.64491944233028,0.014214589751556999,1.3737678814449996
C1 -- Reference PI fixed,8.656,95.75894504248197,0.014214589751556999,1.361174118820774
C1 -- Reference PI fixed,8.66,94.88106967396736,0.014214589751556997,1.3486954806043419
C1 -- Reference PI fixed,8.664,94.01121972797988,0.014214589751556997,1.3363309204767158
C1 -- Reference PI fixed,8.668,93.1493222530803,0.014214589751556999,1.3240794014631154
C1 -- Reference PI fixed,8.672,92.29530494963693,0.014214589751556995,1.3119398958539368
C1 -- Reference PI fixed,8.676,91.44909616421087,0.014214589751556997,1.2999113851249422
C1 -- Reference PI fixed,8.68,90.61062488425615,0.014214589751556999,1.287992859861923
C1 -- Reference PI fixed,8.684000000000001,89.77982073252562,0.014214589751556997,1.2761833196811831
C1 -- Reference PI fixed,8.688,88.95661396174629,0.014214589751556999,1.264481773153851
C1 -- Reference PI fixed,8.692,88.14093544931909,0.014214589751556999,1.252887237730538
C1 -- Reference PI fixed,8.696,87.3327166918435,0.014214589751556997,1.2413987396635093
C1 -- Reference PI fixed,8.7,86.53188979996438,0.014214589751556997,1.230015313933433
C1 -- Reference PI fixed,8.704,85.73838749306279,0.014214589751556995,1.2187360041739128
C1 -- Reference PI fixed,8.708,84.95214309403273,0.014214589751556997,1.2075598625972412
C1 -- Reference PI fixed,8.712,84.17309052422408,0.014214589751556995,1.196485949922515
C1 -- Reference PI fixed,8.716000000000001,83.40116429809075,0.014214589751556999,1.1855133352995622
C1 -- Reference PI fixed,8.72,82.63629951833612,0.014214589751556997,1.174641096239935
C1 -- Reference PI fixed,8.724,81.87843187070135,0.014214589751556997,1.1638683185428291
C1 -- Reference PI fixed,8.728,81.1274976189366,0.014214589751556997,1.153194096223601
C1 -- Reference PI fixed,8.732,80.38343359997532,0.014214589751556999,1.1426175314451716
C1 -- Reference PI fixed,8.736,79.64617721876537,0.014214589751556997,1.1321377344445547
C1 -- Reference PI fixed,8.74,78.91566644352554,0.014214589751556997,1.1217538234654285
C1 -- Reference PI fixed,8.744,78.19183980079477,0.014214589751556995,1.1114649246877637
C1 -- Reference PI fixed,8.748000000000001,77.4746363706311,0.014214589751556997,1.101270172159578
C1 -- Reference PI fixed,8.752,76.76399578179787,0.014214589751556997,1.0911687077285086
C1 -- Reference PI fixed,8.756,76.059858206952,0.014214589751556997,1.0811596809734183
C1 -- Reference PI fixed,8.76,75.36216435802143,0.014214589751556999,1.0712422491386855
C1 -- Reference PI fixed,8.764,74.67085548142424,0.014214589751556997,1.0614155770662466
C1 -- Reference PI fixed,8.768,73.9858733534657,0.014214589751556997,1.0516788371301675
C1 -- Reference PI fixed,8.772,73.3071602756706,0.014214589751556997,1.0420312091702935
C1 -- Reference PI fixed,8.776,72.63465907023968,0.014214589751556997,1.0324718804276654
C1 -- Reference PI fixed,8.780000000000001,71.96831307552537,0.014214589751556997,1.0230000454802084
C1 -- Reference PI fixed,8.784,71.30806614140916,0.014214589751556995,1.013614906177023
C1 -- Reference PI fixed,8.788,70.65386262499807,0.014214589751556997,1.0043156715772135
C1 -- Reference PI fixed,8.792,70.00564738601405,0.014214589751556997,0.9951015578843482
C1 -- Reference PI fixed,8.796,69.36336578249116,0.014214589751556997,0.9859717883852981
C1 -- Reference PI fixed,8.8,68.72696366640655,0.014214589751556997,0.9769255933881326
C1 -- Reference PI fixed,8.804,68.0963873792287,0.014214589751556997,0.9679622101588395
C1 -- Reference PI fixed,8.808,67.4715837478055,0.014214589751556997,0.9590808828628756
C1 -- Reference PI fixed,8.812000000000001,66.85250007988098,0.014214589751556997,0.9502808625014395
C1 -- Reference PI fixed,8.816,66.239084160065,0.014214589751556997,0.9415614068541814
C1 -- Reference PI fixed,8.82,65.63128424549136,0.014214589751556997,0.9329217804174856
C1 -- Reference PI fixed,8.824,65.02904906173615,0.014214589751556997,0.9243612543464518
C1 -- Reference PI fixed,8.828,64.43232779860365,0.014214589751556997,0.9158791063949925
C1 -- Reference PI fixed,8.832,63.841070106130594,0.014214589751556997,0.9074746208590357
C1 -- Reference PI fixed,8.836,63.255226090405216,0.014214589751556997,0.8991470885170948
C1 -- Reference PI fixed,8.84,62.674746309664535,0.014214589751556997,0.8908958065747922
C1 -- Reference PI fixed,8.844000000000001,62.09958177017156,0.014214589751556997,0.8827200786062563
C1 -- Reference PI fixed,8.848,61.52968392236149,0.014214589751556997,0.874619214499341
C1 -- Reference PI fixed,8.852,60.96500465677949,0.014214589751556997,0.8665925303978823
C1 -- Reference PI fixed,8.856,60.40549630030762,0.014214589751556997,0.8586393486480668
C1 -- Reference PI fixed,8.86,59.85111161221837,0.014214589751556997,0.8507589977423332
C1 -- Reference PI fixed,8.864,59.3018037803708,0.014214589751556997,0.8429508122653027
C1 -- Reference PI fixed,8.868,58.757526417363906,0.014214589751556997,0.8352141328391005
C1 -- Reference PI fixed,8.872,58.21823355681152,0.014214589751556997,0.8275483060704046
C1 -- Reference PI fixed,8.876000000000001,57.68387964958473,0.014214589751556995,0.8199526844970343
C1 -- Reference PI fixed,8.88,57.15441956005856,0.014214589751556997,0.8124266265345971
C1 -- Reference PI fixed,8.884,56.6298085625012,0.014214589751556997,0.8049694964251642
C1 -- Reference PI fixed,8.888,56.11000233738671,0.014214589751556997,0.7975806641848563
C1 -- Reference PI fixed,8.892,55.59495696774868,0.014214589751556997,0.7902595055520126
C1 -- Reference PI fixed,8.896,55.084628935626455,0.014214589751556997,0.7830054019366758
C1 -- Reference PI fixed,8.9,54.57897511854589,0.014214589751556997,0.7758177403705667
C1 -- Reference PI fixed,8.904,54.077952785880825,0.014214589751556997,0.7686959134553647
C1 -- Reference PI fixed,8.908000000000001,53.58151959544499,0.014214589751556997,0.7616393193142628
C1 -- Reference PI fixed,8.912,53.08963358999257,0.014214589751556997,0.7546473615422246
C1 -- Reference PI fixed,8.916,52.60225319379167,0.014214589751556997,0.7477194491572774
C1 -- Reference PI fixed,8.92,52.1193372091728,0.014214589751556997,0.7408549965514509
C1 -- Reference PI fixed,8.924,51.64084481320688,0.014214589751556997,0.7340534234435558
C1 -- Reference PI fixed,8.928,51.166735554263326,0.014214589751556997,0.7273141548302585
C1 -- Reference PI fixed,8.932,50.69696934878152,0.014214589751556997,0.720636620940189
C1 -- Reference PI fixed,8.936,50.231506477953864,0.014214589751556995,0.7140202571867919
C1 -- Reference PI fixed,8.940000000000001,49.770307584370144,0.014214589751556997,0.7074645041206273
C1 -- Reference PI fixed,8.944,49.31333366891007,0.014214589751556997,0.7009688073851996
C1 -- Reference PI fixed,8.948,48.86054608740078,0.014214589751556997,0.6945326176694454
C1 -- Reference PI fixed,8.952,48.411906547524026,0.014214589751556997,0.6881553906637701
C1 -- Reference PI fixed,8.956,47.9673771056549,0.014214589751556997,0.6818365870151119
C1 -- Reference PI fixed,8.96,47.52692016363739,0.014214589751556999,0.6755756722811077
C1 -- Reference PI fixed,8.964,47.090498465774225,0.014214589751556997,0.6693721168873048
C1 -- Reference PI fixed,8.968,46.6580750957582,0.014214589751556997,0.6632253960835413
C1 -- Reference PI fixed,8.972,46.22961347350291,0.014214589751556997,0.6571349898988957
C1 -- Reference PI fixed,8.975999999999999,45.805077352256646,0.014214589751556999,0.6511003831006629
C1 -- Reference PI fixed,8.98,45.384430815551816,0.014214589751556997,0.6451210651509904
C1 -- Reference PI fixed,8.984,44.96763827418624,0.014214589751556997,0.6391965301639699
C1 -- Reference PI fixed,8.988,44.554664463353014,0.014214589751556997,0.6333262768648384
C1 -- Reference PI fixed,8.992,44.14547443962915,0.014214589751556997,0.6275098085471739
C1 -- Reference PI fixed,8.996,43.74003357820098,0.014214589751556997,0.6217466330334546
C1 -- Reference PI fixed,9.0,43.33830756987371,0.014214589751556995,0.6160362626325518
C3 -- IMC PI fixed (k=5),5.0,43.51199062255985,0.02449082932145104,1.0656447357736916
C3 -- IMC PI fixed (k=5),5.004,43.91371598507954,0.02449082932145104,1.0754833230612593
C3 -- IMC PI fixed (k=5),5.008,44.319156188704355,0.024490829321451045,1.085412889888289
C3 -- IMC PI fixed (k=5),5.012,44.72834554238734,0.02449082932145104,1.0954342765094938
C3 -- IMC PI fixed (k=5),5.016,45.14131867074634,0.024490829321451038,1.1055483309104797
C3 -- IMC PI fixed (k=5),5.02,45.55811051693909,0.024490829321451038,1.1157559088781588
C3 -- IMC PI fixed (k=5),5.024,45.97875634555427,0.024490829321451045,1.1260578740715537
C3 -- IMC PI fixed (k=5),5.028,46.40329174553724,0.02449082932145104,1.1364550980934505
C3 -- IMC PI fixed (k=5),5.032,46.83175263312418,0.02449082932145104,1.1469484605622597
C3 -- IMC PI fixed (k=5),5.036,47.26417525484263,0.02449082932145104,1.1575388491855005
C3 -- IMC PI fixed (k=5),5.04,47.70059619047115,0.024490829321451045,1.1682271598322869
C3 -- IMC PI fixed (k=5),5.044,48.141052356104915,0.02449082932145104,1.179014296608404
C3 -- IMC PI fixed (k=5),5.048,48.5855810071602,0.024490829321451045,1.189901171929894
C3 -- IMC PI fixed (k=5),5.052,49.03421974150219,0.02449082932145104,1.2008887065996554
C3 -- IMC PI fixed (k=5),5.056,49.48700650251337,0.02449082932145104,1.2119778298825927
C3 -- IMC PI fixed (k=5),5.06,49.94397958224212,0.02449082932145104,1.2231694795827275
C3 -- IMC PI fixed (k=5),5.064,50.405177624537444,0.02449082932145104,1.2344646021199697
C3 -- IMC PI fixed (k=5),5.068,50.87063962827961,0.02449082932145104,1.2458641526092396
C3 -- IMC PI fixed (k=5),5.072,51.34040495053541,0.02449082932145104,1.2573690949377427
C3 -- IMC PI fixed (k=5),5.076,51.814513309846205,0.02449082932145104,1.2689804018454967
C3 -- IMC PI fixed (k=5),5.08,52.29300478948062,0.02449082932145104,1.2806990550049917
C3 -- IMC PI fixed (k=5),5.084,52.775919840713186,0.024490829321451045,1.2925260451014884
C3 -- IMC PI fixed (k=5),5.088,53.26329928617927,0.02449082932145104,1.3044623719151816
C3 -- IMC PI fixed (k=5),5.092,53.75518432322935,0.02449082932145104,1.3165090444033507
C3 -- IMC PI fixed (k=5),5.096,54.2516165272598,0.02449082932145104,1.3286670807819323
C3 -- IMC PI fixed (k=5),5.1,54.752637855199495,0.02449082932145104,1.34093750861091
C3 -- IMC PI fixed (k=5),5.104,55.258290648877505,0.024490829321451038,1.353321364876793
C3 -- IMC PI fixed (k=5),5.108,55.76861763855874,0.024490829321451045,1.3658196960792062
C3 -- IMC PI fixed (k=5),5.112,56.28366194640898,0.02449082932145104,1.3784335583157512
C3 -- IMC PI fixed (k=5),5.116,56.80346708999863,0.02449082932145104,1.3911640173678177
C3 -- IMC PI fixed (k=5),5.12,57.32807698592059,0.02449082932145104,1.4040121487891866
C3 -- IMC PI fixed (k=5),5.124,57.857535953340296,0.02449082932145104,1.4169790379929743
C3 -- IMC PI fixed (k=5),5.128,58.391888717612076,0.02449082932145104,1.4300657803402002
C3 -- IMC PI fixed (k=5),5.132,58.93118041396095,0.02449082932145104,1.4432734812299561
C3 -- IMC PI fixed (k=5),5.136,59.4754565911326,0.02449082932145104,1.456603256188799
C3 -- IMC PI fixed (k=5),5.14,60.02476321511244,0.02449082932145104,1.4700562309618317
C3 -- IMC PI fixed (k=5),5.144,60.579146672872014,0.02449082932145104,1.4836335416044573
C3 -- IMC PI fixed (k=5),5.148,61.138653776153745,0.02449082932145104,1.4973363345750696
C3 -- IMC PI fixed (k=5),5.152,61.703331765252656,0.02449082932145104,1.5111657668276712
C3 -- IMC PI fixed (k=5),5.156,62.27322831288263,0.02449082932145104,1.525123005906561
C3 -- IMC PI fixed (k=5),5.16,62.84839152800244,0.02449082932145104,1.5392092300400373
C3 -- IMC PI fixed (k=5),5.164,63.42886995977745,0.02449082932145104,1.5534256282374228
C3 -- IMC PI fixed (k=5),5.168,64.01471260144866,0.02449082932145104,1.5677734003838204
C3 -- IMC PI fixed (k=5),5.172,64.60596889435935,0.02449082932145104,1.5822537573387299
C3 -- IMC PI fixed (k=5),5.176,65.20268873191075,0.02449082932145104,1.5968679210329253
C3 -- IMC PI fixed (k=5),5.18,65.80492246359228,0.02449082932145104,1.611617124567158
C3 -- IMC PI fixed (k=5),5.184,66.41272089909857,0.02449082932145104,1.6265026123129878
C3 -- IMC PI fixed (k=5),5.188,67.02613531236854,0.02449082932145104,1.6415256400117004
C3 -- IMC PI fixed (k=5),5.192,67.64521744574228,0.02449082932145104,1.6566874748761165
C3 -- IMC PI fixed (k=5),5.196,68.27001951414424,0.02449082932145104,1.6719893956930385
C3 -- IMC PI fixed (k=5),5.2,68.90059420920676,0.02449082932145104,1.6874326929242407
C3 -- IMC PI fixed (k=5),5.204,69.53699470363087,0.02449082932145104,1.7030186688132687
C3 -- IMC PI fixed (k=5),5.208,70.1792746553159,0.02449082932145104,1.7187486374865764
C3 -- IMC PI fixed (k=5),5.212,70.82748821179025,0.02449082932145104,1.7346239250620408
C3 -- IMC PI fixed (k=5),5.216,71.48169001442503,0.02449082932145104,1.7506458697521545
C3 -- IMC PI fixed (k=5),5.22,72.14193520291902,0.02449082932145104,1.76681582197387
C3 -- IMC PI fixed (k=5),5.224,72.8082794195968,0.02449082932145104,1.7831351444538617
C3 -- IMC PI fixed (k=5),5.228,73.48077881392868,0.02449082932145104,1.799605212339223
C3 -- IMC PI fixed (k=5),5.232,74.1594900469817,0.02449082932145104,1.8162274133064762
C3 -- IMC PI fixed (k=5),5.236,74.84447029593059,0.02449082932145104,1.8330031476720485
C3 -- IMC PI fixed (k=5),5.24,75.53577725859489,0.02449082932145104,1.8499338285033906
C3 -- IMC PI fixed (k=5),5.244,76.23346915803832,0.02449082932145104,1.8670208817316185
C3 -- IMC PI fixed (k=5),5.248,76.93760474715798,0.02449082932145104,1.8842657462639074
C3 -- IMC PI fixed (k=5),5.252,77.64824331339119,0.02449082932145104,1.9016698740987659
C3 -- IMC PI fixed (k=5),5.256,78.36544468336541,0.02449082932145104,1.9192347304399153
C3 -- IMC PI fixed (k=5),5.26,79.08926922764702,0.02449082932145104,1.9369617938125934
C3 -- IMC PI fixed (k=5),5.264,79.81977786541493,0.02449082932145104,1.954852556178013
C3 -- IMC PI fixed (k=5),5.268,80.5570320694783,0.02449082932145104,1.9729085230562509
C3 -- IMC PI fixed (k=5),5.272,81.30109387083563,0.02449082932145104,1.9911312136379047
C3 -- IMC PI fixed (k=5),5.276,82.05202586377186,0.02449082932145104,2.009522160908923
C3 -- IMC PI fixed (k=5),5.28,82.80989121065244,0.024490829321451038,2.0280829117680175
C3 -- IMC PI fixed (k=5),5.284,83.57475364688081,0.02449082932145104,2.046815027148076
C3 -- IMC PI fixed (k=5),5.288,84.34667748596812,0.02449082932145104,2.0657200821403223
C3 -- IMC PI fixed (k=5),5.292,85.12572762440062,0.024490829321451038,2.0847996661135255
C3 -- IMC PI fixed (k=5),5.296,85.91196954685026,0.02449082932145104,2.1040553828416093
C3 -- IMC PI fixed (k=5),5.3,86.70546933116805,0.02449082932145104,2.1234888506259444
C3 -- IMC PI fixed (k=5),5.304,87.50629365361573,0.02449082932145104,2.1431017024234773
C3 -- IMC PI fixed (k=5),5.308,88.31450979393782,0.02449082932145104,2.1628955859709476
C3 -- IMC PI fixed (k=5),5.312,89.1301856405905,0.02449082932145104,2.1828721639129482
C3 -- IMC PI fixed (k=5),5.316,89.95338969603918,0.024490829321451045,2.2030331139316686
C3 -- IMC PI fixed (k=5),5.32,90.78419108203649,0.02449082932145104,2.2233801288761534
C3 -- IMC PI fixed (k=5),5.324,91.62265954489891,0.02449082932145104,2.243914916891536
C3 -- IMC PI fixed (k=5),5.328,92.46886546089979,0.02449082932145104,2.264639201551116
C3 -- IMC PI fixed (k=5),5.332,93.32287984162161,0.02449082932145104,2.285554721987439
C3 -- IMC PI fixed (k=5),5.336,94.18477433948323,0.02449082932145104,2.3066632330276655
C3 -- IMC PI fixed (k=5),5.34,95.05462125314241,0.024490829321451045,2.327966505325884
C3 -- IMC PI fixed (k=5),5.344,95.93249353303071,0.02449082932145104,2.349466325498661
C3 -- IMC PI fixed (k=5),5.348,96.81846478688284,0.02449082932145104,2.3711644962604654
C3 -- IMC PI fixed (k=5),5.352,97.71260928537653,0.02449082932145104,2.3930628365617888
C3 -- IMC PI fixed (k=5),5.356,98.61500196767444,0.02449082932145104,2.4151631817248735
C3 -- IMC PI fixed (k=5),5.36,99.52571844719724,0.024490829321451045,2.437467383585099
C3 -- IMC PI fixed (k=5),5.364,100.44483501718594,0.02449082932145104,2.4599773106272096
C3 -- IMC PI fixed (k=5),5.368,101.372428656627,0.02449082932145104,2.482694848130424
C3 -- IMC PI fixed (k=5),5.372,102.30857703589749,0.02449082932145104,2.505621898306691
C3 -- IMC PI fixed (k=5),5.376,103.25335852251285,0.02449082932145104,2.5287603804414545
C3 -- IMC PI fixed (k=5),5.38,104.20685218719312,0.02449082932145104,2.5521122310422237
C3 -- IMC PI fixed (k=5),5.384,105.16913780957908,0.02449082932145104,2.575679403978565
C3 -- IMC PI fixed (k=5),5.388,106.14029588420985,0.02449082932145104,2.599463870628496
C3 -- IMC PI fixed (k=5),5.392,107.120407626554,0.02449082932145104,2.6234676200261964
C3 -- IMC PI fixed (k=5),5.396,108.10955497883454,0.02449082932145104,2.6476926590046643
C3 -- IMC PI fixed (k=5),5.4,109.1078206163543,0.024490829321451045,2.6721410123506306
C3 -- IMC PI fixed (k=5),5.404,110.11528795326254,0.024490829321451038,2.6968147229457866
C3 -- IMC PI fixed (k=5),5.408,111.13204114884277,0.02449082932145104,2.7217158519207825
C3 -- IMC PI fixed (k=5),5.412,112.1581651136454,0.02449082932145104,2.746846478805414
C3 -- IMC PI fixed (k=5),5.416,113.19374551564162,0.02449082932145104,2.772208701679343
C3 -- IMC PI fixed (k=5),5.42,114.23886878645847,0.02449082932145104,2.7978046373247953
C3 -- IMC PI fixed (k=5),5.424,115.29362212767958,0.02449082932145104,2.8236364213808716
C3 -- IMC PI fixed (k=5),5.428,116.3580935169764,0.02449082932145104,2.849706208493708
C3 -- IMC PI fixed (k=5),5.432,117.43237171465769,0.02449082932145104,2.8760161724768767
C3 -- IMC PI fixed (k=5),5.436,118.51654626981434,0.02449082932145104,2.9025685064618783
C3 -- IMC PI fixed (k=5),5.44,119.61070752700331,0.024490829321451038,2.9293654230618373
C3 -- IMC PI fixed (k=5),5.444,120.71494663232806,0.02449082932145104,2.9564091545204176
C3 -- IMC PI fixed (k=5),5.448,121.8293555400374,0.02449082932145104,2.9837019528734317
C3 -- IMC PI fixed (k=5),5.452,122.95402701927233,0.02449082932145104,3.0112460901140783
C3 -- IMC PI fixed (k=5),5.456,124.08905466021353,0.02449082932145104,3.0390438583434984
C3 -- IMC PI fixed (k=5),5.46,125.23453288081879,0.02449082932145104,3.067097569935781
C3 -- IMC PI fixed (k=5),5.464,126.3905569334613,0.02449082932145104,3.0954095577005414
C3 -- IMC PI fixed (k=5),5.468,127.55722291147433,0.02449082932145104,3.123982175043202
C3 -- IMC PI fixed (k=5),5.472,128.73462775582286,0.02449082932145104,3.1528177961283914
C3 -- IMC PI fixed (k=5),5.476,129.92286926188692,0.02449082932145104,3.1819188160460703
C3 -- IMC PI fixed (k=5),5.48,131.1220460859269,0.02449082932145104,3.2112876509698736
C3 -- IMC PI fixed (k=5),5.484,132.33225775218975,0.02449082932145104,3.2409267383311455
C3 -- IMC PI fixed (k=5),5.488,133.55360465936903,0.02449082932145104,3.2708385369771555
C3 -- IMC PI fixed (k=5),5.492,134.7861880875459,0.02449082932145104,3.3010255273410842
C3 -- IMC PI fixed (k=5),5.496,136.03011020507898,0.02449082932145104,3.331490211610765
C3 -- IMC PI fixed (k=5),5.5,137.28547407525133,0.02449082932145104,3.362235113891472
C3 -- IMC PI fixed (k=5),5.504,138.5523836634014,0.02449082932145104,3.3932627803805655
C3 -- IMC PI fixed (k=5),5.508,139.83094384363255,0.02449082932145104,3.42457577953181
C3 -- IMC PI fixed (k=5),5.5120000000000005,141.12126040589607,0.02449082932145104,3.456176702228847
C3 -- IMC PI fixed (k=5),5.516,142.42344006274902,0.02449082932145104,3.488068161950699
C3 -- IMC PI fixed (k=5),5.52,143.73759045666148,0.02449082932145104,3.5202527949507263
C3 -- IMC PI fixed (k=5),5.524,145.0638201665328,0.02449082932145104,3.5527332604162223
C3 -- IMC PI fixed (k=5),5.5280000000000005,146.40223871525257,0.02449082932145104,3.5855122406535824
C3 -- IMC PI fixed (k=5),5.532,147.75295657618256,0.02449082932145104,3.618592441247054
C3 -- IMC PI fixed (k=5),5.536,149.11608518078248,0.02449082932145104,3.6519765912454987
C3 -- IMC PI fixed (k=5),5.54,150.4917369251467,0.02449082932145104,3.6856674433224796
C3 -- IMC PI fixed (k=5),5.5440000000000005,151.88002517750897,0.02449082932145104,3.719667773960059
C3 -- IMC PI fixed (k=5),5.548,153.28106428504117,0.02449082932145104,3.7539803836153083
C3 -- IMC PI fixed (k=5),5.552,154.6949695812605,0.02449082932145104,3.7886080969017115
C3 -- IMC PI fixed (k=5),5.556,156.12185739279977,0.02449082932145104,3.8235537627549787
C3 -- IMC PI fixed (k=5),5.5600000000000005,157.56184504683958,0.02449082932145104,3.8588202546150643
C3 -- IMC PI fixed (k=5),5.564,159.01505087823568,0.02449082932145104,3.894410470600724
C3 -- IMC PI fixed (k=5),5.568,160.4815942364644,0.02449082932145104,3.9303273336796107
C3 -- IMC PI fixed (k=5),5.572,161.96159549298324,0.02449082932145104,3.9665737918485466
C3 -- IMC PI fixed (k=5),5.5760000000000005,163.45517604837943,0.024490829321451038,4.0031528183085925
C3 -- IMC PI fixed (k=5),5.58,164.96245833936,0.02449082932145104,4.040067411636244
C3 -- IMC PI fixed (k=5),5.584,166.48356584617864,0.024490829321451038,4.0773205959653165
C3 -- IMC PI fixed (k=5),5.588,168.01862309956425,0.02449082932145104,4.114915421156639
C3 -- IMC PI fixed (k=5),5.5920000000000005,169.56775568818293,0.02449082932145104,4.152854962980797
C3 -- IMC PI fixed (k=5),5.596,171.1310902653933,0.02449082932145104,4.19114232328358
C3 -- IMC PI fixed (k=5),5.6,172.70875455686374,0.024490829321451045,4.22978063017253
C3 -- IMC PI fixed (k=5),5.604,174.30087736737315,0.02449082932145104,4.268773038183505
C3 -- IMC PI fixed (k=5),5.608,175.90758858806305,0.02449082932145104,4.308122728458281
C3 -- IMC PI fixed (k=5),5.612,177.52901920369945,0.024490829321451045,4.347832908922408
C3 -- IMC PI fixed (k=5),5.616,179.16530129948327,0.024490829321451045,4.387906814451996
C3 -- IMC PI fixed (k=5),5.62,180.816568068544,0.02449082932145104,4.428347707057245
C3 -- IMC PI fixed (k=5),5.624,182.4829538184592,0.02449082932145104,4.469158876042117
C3 -- IMC PI fixed (k=5),5.628,184.16459397909674,0.024490829321451038,4.510343638196388
C3 -- IMC PI fixed (k=5),5.632,185.86162510887735,0.02449082932145104,4.551905337949035
C3 -- IMC PI fixed (k=5),5.636,187.57418490226883,0.02449082932145104,4.5938473475517645
C3 -- IMC PI fixed (k=5),5.64,189.30241219645387,0.02449082932145104,4.636173067242324
C3 -- IMC PI fixed (k=5),5.644,191.04644697845362,0.024490829321451038,4.678885925418953
C3 -- IMC PI fixed (k=5),5.648,192.80643039206012,0.02449082932145104,4.721989378810175
C3 -- IMC PI fixed (k=5),5.652,194.5825047446097,0.024490829321451045,4.765486912640674
C3 -- IMC PI fixed (k=5),5.656,196.37481351376496,0.02449082932145104,4.809382040797395
C3 -- IMC PI fixed (k=5),5.66,198.18350135436708,0.02449082932145104,4.853678305997366
C3 -- IMC PI fixed (k=5),5.664,200.0087141053086,0.02449082932145104,4.898379279956011
C3 -- IMC PI fixed (k=5),5.668,201.8505987958441,0.02449082932145104,4.943488563541709
C3 -- IMC PI fixed (k=5),5.672,203.70930365259105,0.02449082932145104,4.989009786947251
C3 -- IMC PI fixed (k=5),5.676,205.58497810589935,0.02449082932145104,5.03494660984583
C3 -- IMC PI fixed (k=5),5.68,207.47777279653752,0.02449082932145104,5.081302721554798
C3 -- IMC PI fixed (k=5),5.684,209.38783958162438,0.024490829321451045,5.128081841180934
C3 -- IMC PI fixed (k=5),5.688,211.31533154177026,0.02449082932145104,5.175287717795335
C3 -- IMC PI fixed (k=5),5.692,213.26040298669832,0.02449082932145104,5.222924130571097
C3 -- IMC PI fixed (k=5),5.696,215.22320946194802,0.02449082932145104,5.270994888947476
C3 -- IMC PI fixed (k=5),5.7,217.20390775448288,0.02449082932145104,5.319503832767237
C3 -- IMC PI fixed (k=5),5.704,219.20265589920328,0.02449082932145104,5.368454832436151
C3 -- IMC PI fixed (k=5),5.708,221.2196131846999,0.024490829321451045,5.417851789063906
C3 -- IMC PI fixed (k=5),5.712,223.25494015918207,0.024490829321451038,5.4676986346092935
C3 -- IMC PI fixed (k=5),5.716,225.30879863596778,0.02449082932145104,5.517999332014668
C3 -- IMC PI fixed (k=5),5.72,227.38135169963167,0.02449082932145104,5.568757875356511
C3 -- IMC PI fixed (k=5),5.724,229.472763710734,0.02449082932145104,5.619978289961251
C3 -- IMC PI fixed (k=5),5.728,231.58320031210062,0.02449082932145104,5.671664632559064
C3 -- IMC PI fixed (k=5),5.732,233.71282843374672,0.02449082932145104,5.723820991404461
C3 -- IMC PI fixed (k=5),5.736,235.8618162976848,0.02449082932145104,5.776451486394039
C3 -- IMC PI fixed (k=5),5.74,238.030333423604,0.02449082932145104,5.829560269205569
C3 -- IMC PI fixed (k=5),5.744,240.21855063307194,0.02449082932145104,5.88315152340091
C3 -- IMC PI fixed (k=5),5.748,242.42664005496627,0.02449082932145104,5.937229464559025
C3 -- IMC PI fixed (k=5),5.752,244.65477512927112,0.02449082932145104,5.991798340368964
C3 -- IMC PI fixed (k=5),5.756,246.90313061212944,0.02449082932145104,6.046862430753596
C3 -- IMC PI fixed (k=5),5.76,249.17188257986916,0.02449082932145104,6.1024260479682155
C3 -- IMC PI fixed (k=5),5.764,251.46120843298252,0.02449082932145104,6.158493536698
C3 -- IMC PI fixed (k=5),5.768,253.77128690006728,0.02449082932145104,6.215069274154533
C3 -- IMC PI fixed (k=5),5.772,256.1022980414307,0.02449082932145104,6.272157670164065
C3 -- IMC PI fixed (k=5),5.776,258.4544232530656,0.02449082932145104,6.329763167264897
C3 -- IMC PI fixed (k=5),5.78,260.8278452691243,0.02449082932145104,6.387890240767964
C3 -- IMC PI fixed (k=5),5.784,263.2227481657854,0.02449082932145104,6.44654339885154
C3 -- IMC PI fixed (k=5),5.788,265.63931736324736,0.02449082932145104,6.505727182610057
C3 -- IMC PI fixed (k=5),5.792,268.07773962949614,0.02449082932145104,6.565446166146382
C3 -- IMC PI fixed (k=5),5.796,270.53820308157367,0.02449082932145104,6.625704956602881
C3 -- IMC PI fixed (k=5),5.8,273.020897188529,0.02449082932145104,6.686508194233696
C3 -- IMC PI fixed (k=5),5.804,275.5260127728074,0.02449082932145104,6.747860552438766
C3 -- IMC PI fixed (k=5),5.808,278.053742011732,0.02449082932145104,6.80976673780011
C3 -- IMC PI fixed (k=5),5.812,280.60427843986207,0.02449082932145104,6.872231490139586
C3 -- IMC PI fixed (k=5),5.816,283.1778169481768,0.02449082932145104,6.9352595824989045
C3 -- IMC PI fixed (k=5),5.82,285.77455378706486,0.02449082932145104,6.998855821212836
C3 -- IMC PI fixed (k=5),5.824,288.39468656482404,0.02449082932145104,7.063025045872475
C3 -- IMC PI fixed (k=5),5.828,291.03841424888356,0.02449082932145104,7.127772129355172
C3 -- IMC PI fixed (k=5),5.832,293.70593716481676,0.02449082932145104,7.193101977800351
C3 -- IMC PI fixed (k=5),5.836,296.3974569973274,0.02449082932145104,7.259019530633671
C3 -- IMC PI fixed (k=5),5.84,299.1131767867068,0.02449082932145104,7.325529760480248
C3 -- IMC PI fixed (k=5),5.844,301.85330093029086,0.02449082932145104,7.392637673200352
C3 -- IMC PI fixed (k=5),5.848,304.618035179041,0.02449082932145104,7.460348307805662
C3 -- IMC PI fixed (k=5),5.852,307.4075866361114,0.02449082932145104,7.528666736424178
C3 -- IMC PI fixed (k=5),5.856,310.2221637539012,0.02449082932145104,7.5975980642280305
C3 -- IMC PI fixed (k=5),5.86,313.0619763323733,0.02449082932145104,7.6671474293923
C3 -- IMC PI fixed (k=5),5.864,315.9272355141092,0.02449082932145104,7.737320002973915
C3 -- IMC PI fixed (k=5),5.868,318.81815378214174,0.02449082932145104,7.808120988858564
C3 -- IMC PI fixed (k=5),5.872,321.7349449536094,0.02449082932145104,7.8795556236052935
C3 -- IMC PI fixed (k=5),5.876,324.67782417772366,0.02449082932145104,7.951629176396721
C3 -- IMC PI fixed (k=5),5.88,327.6470079286566,0.024490829321451038,8.024346948864844
C3 -- IMC PI fixed (k=5),5.884,330.642714000146,0.02449082932145104,8.097714274958927
C3 -- IMC PI fixed (k=5),5.888,333.6651614994649,0.02449082932145104,8.171736520797792
C3 -- IMC PI fixed (k=5),5.892,336.71457084125535,0.02449082932145104,8.24641908451882
C3 -- IMC PI fixed (k=5),5.896,339.79116373870727,0.024490829321451045,8.321767396061905
C3 -- IMC PI fixed (k=5),5.9,342.8951631969869,0.024490829321451038,8.397786917008506
C3 -- IMC PI fixed (k=5),5.904,346.0267935045409,0.024490829321451038,8.474483140368694
C3 -- IMC PI fixed (k=5),5.908,349.1862802226323,0.02449082932145104,8.551861590324863
C3 -- IMC PI fixed (k=5),5.912,352.3738501778324,0.02449082932145104,8.629927822047854
C3 -- IMC PI fixed (k=5),5.916,355.589731448947,0.02449082932145104,8.708687421376773
C3 -- IMC PI fixed (k=5),5.92,358.8341533588714,0.02449082932145104,8.788146004619508
C3 -- IMC PI fixed (k=5),5.924,362.1073464598985,0.024490829321451038,8.868309218192913
C3 -- IMC PI fixed (k=5),5.928,365.4095425232557,0.024490829321451045,8.949182738366563
C3 -- IMC PI fixed (k=5),5.932,368.7409745255752,0.024490829321451038,9.030772270931388
C3 -- IMC PI fixed (k=5),5.936,372.101876633271,0.02449082932145104,9.113083550817072
C3 -- IMC PI fixed (k=5),5.94,375.4924841910659,0.02449082932145104,9.196122341811048
C3 -- IMC PI fixed (k=5),5.944,378.9130337017261,0.02449082932145104,9.2798944360622
C3 -- IMC PI fixed (k=5),5.948,382.3637628145687,0.02449082932145104,9.364405653799391
C3 -- IMC PI fixed (k=5),5.952,385.84491030476795,0.024490829321451045,9.449661842824659
C3 -- IMC PI fixed (k=5),5.956,389.35671605687935,0.02449082932145104,9.535668878109709
C3 -- IMC PI fixed (k=5),5.96,392.8994210454617,0.02449082932145104,9.622432661321332
C3 -- IMC PI fixed (k=5),5.964,396.47326731472174,0.02449082932145104,9.709959120322884
C3 -- IMC PI fixed (k=5),5.968,400.07849795815963,0.02449082932145104,9.798254208675786
C3 -- IMC PI fixed (k=5),5.972,403.71535709523647,0.02449082932145104,9.887323905068095
C3 -- IMC PI fixed (k=5),5.976,407.38408985232996,0.024490829321451045,9.97717421284809
C3 -- IMC PI fixed (k=5),5.98,411.08494233351473,0.024490829321451038,10.067811159308652
C3 -- IMC PI fixed (k=5),5.984,414.8181615993896,0.02449082932145104,10.159240795168747
C3 -- IMC PI fixed (k=5),5.988,418.58399564054264,0.02449082932145104,10.251469193923537
C3 -- IMC PI fixed (k=5),5.992,422.3826933481341,0.02449082932145104,10.344502451123947
C3 -- IMC PI fixed (k=5),5.996,426.2145044881782,0.02449082932145104,10.4383466837468
C3 -- IMC PI fixed (k=5),6.0,430.07967967084267,0.02449082932145104,10.533008029442945
C3 -- IMC PI fixed (k=5),6.004,433.97847031836693,0.02449082932145104,10.628492645751532
C3 -- IMC PI fixed (k=5),6.008,437.9111286366516,0.02449082932145104,10.724806709404225
C3 -- IMC PI fixed (k=5),6.0120000000000005,441.87790757827963,0.02449082932145104,10.821956415419564
C3 -- IMC PI fixed (k=5),6.016,445.87906080998664,0.024490829321451045,10.919947976306274
C3 -- IMC PI fixed (k=5),6.02,449.91484267548094,0.02449082932145104,11.0187876211527
C3 -- IMC PI fixed (k=5),6.024,453.98550815894663,0.024490829321451045,11.118481594732982
C3 -- IMC PI fixed (k=5),6.0280000000000005,458.0913128461755,0.02449082932145104,11.219036156555118
C3 -- IMC PI fixed (k=5),6.032,462.2325128845045,0.02449082932145104,11.32045757987982
C3 -- IMC PI fixed (k=5),6.036,466.40936494053,0.02449082932145104,11.422752150684891
C3 -- IMC PI fixed (k=5),6.04,470.6221261568499,0.02449082932145104,11.52592616660581
C3 -- IMC PI fixed (k=5),6.0440000000000005,474.87105410751434,0.02449082932145104,11.629985935844676
C3 -- IMC PI fixed (k=5),6.048,479.1564067514605,0.02449082932145104,11.73493777602979
C3 -- IMC PI fixed (k=5),6.052,483.4784423842035,0.02449082932145104,11.84078801303253
C3 -- IMC PI fixed (k=5),6.056,487.8374195899489,0.02449082932145104,11.947542979794536
C3 -- IMC PI fixed (k=5),6.0600000000000005,492.23359718567565,0.02449082932145104,12.055209014958265
C3 -- IMC PI fixed (k=5),6.064,496.667234172085,0.02449082932145104,12.16379246166569
C3 -- IMC PI fixed (k=5),6.068,501.13858967684644,0.02449082932145104,12.273299666168333
C3 -- IMC PI fixed (k=5),6.072,505.64792289649296,0.02449082932145104,12.383736976404245
C3 -- IMC PI fixed (k=5),6.0760000000000005,510.19549303982154,0.02449082932145104,12.495110740611832
C3 -- IMC PI fixed (k=5),6.08,514.7815592645412,0.02449082932145104,12.607427305778312
C3 -- IMC PI fixed (k=5),6.084,519.4063806161387,0.02449082932145104,12.720693016142489
C3 -- IMC PI fixed (k=5),6.088,524.0702159617829,0.02449082932145104,12.834914211576011
C3 -- IMC PI fixed (k=5),6.0920000000000005,528.7733239227483,0.02449082932145104,12.950097225928374
C3 -- IMC PI fixed (k=5),6.096,533.5159628084751,0.02449082932145104,13.066248385411987
C3 -- IMC PI fixed (k=5),6.1,538.2983905401203,0.02449082932145104,13.183374006729881
C3 -- IMC PI fixed (k=5),6.104,543.1208645807641,0.02449082932145104,13.301480395366417
C3 -- IMC PI fixed (k=5),6.1080000000000005,547.9836418584817,0.02449082932145104,13.420573843703231
C3 -- IMC PI fixed (k=5),6.112,552.8869786858605,0.02449082932145104,13.54066062904815
C3 -- IMC PI fixed (k=5),6.116,557.8311306820149,0.02449082932145104,13.661747011725277
C3 -- IMC PI fixed (k=5),6.12,562.816352688366,0.02449082932145104,13.783839233012365
C3 -- IMC PI fixed (k=5),6.1240000000000006,567.8428986816282,0.02449082932145104,13.906943513009773
C3 -- IMC PI fixed (k=5),6.128,572.911021688979,0.02449082932145104,14.03106604856292
C3 -- IMC PI fixed (k=5),6.132,578.0209736910139,0.02449082932145104,14.156213010885564
C3 -- IMC PI fixed (k=5),6.136,583.1730055342754,0.02449082932145104,14.282390543417561
C3 -- IMC PI fixed (k=5),6.140000000000001,588.3673668324566,0.02449082932145104,14.40960475940527
C3 -- IMC PI fixed (k=5),6.144,593.6043058654272,0.02449082932145104,14.537861739428598
C3 -- IMC PI fixed (k=5),6.148,598.8840694805273,0.02449082932145104,14.66716752898362
C3 -- IMC PI fixed (k=5),6.152,604.2069029843582,0.02449082932145104,14.797528135832444
C3 -- IMC PI fixed (k=5),6.156000000000001,609.5730500373123,0.02449082932145104,14.928949527420151
C3 -- IMC PI fixed (k=5),6.16,614.9827525410435,0.02449082932145104,15.061437628118858
C3 -- IMC PI fixed (k=5),6.164,620.4362505259866,0.02449082932145104,15.194998316472976
C3 -- IMC PI fixed (k=5),6.168,625.9337820326484,0.02449082932145104,15.329637422291931
C3 -- IMC PI fixed (k=5),6.172000000000001,631.475582991112,0.02449082932145104,15.465360723699115
C3 -- IMC PI fixed (k=5),6.176,637.0618870982416,0.02449082932145104,15.60217394412455
C3 -- IMC PI fixed (k=5),6.18,642.6929256907569,0.02449082932145104,15.740082749196343
C3 -- IMC PI fixed (k=5),6.184,648.3689276133631,0.02449082932145104,15.879092743511121
C3 -- IMC PI fixed (k=5),6.188000000000001,654.0901190869068,0.024490829321451045,16.019209467405023
C3 -- IMC PI fixed (k=5),6.192,659.8567235676326,0.02449082932145104,16.16043839350679
C3 -- IMC PI fixed (k=5),6.196,665.668961611651,0.02449082932145104,16.30278492341849
C3 -- IMC PI fixed (k=5),6.2,671.5270507250597,0.02449082932145104,16.44625438404483
C3 -- IMC PI fixed (k=5),6.204,677.4312074858076,0.02449082932145104,16.5908520795594
C3 -- IMC PI fixed (k=5),6.208,683.3816382875415,0.02449082932145104,16.73658306471377
C3 -- IMC PI fixed (k=5),6.212,689.3785528868781,0.024490829321451045,16.883452476621443
C3 -- IMC PI fixed (k=5),6.216,695.4221550741811,0.024490829321451045,17.03146530627743
C3 -- IMC PI fixed (k=5),6.22,701.5126448136607,0.02449082932145104,17.180626450971072
C3 -- IMC PI fixed (k=5),6.224,707.6502180720737,0.024490829321451038,17.330940710090765
C3 -- IMC PI fixed (k=5),6.228,713.8350666480061,0.024490829321451045,17.482412780942948
C3 -- IMC PI fixed (k=5),6.232,720.067377999111,0.02449082932145104,17.635047254520998
C3 -- IMC PI fixed (k=5),6.236,726.3473350539608,0.02449082932145104,17.788848610897368
C3 -- IMC PI fixed (k=5),6.24,732.6751160346005,0.02449082932145104,17.943821214877737
C3 -- IMC PI fixed (k=5),6.244,739.0508942652496,0.02449082932145104,18.099969311315988
C3 -- IMC PI fixed (k=5),6.248,745.4748379809563,0.02449082932145104,18.25729702042797
C3 -- IMC PI fixed (k=5),6.252,751.9471101222578,0.02449082932145104,18.415808332762566
C3 -- IMC PI fixed (k=5),6.256,758.46786814741,0.024490829321451045,18.57550710460305
C3 -- IMC PI fixed (k=5),6.26,765.0372638086673,0.02449082932145104,18.736397052487984
C3 -- IMC PI fixed (k=5),6.264,771.6554429573881,0.024490829321451045,18.898481748438094
C3 -- IMC PI fixed (k=5),6.268,778.3225453140225,0.024490829321451038,19.061764614323067
C3 -- IMC PI fixed (k=5),6.272,785.0387042609053,0.024490829321451038,19.22624891678691
C3 -- IMC PI fixed (k=5),6.276,791.8040466022148,0.02449082932145104,19.39193776136911
C3 -- IMC PI fixed (k=5),6.28,798.6186923503644,0.02449082932145104,19.558834087273194
C3 -- IMC PI fixed (k=5),6.284,805.4827544768887,0.02449082932145104,19.726940661265736
C3 -- IMC PI fixed (k=5),6.288,812.3963386790355,0.02449082932145104,19.896260071959993
C3 -- IMC PI fixed (k=5),6.292,819.359543139549,0.02449082932145104,20.066794723932798
C3 -- IMC PI fixed (k=5),6.296,826.3724582652327,0.02449082932145104,20.238546831321738
C3 -- IMC PI fixed (k=5),6.3,833.4351664444529,0.02449082932145104,20.411518411886235
C3 -- IMC PI fixed (k=5),6.304,840.5477417835665,0.024490829321451038,20.585711280552427
C3 -- IMC PI fixed (k=5),6.308,847.7102498373337,0.02449082932145104,20.76112704281076
C3 -- IMC PI fixed (k=5),6.312,854.9227473471494,0.02449082932145104,20.937767088305048
C3 -- IMC PI fixed (k=5),6.316,862.185281963435,0.02449082932145104,21.11563258403363
C3 -- IMC PI fixed (k=5),6.32,869.4978919631268,0.02449082932145104,21.294724467430417
C3 -- IMC PI fixed (k=5),6.324,876.860605972403,0.02449082932145104,21.475043439574257
C3 -- IMC PI fixed (k=5),6.328,884.2734426672374,0.02449082932145104,21.656589957855235
C3 -- IMC PI fixed (k=5),6.332,891.7364104881277,0.024490829321451045,21.839364228988142
C3 -- IMC PI fixed (k=5),6.336,899.2495073322993,0.024490829321451045,22.023366201474282
C3 -- IMC PI fixed (k=5),6.34,906.812720252526,0.02449082932145104,22.208595558225344
C3 -- IMC PI fixed (k=5),6.344,914.4260251529444,0.02449082932145104,22.39505170911366
C3 -- IMC PI fixed (k=5),6.348,922.0893864611706,0.02449082932145104,22.58273378294204
C3 -- IMC PI fixed (k=5),6.352,929.8027568159374,0.02449082932145104,22.77164061979377
C3 -- IMC PI fixed (k=5),6.356,937.5660767471683,0.024490829321451038,22.961770763197364
C3 -- IMC PI fixed (k=5),6.36,945.3792743327751,0.02449082932145104,23.153122451721238
C3 -- IMC PI fixed (k=5),6.364,953.2422648798722,0.02449082932145104,23.345693611166375
C3 -- IMC PI fixed (k=5),6.368,961.1549505726531,0.024490829321451038,23.539481845942557
C3 -- IMC PI fixed (k=5),6.372,969.1172201323345,0.02449082932145104,23.734484430740103
C3 -- IMC PI fixed (k=5),6.376,977.128948471932,0.02449082932145104,23.930698302075015
C3 -- IMC PI fixed (k=5),6.38,985.1899963361996,0.02449082932145104,24.12812004947084
C3 -- IMC PI fixed (k=5),6.384,993.3002099495945,0.02449082932145104,24.326745906837004
C3 -- IMC PI fixed (k=5),6.388,1001.4594206509054,0.02449082932145104,24.526571743520567
C3 -- IMC PI fixed (k=5),6.392,1009.6674445252506,0.02449082932145104,24.72759305529355
C3 -- IMC PI fixed (k=5),6.396,1017.9240820366754,0.02449082932145104,24.929804955354946
C3 -- IMC PI fixed (k=5),6.4,1026.2291176500719,0.02449082932145104,25.13320216507121
C3 -- IMC PI fixed (k=5),6.404,1034.5823194554343,0.02449082932145104,25.33777900477398
C3 -- IMC PI fixed (k=5),6.408,1042.983438783006,0.02449082932145104,25.543529384334683
C3 -- IMC PI fixed (k=5),6.412,1051.4322098166779,0.02449082932145104,25.75044679369636
C3 -- IMC PI fixed (k=5),6.416,1059.9283492059878,0.02449082932145104,25.958524293371205
C3 -- IMC PI fixed (k=5),6.42,1068.4715556739295,0.02449082932145104,26.167754504835482
C3 -- IMC PI fixed (k=5),6.424,1077.061509619035,0.02449082932145104,26.378129600784185
C3 -- IMC PI fixed (k=5),6.428,1085.6978727100716,0.02449082932145104,26.589641295204842
C3 -- IMC PI fixed (k=5),6.432,1094.3802875028791,0.02449082932145104,26.80228083399353
C3 -- IMC PI fixed (k=5),6.436,1103.1083770166276,0.02449082932145104,27.016038984577094
C3 -- IMC PI fixed (k=5),6.44,1111.881744340745,0.02449082932145104,27.230906026286448
C3 -- IMC PI fixed (k=5),6.444,1120.6999722209048,0.02449082932145104,27.4468717402171
C3 -- IMC PI fixed (k=5),6.448,1129.562622648641,0.02449082932145104,27.663925399178478
C3 -- IMC PI fixed (k=5),6.452,1138.4692364571613,0.02449082932145104,27.882055757795026
C3 -- IMC PI fixed (k=5),6.4559999999999995,1147.4193329028953,0.02449082932145104,28.101251042258024
C3 -- IMC PI fixed (k=5),6.46,1156.412409257203,0.02449082932145104,28.32149894032615
C3 -- IMC PI fixed (k=5),6.464,1165.4479403857715,0.02449082932145104,28.54278659102458
C3 -- IMC PI fixed (k=5),6.468,1174.525378346484,0.02449082932145104,28.765100574796453
C3 -- IMC PI fixed (k=5),6.4719999999999995,1183.6441519739979,0.02449082932145104,28.98842690332884
C3 -- IMC PI fixed (k=5),6.476,1192.803666455873,0.02449082932145104,29.212751009171804
C3 -- IMC PI fixed (k=5),6.48,1202.0033029441156,0.02449082932145104,29.438057736224746
C3 -- IMC PI fixed (k=5),6.484,1211.2424181257118,0.02449082932145104,29.664331329218445
C3 -- IMC PI fixed (k=5),6.4879999999999995,1220.5203438217843,0.02449082932145104,29.891555423898062
C3 -- IMC PI fixed (k=5),6.492,1229.8363865942003,0.02449082932145104,30.11971303738864
C3 -- IMC PI fixed (k=5),6.496,1239.1898273282525,0.02449082932145104,30.34878655797462
C3 -- IMC PI fixed (k=5),6.5,1248.5799208365365,0.02449082932145104,30.57875773539847
C3 -- IMC PI fixed (k=5),6.504,1258.0058954819212,0.02449082932145104,30.80960767162691
C3 -- IMC PI fixed (k=5),6.508,1267.4669527608564,0.02449082932145104,31.041316810645785
C3 -- IMC PI fixed (k=5),6.5120000000000005,1276.962266947312,0.02449082932145104,31.27386492973982
C3 -- IMC PI fixed (k=5),6.516,1286.4909846851456,0.02449082932145104,31.507231129509385
C3 -- IMC PI fixed (k=5),6.52,1296.0522246412716,0.02449082932145104,31.741393825376306
C3 -- IMC PI fixed (k=5),6.524,1305.6450771265427,0.02449082932145104,31.976330738298937
C3 -- IMC PI fixed (k=5),6.5280000000000005,1315.2686037303133,0.024490829321451045,32.21201888582233
C3 -- IMC PI fixed (k=5),6.532,1324.9218369876285,0.02449082932145104,32.448434573927386
C3 -- IMC PI fixed (k=5),6.536,1334.6037800276172,0.02449082932145104,32.68555338841976
C3 -- IMC PI fixed (k=5),6.54,1344.3134062379952,0.024490829321451038,32.923350186713215
C3 -- IMC PI fixed (k=5),6.5440000000000005,1354.0496589514744,0.02449082932145104,33.16179909014955
C3 -- IMC PI fixed (k=5),6.548,1363.8114511232395,0.024490829321451038,33.400873476099726
C3 -- IMC PI fixed (k=5),6.552,1373.5976650501968,0.02449082932145104,33.640545971088045
C3 -- IMC PI fixed (k=5),6.556,1383.4071520570346,0.02449082932145104,33.880788443103505
C3 -- IMC PI fixed (k=5),6.5600000000000005,1393.2387322443117,0.02449082932145104,34.121571995430266
C3 -- IMC PI fixed (k=5),6.564,1403.0911942210068,0.02449082932145104,34.36286696009759
C3 -- IMC PI fixed (k=5),6.568,1412.963294856688,0.024490829321451045,34.60464289181025
C3 -- IMC PI fixed (k=5),6.572,1422.8537590446701,0.024490829321451045,34.846868562148046
C3 -- IMC PI fixed (k=5),6.5760000000000005,1432.7612795087718,0.02449082932145104,35.08951195483314
C3 -- IMC PI fixed (k=5),6.58,1442.6845165790867,0.02449082932145104,35.33254026023852
C3 -- IMC PI fixed (k=5),6.584,1452.6220980399899,0.02449082932145104,35.57591987166551
C3 -- IMC PI fixed (k=5),6.588,1462.5726189508619,0.02449082932145104,35.81961638095321
C3 -- IMC PI fixed (k=5),6.5920000000000005,1472.5346415089964,0.024490829321451045,36.06359457512093
C3 -- IMC PI fixed (k=5),6.596,1482.5066949389366,0.024490829321451045,36.307818433657985
C3 -- IMC PI fixed (k=5),6.6,1492.487275386124,0.02449082932145104,36.552251125919064
C3 -- IMC PI fixed (k=5),6.604,1502.4748458434797,0.024490829321451038,36.79685500932612
C3 -- IMC PI fixed (k=5),6.6080000000000005,1512.4678361018991,0.02449082932145104,37.041591628156
C3 -- IMC PI fixed (k=5),6.612,1522.464642714996,0.024490829321451038,37.286421712676905
C3 -- IMC PI fixed (k=5),6.616,1532.463628999799,0.02449082932145104,37.53130517916555
C3 -- IMC PI fixed (k=5),6.62,1542.4631250641194,0.02449082932145104,37.77620113057734
C3 -- IMC PI fixed (k=5),6.6240000000000006,1552.4614278480485,0.024490829321451038,38.021067857562734
C3 -- IMC PI fixed (k=5),6.628,1562.456801209709,0.02449082932145104,38.265862840567344
C3 -- IMC PI fixed (k=5),6.632,1572.447476024173,0.02449082932145104,38.5105427522545
C3 -- IMC PI fixed (k=5),6.636,1582.4316503259226,0.024490829321451038,38.755063460994265
C3 -- IMC PI fixed (k=5),6.640000000000001,1592.4074894632456,0.02449082932145104,38.999380034644695
C3 -- IMC PI fixed (k=5),6.644,1602.373126322876,0.02449082932145104,39.243446746053465
C3 -- IMC PI fixed (k=5),6.648,1612.326661526959,0.02449082932145104,39.487217077881716
C3 -- IMC PI fixed (k=5),6.652,1622.266163712916,0.02449082932145104,39.73064372945818
C3 -- IMC PI fixed (k=5),6.656000000000001,1632.1896698453947,0.02449082932145104,39.97367862441909
C3 -- IMC PI fixed (k=5),6.66,1642.095185518678,0.02449082932145104,40.21627291811443
C3 -- IMC PI fixed (k=5),6.664,1651.9806853396167,0.024490829321451038,40.45837700698627
C3 -- IMC PI fixed (k=5),6.668,1661.8441133391827,0.02449082932145104,40.699940538648065
C3 -- IMC PI fixed (k=5),6.672000000000001,1671.6833833960047,0.02449082932145104,40.940912422257355
C3 -- IMC PI fixed (k=5),6.676,1681.4963797291766,0.024490829321451038,41.18124084058509
C3 -- IMC PI fixed (k=5),6.68,1691.2809574044047,0.02449082932145104,41.42087326241158
C3 -- IMC PI fixed (k=5),6.684,1701.0349429024363,0.02449082932145104,41.65975645644779
C3 -- IMC PI fixed (k=5),6.688000000000001,1710.7561347047235,0.02449082932145104,41.89783650567869
C3 -- IMC PI fixed (k=5),6.692,1720.4423039426702,0.02449082932145104,42.13505882326393
C3 -- IMC PI fixed (k=5),6.696,1730.0911950448094,0.02449082932145104,42.37136816838769
C3 -- IMC PI fixed (k=5),6.7,1739.7005264947877,0.02449082932145104,42.606708664822364
C3 -- IMC PI fixed (k=5),6.704000000000001,1749.267991565062,0.02449082932145104,42.84102381889739
C3 -- IMC PI fixed (k=5),6.708,1758.7912591275876,0.02449082932145104,43.07425653935372
C3 -- IMC PI fixed (k=5),6.712,1768.2679744811342,0.02449082932145104,43.3063491576054
C3 -- IMC PI fixed (k=5),6.716,1777.6957602824316,0.02449082932145104,43.537243450544175
C3 -- IMC PI fixed (k=5),6.72,1787.0722174160512,0.02449082932145104,43.76688066184356
C3 -- IMC PI fixed (k=5),6.724,1796.3949260032193,0.02449082932145104,43.99520152666552
C3 -- IMC PI fixed (k=5),6.728,1805.6614464249028,0.02449082932145104,44.22214629671671
C3 -- IMC PI fixed (k=5),6.732,1814.8693203418338,0.02449082932145104,44.44765476522971
C3 -- IMC PI fixed (k=5),6.736,1824.0160718445836,0.02449082932145104,44.67166629512928
C3 -- IMC PI fixed (k=5),6.74,1833.0992085425264,0.02449082932145104,44.894119845702
C3 -- IMC PI fixed (k=5),6.744,1842.1162227996244,0.02449082932145104,45.11495400286168
C3 -- IMC PI fixed (k=5),6.748,1851.0645929346804,0.02449082932145104,45.33410700854451
C3 -- IMC PI fixed (k=5),6.752,1859.941784492608,0.02449082932145104,45.55151679184353
C3 -- IMC PI fixed (k=5),6.756,1868.7452515714974,0.02449082932145104,45.76712100150963
C3 -- IMC PI fixed (k=5),6.76,1877.472438156354,0.02449082932145104,45.98085703861581
C3 -- IMC PI fixed (k=5),6.764,1886.1207795245994,0.02449082932145104,46.192662090979155
C3 -- IMC PI fixed (k=5),6.768,1894.6877036627793,0.02449082932145104,46.40247316785714
C3 -- IMC PI fixed (k=5),6.772,1903.1706327503357,0.02449082932145104,46.610227136286454
C3 -- IMC PI fixed (k=5),6.776,1911.566984658595,0.02449082932145104,46.81586075779447
C3 -- IMC PI fixed (k=5),6.78,1919.874174508849,0.02449082932145104,47.01931072655793
C3 -- IMC PI fixed (k=5),6.784,1928.0896162272943,0.02449082932145104,47.220513707484706
C3 -- IMC PI fixed (k=5),6.788,1936.2107241706908,0.02449082932145104,47.41940637602751
C3 -- IMC PI fixed (k=5),6.792,1944.2349147847008,0.02449082932145104,47.61592545879802
C3 -- IMC PI fixed (k=5),6.796,1952.1596082587218,0.02449082932145104,47.810007774095084
C3 -- IMC PI fixed (k=5),6.8,1959.9822302570715,0.02449082932145104,48.00159027430289
C3 -- IMC PI fixed (k=5),6.804,1967.7002136357385,0.02449082932145104,48.190610087935625
C3 -- IMC PI fixed (k=5),6.808,1975.3110002079645,0.02449082932145104,48.377004562878
C3 -- IMC PI fixed (k=5),6.812,1982.8120425503446,0.02449082932145104,48.56071131061821
C3 -- IMC PI fixed (k=5),6.816,1990.2008057931594,0.02449082932145104,48.7416682500946
C3 -- IMC PI fixed (k=5),6.82,1997.4747694710277,0.02449082932145104,48.9198136530197
C3 -- IMC PI fixed (k=5),6.824,2004.6314293571127,0.02449082932145104,49.09508618880149
C3 -- IMC PI fixed (k=5),6.828,2011.668299337816,0.02449082932145104,49.26742497045613
C3 -- IMC PI fixed (k=5),6.832,2018.582913302145,0.02449082932145104,49.43676960088024
C3 -- IMC PI fixed (k=5),6.836,2025.3728270410388,0.02449082932145104,49.60306021936686
C3 -- IMC PI fixed (k=5),6.84,2032.0356201381908,0.02449082932145104,49.766237547913356
C3 -- IMC PI fixed (k=5),6.844,2038.568897895526,0.02449082932145104,49.92624293837788
C3 -- IMC PI fixed (k=5),6.848,2044.9702932631947,0.02449082932145104,50.08301841974658
C3 -- IMC PI fixed (k=5),6.852,2051.237468729475,0.02449082932145104,50.23650674441884
C3 -- IMC PI fixed (k=5),6.856,2057.368118283832,0.02449082932145104,50.386651436284225
C3 -- IMC PI fixed (k=5),6.86,2063.35996930534,0.02449082932145104,50.53339683697155
C3 -- IMC PI fixed (k=5),6.864,2069.2107844995703,0.02449082932145104,50.676688153284786
C3 -- IMC PI fixed (k=5),6.868,2074.9183637925844,0.02449082932145104,50.816471503588645
C3 -- IMC PI fixed (k=5),6.872,2080.4805462338495,0.02449082932145104,50.95269396441244
C3 -- IMC PI fixed (k=5),6.876,2085.895211879095,0.02449082932145104,51.08530361656287
C3 -- IMC PI fixed (k=5),6.88,2091.160283653113,0.02449082932145104,51.21424959074553
C3 -- IMC PI fixed (k=5),6.884,2096.27372919398,0.02449082932145104,51.33948211273145
C3 -- IMC PI fixed (k=5),6.888,2101.2335626918534,0.02449082932145104,51.46095254839068
C3 -- IMC PI fixed (k=5),6.892,2106.0378466867814,0.02449082932145104,51.57861344772224
C3 -- IMC PI fixed (k=5),6.896,2110.684693822142,0.02449082932145104,51.69241858779723
C3 -- IMC PI fixed (k=5),6.9,2115.172268604829,0.02449082932145104,51.80232301586726
C3 -- IMC PI fixed (k=5),6.904,2119.4987891128567,0.02449082932145104,51.908283091185126
C3 -- IMC PI fixed (k=5),6.908,2123.6625286558465,0.02449082932145104,52.010256525671466
C3 -- IMC PI fixed (k=5),6.912,2127.6618174129467,0.02449082932145104,52.1082024240288
C3 -- IMC PI fixed (k=5),6.916,2131.4950440289263,0.02449082932145104,52.202081322831205
C3 -- IMC PI fixed (k=5),6.92,2135.1606571439665,0.02449082932145104,52.29185522799013
C3 -- IMC PI fixed (k=5),6.924,2138.657166903792,0.02449082932145104,52.377487651738804
C3 -- IMC PI fixed (k=5),6.928,2141.983146409383,0.02449082932145104,52.45894364813688
C3 -- IMC PI fixed (k=5),6.932,2145.1372330981676,0.02449082932145104,52.53618984689696
C3 -- IMC PI fixed (k=5),6.936,2148.1181300890335,0.02449082932145104,52.60919448632508
C3 -- IMC PI fixed (k=5),6.94,2150.9246074734924,0.02449082932145104,52.67792744494238
C3 -- IMC PI fixed (k=5),6.944,2153.5555035236484,0.02449082932145104,52.74236027106923
C3 -- IMC PI fixed (k=5),6.948,2156.0097258622386,0.02449082932145104,52.802466211480535
C3 -- IMC PI fixed (k=5),6.952,2158.286252550698,0.02449082932145104,52.85822023805332
C3 -- IMC PI fixed (k=5),6.956,2160.384133122812,0.02449082932145104,52.90959907308175
C3 -- IMC PI fixed (k=5),6.96,2162.302489542088,0.02449082932145104,52.956581212723954
C3 -- IMC PI fixed (k=5),6.964,2164.0405170982553,0.02449082932145104,52.99914694895803
C3 -- IMC PI fixed (k=5),6.968,2165.5974852195422,0.02449082932145104,53.037278389475404
C3 -- IMC PI fixed (k=5),6.972,2166.972738221733,0.02449082932145104,53.07095947602587
C3 -- IMC PI fixed (k=5),6.976,2168.1656959810334,0.02449082932145104,53.100176000896596
C3 -- IMC PI fixed (k=5),6.98,2169.175854525286,0.02449082932145104,53.124915621391494
C3 -- IMC PI fixed (k=5),6.984,2170.0027865556326,0.02449082932145104,53.14516787260715
C3 -- IMC PI fixed (k=5),6.9879999999999995,2170.646141885231,0.02449082932145104,53.16092417817739
C3 -- IMC PI fixed (k=5),6.992,2171.105647801476,0.02449082932145104,53.17217785914435
C3 -- IMC PI fixed (k=5),6.996,2171.3811093453814,0.02449082932145104,53.17892414080076
C3 -- IMC PI fixed (k=5),7.0,2171.472409516259,0.02449082932145104,53.18116015770274
C3 -- IMC PI fixed (k=5),7.004,2171.3795093905564,0.02449082932145104,53.17888495658022
C3 -- IMC PI fixed (k=5),7.008,2171.1024481631703,0.02449082932145104,53.17209949734871
C3 -- IMC PI fixed (k=5),7.0120000000000005,2170.641343106724,0.02449082932145104,53.16080665211203
C3 -- IMC PI fixed (k=5),7.016,2169.996389449472,0.02449082932145104,53.14501120217203
C3 -- IMC PI fixed (k=5),7.02,2169.167860175498,0.02449082932145104,53.124719833135295
C3 -- IMC PI fixed (k=5),7.024,2168.156105741506,0.02449082932145104,53.09994112797718
C3 -- IMC PI fixed (k=5),7.0280000000000005,2166.961553714657,0.02449082932145104,53.07068555817202
C3 -- IMC PI fixed (k=5),7.032,2165.5847083337617,0.02449082932145104,53.03696547294649
C3 -- IMC PI fixed (k=5),7.036,2164.026149991047,0.02449082932145104,52.99879508658754
C3 -- IMC PI fixed (k=5),7.04,2162.2865346323874,0.02449082932145104,52.956190463753636
C3 -- IMC PI fixed (k=5),7.0440000000000005,2160.366593093935,0.02449082932145104,52.909169503228235
C3 -- IMC PI fixed (k=5),7.048,2158.2671303497273,0.02449082932145104,52.8577519194931
C3 -- IMC PI fixed (k=5),7.052,2155.9890246941304,0.02449082932145104,52.80195922270564
C3 -- IMC PI fixed (k=5),7.056,2153.5332268500933,0.02449082932145104,52.74181469685934
C3 -- IMC PI fixed (k=5),7.0600000000000005,2150.900759011142,0.02449082932145104,52.677343376321375
C3 -- IMC PI fixed (k=5),7.064,2148.092713807795,0.02449082932145104,52.60857202051929
C3 -- IMC PI fixed (k=5),7.068,2145.11025321614,0.02449082932145104,52.53552908721111
C3 -- IMC PI fixed (k=5),7.072,2141.95460739775,0.02449082932145104,52.45824470407397
C3 -- IMC PI fixed (k=5),7.0760000000000005,2138.62707347213,0.02449082932145104,52.376750638640274
C3 -- IMC PI fixed (k=5),7.08,2135.129014239474,0.02449082932145104,52.29108026701697
C3 -- IMC PI fixed (k=5),7.084,2131.46185684748,0.02449082932145104,52.20126854123474
C3 -- IMC PI fixed (k=5),7.088,2127.627091377049,0.02449082932145104,52.10735195461063
C3 -- IMC PI fixed (k=5),7.0920000000000005,2123.6262694213196,0.02449082932145104,52.00936850694735
C3 -- IMC PI fixed (k=5),7.096,2119.4610025651773,0.02449082932145104,51.907357667295265
C3 -- IMC PI fixed (k=5),7.1,2115.1329608471756,0.02449082932145104,51.801360336283565
C3 -- IMC PI fixed (k=5),7.104,2110.643871181928,0.02449082932145104,51.691418807483295
C3 -- IMC PI fixed (k=5),7.1080000000000005,2105.9955157118598,0.02449082932145104,51.57757672704042
C3 -- IMC PI fixed (k=5),7.112,2101.1897301358504,0.02449082932145104,51.459879052742885
C3 -- IMC PI fixed (k=5),7.116,2096.2284020163634,0.02449082932145104,51.33837201256081
C3 -- IMC PI fixed (k=5),7.12,2091.113469019912,0.02449082932145104,51.213103061554065
C3 -- IMC PI fixed (k=5),7.1240000000000006,2085.846917162311,0.02449082932145104,51.084120838896986
C3 -- IMC PI fixed (k=5),7.128,2080.4307789913887,0.02449082932145104,50.95147512337154
C3 -- IMC PI fixed (k=5),7.132,2074.8671317724907,0.02449082932145104,50.81521678892874
C3 -- IMC PI fixed (k=5),7.136,2069.1580956370703,0.02449082932145104,50.67539775934616
C3 -- IMC PI fixed (k=5),7.140000000000001,2063.3058317157615,0.02449082932145104,50.5320709625053
C3 -- IMC PI fixed (k=5),7.144,2057.312540259528,0.02449082932145104,50.38529028437697
C3 -- IMC PI fixed (k=5),7.148,2051.1804587390893,0.02449082932145104,50.235110522474685
C3 -- IMC PI fixed (k=5),7.152,2044.9118599310223,0.02449082932145104,50.08158733898166
C3 -- IMC PI fixed (k=5),7.156000000000001,2038.5090500205708,0.02449082932145104,49.924777214287104
C3 -- IMC PI fixed (k=5),7.16,2031.9743666641673,0.02449082932145104,49.7647373995357
C3 -- IMC PI fixed (k=5),7.164,2025.3101770691087,0.02449082932145104,49.60152586959733
C3 -- IMC PI fixed (k=5),7.168,2018.5188760763285,0.02449082932145104,49.43520127611255
C3 -- IMC PI fixed (k=5),7.172000000000001,2011.6028842442597,0.02449082932145104,49.2658229005648
C3 -- IMC PI fixed (k=5),7.176,2004.564645923686,0.02449082932145104,49.093450607131935
C3 -- IMC PI fixed (k=5),7.18,1997.4066273597268,0.02449082932145104,48.918144796202235
C3 -- IMC PI fixed (k=5),7.184,1990.1313147796736,0.02449082932145104,48.73996635754394
C3 -- IMC PI fixed (k=5),7.188000000000001,1982.7412125334565,0.02449082932145104,48.558976624763766
C3 -- IMC PI fixed (k=5),7.192,1975.238841209519,0.02449082932145104,48.37523732916306
C3 -- IMC PI fixed (k=5),7.196,1967.626735785205,0.02449082932145104,48.1888105544393
C3 -- IMC PI fixed (k=5),7.2,1959.907443791433,0.02449082932145104,47.999758691737384
C3 -- IMC PI fixed (k=5),7.204000000000001,1952.083523517332,0.02449082932145104,47.80814439567974
C3 -- IMC PI fixed (k=5),7.208,1944.1575421934167,0.02449082932145104,47.61403053987072
C3 -- IMC PI fixed (k=5),7.212,1936.1320742554556,0.02449082932145104,47.41748017437734
C3 -- IMC PI fixed (k=5),7.216,1928.0096995902736,0.02449082932145104,47.21855648276749
C3 -- IMC PI fixed (k=5),7.220000000000001,1919.7930018479574,0.02449082932145104,47.01732274077447
C3 -- IMC PI fixed (k=5),7.224,1911.4845667353172,0.02449082932145104,46.81384227450245
C3 -- IMC PI fixed (k=5),7.228,1903.0869803929509,0.02449082932145104,46.6081784206794
C3 -- IMC PI fixed (k=5),7.232,1894.6028277783578,0.02449082932145104,46.400394487058264
C3 -- IMC PI fixed (k=5),7.236000000000001,1886.0346910749354,0.02449082932145104,46.190553713451884
C3 -- IMC PI fixed (k=5),7.24,1877.3851481674278,0.02449082932145104,45.97871923439555
C3 -- IMC PI fixed (k=5),7.244,1868.6567711007401,0.02449082932145104,45.764954041402035
C3 -- IMC PI fixed (k=5),7.248,1859.8521246641656,0.02449082932145104,45.54932094828816
C3 -- IMC PI fixed (k=5),7.252000000000001,1850.9737649039935,0.02449082932145104,45.33188255474735
C3 -- IMC PI fixed (k=5),7.256,1842.024237766372,0.02449082932145104,45.11270121311217
C3 -- IMC PI fixed (k=5),7.26,1833.0060777351805,0.02449082932145104,44.89183899499473
C3 -- IMC PI fixed (k=5),7.264,1823.921806522233,0.02449082932145104,44.66935765920866
C3 -- IMC PI fixed (k=5),7.268000000000001,1814.7739317933244,0.02449082932145104,44.44531862056894
C3 -- IMC PI fixed (k=5),7.272,1805.5649459478593,0.02449082932145104,44.219782920004
C3 -- IMC PI fixed (k=5),7.276,1796.2973249207469,0.02449082932145104,43.99281119521309
C3 -- IMC PI fixed (k=5),7.28,1786.9735270530998,0.024490829321451045,43.764463653008846
C3 -- IMC PI fixed (k=5),7.284000000000001,1777.595991988624,0.02449082932145104,43.53480004228884
C3 -- IMC PI fixed (k=5),7.288,1768.1671396015752,0.02449082932145104,43.303879627780475
C3 -- IMC PI fixed (k=5),7.292,1758.689368991185,0.02449082932145104,43.07176116541354
C3 -- IMC PI fixed (k=5),7.296,1749.1650575222957,0.02449082932145104,42.838502878824634
C3 -- IMC PI fixed (k=5),7.300000000000001,1739.5965598715463,0.02449082932145104,42.60416243599743
C3 -- IMC PI fixed (k=5),7.304,1729.9862071688237,0.024490829321451038,42.3687969282361
C3 -- IMC PI fixed (k=5),7.308,1720.3363061121959,0.02449082932145104,42.13246284848934
C3 -- IMC PI fixed (k=5),7.312,1710.6491382180895,0.02449082932145104,41.89521607298654
C3 -- IMC PI fixed (k=5),7.316000000000001,1700.9269590155739,0.02449082932145104,41.65711184150517
C3 -- IMC PI fixed (k=5),7.32,1691.1719973635059,0.02449082932145104,41.41820474064707
C3 -- IMC PI fixed (k=5),7.324,1681.3864547430355,0.02449082932145104,41.17854868651135
C3 -- IMC PI fixed (k=5),7.328,1671.5725046572995,0.02449082932145104,40.93819690999235
C3 -- IMC PI fixed (k=5),7.332000000000001,1661.7322919830513,0.02449082932145104,40.697201940900555
C3 -- IMC PI fixed (k=5),7.336,1651.8679324879413,0.02449082932145104,40.45561559614038
C3 -- IMC PI fixed (k=5),7.34,1641.981512233477,0.02449082932145104,40.21348896508816
C3 -- IMC PI fixed (k=5),7.344,1632.075087159019,0.02449082932145104,39.970872399403866
C3 -- IMC PI fixed (k=5),7.348000000000001,1622.150682607427,0.02449082932145104,39.727815501413794
C3 -- IMC PI fixed (k=5),7.352,1612.210292930746,0.02449082932145104,39.484367114453484
C3 -- IMC PI fixed (k=5),7.356,1602.2558811240895,0.02449082932145104,39.240575313901225
C3 -- IMC PI fixed (k=5),7.36,1592.2893784982111,0.02449082932145104,38.996487399159044
C3 -- IMC PI fixed (k=5),7.364000000000001,1582.3126843597222,0.02449082932145104,38.75214988582099
C3 -- IMC PI fixed (k=5),7.368,1572.3276657836404,0.02449082932145104,38.507608500102656
C3 -- IMC PI fixed (k=5),7.372,1562.33615734789,0.02449082932145104,38.262908172338854
C3 -- IMC PI fixed (k=5),7.376,1552.3399609636365,0.02449082932145104,38.018093032828396
C3 -- IMC PI fixed (k=5),7.38,1542.340845685647,0.02449082932145104,37.77320640718964
C3 -- IMC PI fixed (k=5),7.384,1532.3405475970073,0.02449082932145104,37.52829081353713
C3 -- IMC PI fixed (k=5),7.388,1522.3407696835447,0.02449082932145104,37.283387959406106
C3 -- IMC PI fixed (k=5),7.3919999999999995,1512.3431817775345,0.02449082932145104,37.0385387403738
C3 -- IMC PI fixed (k=5),7.396,1502.3494204819872,0.02449082932145104,36.79378323820523
C3 -- IMC PI fixed (k=5),7.4,1492.3610891751075,0.02449082932145104,36.549160720962334
C3 -- IMC PI fixed (k=5),7.404,1482.3797579887735,0.02449082932145104,36.30470964247695
C3 -- IMC PI fixed (k=5),7.4079999999999995,1472.406963856962,0.02449082932145104,36.06046764353679
C3 -- IMC PI fixed (k=5),7.412,1462.4442105627031,0.02449082932145104,35.81647155303537
C3 -- IMC PI fixed (k=5),7.416,1452.4929687939944,0.024490829321451045,35.57275738934143
C3 -- IMC PI fixed (k=5),7.42,1442.5546762832225,0.02449082932145104,35.32936036371346
C3 -- IMC PI fixed (k=5),7.4239999999999995,1432.6307378778201,0.02449082932145104,35.08631488203016
C3 -- IMC PI fixed (k=5),7.428,1422.7225257248601,0.02449082932145104,34.84365454931129
C3 -- IMC PI fixed (k=5),7.432,1412.8313794009687,0.02449082932145104,34.601412172899366
C3 -- IMC PI fixed (k=5),7.436,1402.9586061111233,0.02449082932145104,34.35961976732838
C3 -- IMC PI fixed (k=5),7.4399999999999995,1393.1054808692134,0.024490829321451038,34.11830855874588
C3 -- IMC PI fixed (k=5),7.444,1383.2732467206636,0.02449082932145104,33.87750899036521
C3 -- IMC PI fixed (k=5),7.448,1373.4631149743889,0.024490829321451045,33.63725072814625
C3 -- IMC PI fixed (k=5),7.452,1363.676265443683,0.02449082932145104,33.397562666695
C3 -- IMC PI fixed (k=5),7.4559999999999995,1353.9138467071207,0.02449082932145104,33.15847293565332
C3 -- IMC PI fixed (k=5),7.46,1344.1769763928671,0.02449082932145104,32.920008906661835
C3 -- IMC PI fixed (k=5),7.464,1334.4667414512865,0.02449082932145104,32.68219720003639
C3 -- IMC PI fixed (k=5),7.468,1324.7841984590093,0.02449082932145104,32.44506369221492
C3 -- IMC PI fixed (k=5),7.4719999999999995,1315.1303739436187,0.024490829321451045,32.20863352370925
C3 -- IMC PI fixed (k=5),7.476,1305.5062646840206,0.02449082932145104,31.972931106461438
C3 -- IMC PI fixed (k=5),7.48,1295.912838061533,0.02449082932145104,31.737980132442228
C3 -- IMC PI fixed (k=5),7.484,1286.3510323856372,0.02449082932145104,31.50380358162898
C3 -- IMC PI fixed (k=5),7.4879999999999995,1276.8217572636984,0.02449082932145104,31.27042373106043
C3 -- IMC PI fixed (k=5),7.492,1267.325893936338,0.02449082932145104,31.037862163050217
C3 -- IMC PI fixed (k=5),7.496,1257.8642956675847,0.02449082932145104,30.806139774742043
C3 -- IMC PI fixed (k=5),7.5,1248.437788097958,0.02449082932145104,30.57527678675695
C3 -- IMC PI fixed (k=5),7.504,1239.0471696317438,0.02449082932145104,30.345292752678034
C3 -- IMC PI fixed (k=5),7.508,1229.693211825853,0.02449082932145104,30.116206568573908
C3 -- IMC PI fixed (k=5),7.5120000000000005,1220.3766597721294,0.02449082932145104,29.88803648236175
C3 -- IMC PI fixed (k=5),7.516,1211.098232492926,0.02449082932145104,29.66080010349528
C3 -- IMC PI fixed (k=5),7.52,1201.8586233391359,0.02449082932145104,29.434514412712893
C3 -- IMC PI fixed (k=5),7.524,1192.6585003997795,0.02449082932145104,29.20919577206875
C3 -- IMC PI fixed (k=5),7.5280000000000005,1183.4985068975914,0.02449082932145104,28.98485993462106
C3 -- IMC PI fixed (k=5),7.532,1174.3792615900622,0.02449082932145104,28.76152205425392
C3 -- IMC PI fixed (k=5),7.536,1165.301359200918,0.02449082932145104,28.53919669624459
C3 -- IMC PI fixed (k=5),7.54,1156.2653708068335,0.02449082932145104,28.31789784673446
C3 -- IMC PI fixed (k=5),7.5440000000000005,1147.2718442632643,0.02449082932145104,28.097638923157966
C3 -- IMC PI fixed (k=5),7.548,1138.3213046093354,0.02449082932145104,27.87843278415871
C3 -- IMC PI fixed (k=5),7.552,1129.4142544950541,0.02449082932145104,27.66029174005224
C3 -- IMC PI fixed (k=5),7.556,1120.5511745684062,0.02449082932145104,27.443227562306326
C3 -- IMC PI fixed (k=5),7.5600000000000005,1111.7325239171241,0.02449082932145104,27.227251494360274
C3 -- IMC PI fixed (k=5),7.564,1102.9587404544554,0.02449082932145104,27.012374261072686
C3 -- IMC PI fixed (k=5),7.568,1094.230241355968,0.02449082932145104,26.79860607941919
C3 -- IMC PI fixed (k=5),7.572,1085.5474234429646,0.02449082932145104,26.585956667882588
C3 -- IMC PI fixed (k=5),7.5760000000000005,1076.9106636102365,0.02449082932145104,26.37443525692888
C3 -- IMC PI fixed (k=5),7.58,1068.320319222285,0.02449082932145104,26.164050598711075
C3 -- IMC PI fixed (k=5),7.584,1059.7767285211692,0.02449082932145104,25.95481097705771
C3 -- IMC PI fixed (k=5),7.588,1051.2802110259383,0.02449082932145104,25.746724217255288
C3 -- IMC PI fixed (k=5),7.5920000000000005,1042.8310679331082,0.02449082932145104,25.53979769585627
C3 -- IMC PI fixed (k=5),7.596,1034.429582507116,0.02449082932145104,25.334038350241638
C3 -- IMC PI fixed (k=5),7.6,1026.0760204864275,0.02449082932145104,25.129452688566797
C3 -- IMC PI fixed (k=5),7.604,1017.7706304565376,0.02449082932145104,24.92604679889668
C3 -- IMC PI fixed (k=5),7.6080000000000005,1009.513644253079,0.02449082932145104,24.723826359078203
C3 -- IMC PI fixed (k=5),7.612,1001.305277323438,0.02449082932145104,24.52279664559652
C3 -- IMC PI fixed (k=5),7.616,993.1457291288525,0.02449082932145104,24.322962543422776
C3 -- IMC PI fixed (k=5),7.62,985.0351835065898,0.02449082932145104,24.124328554884094
C3 -- IMC PI fixed (k=5),7.6240000000000006,976.9738090377452,0.02449082932145104,23.92689880867132
C3 -- IMC PI fixed (k=5),7.628,968.9617594250126,0.02449082932145104,23.730677069090888
C3 -- IMC PI fixed (k=5),7.632,960.9991738431902,0.02449082932145104,23.535666744649028
C3 -- IMC PI fixed (k=5),7.636,953.0861773062999,0.024490829321451038,23.341870897042813
C3 -- IMC PI fixed (k=5),7.640000000000001,945.2228810170324,0.02449082932145104,23.149292249718364
C3 -- IMC PI fixed (k=5),7.644,937.4093827149275,0.02449082932145104,22.957933196398066
C3 -- IMC PI fixed (k=5),7.648,929.645767026642,0.02449082932145104,22.767795809658928
C3 -- IMC PI fixed (k=5),7.652,921.932105795398,0.02449082932145104,22.578881849001036
C3 -- IMC PI fixed (k=5),7.656000000000001,914.2684584239149,0.024490829321451045,22.39119276924626
C3 -- IMC PI fixed (k=5),7.66,906.6548721990708,0.02449082932145104,22.20472972848945
C3 -- IMC PI fixed (k=5),7.664,899.091382621955,0.02449082932145104,22.019493596181732
C3 -- IMC PI fixed (k=5),7.668,891.5780137213723,0.02449082932145104,21.83548496080846
C3 -- IMC PI fixed (k=5),7.672000000000001,884.1147783781886,0.02449082932145104,21.652704137832732
C3 -- IMC PI fixed (k=5),7.676,876.7016786218064,0.02449082932145104,21.471151176956283
C3 -- IMC PI fixed (k=5),7.68,869.3387059475614,0.02449082932145104,21.290825869892842
C3 -- IMC PI fixed (k=5),7.684,862.0258416131435,0.02449082932145104,21.111727757627687
C3 -- IMC PI fixed (k=5),7.688000000000001,854.7630569242353,0.024490829321451038,20.933856137413187
C3 -- IMC PI fixed (k=5),7.692,847.5503135427562,0.02449082932145104,20.757210070317957
C3 -- IMC PI fixed (k=5),7.696,840.3875637502858,0.024490829321451045,20.58178838767831
C3 -- IMC PI fixed (k=5),7.7,833.2747507446186,0.024490829321451045,20.407589698361114
C3 -- IMC PI fixed (k=5),7.704000000000001,826.2118089079574,0.02449082932145104,20.23461239533211
C3 -- IMC PI fixed (k=5),7.708,819.1986640700524,0.02449082932145104,20.06285466210036
C3 -- IMC PI fixed (k=5),7.712,812.2352337839258,0.02449082932145104,19.89231447947101
C3 -- IMC PI fixed (k=5),7.716,805.3214275796225,0.02449082932145104,19.72298963175983
C3 -- IMC PI fixed (k=5),7.720000000000001,798.4571472186382,0.02449082932145104,19.554877713024375
C3 -- IMC PI fixed (k=5),7.724,791.6422869400626,0.02449082932145104,19.387976133092245
C3 -- IMC PI fixed (k=5),7.728,784.8767337181457,0.02449082932145104,19.222282123869086
C3 -- IMC PI fixed (k=5),7.732,778.1603674825335,0.02449082932145104,19.05779274473235
C3 -- IMC PI fixed (k=5),7.736000000000001,771.4930613687634,0.02449082932145104,18.894504888666138
C3 -- IMC PI fixed (k=5),7.74,764.8746819436418,0.02449082932145104,18.73241528778088
C3 -- IMC PI fixed (k=5),7.744,758.3050894266744,0.024490829321451038,18.57152051873635
C3 -- IMC PI fixed (k=5),7.748,751.7841379176933,0.02449082932145104,18.411817008316437
C3 -- IMC PI fixed (k=5),7.752000000000001,745.3116756045082,0.02449082932145104,18.253301038514696
C3 -- IMC PI fixed (k=5),7.756,738.8875449818619,0.02449082932145104,18.09596875189676
C3 -- IMC PI fixed (k=5),7.76,732.5115830525426,0.02449082932145104,17.93981615652573
C3 -- IMC PI fixed (k=5),7.764,726.1836215288287,0.02449082932145104,17.784839130895744
C3 -- IMC PI fixed (k=5),7.768000000000001,719.903487040861,0.024490829321451045,17.63103342903517
C3 -- IMC PI fixed (k=5),7.772,713.6710013130149,0.02449082932145104,17.47839468482611
C3 -- IMC PI fixed (k=5),7.776,707.4859813666309,0.02449082932145104,17.32691841696945
C3 -- IMC PI fixed (k=5),7.78,701.3482396981387,0.02449082932145104,17.17660003334725
C3 -- IMC PI fixed (k=5),7.784000000000001,695.257584459021,0.02449082932145104,17.027434835430217
C3 -- IMC PI fixed (k=5),7.788,689.213819634148,0.02449082932145104,16.87941802264526
C3 -- IMC PI fixed (k=5),7.792,683.216745213288,0.024490829321451038,16.73254469657594
C3 -- IMC PI fixed (k=5),7.796,677.2661573596332,0.02449082932145104,16.58680986508978
C3 -- IMC PI fixed (k=5),7.800000000000001,671.3618462738782,0.024490829321451045,16.442208390027805
C3 -- IMC PI fixed (k=5),7.804,665.5036055146389,0.02449082932145104,16.298735215469307
C3 -- IMC PI fixed (k=5),7.808,659.6912184592983,0.02449082932145104,16.156385036146748
C3 -- IMC PI fixed (k=5),7.812,653.9244675595683,0.024490829321451045,16.015152524122136
C3 -- IMC PI fixed (k=5),7.816000000000001,648.2031322181587,0.02449082932145104,15.875032276784886
C3 -- IMC PI fixed (k=5),7.82,642.5269889343642,0.02449082932145104,15.736018820417376
C3 -- IMC PI fixed (k=5),7.824,636.8958114456469,0.02449082932145104,15.598106613662404
C3 -- IMC PI fixed (k=5),7.828,631.3093708677573,0.02449082932145104,15.46129005095488
C3 -- IMC PI fixed (k=5),7.832000000000001,625.7674358218007,0.02449082932145104,15.32556346563379
C3 -- IMC PI fixed (k=5),7.836,620.2697725718491,0.02449082932145104,15.190921133312411
C3 -- IMC PI fixed (k=5),7.84,614.8161451494814,0.02449082932145104,15.057357274928417
C3 -- IMC PI fixed (k=5),7.844,609.4063154744601,0.02449082932145104,14.924866059699353
C3 -- IMC PI fixed (k=5),7.848000000000001,604.0400434788908,0.02449082932145104,14.79344160816338
C3 -- IMC PI fixed (k=5),7.852,598.7170872243114,0.02449082932145104,14.663077995046926
C3 -- IMC PI fixed (k=5),7.856,593.4372030121452,0.02449082932145104,14.53376925196974
C3 -- IMC PI fixed (k=5),7.86,588.20014550028,0.02449082932145104,14.405509370300026
C3 -- IMC PI fixed (k=5),7.864000000000001,583.0056678064232,0.02449082932145104,14.278292303685694
C3 -- IMC PI fixed (k=5),7.868,577.8535216133871,0.02449082932145104,14.152111970632884
C3 -- IMC PI fixed (k=5),7.872,572.7434572747604,0.02449082932145104,14.026962257093945
C3 -- IMC PI fixed (k=5),7.876,567.6752239092478,0.02449082932145104,13.902837018777893
C3 -- IMC PI fixed (k=5),7.880000000000001,562.6485695022756,0.02449082932145104,13.779730083638814
C3 -- IMC PI fixed (k=5),7.884,557.6632409940828,0.02449082932145104,13.657635254033302
C3 -- IMC PI fixed (k=5),7.888,552.7189843754393,0.02449082932145104,13.536546309064649
C3 -- IMC PI fixed (k=5),7.892,547.8155447726617,0.02449082932145104,13.416457006664979
C3 -- IMC PI fixed (k=5),7.896000000000001,542.9526665357287,0.02449082932145104,13.297361085753254
C3 -- IMC PI fixed (k=5),7.9,538.1300933203396,0.02449082932145104,13.179252268244959
C3 -- IMC PI fixed (k=5),7.904,533.3475681674964,0.02449082932145104,13.062124261001129
C3 -- IMC PI fixed (k=5),7.9079999999999995,528.6048335849855,0.02449082932145104,12.945970757823911
C3 -- IMC PI fixed (k=5),7.912,523.9016316217942,0.02449082932145104,12.83078544127908
C3 -- IMC PI fixed (k=5),7.916,519.2377039398524,0.02449082932145104,12.716561984453053
C3 -- IMC PI fixed (k=5),7.92,514.6127918889146,0.02449082932145104,12.603294052786811
C3 -- IMC PI fixed (k=5),7.9239999999999995,510.0266365727467,0.02449082932145104,12.49097530569688
C3 -- IMC PI fixed (k=5),7.928,505.47897891967267,0.02449082932145104,12.379599398303052
C3 -- IMC PI fixed (k=5),7.932,500.9695597435679,0.02449082932145104,12.269159982922192
C3 -- IMC PI fixed (k=5),7.936,496.4981198095855,0.02449082932145104,12.159650710677909
C3 -- IMC PI fixed (k=5),7.9399999999999995,492.0643998941229,0.02449082932145104,12.051065232969195
C3 -- IMC PI fixed (k=5),7.944,487.6681408439234,0.02449082932145104,11.943397202917875
C3 -- IMC PI fixed (k=5),7.948,483.30908363316485,0.02449082932145104,11.836640276766747
C3 -- IMC PI fixed (k=5),7.952,478.9869694189363,0.02449082932145104,11.730788115238258
C3 -- IMC PI fixed (k=5),7.9559999999999995,474.7015395933697,0.024490829321451045,11.625834384811252
C3 -- IMC PI fixed (k=5),7.96,470.4525358354141,0.024490829321451038,11.521772758988956
C3 -- IMC PI fixed (k=5),7.964,466.2397001631514,0.02449082932145104,11.41859691958025
C3 -- IMC PI fixed (k=5),7.968,462.06277497908883,0.02449082932145104,11.316300557808903
C3 -- IMC PI fixed (k=5),7.9719999999999995,457.92150311662425,0.02449082932145104,11.214877375451556
C3 -- IMC PI fixed (k=5),7.976,453.8156278867726,0.02449082932145104,11.114321085982084
C3 -- IMC PI fixed (k=5),7.98,449.74489312022195,0.02449082932145104,11.014625415601596
C3 -- IMC PI fixed (k=5),7.984,445.70904320883676,0.02449082932145104,10.915784104254868
C3 -- IMC PI fixed (k=5),7.9879999999999995,441.7078231474883,0.02449082932145104,10.817790906654817
C3 -- IMC PI fixed (k=5),7.992,437.7409785708748,0.02449082932145104,10.720639593184252
C3 -- IMC PI fixed (k=5),7.996,433.80825579058734,0.02449082932145104,10.62432395080365
C3 -- IMC PI fixed (k=5),8.0,429.9094018339201,0.02449082932145104,10.528837784001649
C3 -- IMC PI fixed (k=5),8.004,426.04416447562363,0.02449082932145104,10.434174915572713
C3 -- IMC PI fixed (k=5),8.008,422.2122922727598,0.02449082932145104,10.340329187470763
C3 -- IMC PI fixed (k=5),8.012,418.41353459590067,0.02449082932145104,10.247294461573254
C3 -- IMC PI fixed (k=5),8.016,414.64764165966244,0.02449082932145104,10.155064620428986
C3 -- IMC PI fixed (k=5),8.02,410.9143645536046,0.02449082932145104,10.063633568014843
C3 -- IMC PI fixed (k=5),8.024000000000001,407.2134552696948,0.024490829321451038,9.972995230408433
C3 -- IMC PI fixed (k=5),8.028,403.54466672792944,0.02449082932145104,9.883143556415563
C3 -- IMC PI fixed (k=5),8.032,399.9077528067422,0.02449082932145104,9.794072518314957
C3 -- IMC PI fixed (k=5),8.036,396.3024683624747,0.02449082932145104,9.70577611233512
C3 -- IMC PI fixed (k=5),8.04,392.72856925780377,0.02449082932145104,9.618248359350536
C3 -- IMC PI fixed (k=5),8.044,389.1858123824597,0.02449082932145104,9.531483305389088
C3 -- IMC PI fixed (k=5),8.048,385.673955675239,0.02449082932145104,9.445475022171152
C3 -- IMC PI fixed (k=5),8.052,382.1927581455008,0.024490829321451038,9.360217607636077
C3 -- IMC PI fixed (k=5),8.056000000000001,378.7419798922786,0.024490829321451038,9.275705186410237
C3 -- IMC PI fixed (k=5),8.06,375.32138212409245,0.02449082932145104,9.191931910292254
C3 -- IMC PI fixed (k=5),8.064,371.9307271773526,0.024490829321451045,9.108891958703715
C3 -- IMC PI fixed (k=5),8.068,368.5697785321445,0.024490829321451038,9.02657953907576
C3 -- IMC PI fixed (k=5),8.072,365.23830083004907,0.02449082932145104,8.944988887285522
C3 -- IMC PI fixed (k=5),8.076,361.93605988892796,0.024490829321451038,8.864114268018216
C3 -- IMC PI fixed (k=5),8.08,358.66282271780096,0.02449082932145104,8.783949975131517
C3 -- IMC PI fixed (k=5),8.084,355.4183575317472,0.02449082932145104,8.704490332020484
C3 -- IMC PI fixed (k=5),8.088000000000001,352.2024337632162,0.02449082932145104,8.625729691894595
C3 -- IMC PI fixed (k=5),8.092,349.01482207627555,0.024490829321451045,8.547662438126668
C3 -- IMC PI fixed (k=5),8.096,345.8552943784706,0.02449082932145104,8.47028298454333
C3 -- IMC PI fixed (k=5),8.1,342.7236238297572,0.024490829321451038,8.393585775643773
C3 -- IMC PI fixed (k=5),8.104,339.6195848554001,0.02449082932145104,8.317565286915663
C3 -- IMC PI fixed (k=5),8.108,336.5429531543642,0.02449082932145104,8.242216025040628
C3 -- IMC PI fixed (k=5),8.112,333.4935057088552,0.024490829321451038,8.16753252812793
C3 -- IMC PI fixed (k=5),8.116,330.47102079285264,0.02449082932145104,8.093509365923452
C3 -- IMC PI fixed (k=5),8.120000000000001,327.4752779802393,0.02449082932145104,8.020141140008775
C3 -- IMC PI fixed (k=5),8.124,324.506058151032,0.02449082932145104,7.947422483953791
C3 -- IMC PI fixed (k=5),8.128,321.56314349948417,0.02449082932145104,7.875348063515136
C3 -- IMC PI fixed (k=5),8.132,318.6463175400636,0.02449082932145104,7.803912576782588
C3 -- IMC PI fixed (k=5),8.136,315.7553651129957,0.02449082932145104,7.7331107543148345
C3 -- IMC PI fixed (k=5),8.14,312.89007238823365,0.02449082932145104,7.662937359236691
C3 -- IMC PI fixed (k=5),8.144,310.05022687304967,0.02449082932145104,7.593387187425033
C3 -- IMC PI fixed (k=5),8.148,307.2356174133661,0.02449082932145104,7.524455067541381
C3 -- IMC PI fixed (k=5),8.152000000000001,304.44603419904695,0.02449082932145104,7.456135861161505
C3 -- IMC PI fixed (k=5),8.156,301.6812687670383,0.02449082932145104,7.388424462852335
C3 -- IMC PI fixed (k=5),8.16,298.94111400384537,0.02449082932145104,7.321315800232615
C3 -- IMC PI fixed (k=5),8.164,296.2253641482302,0.02449082932145104,7.254804834038988
C3 -- IMC PI fixed (k=5),8.168,293.5338147937674,0.02449082932145104,7.188886558188579
C3 -- IMC PI fixed (k=5),8.172,290.86626288899527,0.02449082932145104,7.123555999782692
C3 -- IMC PI fixed (k=5),8.176,288.22250674107966,0.02449082932145104,7.058808219196554
C3 -- IMC PI fixed (k=5),8.18,285.6023460142093,0.02449082932145104,6.994638310040003
C3 -- IMC PI fixed (k=5),8.184000000000001,283.0055817320453,0.02449082932145104,6.931041399217484
C3 -- IMC PI fixed (k=5),8.188,280.43201627690115,0.02449082932145104,6.8680126469079665
C3 -- IMC PI fixed (k=5),8.192,277.8814533899676,0.02449082932145104,6.805547246570449
C3 -- IMC PI fixed (k=5),8.196,275.3536981710009,0.02449082932145104,6.743640424936328
C3 -- IMC PI fixed (k=5),8.2,272.848557077102,0.02449082932145104,6.682287441979497
C3 -- IMC PI fixed (k=5),8.204,270.3658379225079,0.02449082932145104,6.621483590911237
C3 -- IMC PI fixed (k=5),8.208,267.9053498765084,0.02449082932145104,6.561224198129192
C3 -- IMC PI fixed (k=5),8.212,265.46690346171766,0.02449082932145104,6.501504623175048
C3 -- IMC PI fixed (k=5),8.216000000000001,263.0503105530588,0.02449082932145104,6.442320258709655
C3 -- IMC PI fixed (k=5),8.22,260.65538437533684,0.02449082932145104,6.383666530453591
C3 -- IMC PI fixed (k=5),8.224,258.2819394996995,0.02449082932145104,6.3255388971004844
C3 -- IMC PI fixed (k=5),8.228,255.92979184283362,0.02449082932145104,6.267932850297331
C3 -- IMC PI fixed (k=5),8.232,253.598758663139,0.02449082932145104,6.210843914550791
C3 -- IMC PI fixed (k=5),8.236,251.2886585571978,0.02449082932145104,6.15426764714072
C3 -- IMC PI fixed (k=5),8.24,248.9993114575717,0.02449082932145104,6.098199638066218
C3 -- IMC PI fixed (k=5),8.244,246.73053862849713,0.02449082932145104,6.042635509940206
C3 -- IMC PI fixed (k=5),8.248000000000001,244.48216266257813,0.02449082932145104,5.987570917908432
C3 -- IMC PI fixed (k=5),8.252,242.25400747687937,0.02449082932145104,5.933001549553777
C3 -- IMC PI fixed (k=5),8.256,240.04589830831569,0.02449082932145104,5.878923124783353
C3 -- IMC PI fixed (k=5),8.26,237.8576617105284,0.02449082932145104,5.825331395751991
C3 -- IMC PI fixed (k=5),8.264,235.68912554783208,0.02449082932145104,5.772222146714002
C3 -- IMC PI fixed (k=5),8.268,233.54011899268255,0.02449082932145104,5.719591193961155
C3 -- IMC PI fixed (k=5),8.272,231.41047251897513,0.02449082932145104,5.667434385658557
C3 -- IMC PI fixed (k=5),8.276,229.30001789866157,0.02449082932145104,5.6157476017617896
C3 -- IMC PI fixed (k=5),8.280000000000001,227.20858819548522,0.02449082932145104,5.564526753863484
C3 -- IMC PI fixed (k=5),8.284,225.13601776124213,0.02449082932145104,5.513767785101751
C3 -- IMC PI fixed (k=5),8.288,223.08214222907648,0.02449082932145104,5.463466669995978
C3 -- IMC PI fixed (k=5),8.292,221.0467985088565,0.02449082932145104,5.413619414333583
C3 -- IMC PI fixed (k=5),8.296,219.0298247815747,0.02449082932145104,5.364222055032873
C3 -- IMC PI fixed (k=5),8.3,217.03106049376714,0.02449082932145104,5.315270660006367
C3 -- IMC PI fixed (k=5),8.304,215.05034635135436,0.02449082932145104,5.2667613280099514
C3 -- IMC PI fixed (k=5),8.308,213.08752431411872,0.02449082932145104,5.2186901885076304
C3 -- IMC PI fixed (k=5),8.312000000000001,211.14243758979103,0.02449082932145104,5.1710534015267005
C3 -- IMC PI fixed (k=5),8.316,209.21493062790796,0.024490829321451038,5.1238471575073135
C3 -- IMC PI fixed (k=5),8.32,207.30484911346102,0.024490829321451045,5.077067677146935
C3 -- IMC PI fixed (k=5),8.324,205.41203996134712,0.02449082932145104,5.030711211264433
C3 -- IMC PI fixed (k=5),8.328,203.5363513090911,0.02449082932145104,4.984774040621848
C3 -- IMC PI fixed (k=5),8.332,201.67763251156092,0.02449082932145104,4.939252475794964
C3 -- IMC PI fixed (k=5),8.336,199.8357341336166,0.02449082932145104,4.894142856993272
C3 -- IMC PI fixed (k=5),8.34,198.01050794400746,0.024490829321451038,4.849441553910512
C3 -- IMC PI fixed (k=5),8.344000000000001,196.20180690893662,0.02449082932145104,4.80514496556706
C3 -- IMC PI fixed (k=5),8.348,194.40948518527574,0.02449082932145104,4.761249520143753
C3 -- IMC PI fixed (k=5),8.352,192.63339811371333,0.024490829321451038,4.717751674814082
C3 -- IMC PI fixed (k=5),8.356,190.87340221230053,0.02449082932145104,4.674647915586128
C3 -- IMC PI fixed (k=5),8.36,189.12935516949818,0.02449082932145104,4.631934757132274
C3 -- IMC PI fixed (k=5),8.364,187.4011158374888,0.02449082932145104,4.589608742625414
C3 -- IMC PI fixed (k=5),8.368,185.6885442252518,0.024490829321451038,4.547666443569355
C3 -- IMC PI fixed (k=5),8.372,183.99150149142338,0.02449082932145104,4.506104459623955
C3 -- IMC PI fixed (k=5),8.376000000000001,182.30984993791782,0.02449082932145104,4.464919418448897
C3 -- IMC PI fixed (k=5),8.38,180.64345300210957,0.024490829321451045,4.424107975512229
C3 -- IMC PI fixed (k=5),8.384,178.99217525092385,0.024490829321451038,4.383666813945629
C3 -- IMC PI fixed (k=5),8.388,177.3558823726463,0.02449082932145104,4.343592644343828
C3 -- IMC PI fixed (k=5),8.392,175.73444117062925,0.02449082932145104,4.30388220461046
C3 -- IMC PI fixed (k=5),8.396,174.1277195562178,0.02449082932145104,4.264532259784823
C3 -- IMC PI fixed (k=5),8.4,172.5355865410557,0.02449082932145104,4.22553960185344
C3 -- IMC PI fixed (k=5),8.404,170.95791223060078,0.024490829321451038,4.186901049591251
C3 -- IMC PI fixed (k=5),8.408000000000001,169.39456781669716,0.024490829321451038,4.1486134483796935
C3 -- IMC PI fixed (k=5),8.412,167.84542557051893,0.02449082932145104,4.1106736700338935
C3 -- IMC PI fixed (k=5),8.416,166.31035883511962,0.02449082932145104,4.073078612620192
C3 -- IMC PI fixed (k=5),8.42,164.78924201894569,0.02449082932145104,4.035825200297287
C3 -- IMC PI fixed (k=5),8.424,163.28195058810905,0.02449082932145104,3.998910383126981
C3 -- IMC PI fixed (k=5),8.428,161.78836105913777,0.02449082932145104,3.962331136896639
C3 -- IMC PI fixed (k=5),8.432,160.30835099233158,0.02449082932145104,3.9260844629564593
C3 -- IMC PI fixed (k=5),8.436,158.84179898419126,0.02449082932145104,3.8901673880340635
C3 -- IMC PI fixed (k=5),8.44,157.3885846604373,0.02449082932145104,3.8545769640635172
C3 -- IMC PI fixed (k=5),8.443999999999999,155.94858866849802,0.02449082932145104,3.819310268001359
C3 -- IMC PI fixed (k=5),8.448,154.52169267095903,0.02449082932145104,3.7843644016661697
C3 -- IMC PI fixed (k=5),8.452,153.1077793378073,0.02449082932145104,3.749736491548627
C3 -- IMC PI fixed (k=5),8.456,151.70673233958937,0.02449082932145104,3.71542368864394
C3 -- IMC PI fixed (k=5),8.46,150.31843634028726,0.02449082932145104,3.6814231682773793
C3 -- IMC PI fixed (k=5),8.464,148.94277698991752,0.02449082932145104,3.6477321299230154
C3 -- IMC PI fixed (k=5),8.468,147.57964091794398,0.02449082932145104,3.6143477970423983
C3 -- IMC PI fixed (k=5),8.472,146.2289157255159,0.02449082932145104,3.581267416894458
C3 -- IMC PI fixed (k=5),8.475999999999999,144.89048997891987,0.02449082932145104,3.548488260375139
C3 -- IMC PI fixed (k=5),8.48,143.564253202202,0.02449082932145104,3.5160076218367102
C3 -- IMC PI fixed (k=5),8.484,142.25009587013233,0.02449082932145104,3.4838228189154585
C3 -- IMC PI fixed (k=5),8.488,140.9479094015145,0.02449082932145104,3.451931192367836
C3 -- IMC PI fixed (k=5),8.492,139.65758615157623,0.02449082932145104,3.420330105884098
C3 -- IMC PI fixed (k=5),8.496,138.37901940542912,0.02449082932145104,3.3890169459281263
C3 -- IMC PI fixed (k=5),8.5,137.11210337100093,0.02449082932145104,3.357989121564336
C3 -- IMC PI fixed (k=5),8.504,135.85673317196097,0.02449082932145104,3.327244064284412
C3 -- IMC PI fixed (k=5),8.508,134.6128048408465,0.02449082932145104,3.2967792278389703
C3 -- IMC PI fixed (k=5),8.512,133.3802153122974,0.02449082932145104,3.2665920880718664
C3 -- IMC PI fixed (k=5),8.516,132.15886241583843,0.02449082932145104,3.2366801427434297
C3 -- IMC PI fixed (k=5),8.52,130.94864486945096,0.02449082932145104,3.207040911373029
C3 -- IMC PI fixed (k=5),8.524000000000001,129.74946227241648,0.02449082932145104,3.1776719350638034
C3 -- IMC PI fixed (k=5),8.528,128.56121509854435,0.02449082932145104,3.1485707763368045
C3 -- IMC PI fixed (k=5),8.532,127.38380468962299,0.02449082932145104,3.1197350189706112
C3 -- IMC PI fixed (k=5),8.536,126.21713324846286,0.02449082932145104,3.0911622678309474
C3 -- IMC PI fixed (k=5),8.54,125.06110383223069,0.02449082932145104,3.0628501487074287
C3 -- IMC PI fixed (k=5),8.544,123.9156203457519,0.02449082932145104,3.034796308149536
C3 -- IMC PI fixed (k=5),8.548,122.78058753489657,0.02449082932145104,3.0069984133046312
C3 -- IMC PI fixed (k=5),8.552,121.65591097995433,0.02449082932145104,2.979454151755703
C3 -- IMC PI fixed (k=5),8.556000000000001,120.54149708899676,0.02449082932145104,2.9521612313588075
C3 -- IMC PI fixed (k=5),8.56,119.437253091346,0.02449082932145104,2.9251173800831056
C3 -- IMC PI fixed (k=5),8.564,118.34308703092658,0.02449082932145104,2.8983203458480493
C3 -- IMC PI fixed (k=5),8.568,117.25890776002477,0.02449082932145104,2.8717678963705375
C3 -- IMC PI fixed (k=5),8.572,116.18462493260678,0.02449082932145104,2.845457819001278
C3 -- IMC PI fixed (k=5),8.576,115.12014899795223,0.02449082932145104,2.819387920568861
C3 -- IMC PI fixed (k=5),8.58,114.0653911942224,0.02449082932145104,2.7935560272222455
C3 -- IMC PI fixed (k=5),8.584,113.02026354220168,0.02449082932145104,2.767959984277477
C3 -- IMC PI fixed (k=5),8.588000000000001,111.98467883889558,0.02449082932145104,2.7425976560609016
C3 -- IMC PI fixed (k=5),8.592,110.95855065118423,0.02449082932145104,2.717466925753733
C3 -- IMC PI fixed (k=5),8.596,109.94179330966273,0.02449082932145104,2.692565695241198
C3 -- IMC PI fixed (k=5),8.6,108.93432190240769,0.02449082932145104,2.6678918849598725
C3 -- IMC PI fixed (k=5),8.604,107.93605226873538,0.02449082932145104,2.6434434337448165
C3 -- IMC PI fixed (k=5),8.608,106.9469009931013,0.02449082932145104,2.619218298680167
C3 -- IMC PI fixed (k=5),8.612,105.96678539897827,0.02449082932145104,2.595214454949207
C3 -- IMC PI fixed (k=5),8.616,104.99562354278501,0.024490829321451038,2.5714298956856743
C3 -- IMC PI fixed (k=5),8.620000000000001,104.03333420776674,0.02449082932145104,2.5478626318238895
C3 -- IMC PI fixed (k=5),8.624,103.07983689814603,0.02449082932145104,2.5245106919555056
C3 -- IMC PI fixed (k=5),8.628,102.13505183301845,0.024490829321451038,2.50137212218001
C3 -- IMC PI fixed (k=5),8.632,101.19889994051148,0.024490829321451045,2.478444985961669
C3 -- IMC PI fixed (k=5),8.636,100.2713028519003,0.02449082932145104,2.4557273639854174
C3 -- IMC PI fixed (k=5),8.64,99.35218289557211,0.02449082932145104,2.4332173540090443
C3 -- IMC PI fixed (k=5),8.644,98.44146309149218,0.02449082932145104,2.4109130707276574
C3 -- IMC PI fixed (k=5),8.648,97.53906714524952,0.02449082932145104,2.388812645627859
C3 -- IMC PI fixed (k=5),8.652000000000001,96.64491944233028,0.02449082932145104,2.3669142268474963
C3 -- IMC PI fixed (k=5),8.656,95.75894504248197,0.02449082932145104,2.3452159790376363
C3 -- IMC PI fixed (k=5),8.66,94.88106967396736,0.024490829321451038,2.323716083221839
C3 -- IMC PI fixed (k=5),8.664,94.01121972797988,0.02449082932145104,2.3024127366593863
C3 -- IMC PI fixed (k=5),8.668,93.1493222530803,0.024490829321451045,2.281304152709031
C3 -- IMC PI fixed (k=5),8.672,92.29530494963693,0.024490829321451038,2.2603885606928333
C3 -- IMC PI fixed (k=5),8.676,91.44909616421087,0.024490829321451045,2.2396642057586518
C3 -- IMC PI fixed (k=5),8.68,90.61062488425615,0.02449082932145104,2.219129348750342
C3 -- IMC PI fixed (k=5),8.684000000000001,89.77982073252562,0.02449082932145104,2.1987822660707566
C3 -- IMC PI fixed (k=5),8.688,88.95661396174629,0.02449082932145104,2.178621249551337
C3 -- IMC PI fixed (k=5),8.692,88.14093544931909,0.024490829321451038,2.1586446063223073
C3 -- IMC PI fixed (k=5),8.696,87.3327166918435,0.02449082932145104,2.1388506586785776
C3 -- IMC PI fixed (k=5),8.7,86.53188979996438,0.02449082932145104,2.119237743953538
C3 -- IMC PI fixed (k=5),8.704,85.73838749306279,0.02449082932145104,2.0998042143890334
C3 -- IMC PI fixed (k=5),8.708,84.95214309403273,0.02449082932145104,2.0805484370074416
C3 -- IMC PI fixed (k=5),8.712,84.17309052422408,0.02449082932145104,2.06146879348782
C3 -- IMC PI fixed (k=5),8.716000000000001,83.40116429809075,0.02449082932145104,2.042563680034837
C3 -- IMC PI fixed (k=5),8.72,82.63629951833612,0.02449082932145104,2.0238315072598767
C3 -- IMC PI fixed (k=5),8.724,81.87843187070135,0.02449082932145104,2.005270700053404
C3 -- IMC PI fixed (k=5),8.728,81.1274976189366,0.02449082932145104,1.9868796974618022
C3 -- IMC PI fixed (k=5),8.732,80.38343359997532,0.02449082932145104,1.9686569525691884
C3 -- IMC PI fixed (k=5),8.736,79.64617721876537,0.02449082932145104,1.9506009323708249
C3 -- IMC PI fixed (k=5),8.74,78.91566644352554,0.02449082932145104,1.9327101176569452
C3 -- IMC PI fixed (k=5),8.744,78.19183980079477,0.02449082932145104,1.9149830028915071
C3 -- IMC PI fixed (k=5),8.748000000000001,77.4746363706311,0.02449082932145104,1.8974180960946094
C3 -- IMC PI fixed (k=5),8.752,76.76399578179787,0.02449082932145104,1.8800139187245994
C3 -- IMC PI fixed (k=5),8.756,76.059858206952,0.02449082932145104,1.8627690055602286
C3 -- IMC PI fixed (k=5),8.76,75.36216435802143,0.02449082932145104,1.845681904587444
C3 -- IMC PI fixed (k=5),8.764,74.67085548142424,0.02449082932145104,1.828751176882298
C3 -- IMC PI fixed (k=5),8.768,73.9858733534657,0.02449082932145104,1.8119753964982213
C3 -- IMC PI fixed (k=5),8.772,73.3071602756706,0.02449082932145104,1.7953531503517044
C3 -- IMC PI fixed (k=5),8.776,72.63465907023968,0.02449082932145104,1.7788830381110257
C3 -- IMC PI fixed (k=5),8.780000000000001,71.96831307552537,0.02449082932145104,1.7625636720854452
C3 -- IMC PI fixed (k=5),8.784,71.30806614140916,0.02449082932145104,1.7463936771119937
C3 -- IMC PI fixed (k=5),8.788,70.65386262499807,0.02449082932145104,1.7303716904500765
C3 -- IMC PI fixed (k=5),8.792,70.00564738601405,0.02449082932145104,1.7144963616685553
C3 -- IMC PI fixed (k=5),8.796,69.36336578249116,0.02449082932145104,1.6987663525403682
C3 -- IMC PI fixed (k=5),8.8,68.72696366640655,0.02449082932145104,1.6831803369355298
C3 -- IMC PI fixed (k=5),8.804,68.0963873792287,0.02449082932145104,1.6677370007121028
C3 -- IMC PI fixed (k=5),8.808,67.4715837478055,0.02449082932145104,1.6524350416154945
C3 -- IMC PI fixed (k=5),8.812000000000001,66.85250007988098,0.02449082932145104,1.6372731691686573
C3 -- IMC PI fixed (k=5),8.816,66.239084160065,0.02449082932145104,1.6222501045733833
C3 -- IMC PI fixed (k=5),8.82,65.63128424549136,0.02449082932145104,1.6073645806039676
C3 -- IMC PI fixed (k=5),8.824,65.02904906173615,0.02449082932145104,1.592615341507246
C3 -- IMC PI fixed (k=5),8.828,64.43232779860365,0.02449082932145104,1.5780011428993874
C3 -- IMC PI fixed (k=5),8.832,63.841070106130594,0.02449082932145104,1.5635207516680347
C3 -- IMC PI fixed (k=5),8.836,63.255226090405216,0.02449082932145104,1.549172945869911
C3 -- IMC PI fixed (k=5),8.84,62.674746309664535,0.02449082932145104,1.5349565146352377
C3 -- IMC PI fixed (k=5),8.844000000000001,62.09958177017156,0.024490829321451045,1.5208702580667643
C3 -- IMC PI fixed (k=5),8.848,61.52968392236149,0.024490829321451038,1.5069129871453855
C3 -- IMC PI fixed (k=5),8.852,60.96500465677949,0.02449082932145104,1.4930835236306546
C3 -- IMC PI fixed (k=5),8.856,60.40549630030762,0.02449082932145104,1.4793806999683763
C3 -- IMC PI fixed (k=5),8.86,59.85111161221837,0.02449082932145104,1.4658033591939565
C3 -- IMC PI fixed (k=5),8.864,59.3018037803708,0.02449082932145104,1.4523503548392414
C3 -- IMC PI fixed (k=5),8.868,58.757526417363906,0.02449082932145104,1.43902055083831
C3 -- IMC PI fixed (k=5),8.872,58.21823355681152,0.02449082932145104,1.4258128214362444
C3 -- IMC PI fixed (k=5),8.876000000000001,57.68387964958473,0.02449082932145104,1.4127260510971027
C3 -- IMC PI fixed (k=5),8.88,57.15441956005856,0.02449082932145104,1.399759134411997
C3 -- IMC PI fixed (k=5),8.884,56.6298085625012,0.02449082932145104,1.3869109760106637
C3 -- IMC PI fixed (k=5),8.888,56.11000233738671,0.02449082932145104,1.374180490471157
C3 -- IMC PI fixed (k=5),8.892,55.59495696774868,0.02449082932145104,1.3615666022305482
C3 -- IMC PI fixed (k=5),8.896,55.084628935626455,0.02449082932145104,1.3490682454978908
C3 -- IMC PI fixed (k=5),8.9,54.57897511854589,0.02449082932145104,1.3366843641680306
C3 -- IMC PI fixed (k=5),8.904,54.077952785880825,0.02449082932145104,1.3244139117324951
C3 -- IMC PI fixed (k=5),8.908000000000001,53.58151959544499,0.02449082932145104,1.3122558511960276
C3 -- IMC PI fixed (k=5),8.912,53.08963358999257,0.02449082932145104,1.3002091549908823
C3 -- IMC PI fixed (k=5),8.916,52.60225319379167,0.02449082932145104,1.2882728048929046
C3 -- IMC PI fixed (k=5),8.92,52.1193372091728,0.024490829321451038,1.2764457919370034
C3 -- IMC PI fixed (k=5),8.924,51.64084481320688,0.02449082932145104,1.26472711633579
C3 -- IMC PI fixed (k=5),8.928,51.166735554263326,0.02449082932145104,1.2531157873952838
C3 -- IMC PI fixed (k=5),8.932,50.69696934878152,0.02449082932145104,1.2416108234358432
C3 -- IMC PI fixed (k=5),8.936,50.231506477953864,0.02449082932145104,1.2302112517109305
C3 -- IMC PI fixed (k=5),8.940000000000001,49.770307584370144,0.024490829321451045,1.2189161083249296
C3 -- IMC PI fixed (k=5),8.944,49.31333366891007,0.02449082932145104,1.2077244381570416
C3 -- IMC PI fixed (k=5),8.948,48.86054608740078,0.02449082932145104,1.196635294779425
C3 -- IMC PI fixed (k=5),8.952,48.411906547524026,0.02449082932145104,1.1856477403814492
C3 -- IMC PI fixed (k=5),8.956,47.9673771056549,0.024490829321451045,1.1747608456922725
C3 -- IMC PI fixed (k=5),8.96,47.52692016363739,0.02449082932145104,1.1639736899018733
C3 -- IMC PI fixed (k=5),8.964,47.090498465774225,0.024490829321451045,1.1532853605873288
C3 -- IMC PI fixed (k=5),8.968,46.6580750957582,0.02449082932145104,1.1426949536376596
C3 -- IMC PI fixed (k=5),8.972,46.22961347350291,0.02449082932145104,1.1322015731762132
C3 -- IMC PI fixed (k=5),8.975999999999999,45.805077352256646,0.02449082932145104,1.1218043314899802
C3 -- IMC PI fixed (k=5),8.98,45.384430815551816,0.024490829321451038,1.1115023489548825
C3 -- IMC PI fixed (k=5),8.984,44.96763827418624,0.02449082932145104,1.1012947539618445
C3 -- IMC PI fixed (k=5),8.988,44.554664463353014,0.02449082932145104,1.0911806828464987
C3 -- IMC PI fixed (k=5),8.992,44.14547443962915,0.02449082932145104,1.081159279815437
C3 -- IMC PI fixed (k=5),8.996,43.74003357820098,0.024490829321451045,1.0712296968782578
C3 -- IMC PI fixed (k=5),9.0,43.33830756987371,0.02449082932145104,1.0613910937743267
C2 -- reference_PI / A_original3,5.0,43.51199062255985,0.01916854941397739,0.8340617423490593
C2 -- reference_PI / A_original3,5.004,43.91371598507954,0.019103246888122732,0.8388945582378763
C2 -- reference_PI / A_original3,5.008,44.319156188704355,0.019037944362268064,0.8437456297032219
C2 -- reference_PI / A_original3,5.012,44.72834554238734,0.018972641836413406,0.8486148799110531
C2 -- reference_PI / A_original3,5.016,45.14131867074634,0.018907339310558734,0.8535022290338611
C2 -- reference_PI / A_original3,5.02,45.55811051693909,0.01884203678470408,0.85840759420178
C2 -- reference_PI / A_original3,5.024,45.97875634555427,0.018776734258849407,0.8633308894528584
C2 -- reference_PI / A_original3,5.028,46.40329174553724,0.01871143173299475,0.8682720256828588
C2 -- reference_PI / A_original3,5.032,46.83175263312418,0.018646129207140077,0.873230910594056
C2 -- reference_PI / A_original3,5.036,47.26417525484263,0.018580826681285422,0.8782074486441301
C2 -- reference_PI / A_original3,5.04,47.70059619047115,0.01851552415543075,0.8832015409931167
C2 -- reference_PI / A_original3,5.044,48.141052356104915,0.018450221629576092,0.888213085451162
C2 -- reference_PI / A_original3,5.048,48.5855810071602,0.018384919103721423,0.8932419764239443
C2 -- reference_PI / A_original3,5.052,49.03421974150219,0.018319616577866765,0.8982881048591853
C2 -- reference_PI / A_original3,5.056,49.48700650251337,0.018254314052012093,0.9033513581908436
C2 -- reference_PI / A_original3,5.06,49.94397958224212,0.01818901152615744,0.9084316202835737
C2 -- reference_PI / A_original3,5.064,50.405177624537444,0.018123709000302766,0.9135287713756889
C2 -- reference_PI / A_original3,5.068,50.87063962827961,0.01805840647444811,0.918642688022641
C2 -- reference_PI / A_original3,5.072,51.34040495053541,0.01799310394859344,0.9237732430378648
C2 -- reference_PI / A_original3,5.076,51.814513309846205,0.01792780142273878,0.9289203054347783
C2 -- reference_PI / A_original3,5.08,52.29300478948062,0.01786249889688411,0.934083740366853
C2 -- reference_PI / A_original3,5.084,52.775919840713186,0.017797196371029455,0.9392634090668821
C2 -- reference_PI / A_original3,5.088,53.26329928617927,0.017731893845174783,0.9444591687863045
C2 -- reference_PI / A_original3,5.092,53.75518432322935,0.017666591319320125,0.9496708727332169
C2 -- reference_PI / A_original3,5.096,54.2516165272598,0.017601288793465453,0.9548983700086431
C2 -- reference_PI / A_original3,5.1,54.752637855199495,0.017535986267610798,0.9601415055442455
C2 -- reference_PI / A_original3,5.104,55.258290648877505,0.017470683741756126,0.9654001200365788
C2 -- reference_PI / A_original3,5.108,55.76861763855874,0.017405381215901468,0.9706740498829616
C2 -- reference_PI / A_original3,5.112,56.28366194640898,0.0173400786900468,0.9759631271147242
C2 -- reference_PI / A_original3,5.116,56.80346708999863,0.01727477616419214,0.981267179329781
C2 -- reference_PI / A_original3,5.12,57.32807698592059,0.01720947363833747,0.9865860296257813
C2 -- reference_PI / A_original3,5.124,57.857535953340296,0.017144171112482814,0.9919194965306926
C2 -- reference_PI / A_original3,5.128,58.391888717612076,0.017078868586628142,0.9972673939331111
C2 -- reference_PI / A_original3,5.132,58.93118041396095,0.017013566060773484,1.0026295310122852
C2 -- reference_PI / A_original3,5.136,59.4754565911326,0.016948263534918812,1.0080057121661394
C2 -- reference_PI / A_original3,5.14,60.02476321511244,0.016882961009064158,1.0133957369390518
C2 -- reference_PI / A_original3,5.144,60.579146672872014,0.016817658483209486,1.0187993999486178
C2 -- reference_PI / A_original3,5.148,61.138653776153745,0.016752355957354827,1.0242164908116034
C2 -- reference_PI / A_original3,5.152,61.703331765252656,0.01668705343150016,1.029646794068352
C2 -- reference_PI / A_original3,5.156,62.27322831288263,0.0166217509056455,1.035090089107126
C2 -- reference_PI / A_original3,5.16,62.84839152800244,0.01655644837979083,1.0405461500862556
C2 -- reference_PI / A_original3,5.164,63.42886995977745,0.016491145853936174,1.0460147458570406
C2 -- reference_PI / A_original3,5.168,64.01471260144866,0.016425843328081502,1.0514956398835604
C2 -- reference_PI / A_original3,5.172,64.60596889435935,0.016360540802226844,1.0569885901635645
C2 -- reference_PI / A_original3,5.176,65.20268873191075,0.016295238276372175,1.0624933491466129
C2 -- reference_PI / A_original3,5.18,65.80492246359228,0.016229935750517517,1.0680096636518894
C2 -- reference_PI / A_original3,5.184,66.41272089909857,0.016164633224662845,1.0735372747858294
C2 -- reference_PI / A_original3,5.188,67.02613531236854,0.01609933069880819,1.0790759178568865
C2 -- reference_PI / A_original3,5.192,67.64521744574228,0.01603402817295352,1.0846253222905984
C2 -- reference_PI / A_original3,5.196,68.27001951414424,0.01596872564709886,1.0901852115434547
C2 -- reference_PI / A_original3,5.2,68.90059420920676,0.015903423121244188,1.0957553030141622
C2 -- reference_PI / A_original3,5.204,69.53699470363087,0.015838120595389533,1.101335307957069
C2 -- reference_PI / A_original3,5.208,70.1792746553159,0.01577281806953486,1.1069249313902165
C2 -- reference_PI / A_original3,5.212,70.82748821179025,0.015707515543680203,1.1125238720065218
C2 -- reference_PI / A_original3,5.216,71.48169001442503,0.015642213017825535,1.1181318220798087
C2 -- reference_PI / A_original3,5.22,72.14193520291902,0.015576910491970877,1.1237484673734324
C2 -- reference_PI / A_original3,5.224,72.8082794195968,0.015511607966116205,1.1293734870442322
C2 -- reference_PI / A_original3,5.228,73.48077881392868,0.015446305440261552,1.1350065535482423
C2 -- reference_PI / A_original3,5.232,74.1594900469817,0.015381002914406876,1.1406473325435533
C2 -- reference_PI / A_original3,5.236,74.84447029593059,0.01531570038855222,1.1462954827923693
C2 -- reference_PI / A_original3,5.24,75.53577725859489,0.015250397862697546,1.1519506560616735
C2 -- reference_PI / A_original3,5.244,76.23346915803832,0.015185095336842893,1.157612497023084
C2 -- reference_PI / A_original3,5.248,76.93760474715798,0.01511979281098822,1.1632806431507323
C2 -- reference_PI / A_original3,5.252,77.64824331339119,0.015054490285133561,1.1689547246191347
C2 -- reference_PI / A_original3,5.256,78.36544468336541,0.014989187759278894,1.174634364198348
C2 -- reference_PI / A_original3,5.26,79.08926922764702,0.014923885233424236,1.1803191771487953
C2 -- reference_PI / A_original3,5.264,79.81977786541493,0.014858582707569564,1.1860087711130982
C2 -- reference_PI / A_original3,5.268,80.5570320694783,0.014793280181714911,1.1917027460111858
C2 -- reference_PI / A_original3,5.272,81.30109387083563,0.014727977655860237,1.1974006939266628
C2 -- reference_PI / A_original3,5.276,82.05202586377186,0.01466267513000558,1.2031021989993023
C2 -- reference_PI / A_original3,5.28,82.80989121065244,0.01459737260415091,1.2088068373110952
C2 -- reference_PI / A_original3,5.284,83.57475364688081,0.014532070078296253,1.2145141767728171
C2 -- reference_PI / A_original3,5.288,84.34667748596812,0.014466767552441582,1.2202237770102584
C2 -- reference_PI / A_original3,5.292,85.12572762440062,0.014401465026586926,1.22593518924557
C2 -- reference_PI / A_original3,5.296,85.91196954685026,0.014336162500732254,1.231647956181606
C2 -- reference_PI / A_original3,5.3,86.70546933116805,0.014270859974877596,1.237361611881143
C2 -- reference_PI / A_original3,5.304,87.50629365361573,0.014205557449022925,1.2430756816475084
C2 -- reference_PI / A_original3,5.308,88.31450979393782,0.014140254923168269,1.2487896819009214
C2 -- reference_PI / A_original3,5.312,89.1301856405905,0.014074952397313597,1.2545031200550352
C2 -- reference_PI / A_original3,5.316,89.95338969603918,0.014009649871458939,1.260215494392411
C2 -- reference_PI / A_original3,5.32,90.78419108203649,0.01394434734560427,1.2659262939376263
C2 -- reference_PI / A_original3,5.324,91.62265954489891,0.013879044819749612,1.2716349983283115
C2 -- reference_PI / A_original3,5.328,92.46886546089979,0.013813742293894942,1.2773410776857126
C2 -- reference_PI / A_original3,5.332,93.32287984162161,0.013748439768040284,1.2830439924825956
C2 -- reference_PI / A_original3,5.336,94.18477433948323,0.013683137242185613,1.2887431934114308
C2 -- reference_PI / A_original3,5.34,95.05462125314241,0.013617834716330955,1.294438121248733
C2 -- reference_PI / A_original3,5.344,95.93249353303071,0.013552532190476283,1.3001282067190565
C2 -- reference_PI / A_original3,5.348,96.81846478688284,0.013487229664621628,1.3058128703567708
C2 -- reference_PI / A_original3,5.352,97.71260928537653,0.013421927138766956,1.3114915223671273
C2 -- reference_PI / A_original3,5.356,98.61500196767444,0.013356624612912298,1.3171635624838351
C2 -- reference_PI / A_original3,5.36,99.52571844719724,0.01329132208705763,1.3228283798275116
C2 -- reference_PI / A_original3,5.364,100.44483501718594,0.013226019561202972,1.3284853527591065
C2 -- reference_PI / A_original3,5.368,101.372428656627,0.013160717035348298,1.334133848735901
C2 -- reference_PI / A_original3,5.372,102.30857703589749,0.013095414509493645,1.3397732241615403
C2 -- reference_PI / A_original3,5.376,103.25335852251285,0.013030111983638975,1.345402824235166
C2 -- reference_PI / A_original3,5.38,104.20685218719312,0.012964809457784315,1.3510219828024534
C2 -- reference_PI / A_original3,5.384,105.16913780957908,0.012899506931929641,1.3566300221997292
C2 -- reference_PI / A_original3,5.388,106.14029588420985,0.012834204406074986,1.3622262530992288
C2 -- reference_PI / A_original3,5.392,107.120407626554,0.012768901880220316,1.367809974352672
C2 -- reference_PI / A_original3,5.396,108.10955497883454,0.01270359935436566,1.3733804728298813
C2 -- reference_PI / A_original3,5.4,109.1078206163543,0.01263829682851099,1.3789370232614164
C2 -- reference_PI / A_original3,5.404,110.11528795326254,0.012572994302656331,1.3844788880717311
C2 -- reference_PI / A_original3,5.408,111.13204114884277,0.012507691776801659,1.3900053172165643
C2 -- reference_PI / A_original3,5.412,112.1581651136454,0.012442389250947003,1.3955155480159607
C2 -- reference_PI / A_original3,5.416,113.19374551564162,0.012377086725092332,1.4010088049851277
C2 -- reference_PI / A_original3,5.42,114.23886878645847,0.012311784199237674,1.4064842996639053
C2 -- reference_PI / A_original3,5.424,115.29362212767958,0.012246481673383006,1.4119412304445733
C2 -- reference_PI / A_original3,5.428,116.3580935169764,0.012181179147528347,1.4173787823951463
C2 -- reference_PI / A_original3,5.432,117.43237171465769,0.012115876621673674,1.422796127085314
C2 -- reference_PI / A_original3,5.436,118.51654626981434,0.01205057409581902,1.4281924224049611
C2 -- reference_PI / A_original3,5.44,119.61070752700331,0.011985271569964349,1.4335668123867136
C2 -- reference_PI / A_original3,5.444,120.71494663232806,0.01191996904410969,1.4389184270187039
C2 -- reference_PI / A_original3,5.448,121.8293555400374,0.011854666518255019,1.4442463820610678
C2 -- reference_PI / A_original3,5.452,122.95402701927233,0.011789363992400364,1.4495497788616307
C2 -- reference_PI / A_original3,5.456,124.08905466021353,0.011724061466545692,1.4548277041618916
C2 -- reference_PI / A_original3,5.46,125.23453288081879,0.011658758940691034,1.4600792299075114
C2 -- reference_PI / A_original3,5.464,126.3905569334613,0.011593456414836365,1.4653034130549778
C2 -- reference_PI / A_original3,5.468,127.55722291147433,0.011528153888981707,1.4704992953746192
C2 -- reference_PI / A_original3,5.472,128.73462775582286,0.011462851363127035,1.4756659032524855
C2 -- reference_PI / A_original3,5.476,129.92286926188692,0.01139754883727238,1.4808022474909106
C2 -- reference_PI / A_original3,5.48,131.1220460859269,0.011332246311417708,1.485907323102788
C2 -- reference_PI / A_original3,5.484,132.33225775218975,0.01126694378556305,1.4909801091105621
C2 -- reference_PI / A_original3,5.488,133.55360465936903,0.011201641259708378,1.4960195683351691
C2 -- reference_PI / A_original3,5.492,134.7861880875459,0.011136338733853723,1.5010246471878306
C2 -- reference_PI / A_original3,5.496,136.03011020507898,0.011071036207999051,1.5059942754585307
C2 -- reference_PI / A_original3,5.5,137.28547407525133,0.011005733682144393,1.5109273660991545
C2 -- reference_PI / A_original3,5.504,138.5523836634014,0.010940431156289739,1.515822815009286
C2 -- reference_PI / A_original3,5.508,139.83094384363255,0.010875128630435067,1.5206795008146463
C2 -- reference_PI / A_original3,5.5120000000000005,141.12126040589607,0.010809826104580395,1.5254962846469429
C2 -- reference_PI / A_original3,5.516,142.42344006274902,0.01074452357872574,1.530272009917439
C2 -- reference_PI / A_original3,5.52,143.73759045666148,0.010679221052871082,1.5350055020937408
C2 -- reference_PI / A_original3,5.524,145.0638201665328,0.01061391852701641,1.539695568465339
C2 -- reference_PI / A_original3,5.5280000000000005,146.40223871525257,0.010548616001161741,1.5443409979176141
C2 -- reference_PI / A_original3,5.532,147.75295657618256,0.010483313475307083,1.548940560691557
C2 -- reference_PI / A_original3,5.536,149.11608518078248,0.010418010949452425,1.5534930081528724
C2 -- reference_PI / A_original3,5.54,150.4917369251467,0.010352708423597756,1.5579970725468237
C2 -- reference_PI / A_original3,5.5440000000000005,151.88002517750897,0.010287405897743084,1.5624514667604739
C2 -- reference_PI / A_original3,5.548,153.28106428504117,0.010222103371888426,1.566854884074766
C2 -- reference_PI / A_original3,5.552,154.6949695812605,0.010156800846033771,1.5712059979201152
C2 -- reference_PI / A_original3,5.556,156.12185739279977,0.0100914983201791,1.5755034616226797
C2 -- reference_PI / A_original3,5.5600000000000005,157.56184504683958,0.010026195794324427,1.5797459081546201
C2 -- reference_PI / A_original3,5.564,159.01505087823568,0.00996089326846977,1.5839319498783957
C2 -- reference_PI / A_original3,5.568,160.4815942364644,0.009895590742615114,1.588060178286472
C2 -- reference_PI / A_original3,5.572,161.96159549298324,0.009830288216760442,1.5921291637423942
C2 -- reference_PI / A_original3,5.5760000000000005,163.45517604837943,0.00976498569090577,1.5961374552169088
C2 -- reference_PI / A_original3,5.58,164.96245833936,0.009699683165051116,1.6000835800197364
C2 -- reference_PI / A_original3,5.584,166.48356584617864,0.009634380639196458,1.603966043532812
C2 -- reference_PI / A_original3,5.588,168.01862309956425,0.009569078113341786,1.6077833289358627
C2 -- reference_PI / A_original3,5.5920000000000005,169.56775568818293,0.009503775587487114,1.611533896934332
C2 -- reference_PI / A_original3,5.596,171.1310902653933,0.009438473061632459,1.6152161854777074
C2 -- reference_PI / A_original3,5.6,172.70875455686374,0.0093731705357778,1.6188286094832751
C2 -- reference_PI / A_original3,5.604,174.30087736737315,0.009307868009923129,1.6223695605493067
C2 -- reference_PI / A_original3,5.608,175.90758858806305,0.009242565484068474,1.625837406669749
C2 -- reference_PI / A_original3,5.612,177.52901920369945,0.009177262958213802,1.6292304919461376
C2 -- reference_PI / A_original3,5.616,179.16530129948327,0.009111960432359147,1.6325471362925965
C2 -- reference_PI / A_original3,5.62,180.816568068544,0.009046657906504475,1.6357856351442983
C2 -- reference_PI / A_original3,5.624,182.4829538184592,0.008981355380649817,1.6389442591542907
C2 -- reference_PI / A_original3,5.628,184.16459397909674,0.008916052854795145,1.6420212538995143
C2 -- reference_PI / A_original3,5.632,185.86162510887735,0.00885075032894049,1.6450148395698103
C2 -- reference_PI / A_original3,5.636,187.57418490226883,0.008785447803085818,1.6479232106652508
C2 -- reference_PI / A_original3,5.64,189.30241219645387,0.00872014527723116,1.6507445356833736
C2 -- reference_PI / A_original3,5.644,191.04644697845362,0.008654842751376492,1.6534769568077026
C2 -- reference_PI / A_original3,5.648,192.80643039206012,0.008589540225521834,1.6561185895918757
C2 -- reference_PI / A_original3,5.652,194.5825047446097,0.008524237699667161,1.6586675226396663
C2 -- reference_PI / A_original3,5.656,196.37481351376496,0.008458935173812507,1.661121817282458
C2 -- reference_PI / A_original3,5.66,198.18350135436708,0.008393632647957835,1.6634795072546114
C2 -- reference_PI / A_original3,5.664,200.0087141053086,0.008328330122103177,1.6657385983663642
C2 -- reference_PI / A_original3,5.668,201.8505987958441,0.008263027596248505,1.667897068169345
C2 -- reference_PI / A_original3,5.672,203.70930365259105,0.00819772507039385,1.669952865625319
C2 -- reference_PI / A_original3,5.676,205.58497810589935,0.008132422544539178,1.6719039107670093
C2 -- reference_PI / A_original3,5.68,207.47777279653752,0.00806712001868452,1.6737480943590264
C2 -- reference_PI / A_original3,5.684,209.38783958162438,0.008001817492829851,1.6754832775500927
C2 -- reference_PI / A_original3,5.688,211.31533154177026,0.007936514966975193,1.6771072915325849
C2 -- reference_PI / A_original3,5.692,213.26040298669832,0.007871212441120521,1.6786179371872758
C2 -- reference_PI / A_original3,5.696,215.22320946194802,0.0078059099152658655,1.6800129847343623
C2 -- reference_PI / A_original3,5.7,217.20390775448288,0.007740607389411194,1.6812901733733376
C2 -- reference_PI / A_original3,5.704,219.20265589920328,0.007675304863556536,1.6824472109276647
C2 -- reference_PI / A_original3,5.708,221.2196131846999,0.007610002337701865,1.6834817734810685
C2 -- reference_PI / A_original3,5.712,223.25494015918207,0.0075446998118472094,1.684391505012941
C2 -- reference_PI / A_original3,5.716,225.30879863596778,0.007479397285992537,1.6851740170280964
C2 -- reference_PI / A_original3,5.72,227.38135169963167,0.007414094760137879,1.6858268881893075
C2 -- reference_PI / A_original3,5.724,229.472763710734,0.007348792234283211,1.6863476639369481
C2 -- reference_PI / A_original3,5.728,231.58320031210062,0.0072834897084285526,1.6867338561181329
C2 -- reference_PI / A_original3,5.732,233.71282843374672,0.0072181871825738805,1.686982942603559
C2 -- reference_PI / A_original3,5.736,235.8618162976848,0.007152884656719227,1.6870923669016384
C2 -- reference_PI / A_original3,5.74,238.030333423604,0.007087582130864554,1.6870595377768673
C2 -- reference_PI / A_original3,5.744,240.21855063307194,0.007022279605009896,1.686881828855658
C2 -- reference_PI / A_original3,5.748,242.42664005496627,0.006956977079155227,1.6865565782390148
C2 -- reference_PI / A_original3,5.752,244.65477512927112,0.006891674553300569,1.6860810881018706
C2 -- reference_PI / A_original3,5.756,246.90313061212944,0.006826372027445897,1.6854526242994612
C2 -- reference_PI / A_original3,5.76,249.17188257986916,0.006761069501591242,1.6846684159648275
C2 -- reference_PI / A_original3,5.764,251.46120843298252,0.00669576697573657,1.6837256551043747
C2 -- reference_PI / A_original3,5.768,253.77128690006728,0.006630464449881912,1.6826214961916794
C2 -- reference_PI / A_original3,5.772,256.1022980414307,0.00656516192402724,1.6813530557574767
C2 -- reference_PI / A_original3,5.776,258.4544232530656,0.006499859398172585,1.6799174119807136
C2 -- reference_PI / A_original3,5.78,260.8278452691243,0.006434556872317913,1.678311604268317
C2 -- reference_PI / A_original3,5.784,263.2227481657854,0.006369254346463255,1.6765326328429315
C2 -- reference_PI / A_original3,5.788,265.63931736324736,0.006303951820608587,1.6745774583172652
C2 -- reference_PI / A_original3,5.792,268.07773962949614,0.0062386492947539285,1.6724430012787834
C2 -- reference_PI / A_original3,5.796,270.53820308157367,0.0061733467688992565,1.6701261418574438
C2 -- reference_PI / A_original3,5.8,273.020897188529,0.006108044243044602,1.6676237193032666
C2 -- reference_PI / A_original3,5.804,275.5260127728074,0.00604274171718993,1.6649325315532488
C2 -- reference_PI / A_original3,5.808,278.053742011732,0.005977439191335272,1.6620493347983538
C2 -- reference_PI / A_original3,5.812,280.60427843986207,0.0059121366654806,1.6589708430550358
C2 -- reference_PI / A_original3,5.816,283.1778169481768,0.005846834139625945,1.6556937277173467
C2 -- reference_PI / A_original3,5.82,285.77455378706486,0.005781531613771273,1.6522146171312946
C2 -- reference_PI / A_original3,5.824,288.39468656482404,0.005716229087916615,1.648530096142442
C2 -- reference_PI / A_original3,5.828,291.03841424888356,0.005650926562061946,1.644636705659404
C2 -- reference_PI / A_original3,5.832,293.70593716481676,0.005585624036207288,1.640530942204588
C2 -- reference_PI / A_original3,5.836,296.3974569973274,0.005520321510352616,1.636209257476161
C2 -- reference_PI / A_original3,5.84,299.1131767867068,0.005455018984497961,1.6316680578849805
C2 -- reference_PI / A_original3,5.844,301.85330093029086,0.005389716458643289,1.6269037041197942
C2 -- reference_PI / A_original3,5.848,304.618035179041,0.005324413932788631,1.6219125106859833
C2 -- reference_PI / A_original3,5.852,307.4075866361114,0.0052591114069339626,1.6166907454560138
C2 -- reference_PI / A_original3,5.856,310.2221637539012,0.005193808881079304,1.6112346292126505
C2 -- reference_PI / A_original3,5.86,313.0619763323733,0.005128506355224632,1.60554033519976
C2 -- reference_PI / A_original3,5.864,315.9272355141092,0.005063203829369978,1.5996039886573086
C2 -- reference_PI / A_original3,5.868,318.81815378214174,0.004997901303515306,1.5934216663721095
C2 -- reference_PI / A_original3,5.872,321.7349449536094,0.0049325987776606475,1.5869893962088895
C2 -- reference_PI / A_original3,5.876,324.67782417772366,0.0048672962518059755,1.5803031566647538
C2 -- reference_PI / A_original3,5.88,327.6470079286566,0.004801993725951321,1.5733588764001316
C2 -- reference_PI / A_original3,5.884,330.642714000146,0.004736691200096649,1.5661524337805646
C2 -- reference_PI / A_original3,5.888,333.6651614994649,0.004671388674241991,1.558679656417725
C2 -- reference_PI / A_original3,5.892,336.71457084125535,0.004606086148387322,1.5509363207120879
C2 -- reference_PI / A_original3,5.896,339.79116373870727,0.004540783622532664,1.5429181513860368
C2 -- reference_PI / A_original3,5.9,342.8951631969869,0.004475481096677992,1.53462082103043
C2 -- reference_PI / A_original3,5.904,346.0267935045409,0.004410178570823337,1.5260399496444381
C2 -- reference_PI / A_original3,5.908,349.1862802226323,0.004344876044968665,1.5171711041710307
C2 -- reference_PI / A_original3,5.912,352.3738501778324,0.004279573519114007,1.5080097980492981
C2 -- reference_PI / A_original3,5.916,355.589731448947,0.004214270993259335,1.498551490746174
C2 -- reference_PI / A_original3,5.92,358.8341533588714,0.00414896846740468,1.4887915873138127
C2 -- reference_PI / A_original3,5.924,362.1073464598985,0.004083665941550012,1.4787254379233377
C2 -- reference_PI / A_original3,5.928,365.4095425232557,0.00401836341569535,1.468348337421425
C2 -- reference_PI / A_original3,5.932,368.7409745255752,0.003953060889840682,1.4576555248787904
C2 -- reference_PI / A_original3,5.936,372.101876633271,0.003887758363986027,1.446642183135896
C2 -- reference_PI / A_original3,5.94,375.4924841910659,0.0038224558381313514,1.435303438370584
C2 -- reference_PI / A_original3,5.944,378.9130337017261,0.0037571533122766967,1.4236343596372518
C2 -- reference_PI / A_original3,5.948,382.3637628145687,0.0036918507864220212,1.4116299584462486
C2 -- reference_PI / A_original3,5.952,385.84491030476795,0.0036265482605673666,1.3992851883145279
C2 -- reference_PI / A_original3,5.956,389.35671605687935,0.003561245734712698,1.3865949443393046
C2 -- reference_PI / A_original3,5.96,392.8994210454617,0.0034959432088580364,1.373554062768136
C2 -- reference_PI / A_original3,5.964,396.47326731472174,0.003430640683003368,1.3601573205731539
C2 -- reference_PI / A_original3,5.968,400.07849795815963,0.003365338157148713,1.3463994350333381
C2 -- reference_PI / A_original3,5.972,403.71535709523647,0.0033000356312940377,1.3322750633148766
C2 -- reference_PI / A_original3,5.976,407.38408985232996,0.003234733105439383,1.317778802074624
C2 -- reference_PI / A_original3,5.98,411.08494233351473,0.0031694305795847144,1.3029051870386605
C2 -- reference_PI / A_original3,5.984,414.8181615993896,0.003104128053730053,1.2876486926173918
C2 -- reference_PI / A_original3,5.988,418.58399564054264,0.003038825527875384,1.2720037315125594
C2 -- reference_PI / A_original3,5.992,422.3826933481341,0.00297352300202073,1.2559646543261451
C2 -- reference_PI / A_original3,5.996,426.2145044881782,0.002908220476166054,1.2395257491914884
C2 -- reference_PI / A_original3,6.0,430.07967967084267,0.0028429179503113994,1.2226812414004153
C2 -- reference_PI / A_original3,6.004,433.97847031836693,0.0029353455601364847,1.2738767760438416
C2 -- reference_PI / A_original3,6.008,437.9111286366516,0.003027773169961593,1.3258955661136536
C2 -- reference_PI / A_original3,6.0120000000000005,441.87790757827963,0.0031202007797867014,1.378747791796264
C2 -- reference_PI / A_original3,6.016,445.87906080998664,0.003212628389611789,1.4324437290916043
C2 -- reference_PI / A_original3,6.02,449.91484267548094,0.0033050559994368765,1.4869937500202968
C2 -- reference_PI / A_original3,6.024,453.98550815894663,0.003397483609261985,1.5424083228124943
C2 -- reference_PI / A_original3,6.0280000000000005,458.0913128461755,0.0034899112190870927,1.5986980120682033
C2 -- reference_PI / A_original3,6.032,462.2325128845045,0.0035823388289121807,1.6558734788918104
C2 -- reference_PI / A_original3,6.036,466.40936494053,0.003674766438737268,1.7139454809962222
C2 -- reference_PI / A_original3,6.04,470.6221261568499,0.003767194048562376,1.7729248727798568
C2 -- reference_PI / A_original3,6.0440000000000005,474.87105410751434,0.003859621658387484,1.8328226053746572
C2 -- reference_PI / A_original3,6.048,479.1564067514605,0.003952049268212572,1.893649726661475
C2 -- reference_PI / A_original3,6.052,483.4784423842035,0.00404447687803766,1.955417381252574
C2 -- reference_PI / A_original3,6.056,487.8374195899489,0.004136904487862768,2.018136810449052
C2 -- reference_PI / A_original3,6.0600000000000005,492.23359718567565,0.004229332097687876,2.0818193521377424
C2 -- reference_PI / A_original3,6.064,496.667234172085,0.004321759707512964,2.146476440686823
C2 -- reference_PI / A_original3,6.068,501.13858967684644,0.004414187317338052,2.2121196067802136
C2 -- reference_PI / A_original3,6.072,505.64792289649296,0.0045066149271631595,2.2787604772143815
C2 -- reference_PI / A_original3,6.0760000000000005,510.19549303982154,0.0045990425369882675,2.346410774669841
C2 -- reference_PI / A_original3,6.08,514.7815592645412,0.004691470146813355,2.415082317419625
C2 -- reference_PI / A_original3,6.084,519.4063806161387,0.004783897756638443,2.4847870190132393
C2 -- reference_PI / A_original3,6.088,524.0702159617829,0.004876325366463551,2.5555368879024734
C2 -- reference_PI / A_original3,6.0920000000000005,528.7733239227483,0.004968752976288659,2.627344027023203
C2 -- reference_PI / A_original3,6.096,533.5159628084751,0.005061180586113747,2.7002206333480383
C2 -- reference_PI / A_original3,6.1,538.2983905401203,0.005153608195938835,2.774178997348248
C2 -- reference_PI / A_original3,6.104,543.1208645807641,0.005246035805763943,2.8492315024481583
C2 -- reference_PI / A_original3,6.1080000000000005,547.9836418584817,0.005338463415589051,2.9253906244027577
C2 -- reference_PI / A_original3,6.112,552.8869786858605,0.005430891025414139,3.0026689306133783
C2 -- reference_PI / A_original3,6.116,557.8311306820149,0.005523318635239227,3.0810790794125413
C2 -- reference_PI / A_original3,6.12,562.816352688366,0.005615746245064335,3.1606338192704957
C2 -- reference_PI / A_original3,6.1240000000000006,567.8428986816282,0.005708173854889443,3.2413459879391047
C2 -- reference_PI / A_original3,6.128,572.911021688979,0.005800601464714531,3.3232285115601896
C2 -- reference_PI / A_original3,6.132,578.0209736910139,0.0058930290745396186,3.4062944036548446
C2 -- reference_PI / A_original3,6.136,583.1730055342754,0.0059854566843647265,3.4905567641161963
C2 -- reference_PI / A_original3,6.140000000000001,588.3673668324566,0.006077884294189834,3.5760287780848166
C2 -- reference_PI / A_original3,6.144,593.6043058654272,0.006170311904014922,3.662723714755961
C2 -- reference_PI / A_original3,6.148,598.8840694805273,0.00626273951384001,3.750654926145004
C2 -- reference_PI / A_original3,6.152,604.2069029843582,0.006355167123665118,3.8398358457377126
C2 -- reference_PI / A_original3,6.156000000000001,609.5730500373123,0.006447594733490226,3.930279987098149
C2 -- reference_PI / A_original3,6.16,614.9827525410435,0.006540022343315314,4.022000942371977
C2 -- reference_PI / A_original3,6.164,620.4362505259866,0.006632449953140401,4.115012380727686
C2 -- reference_PI / A_original3,6.168,625.9337820326484,0.006724877562965511,4.209328046693502
C2 -- reference_PI / A_original3,6.172000000000001,631.475582991112,0.006817305172790618,4.304961758416279
C2 -- reference_PI / A_original3,6.176,637.0618870982416,0.006909732782615705,4.401927405837745
C2 -- reference_PI / A_original3,6.18,642.6929256907569,0.007002160392440792,4.500238948773711
C2 -- reference_PI / A_original3,6.184,648.3689276133631,0.007094588002265901,4.599910414887774
C2 -- reference_PI / A_original3,6.188000000000001,654.0901190869068,0.0071870156120910095,4.700955897592067
C2 -- reference_PI / A_original3,6.192,659.8567235676326,0.0072794432219160975,4.803389553810167
C2 -- reference_PI / A_original3,6.196,665.668961611651,0.007371870831741184,4.907225601700372
C2 -- reference_PI / A_original3,6.2,671.5270507250597,0.007464298441566291,5.012478318196671
C2 -- reference_PI / A_original3,6.204,677.4312074858076,0.0075567260513913805,5.119162053633522
C2 -- reference_PI / A_original3,6.208,683.3816382875415,0.007649153661216488,5.22729116051527
C2 -- reference_PI / A_original3,6.212,689.3785528868781,0.0077415812710415755,5.3368800936867995
C2 -- reference_PI / A_original3,6.216,695.4221550741811,0.007834008880866683,5.447943338802583
C2 -- reference_PI / A_original3,6.22,701.5126448136607,0.007926436490691772,5.560495426532697
C2 -- reference_PI / A_original3,6.224,707.6502180720737,0.00801886410051688,5.674550929421093
C2 -- reference_PI / A_original3,6.228,713.8350666480061,0.008111291710341967,5.790124458653377
C2 -- reference_PI / A_original3,6.232,720.067377999111,0.008203719320167077,5.907230660713357
C2 -- reference_PI / A_original3,6.236,726.3473350539608,0.008296146929992164,6.025884213815907
C2 -- reference_PI / A_original3,6.24,732.6751160346005,0.008388574539817272,6.146099824325515
C2 -- reference_PI / A_original3,6.244,739.0508942652496,0.008481002149642359,6.2678922229586895
C2 -- reference_PI / A_original3,6.248,745.4748379809563,0.008573429759467467,6.3912761608801185
C2 -- reference_PI / A_original3,6.252,751.9471101222578,0.008665857369292556,6.5162664055712085
C2 -- reference_PI / A_original3,6.256,758.46786814741,0.008758284979117664,6.642877736738857
C2 -- reference_PI / A_original3,6.26,765.0372638086673,0.00885071258894275,6.771124941801688
C2 -- reference_PI / A_original3,6.264,771.6554429573881,0.008943140198767859,6.901022811510236
C2 -- reference_PI / A_original3,6.268,778.3225453140225,0.009035567808592946,7.032586135141505
C2 -- reference_PI / A_original3,6.272,785.0387042609053,0.009127995418418055,7.1658296957743906
C2 -- reference_PI / A_original3,6.276,791.8040466022148,0.009220423028243142,7.300768265147168
C2 -- reference_PI / A_original3,6.28,798.6186923503644,0.00931285063806825,7.437416598628323
C2 -- reference_PI / A_original3,6.284,805.4827544768887,0.009405278247893339,7.575789429734692
C2 -- reference_PI / A_original3,6.288,812.3963386790355,0.009497705857718447,7.715901464660894
C2 -- reference_PI / A_original3,6.292,819.359543139549,0.009590133467543534,7.8577673766137694
C2 -- reference_PI / A_original3,6.296,826.3724582652327,0.009682561077368642,8.001401799808384
C2 -- reference_PI / A_original3,6.3,833.4351664444529,0.009774988687193729,8.14681932350395
C2 -- reference_PI / A_original3,6.304,840.5477417835665,0.009867416297018839,8.294034485697546
C2 -- reference_PI / A_original3,6.308,847.7102498373337,0.009959843906843926,8.44306176661151
C2 -- reference_PI / A_original3,6.312,854.9227473471494,0.010052271516669034,8.593915582110187
C2 -- reference_PI / A_original3,6.316,862.185281963435,0.010144699126494123,8.746610276810548
C2 -- reference_PI / A_original3,6.32,869.4978919631268,0.010237126736319229,8.901160116988933
C2 -- reference_PI / A_original3,6.324,876.860605972403,0.010329554346144318,9.057579283384976
C2 -- reference_PI / A_original3,6.328,884.2734426672374,0.010421981955969425,9.215881863620913
C2 -- reference_PI / A_original3,6.332,891.7364104881277,0.010514409565794513,9.376081844603632
C2 -- reference_PI / A_original3,6.336,899.2495073322993,0.010606837175619624,9.538193104529864
C2 -- reference_PI / A_original3,6.34,906.812720252526,0.01069926478544471,9.702229404791176
C2 -- reference_PI / A_original3,6.344,914.4260251529444,0.010791692395269819,9.868204381679838
C2 -- reference_PI / A_original3,6.348,922.0893864611706,0.010884120005094906,10.036131537667716
C2 -- reference_PI / A_original3,6.352,929.8027568159374,0.010976547614920014,10.206024232674032
C2 -- reference_PI / A_original3,6.356,937.5660767471683,0.011068975224745101,10.37789567507587
C2 -- reference_PI / A_original3,6.36,945.3792743327751,0.011161402834570209,10.551758912281764
C2 -- reference_PI / A_original3,6.364,953.2422648798722,0.011253830444395298,10.727626821389432
C2 -- reference_PI / A_original3,6.368,961.1549505726531,0.011346258054220406,10.905512099288782
C2 -- reference_PI / A_original3,6.372,969.1172201323345,0.011438685664045493,11.085427252707355
C2 -- reference_PI / A_original3,6.376,977.128948471932,0.0115311132738706,11.267384588007916
C2 -- reference_PI / A_original3,6.38,985.1899963361996,0.011623540883695688,11.45139620062182
C2 -- reference_PI / A_original3,6.384,993.3002099495945,0.011715968493520797,11.637473964377042
C2 -- reference_PI / A_original3,6.388,1001.4594206509054,0.011808396103345884,11.825629520473179
C2 -- reference_PI / A_original3,6.392,1009.6674445252506,0.011900823713170992,12.01587426622286
C2 -- reference_PI / A_original3,6.396,1017.9240820366754,0.011993251322996081,12.208219343595928
C2 -- reference_PI / A_original3,6.4,1026.2291176500719,0.012085678932821187,12.40267562743115
C2 -- reference_PI / A_original3,6.404,1034.5823194554343,0.012178106542646276,12.599253713466386
C2 -- reference_PI / A_original3,6.408,1042.983438783006,0.012270534152471384,12.797963906048922
C2 -- reference_PI / A_original3,6.412,1051.4322098166779,0.012362961762296471,12.998816205610469
C2 -- reference_PI / A_original3,6.416,1059.9283492059878,0.01245538937212158,13.201820295910633
C2 -- reference_PI / A_original3,6.42,1068.4715556739295,0.012547816981946668,13.406985531012307
C2 -- reference_PI / A_original3,6.424,1077.061509619035,0.012640244591771776,13.61432092196755
C2 -- reference_PI / A_original3,6.428,1085.6978727100716,0.012732672201596865,13.82383512318838
C2 -- reference_PI / A_original3,6.432,1094.3802875028791,0.01282509981142197,14.035536418877097
C2 -- reference_PI / A_original3,6.436,1103.1083770166276,0.01291752742124706,14.249432708719628
C2 -- reference_PI / A_original3,6.44,1111.881744340745,0.013009955031072168,14.465531493743173
C2 -- reference_PI / A_original3,6.444,1120.6999722209048,0.013102382640897255,14.683839861681218
C2 -- reference_PI / A_original3,6.448,1129.562622648641,0.013194810250722364,14.904364472157127
C2 -- reference_PI / A_original3,6.452,1138.4692364571613,0.013287237860547451,15.127111541722142
C2 -- reference_PI / A_original3,6.4559999999999995,1147.4193329028953,0.013379665470372538,15.352086828478761
C2 -- reference_PI / A_original3,6.46,1156.412409257203,0.013472093080197648,15.579295616608656
C2 -- reference_PI / A_original3,6.464,1165.4479403857715,0.013564520690022756,15.808742700507205
C2 -- reference_PI / A_original3,6.468,1174.525378346484,0.013656948299847843,16.04043236893716
C2 -- reference_PI / A_original3,6.4719999999999995,1183.6441519739979,0.013749375909672932,16.274368388776534
C2 -- reference_PI / A_original3,6.476,1192.803666455873,0.013841803519498038,16.51055398841907
C2 -- reference_PI / A_original3,6.48,1202.0033029441156,0.013934231129323146,16.748991841433135
C2 -- reference_PI / A_original3,6.484,1211.2424181257118,0.014026658739148233,16.989684049430053
C2 -- reference_PI / A_original3,6.4879999999999995,1220.5203438217843,0.014119086348973322,17.23263212509838
C2 -- reference_PI / A_original3,6.492,1229.8363865942003,0.01421151395879843,17.4778369751217
C2 -- reference_PI / A_original3,6.496,1239.1898273282525,0.01430394156862354,17.725298882536016
C2 -- reference_PI / A_original3,6.5,1248.5799208365365,0.014396369178448627,17.97501748916094
C2 -- reference_PI / A_original3,6.504,1258.0058954819212,0.014488796788273714,18.226991778087857
C2 -- reference_PI / A_original3,6.508,1267.4669527608564,0.01458122439809882,18.481220055380565
C2 -- reference_PI / A_original3,6.5120000000000005,1276.962266947312,0.014673652007923931,18.73769993243452
C2 -- reference_PI / A_original3,6.516,1286.4909846851456,0.01476607961774902,18.996428307377194
C2 -- reference_PI / A_original3,6.52,1296.0522246412716,0.014858507227574104,19.25740134714583
C2 -- reference_PI / A_original3,6.524,1305.6450771265427,0.014950934837399217,19.520614468890013
C2 -- reference_PI / A_original3,6.5280000000000005,1315.2686037303133,0.015043362447224321,19.786062321369762
C2 -- reference_PI / A_original3,6.532,1324.9218369876285,0.015135790057049408,20.053738766644983
C2 -- reference_PI / A_original3,6.536,1334.6037800276172,0.015228217666874494,20.32363686129404
C2 -- reference_PI / A_original3,6.54,1344.3134062379952,0.015320645276699605,20.5957488376841
C2 -- reference_PI / A_original3,6.5440000000000005,1354.0496589514744,0.015413072886524715,20.870066085393006
C2 -- reference_PI / A_original3,6.548,1363.8114511232395,0.015505500496349798,21.14657913231893
C2 -- reference_PI / A_original3,6.552,1373.5976650501968,0.015597928106174889,21.425277626262666
C2 -- reference_PI / A_original3,6.556,1383.4071520570346,0.015690355715999995,21.70615031583337
C2 -- reference_PI / A_original3,6.5600000000000005,1393.2387322443117,0.015782783325825105,21.98918503215923
C2 -- reference_PI / A_original3,6.564,1403.0911942210068,0.015875210935650193,22.274368670211818
C2 -- reference_PI / A_original3,6.568,1412.963294856688,0.01596763854547528,22.561687170295404
C2 -- reference_PI / A_original3,6.572,1422.8537590446701,0.01606006615530039,22.85112549957524
C2 -- reference_PI / A_original3,6.5760000000000005,1432.7612795087718,0.016152493765125498,23.142667634178668
C2 -- reference_PI / A_original3,6.58,1442.6845165790867,0.016244921374950583,23.436296540685856
C2 -- reference_PI / A_original3,6.584,1452.6220980399899,0.016337348984775672,23.731994158676336
C2 -- reference_PI / A_original3,6.588,1462.5726189508619,0.01642977659460078,24.029741382742834
C2 -- reference_PI / A_original3,6.5920000000000005,1472.5346415089964,0.016522204204425888,24.32951804510271
C2 -- reference_PI / A_original3,6.596,1482.5066949389366,0.016614631814250973,24.631302898572518
C2 -- reference_PI / A_original3,6.6,1492.487275386124,0.016707059424076062,24.93507359955335
C2 -- reference_PI / A_original3,6.604,1502.4748458434797,0.016799487033901172,25.240806691510198
C2 -- reference_PI / A_original3,6.6080000000000005,1512.4678361018991,0.016891914643726278,25.548477588814666
C2 -- reference_PI / A_original3,6.612,1522.464642714996,0.016984342253551367,25.85806056080229
C2 -- reference_PI / A_original3,6.616,1532.463628999799,0.017076769863376456,26.169528716424285
C2 -- reference_PI / A_original3,6.62,1542.4631250641194,0.017169197473201562,26.482853989357462
C2 -- reference_PI / A_original3,6.6240000000000006,1552.4614278480485,0.01726162508302667,26.798007123373274
C2 -- reference_PI / A_original3,6.628,1562.456801209709,0.01735405269285176,27.1149576584979
C2 -- reference_PI / A_original3,6.632,1572.447476024173,0.017446480302676846,27.433673917449656
C2 -- reference_PI / A_original3,6.636,1582.4316503259226,0.017538907912501955,27.754122992894853
C2 -- reference_PI / A_original3,6.640000000000001,1592.4074894632456,0.01763133552232706,28.076270734992978
C2 -- reference_PI / A_original3,6.644,1602.373126322876,0.01772376313215215,28.40008174027277
C2 -- reference_PI / A_original3,6.648,1612.326661526959,0.017816190741977236,28.72551934013967
C2 -- reference_PI / A_original3,6.652,1622.266163712916,0.017908618351802345,29.052545590977118
C2 -- reference_PI / A_original3,6.656000000000001,1632.1896698453947,0.018001045961627455,29.381121264980493
C2 -- reference_PI / A_original3,6.66,1642.095185518678,0.01809347357145254,29.711205840991656
C2 -- reference_PI / A_original3,6.664,1651.9806853396167,0.01818590118127763,30.042757496965564
C2 -- reference_PI / A_original3,6.668,1661.8441133391827,0.01827832879110274,30.375733103172188
C2 -- reference_PI / A_original3,6.672000000000001,1671.6833833960047,0.018370756400927845,30.71008821584687
C2 -- reference_PI / A_original3,6.676,1681.4963797291766,0.018463184010752934,31.045777072354678
C2 -- reference_PI / A_original3,6.68,1691.2809574044047,0.01855561162057802,31.38275258687549
C2 -- reference_PI / A_original3,6.684,1701.0349429024363,0.01864803923040313,31.720966347531178
C2 -- reference_PI / A_original3,6.688000000000001,1710.7561347047235,0.01874046684022824,32.0603686141509
C2 -- reference_PI / A_original3,6.692,1720.4423039426702,0.018832894450053324,32.400908317558866
C2 -- reference_PI / A_original3,6.696,1730.0911950448094,0.018925322059878413,32.74253305918294
C2 -- reference_PI / A_original3,6.7,1739.7005264947877,0.01901774966970352,33.08518911312929
C2 -- reference_PI / A_original3,6.704000000000001,1749.267991565062,0.01911017727952863,33.428821428213325
C2 -- reference_PI / A_original3,6.708,1758.7912591275876,0.019202604889353714,33.77337363187599
C2 -- reference_PI / A_original3,6.712,1768.2679744811342,0.019295032499178803,34.118788034870555
C2 -- reference_PI / A_original3,6.716,1777.6957602824316,0.019387460109003912,34.465005638421026
C2 -- reference_PI / A_original3,6.72,1787.0722174160512,0.019479887718828998,34.81196614070344
C2 -- reference_PI / A_original3,6.724,1796.3949260032193,0.019572315328654107,35.15960794652927
C2 -- reference_PI / A_original3,6.728,1805.6614464249028,0.019664742938479196,35.50786817786824
C2 -- reference_PI / A_original3,6.732,1814.8693203418338,0.019757170548304302,35.85668268487873
C2 -- reference_PI / A_original3,6.736,1824.0160718445836,0.01984959815812939,36.205986060084655
C2 -- reference_PI / A_original3,6.74,1833.0992085425264,0.0199420257679545,36.55571165197206
C2 -- reference_PI / A_original3,6.744,1842.1162227996244,0.02003445337777959,36.90579158213051
C2 -- reference_PI / A_original3,6.748,1851.0645929346804,0.020126880987604696,37.256156762365244
C2 -- reference_PI / A_original3,6.752,1859.941784492608,0.02021930859742978,37.606736913910275
C2 -- reference_PI / A_original3,6.756,1868.7452515714974,0.020311736207254894,37.95746058848044
C2 -- reference_PI / A_original3,6.76,1877.472438156354,0.020404163817079976,38.3082551901948
C2 -- reference_PI / A_original3,6.764,1886.1207795245994,0.020496591426905086,38.65904699971144
C2 -- reference_PI / A_original3,6.768,1894.6877036627793,0.020589019036730175,39.009761199371546
C2 -- reference_PI / A_original3,6.772,1903.1706327503357,0.02068144664655528,39.36032190051692
C2 -- reference_PI / A_original3,6.776,1911.566984658595,0.02077387425638037,39.71065217194583
C2 -- reference_PI / A_original3,6.78,1919.874174508849,0.02086630186620548,40.0606740704337
C2 -- reference_PI / A_original3,6.784,1928.0896162272943,0.020958729476030565,40.41030867205145
C2 -- reference_PI / A_original3,6.788,1936.2107241706908,0.021051157085855674,40.75947610583558
C2 -- reference_PI / A_original3,6.792,1944.2349147847008,0.021143584695680763,41.108095589049995
C2 -- reference_PI / A_original3,6.796,1952.1596082587218,0.02123601230550587,41.45608546329373
C2 -- reference_PI / A_original3,6.8,1959.9822302570715,0.021328439915330958,41.803363233154315
C2 -- reference_PI / A_original3,6.804,1967.7002136357385,0.021420867525156064,42.14984560551244
C2 -- reference_PI / A_original3,6.808,1975.3110002079645,0.021513295134981156,42.49544853084876
C2 -- reference_PI / A_original3,6.812,1982.8120425503446,0.02160572274480626,42.84008724640574
C2 -- reference_PI / A_original3,6.816,1990.2008057931594,0.021698150354631348,43.18367632000844
C2 -- reference_PI / A_original3,6.82,1997.4747694710277,0.021790577964456458,43.52612969619312
C2 -- reference_PI / A_original3,6.824,2004.6314293571127,0.021883005574281543,43.867360743001676
C2 -- reference_PI / A_original3,6.828,2011.668299337816,0.021975433184106653,44.20728230068364
C2 -- reference_PI / A_original3,6.832,2018.582913302145,0.02206786079393174,44.54580673176092
C2 -- reference_PI / A_original3,6.836,2025.3728270410388,0.022160288403756848,44.88284597236176
C2 -- reference_PI / A_original3,6.84,2032.0356201381908,0.022252716013581936,45.21831158441802
C2 -- reference_PI / A_original3,6.844,2038.568897895526,0.022345143623407046,45.552114809686145
C2 -- reference_PI / A_original3,6.848,2044.9702932631947,0.02243757123323213,45.88416662493653
C2 -- reference_PI / A_original3,6.852,2051.237468729475,0.02252999884305724,46.21437779731074
C2 -- reference_PI / A_original3,6.856,2057.368118283832,0.02262242645288233,46.542658942380896
C2 -- reference_PI / A_original3,6.86,2063.35996930534,0.022714854062707436,46.8689205816033
C2 -- reference_PI / A_original3,6.864,2069.2107844995703,0.02280728167253252,47.19307320192369
C2 -- reference_PI / A_original3,6.868,2074.9183637925844,0.02289970928235763,47.51502731547535
C2 -- reference_PI / A_original3,6.872,2080.4805462338495,0.02299213689218272,47.83469352053175
C2 -- reference_PI / A_original3,6.876,2085.895211879095,0.023084564502007826,48.15198256305224
C2 -- reference_PI / A_original3,6.88,2091.160283653113,0.023176992111832915,48.46680539880648
C2 -- reference_PI / A_original3,6.884,2096.27372919398,0.023269419721658025,48.77907325610001
C2 -- reference_PI / A_original3,6.888,2101.2335626918534,0.02336184733148311,49.088697699395425
C2 -- reference_PI / A_original3,6.892,2106.0378466867814,0.02345427494130822,49.3955906929925
C2 -- reference_PI / A_original3,6.896,2110.684693822142,0.02354670255113331,49.699664664659856
C2 -- reference_PI / A_original3,6.9,2115.172268604829,0.023639130160958415,50.00083257039924
C2 -- reference_PI / A_original3,6.904,2119.4987891128567,0.023731557770783503,50.29900795893744
C2 -- reference_PI / A_original3,6.908,2123.6625286558465,0.023823985380608613,50.5941050360432
C2 -- reference_PI / A_original3,6.912,2127.6618174129467,0.0239164129904337,50.88603872922477
C2 -- reference_PI / A_original3,6.916,2131.4950440289263,0.024008840600258805,51.17472475233211
C2 -- reference_PI / A_original3,6.92,2135.1606571439665,0.024101268210083897,51.460079669445726
C2 -- reference_PI / A_original3,6.924,2138.657166903792,0.024193695819909003,51.742020959138706
C2 -- reference_PI / A_original3,6.928,2141.983146409383,0.02428612342973409,52.02046707810846
C2 -- reference_PI / A_original3,6.932,2145.1372330981676,0.024378551039559198,52.29533752394248
C2 -- reference_PI / A_original3,6.936,2148.1181300890335,0.024470978649384287,52.56655289776403
C2 -- reference_PI / A_original3,6.94,2150.9246074734924,0.024563406259209396,52.8340349663019
C2 -- reference_PI / A_original3,6.944,2153.5555035236484,0.024655833869034482,53.097706722623975
C2 -- reference_PI / A_original3,6.948,2156.0097258622386,0.02474826147885959,53.35749244660307
C2 -- reference_PI / A_original3,6.952,2158.286252550698,0.024840689088684677,53.61331776399427
C2 -- reference_PI / A_original3,6.956,2160.384133122812,0.024933116698509783,53.86510970475996
C2 -- reference_PI / A_original3,6.96,2162.302489542088,0.025025544308334875,54.11279676005833
C2 -- reference_PI / A_original3,6.964,2164.0405170982553,0.02511797191815998,54.356308938234385
C2 -- reference_PI / A_original3,6.968,2165.5974852195422,0.025210399527985067,54.5955778191844
C2 -- reference_PI / A_original3,6.972,2166.972738221733,0.025302827137810176,54.830536607571695
C2 -- reference_PI / A_original3,6.976,2168.1656959810334,0.025395254747635265,55.06112018452226
C2 -- reference_PI / A_original3,6.98,2169.175854525286,0.025487682357460375,55.28726515761316
C2 -- reference_PI / A_original3,6.984,2170.0027865556326,0.02558010996728546,55.50890990940896
C2 -- reference_PI / A_original3,6.9879999999999995,2170.646141885231,0.02567253757711055,55.725994644158625
C2 -- reference_PI / A_original3,6.992,2171.105647801476,0.02576496518693566,55.93846143276443
C2 -- reference_PI / A_original3,6.996,2171.3811093453814,0.02585739279676077,56.14625425580967
C2 -- reference_PI / A_original3,7.0,2171.472409516259,0.025949820406585854,56.349319044803174
C2 -- reference_PI / A_original3,7.004,2171.3795093905564,0.02604224801641094,56.54760372130158
C2 -- reference_PI / A_original3,7.008,2171.1024481631703,0.026134675626236045,56.74105823407141
C2 -- reference_PI / A_original3,7.0120000000000005,2170.641343106724,0.026227103236061155,56.92963459412249
C2 -- reference_PI / A_original3,7.016,2169.996389449472,0.026319530845886244,57.11328690757716
C2 -- reference_PI / A_original3,7.02,2169.167860175498,0.02641195845571133,57.29197140641949
C2 -- reference_PI / A_original3,7.024,2168.156105741506,0.02650438606553644,57.46564647692292
C2 -- reference_PI / A_original3,7.0280000000000005,2166.961553714657,0.02659681367536155,57.6342726858207
C2 -- reference_PI / A_original3,7.032,2165.5847083337617,0.026689241285186637,57.7978128042303
C2 -- reference_PI / A_original3,7.036,2164.026149991047,0.026781668895011723,57.9562318292072
C2 -- reference_PI / A_original3,7.04,2162.2865346323874,0.026874096504836832,58.109497002819985
C2 -- reference_PI / A_original3,7.0440000000000005,2160.366593093935,0.02696652411466194,58.257577829177656
C2 -- reference_PI / A_original3,7.048,2158.2671303497273,0.02705895172448703,58.400446088680425
C2 -- reference_PI / A_original3,7.052,2155.9890246941304,0.027151379334312116,58.53807585008395
C2 -- reference_PI / A_original3,7.056,2153.5332268500933,0.027243806944137222,58.670443480088814
C2 -- reference_PI / A_original3,7.0600000000000005,2150.900759011142,0.027336234553962332,58.79752765062418
C2 -- reference_PI / A_original3,7.064,2148.092713807795,0.027428662163787417,58.9193093435273
C2 -- reference_PI / A_original3,7.068,2145.11025321614,0.027521089773612506,59.03577185305804
C2 -- reference_PI / A_original3,7.072,2141.95460739775,0.027613517383437616,59.14690078591206
C2 -- reference_PI / A_original3,7.0760000000000005,2138.62707347213,0.027705944993262725,59.25268405872128
C2 -- reference_PI / A_original3,7.08,2135.129014239474,0.02779837260308781,59.35311189349248
C2 -- reference_PI / A_original3,7.084,2131.46185684748,0.0278908002129129,59.44817681077741
C2 -- reference_PI / A_original3,7.088,2127.627091377049,0.02798322782273801,59.537873619833384
C2 -- reference_PI / A_original3,7.0920000000000005,2123.6262694213196,0.028075655432563115,59.62219940781242
C2 -- reference_PI / A_original3,7.096,2119.4610025651773,0.0281680830423882,59.70115352535927
C2 -- reference_PI / A_original3,7.1,2115.1329608471756,0.028260510652213293,59.77473757086905
C2 -- reference_PI / A_original3,7.104,2110.643871181928,0.0283529382620384,59.84295537277092
C2 -- reference_PI / A_original3,7.1080000000000005,2105.9955157118598,0.028445365871863505,59.90581296892772
C2 -- reference_PI / A_original3,7.112,2101.1897301358504,0.028537793481688594,59.96331858446189
C2 -- reference_PI / A_original3,7.116,2096.2284020163634,0.02863022109151368,60.0154826080389
C2 -- reference_PI / A_original3,7.12,2091.113469019912,0.02872264870133879,60.06231756529682
C2 -- reference_PI / A_original3,7.1240000000000006,2085.846917162311,0.028815076311163895,60.10383809143795
C2 -- reference_PI / A_original3,7.128,2080.4307789913887,0.028907503920988988,60.140060901039746
C2 -- reference_PI / A_original3,7.132,2074.8671317724907,0.028999931530814073,60.17100475693881
C2 -- reference_PI / A_original3,7.136,2069.1580956370703,0.02909235914063918,60.19669043703468
C2 -- reference_PI / A_original3,7.140000000000001,2063.3058317157615,0.02918478675046429,60.21714069961386
C2 -- reference_PI / A_original3,7.144,2057.312540259528,0.029277214360289378,60.23238024728967
C2 -- reference_PI / A_original3,7.148,2051.1804587390893,0.029369641970114463,60.242435689262194
C2 -- reference_PI / A_original3,7.152,2044.9118599310223,0.029462069579939573,60.24733550213142
C2 -- reference_PI / A_original3,7.156000000000001,2038.5090500205708,0.029554497189764682,60.24710999014283
C2 -- reference_PI / A_original3,7.16,2031.9743666641673,0.02964692479958977,60.24179124318662
C2 -- reference_PI / A_original3,7.164,2025.3101770691087,0.029739352409414856,60.23141309423263
C2 -- reference_PI / A_original3,7.168,2018.5188760763285,0.029831780019239966,60.21601107579253
C2 -- reference_PI / A_original3,7.172000000000001,2011.6028842442597,0.029924207629065072,60.19562237535138
C2 -- reference_PI / A_original3,7.176,2004.564645923686,0.030016635238890157,60.170285789466284
C2 -- reference_PI / A_original3,7.18,1997.4066273597268,0.03010906284871525,60.14004167761438
C2 -- reference_PI / A_original3,7.184,1990.1313147796736,0.030201490458540356,60.10493191456069
C2 -- reference_PI / A_original3,7.188000000000001,1982.7412125334565,0.030293918068365466,60.06499984326013
C2 -- reference_PI / A_original3,7.192,1975.238841209519,0.03038634567819055,60.02029022598098
C2 -- reference_PI / A_original3,7.196,1967.626735785205,0.03047877328801564,59.97084919543551
C2 -- reference_PI / A_original3,7.2,1959.907443791433,0.03057120089784075,59.91672420532142
C2 -- reference_PI / A_original3,7.204000000000001,1952.083523517332,0.03066362850766586,59.85796398107088
C2 -- reference_PI / A_original3,7.208,1944.1575421934167,0.030756056117490944,59.794618468943995
C2 -- reference_PI / A_original3,7.212,1936.1320742554556,0.030848483727316033,59.72673878660406
C2 -- reference_PI / A_original3,7.216,1928.0096995902736,0.030940911337141143,59.65437717217078
C2 -- reference_PI / A_original3,7.220000000000001,1919.7930018479574,0.031033338946966246,59.577586934361456
C2 -- reference_PI / A_original3,7.224,1911.4845667353172,0.031125766556791334,59.49642240111291
C2 -- reference_PI / A_original3,7.228,1903.0869803929509,0.03121819416661642,59.410938869866875
C2 -- reference_PI / A_original3,7.232,1894.6028277783578,0.03131062177644153,59.321192557144755
C2 -- reference_PI / A_original3,7.236000000000001,1886.0346910749354,0.03140304938626664,59.22724054803834
C2 -- reference_PI / A_original3,7.24,1877.3851481674278,0.03149547699609173,59.12914074691149
C2 -- reference_PI / A_original3,7.244,1868.6567711007401,0.03158790460591682,59.026951826730716
C2 -- reference_PI / A_original3,7.248,1859.8521246641656,0.03168033221574192,58.92073318151423
C2 -- reference_PI / A_original3,7.252000000000001,1850.9737649039935,0.03177275982556703,58.810544875720154
C2 -- reference_PI / A_original3,7.256,1842.024237766372,0.03186518743539212,58.696447596960745
C2 -- reference_PI / A_original3,7.26,1833.0060777351805,0.03195761504521721,58.57850260780439
C2 -- reference_PI / A_original3,7.264,1823.921806522233,0.03205004265504231,58.4567716984994
C2 -- reference_PI / A_original3,7.268000000000001,1814.7739317933244,0.032142470264867426,58.331317140123474
C2 -- reference_PI / A_original3,7.272,1805.5649459478593,0.03223489787469251,58.20220163875395
C2 -- reference_PI / A_original3,7.276,1796.2973249207469,0.0323273254845176,58.069488289681246
C2 -- reference_PI / A_original3,7.28,1786.9735270530998,0.03241975309434271,57.93324053318824
C2 -- reference_PI / A_original3,7.284000000000001,1777.595991988624,0.032512180704167816,57.79352211053859
C2 -- reference_PI / A_original3,7.288,1768.1671396015752,0.0326046083139929,57.65039702038256
C2 -- reference_PI / A_original3,7.292,1758.689368991185,0.032697035923817994,57.50392947674157
C2 -- reference_PI / A_original3,7.296,1749.1650575222957,0.0327894635336431,57.35418386795005
C2 -- reference_PI / A_original3,7.300000000000001,1739.5965598715463,0.032881891143468206,57.20122471524796
C2 -- reference_PI / A_original3,7.304,1729.9862071688237,0.03297431875329329,57.04511663398568
C2 -- reference_PI / A_original3,7.308,1720.3363061121959,0.033066746363118384,56.885924293475966
C2 -- reference_PI / A_original3,7.312,1710.6491382180895,0.03315917397294349,56.72371238083949
C2 -- reference_PI / A_original3,7.316000000000001,1700.9269590155739,0.0332516015827686,56.55854556257604
C2 -- reference_PI / A_original3,7.32,1691.1719973635059,0.03334402919259369,56.390488449785714
C2 -- reference_PI / A_original3,7.324,1681.3864547430355,0.033436456802418774,56.21960556218755
C2 -- reference_PI / A_original3,7.328,1671.5725046572995,0.03352888441224389,56.0459612953396
C2 -- reference_PI / A_original3,7.332000000000001,1661.7322919830513,0.033621312022068986,55.86961988591001
C2 -- reference_PI / A_original3,7.336,1651.8679324879413,0.03371373963189408,55.690645382173635
C2 -- reference_PI / A_original3,7.34,1641.981512233477,0.033806167241719164,55.50910161037586
C2 -- reference_PI / A_original3,7.344,1632.075087159019,0.03389859485154427,55.32505214690239
C2 -- reference_PI / A_original3,7.348000000000001,1622.150682607427,0.03399102246136938,55.13856028823473
C2 -- reference_PI / A_original3,7.352,1612.210292930746,0.03408345007119447,54.94968902337089
C2 -- reference_PI / A_original3,7.356,1602.2558811240895,0.03417587768101956,54.7585010069911
C2 -- reference_PI / A_original3,7.36,1592.2893784982111,0.03426830529084467,54.56505853374601
C2 -- reference_PI / A_original3,7.364000000000001,1582.3126843597222,0.03436073290066977,54.36942351262621
C2 -- reference_PI / A_original3,7.368,1572.3276657836404,0.034453160510494865,54.17165744433549
C2 -- reference_PI / A_original3,7.372,1562.33615734789,0.03454558812031995,53.97182139722359
C2 -- reference_PI / A_original3,7.376,1552.3399609636365,0.03463801573014506,53.7699759863912
C2 -- reference_PI / A_original3,7.38,1542.340845685647,0.03473044333997015,53.56618135200701
C2 -- reference_PI / A_original3,7.384,1532.3405475970073,0.034822870949795255,53.36049714010918
C2 -- reference_PI / A_original3,7.388,1522.3407696835447,0.03491529855962034,53.15298248298319
C2 -- reference_PI / A_original3,7.3919999999999995,1512.3431817775345,0.03500772616944543,52.943695981895765
C2 -- reference_PI / A_original3,7.396,1502.3494204819872,0.03510015377927054,52.73269568911573
C2 -- reference_PI / A_original3,7.4,1492.3610891751075,0.035192581389095645,52.5200390927144
C2 -- reference_PI / A_original3,7.404,1482.3797579887735,0.03528500899892074,52.30578310045182
C2 -- reference_PI / A_original3,7.4079999999999995,1472.406963856962,0.03537743660874582,52.08998402612557
C2 -- reference_PI / A_original3,7.412,1462.4442105627031,0.03546986421857093,51.872697575894236
C2 -- reference_PI / A_original3,7.416,1452.4929687939944,0.035562291828396035,51.65397883494536
C2 -- reference_PI / A_original3,7.42,1442.5546762832225,0.03565471943822113,51.4338822571722
C2 -- reference_PI / A_original3,7.4239999999999995,1432.6307378778201,0.03574714704804621,51.212461652469386
C2 -- reference_PI / A_original3,7.428,1422.7225257248601,0.03583957465787132,50.989770178151375
C2 -- reference_PI / A_original3,7.432,1412.8313794009687,0.03593200226769643,50.76586032850828
C2 -- reference_PI / A_original3,7.436,1402.9586061111233,0.03602442987752152,50.540783926915495
C2 -- reference_PI / A_original3,7.4399999999999995,1393.1054808692134,0.0361168574873466,50.31459211739484
C2 -- reference_PI / A_original3,7.444,1383.2732467206636,0.036209285097171716,50.08733535779886
C2 -- reference_PI / A_original3,7.448,1373.4631149743889,0.03630171270699682,49.85906341345721
C2 -- reference_PI / A_original3,7.452,1363.676265443683,0.03639414031682191,49.62982535127708
C2 -- reference_PI / A_original3,7.4559999999999995,1353.9138467071207,0.036486567926647,49.39966953470729
C2 -- reference_PI / A_original3,7.46,1344.1769763928671,0.036578995536472106,49.16864361970326
C2 -- reference_PI / A_original3,7.464,1334.4667414512865,0.03667142314629721,48.93679455042052
C2 -- reference_PI / A_original3,7.468,1324.7841984590093,0.0367638507561223,48.70416855621612
C2 -- reference_PI / A_original3,7.4719999999999995,1315.1303739436187,0.03685627836594739,48.470811149578495
C2 -- reference_PI / A_original3,7.476,1305.5062646840206,0.036948705975772496,48.2367671233389
C2 -- reference_PI / A_original3,7.48,1295.912838061533,0.03704113358559761,48.002080549928166
C2 -- reference_PI / A_original3,7.484,1286.3510323856372,0.037133561195422694,47.76679477988722
C2 -- reference_PI / A_original3,7.4879999999999995,1276.8217572636984,0.03722598880524778,47.530952442195236
C2 -- reference_PI / A_original3,7.492,1267.325893936338,0.03731841641507289,47.29459544352076
C2 -- reference_PI / A_original3,7.496,1257.8642956675847,0.037410844024898,47.05776496970819
C2 -- reference_PI / A_original3,7.5,1248.437788097958,0.037503271634723084,46.82050148609058
C2 -- reference_PI / A_original3,7.504,1239.0471696317438,0.03759569924454817,46.5828447392837
C2 -- reference_PI / A_original3,7.508,1229.693211825853,0.037688126854373276,46.344833759254456
C2 -- reference_PI / A_original3,7.5120000000000005,1220.3766597721294,0.03778055446419839,46.106506861357445
C2 -- reference_PI / A_original3,7.516,1211.098232492926,0.037872982074023474,45.8679016490861
C2 -- reference_PI / A_original3,7.52,1201.8586233391359,0.03796540968384856,45.62905501713653
C2 -- reference_PI / A_original3,7.524,1192.6585003997795,0.03805783729367367,45.390003155131645
C2 -- reference_PI / A_original3,7.5280000000000005,1183.4985068975914,0.03815026490349878,45.150781551038385
C2 -- reference_PI / A_original3,7.532,1174.3792615900622,0.03824269251332387,44.91142499501309
C2 -- reference_PI / A_original3,7.536,1165.301359200918,0.03833512012314896,44.67196758463594
C2 -- reference_PI / A_original3,7.54,1156.2653708068335,0.03842754773297406,44.43244272866455
C2 -- reference_PI / A_original3,7.5440000000000005,1147.2718442632643,0.03851997534279917,44.19288315250867
C2 -- reference_PI / A_original3,7.548,1138.3213046093354,0.03861240295262426,43.9533209031326
C2 -- reference_PI / A_original3,7.552,1129.4142544950541,0.03870483056244935,43.713787355046115
C2 -- reference_PI / A_original3,7.556,1120.5511745684062,0.03879725817227445,43.47431321497584
C2 -- reference_PI / A_original3,7.5600000000000005,1111.7325239171241,0.038889685782099566,43.23492852887745
C2 -- reference_PI / A_original3,7.564,1102.9587404544554,0.03898211339192465,42.995662687009975
C2 -- reference_PI / A_original3,7.568,1094.230241355968,0.03907454100174974,42.75654443121828
C2 -- reference_PI / A_original3,7.572,1085.5474234429646,0.03916696861157485,42.51760186036655
C2 -- reference_PI / A_original3,7.5760000000000005,1076.9106636102365,0.039259396221399956,42.27886243772504
C2 -- reference_PI / A_original3,7.58,1068.320319222285,0.03935182383122504,42.04035299735346
C2 -- reference_PI / A_original3,7.584,1059.7767285211692,0.039444251441050134,41.80209975116252
C2 -- reference_PI / A_original3,7.588,1051.2802110259383,0.03953667905087524,41.56412829586892
C2 -- reference_PI / A_original3,7.5920000000000005,1042.8310679331082,0.039629106660700346,41.3264636202132
C2 -- reference_PI / A_original3,7.596,1034.429582507116,0.03972153427052543,41.089130112001726
C2 -- reference_PI / A_original3,7.6,1026.0760204864275,0.039813961880350524,40.852151565988386
C2 -- reference_PI / A_original3,7.604,1017.7706304565376,0.03990638949017564,40.6155511906602
C2 -- reference_PI / A_original3,7.6080000000000005,1009.513644253079,0.039998817100000736,40.379351616434114
C2 -- reference_PI / A_original3,7.612,1001.305277323438,0.04009124470982583,40.14357490241397
C2 -- reference_PI / A_original3,7.616,993.1457291288525,0.040183672319650914,39.90824254497459
C2 -- reference_PI / A_original3,7.62,985.0351835065898,0.04027609992947602,39.673375484961156
C2 -- reference_PI / A_original3,7.6240000000000006,976.9738090377452,0.04036852753930112,39.438994115316135
C2 -- reference_PI / A_original3,7.628,968.9617594250126,0.04046095514912622,39.205118289313866
C2 -- reference_PI / A_original3,7.632,960.9991738431902,0.040553382758951304,38.971767327898874
C2 -- reference_PI / A_original3,7.636,953.0861773062999,0.04064581036877641,38.738960027893874
C2 -- reference_PI / A_original3,7.640000000000001,945.2228810170324,0.04073823797860152,38.50671466969121
C2 -- reference_PI / A_original3,7.644,937.4093827149275,0.04083066558842661,38.275049025086616
C2 -- reference_PI / A_original3,7.648,929.645767026642,0.040923093198251694,38.043980365391455
C2 -- reference_PI / A_original3,7.652,921.932105795398,0.04101552080807681,37.81352546888522
C2 -- reference_PI / A_original3,7.656000000000001,914.2684584239149,0.04110794841790191,37.583700629004994
C2 -- reference_PI / A_original3,7.66,906.6548721990708,0.041200376027727005,37.35452166197249
C2 -- reference_PI / A_original3,7.664,899.091382621955,0.04129280363755209,37.1260039148236
C2 -- reference_PI / A_original3,7.668,891.5780137213723,0.0413852312473772,36.89816227293623
C2 -- reference_PI / A_original3,7.672000000000001,884.1147783781886,0.0414776588572023,36.67101116818152
C2 -- reference_PI / A_original3,7.676,876.7016786218064,0.04157008646702739,36.44456458609655
C2 -- reference_PI / A_original3,7.68,869.3387059475614,0.04166251407685248,36.218836074093
C2 -- reference_PI / A_original3,7.684,862.0258416131435,0.04175494168667759,35.99383874896598
C2 -- reference_PI / A_original3,7.688000000000001,854.7630569242353,0.0418473692965027,35.769585304116035
C2 -- reference_PI / A_original3,7.692,847.5503135427562,0.041939796906327785,35.54608801787763
C2 -- reference_PI / A_original3,7.696,840.3875637502858,0.04203222451615287,35.323358760134745
C2 -- reference_PI / A_original3,7.7,833.2747507446186,0.042124652125977984,35.10140900047807
C2 -- reference_PI / A_original3,7.704000000000001,826.2118089079574,0.04221707973580309,34.88024981532934
C2 -- reference_PI / A_original3,7.708,819.1986640700524,0.042309507345628175,34.65989189500067
C2 -- reference_PI / A_original3,7.712,812.2352337839258,0.04240193495545326,34.440345551433396
C2 -- reference_PI / A_original3,7.716,805.3214275796225,0.042494362565278374,34.22162072515605
C2 -- reference_PI / A_original3,7.720000000000001,798.4571472186382,0.04258679017510349,34.003726992411856
C2 -- reference_PI / A_original3,7.724,791.6422869400626,0.042679217784928565,33.786673572073845
C2 -- reference_PI / A_original3,7.728,784.8767337181457,0.04277164539475365,33.57046933318502
C2 -- reference_PI / A_original3,7.732,778.1603674825335,0.042864073004578764,33.355122801041155
C2 -- reference_PI / A_original3,7.736000000000001,771.4930613687634,0.04295650061440387,33.140642164695606
C2 -- reference_PI / A_original3,7.74,764.8746819436418,0.043048928224228955,32.92703528352179
C2 -- reference_PI / A_original3,7.744,758.3050894266744,0.04314135583405405,32.714309693730335
C2 -- reference_PI / A_original3,7.748,751.7841379176933,0.04323378344387915,32.50247261527693
C2 -- reference_PI / A_original3,7.752000000000001,745.3116756045082,0.04332621105370425,32.29153095803088
C2 -- reference_PI / A_original3,7.756,738.8875449818619,0.04341863866352935,32.08149132854975
C2 -- reference_PI / A_original3,7.76,732.5115830525426,0.04351106627335444,31.872360036198955
C2 -- reference_PI / A_original3,7.764,726.1836215288287,0.043603493883179543,31.66414309939745
C2 -- reference_PI / A_original3,7.768000000000001,719.903487040861,0.04369592149300466,31.45684625227776
C2 -- reference_PI / A_original3,7.772,713.6710013130149,0.04378834910282974,31.25047495006036
C2 -- reference_PI / A_original3,7.776,707.4859813666309,0.04388077671265483,31.045034375682604
C2 -- reference_PI / A_original3,7.78,701.3482396981387,0.04397320432247994,30.840529445457893
C2 -- reference_PI / A_original3,7.784000000000001,695.257584459021,0.04406563193230505,30.63696481491471
C2 -- reference_PI / A_original3,7.788,689.213819634148,0.04415805954213013,30.434344884663645
C2 -- reference_PI / A_original3,7.792,683.216745213288,0.044250487151955224,30.232673806061268
C2 -- reference_PI / A_original3,7.796,677.2661573596332,0.04434291476178033,30.03195548683672
C2 -- reference_PI / A_original3,7.800000000000001,671.3618462738782,0.04443534237160544,29.832193494412916
C2 -- reference_PI / A_original3,7.804,665.5036055146389,0.04452776998143053,29.633391468168526
C2 -- reference_PI / A_original3,7.808,659.6912184592983,0.044620197591255614,29.43555251687006
C2 -- reference_PI / A_original3,7.812,653.9244675595683,0.04471262520108072,29.238679627807244
C2 -- reference_PI / A_original3,7.816000000000001,648.2031322181587,0.044805052810905834,29.042775571229175
C2 -- reference_PI / A_original3,7.82,642.5269889343642,0.04489748042073092,28.84784290547181
C2 -- reference_PI / A_original3,7.824,636.8958114456469,0.044989908030556004,28.65388398198599
C2 -- reference_PI / A_original3,7.828,631.3093708677573,0.04508233564038112,28.460900950378072
C2 -- reference_PI / A_original3,7.832000000000001,625.7674358218007,0.04517476325020622,28.268895762938463
C2 -- reference_PI / A_original3,7.836,620.2697725718491,0.0452671908600313,28.0778701797181
C2 -- reference_PI / A_original3,7.84,614.8161451494814,0.0453596184698564,27.88782577308833
C2 -- reference_PI / A_original3,7.844,609.4063154744601,0.0454520460796815,27.698763932194083
C2 -- reference_PI / A_original3,7.848000000000001,604.0400434788908,0.045544473689506614,27.51068586763277
C2 -- reference_PI / A_original3,7.852,598.7170872243114,0.0456369012993317,27.323592615879267
C2 -- reference_PI / A_original3,7.856,593.4372030121452,0.045729328909156784,27.137485043472438
C2 -- reference_PI / A_original3,7.86,588.20014550028,0.0458217565189819,26.952363851543556
C2 -- reference_PI / A_original3,7.864000000000001,583.0056678064232,0.045914184128807004,26.768229579802203
C2 -- reference_PI / A_original3,7.868,577.8535216133871,0.04600661173863209,26.585082610668348
C2 -- reference_PI / A_original3,7.872,572.7434572747604,0.04609903934845718,26.402923173480584
C2 -- reference_PI / A_original3,7.876,567.6752239092478,0.04619146695828229,26.221751348239522
C2 -- reference_PI / A_original3,7.880000000000001,562.6485695022756,0.0462838945681074,26.04156706973977
C2 -- reference_PI / A_original3,7.884,557.6632409940828,0.046376322177932486,25.86237013113159
C2 -- reference_PI / A_original3,7.888,552.7189843754393,0.04646874978775757,25.684160187885773
C2 -- reference_PI / A_original3,7.892,547.8155447726617,0.04656117739758268,25.5069367613133
C2 -- reference_PI / A_original3,7.896000000000001,542.9526665357287,0.04665360500740779,25.330699242276683
C2 -- reference_PI / A_original3,7.9,538.1300933203396,0.046746032617232876,25.155446894667165
C2 -- reference_PI / A_original3,7.904,533.3475681674964,0.04683846022705796,24.981178858811365
C2 -- reference_PI / A_original3,7.9079999999999995,528.6048335849855,0.04693088783688305,24.807894155011187
C2 -- reference_PI / A_original3,7.912,523.9016316217942,0.04702331544670816,24.635591686796722
C2 -- reference_PI / A_original3,7.916,519.2377039398524,0.04711574305653327,24.46427024409438
C2 -- reference_PI / A_original3,7.92,514.6127918889146,0.04720817066635836,24.293928506583036
C2 -- reference_PI / A_original3,7.9239999999999995,510.0266365727467,0.04730059827618344,24.1245650466805
C2 -- reference_PI / A_original3,7.928,505.47897891967267,0.04739302588600856,23.95617833277322
C2 -- reference_PI / A_original3,7.932,500.9695597435679,0.047485453495833656,23.788766732031455
C2 -- reference_PI / A_original3,7.936,496.4981198095855,0.04757788110565874,23.622328513483566
C2 -- reference_PI / A_original3,7.9399999999999995,492.0643998941229,0.04767030871548384,23.456861850852132
C2 -- reference_PI / A_original3,7.944,487.6681408439234,0.04776273632530894,23.292364825381938
C2 -- reference_PI / A_original3,7.948,483.30908363316485,0.047855163935134046,23.128835428604514
C2 -- reference_PI / A_original3,7.952,478.9869694189363,0.04794759154495914,22.966271565056992
C2 -- reference_PI / A_original3,7.9559999999999995,474.7015395933697,0.04804001915478422,22.804671054871044
C2 -- reference_PI / A_original3,7.96,470.4525358354141,0.04813244676460933,22.644031636373533
C2 -- reference_PI / A_original3,7.964,466.2397001631514,0.04822487437443444,22.484350968741957
C2 -- reference_PI / A_original3,7.968,462.06277497908883,0.04831730198425953,22.325626634349593
C2 -- reference_PI / A_original3,7.9719999999999995,457.92150311662425,0.04840972959408461,22.167856141192555
C2 -- reference_PI / A_original3,7.976,453.8156278867726,0.048502157203909727,22.011036925355242
C2 -- reference_PI / A_original3,7.98,449.74489312022195,0.04859458481373483,21.855166353274733
C2 -- reference_PI / A_original3,7.984,445.70904320883676,0.048687012423559925,21.700241724001643
C2 -- reference_PI / A_original3,7.9879999999999995,441.7078231474883,0.04877944003338501,21.546260271499936
C2 -- reference_PI / A_original3,7.992,437.7409785708748,0.048871867643210117,21.393219166725068
C2 -- reference_PI / A_original3,7.996,433.80825579058734,0.04896429525303523,21.24111551973455
C2 -- reference_PI / A_original3,8.0,429.9094018339201,0.049056722862860315,21.08994638190467
C2 -- reference_PI / A_original3,8.004,426.04416447562363,0.0491491504726854,20.939708747821953
C2 -- reference_PI / A_original3,8.008,422.2122922727598,0.04924157808251048,20.790399557344838
C2 -- reference_PI / A_original3,8.012,418.41353459590067,0.04933400569233561,20.642015697504426
C2 -- reference_PI / A_original3,8.016,414.64764165966244,0.0494264333021607,20.494554004389535
C2 -- reference_PI / A_original3,8.02,410.9143645536046,0.049518860911985804,20.348011265066976
C2 -- reference_PI / A_original3,8.024000000000001,407.2134552696948,0.04961128852181092,20.202384219348374
C2 -- reference_PI / A_original3,8.028,403.54466672792944,0.04970371613163602,20.057669561480665
C2 -- reference_PI / A_original3,8.032,399.9077528067422,0.0497961437414611,19.91386394208923
C2 -- reference_PI / A_original3,8.036,396.3024683624747,0.04988857135128617,19.770963969592152
C2 -- reference_PI / A_original3,8.04,392.72856925780377,0.049980998961111266,19.628966212073003
C2 -- reference_PI / A_original3,8.044,389.1858123824597,0.05007342657093639,19.487867198783324
C2 -- reference_PI / A_original3,8.048,385.673955675239,0.050165854180761485,19.347663421721506
C2 -- reference_PI / A_original3,8.052,382.1927581455008,0.050258281790586584,19.208351337198085
C2 -- reference_PI / A_original3,8.056000000000001,378.7419798922786,0.050350709400411704,19.069927367292692
C2 -- reference_PI / A_original3,8.06,375.32138212409245,0.05044313701023679,18.932387901357032
C2 -- reference_PI / A_original3,8.064,371.9307271773526,0.05053556462006188,18.795729297457708
C2 -- reference_PI / A_original3,8.068,368.5697785321445,0.05062799222988697,18.65994788369657
C2 -- reference_PI / A_original3,8.072,365.23830083004907,0.05072041983971206,18.52503995964314
C2 -- reference_PI / A_original3,8.076,361.93605988892796,0.05081284744953718,18.39100179762265
C2 -- reference_PI / A_original3,8.08,358.66282271780096,0.050905275059362265,18.257829644016944
C2 -- reference_PI / A_original3,8.084,355.4183575317472,0.050997702669187364,18.12551972057497
C2 -- reference_PI / A_original3,8.088000000000001,352.2024337632162,0.051090130279012484,17.99406822554798
C2 -- reference_PI / A_original3,8.092,349.01482207627555,0.05118255788883756,17.863471334981316
C2 -- reference_PI / A_original3,8.096,345.8552943784706,0.051274985498662676,17.73372520389179
C2 -- reference_PI / A_original3,8.1,342.7236238297572,0.05136741310848776,17.604825967301096
C2 -- reference_PI / A_original3,8.104,339.6195848554001,0.05145984071831284,17.47676974147842
C2 -- reference_PI / A_original3,8.108,336.5429531543642,0.05155226832813796,17.34955262495775
C2 -- reference_PI / A_original3,8.112,333.4935057088552,0.05164469593796305,17.22317069961917
C2 -- reference_PI / A_original3,8.116,330.47102079285264,0.05173712354778814,17.09762003172348
C2 -- reference_PI / A_original3,8.120000000000001,327.4752779802393,0.05182955115761327,16.97289667293044
C2 -- reference_PI / A_original3,8.124,324.506058151032,0.05192197876743836,16.848996661223
C2 -- reference_PI / A_original3,8.128,321.56314349948417,0.05201440637726344,16.72591602193245
C2 -- reference_PI / A_original3,8.132,318.6463175400636,0.05210683398708853,16.60365076865719
C2 -- reference_PI / A_original3,8.136,315.7553651129957,0.05219926159691362,16.482196904162237
C2 -- reference_PI / A_original3,8.14,312.89007238823365,0.052291689206738746,16.361550421199503
C2 -- reference_PI / A_original3,8.144,310.05022687304967,0.052384116816563846,16.241707303519956
C2 -- reference_PI / A_original3,8.148,307.2356174133661,0.052476544426388924,16.12266352656154
C2 -- reference_PI / A_original3,8.152000000000001,304.44603419904695,0.05256897203621405,16.004415058345966
C2 -- reference_PI / A_original3,8.156,301.6812687670383,0.05266139964603914,15.886957860265152
C2 -- reference_PI / A_original3,8.16,298.94111400384537,0.05275382725586423,15.770287887834474
C2 -- reference_PI / A_original3,8.164,296.2253641482302,0.05284625486568932,15.654401091459
C2 -- reference_PI / A_original3,8.168,293.5338147937674,0.052938682475514406,15.539293417193706
C2 -- reference_PI / A_original3,8.172,290.86626288899527,0.053031110085339526,15.424960807377614
C2 -- reference_PI / A_original3,8.176,288.22250674107966,0.053123537695164626,15.311399201454586
C2 -- reference_PI / A_original3,8.18,285.6023460142093,0.05321596530498971,15.198604536515827
C2 -- reference_PI / A_original3,8.184000000000001,283.0055817320453,0.05330839291481484,15.086572748057614
C2 -- reference_PI / A_original3,8.188,280.43201627690115,0.05340082052463992,14.9752997705657
C2 -- reference_PI / A_original3,8.192,277.8814533899676,0.05349324813446501,14.86478153815531
C2 -- reference_PI / A_original3,8.196,275.3536981710009,0.053585675744290094,14.755013985182377
C2 -- reference_PI / A_original3,8.2,272.848557077102,0.05367810335411519,14.645993046805879
C2 -- reference_PI / A_original3,8.204,270.3658379225079,0.05377053096394031,14.53771465960388
C2 -- reference_PI / A_original3,8.208,267.9053498765084,0.053862958573765406,14.4301747620885
C2 -- reference_PI / A_original3,8.212,265.46690346171766,0.05395538618359049,14.323369295238912
C2 -- reference_PI / A_original3,8.216000000000001,263.0503105530588,0.05404781379341562,14.217294203071873
C2 -- reference_PI / A_original3,8.22,260.65538437533684,0.05414024140324071,14.111945433135233
C2 -- reference_PI / A_original3,8.224,258.2819394996995,0.054232669013065796,14.007318936939887
C2 -- reference_PI / A_original3,8.228,255.92979184283362,0.05432509662289088,13.903410670538287
C2 -- reference_PI / A_original3,8.232,253.598758663139,0.054417524232715966,13.800216594938055
C2 -- reference_PI / A_original3,8.236,251.2886585571978,0.0545099518425411,13.697732676529606
C2 -- reference_PI / A_original3,8.24,248.9993114575717,0.054602379452366186,13.595954887584242
C2 -- reference_PI / A_original3,8.244,246.73053862849713,0.05469480706219128,13.494879206636183
C2 -- reference_PI / A_original3,8.248000000000001,244.48216266257813,0.0547872346720164,13.394501618916754
C2 -- reference_PI / A_original3,8.252,242.25400747687937,0.0548796622818415,13.294818116753845
C2 -- reference_PI / A_original3,8.256,240.04589830831569,0.05497208989166658,13.195824699930585
C2 -- reference_PI / A_original3,8.26,237.8576617105284,0.05506451750149167,13.097517376123275
C2 -- reference_PI / A_original3,8.264,235.68912554783208,0.05515694511131675,12.999892161176017
C2 -- reference_PI / A_original3,8.268,233.54011899268255,0.05524937272114188,12.902945079566544
C2 -- reference_PI / A_original3,8.272,231.41047251897513,0.055341800330966966,12.80667216463984
C2 -- reference_PI / A_original3,8.276,229.30001789866157,0.055434227940792065,12.711069459022106
C2 -- reference_PI / A_original3,8.280000000000001,227.20858819548522,0.055526655550617185,12.616133014872734
C2 -- reference_PI / A_original3,8.284,225.13601776124213,0.05561908316044227,12.521858894273334
C2 -- reference_PI / A_original3,8.288,223.08214222907648,0.05571151077026736,12.42824316944951
C2 -- reference_PI / A_original3,8.292,221.0467985088565,0.05580393838009245,12.33528192310494
C2 -- reference_PI / A_original3,8.296,219.0298247815747,0.05589636598991753,12.242971248698408
C2 -- reference_PI / A_original3,8.3,217.03106049376714,0.055988793599742674,12.151307250718794
C2 -- reference_PI / A_original3,8.304,215.05034635135436,0.05608122120956775,12.060286044924466
C2 -- reference_PI / A_original3,8.308,213.08752431411872,0.05617364881939284,11.969903758615137
C2 -- reference_PI / A_original3,8.312000000000001,211.14243758979103,0.05626607642921797,11.880156530878567
C2 -- reference_PI / A_original3,8.316,209.21493062790796,0.05635850403904306,11.791040512821064
C2 -- reference_PI / A_original3,8.32,207.30484911346102,0.056450931648868156,11.702551867782914
C2 -- reference_PI / A_original3,8.324,205.41203996134712,0.056543359258693235,11.614686771595501
C2 -- reference_PI / A_original3,8.328,203.5363513090911,0.05663578686851832,11.527441412737552
C2 -- reference_PI / A_original3,8.332,201.67763251156092,0.056728214478343454,11.440811992600361
C2 -- reference_PI / A_original3,8.336,199.8357341336166,0.05682064208816854,11.354794725632633
C2 -- reference_PI / A_original3,8.34,198.01050794400746,0.056913069697993625,11.269385839552417
C2 -- reference_PI / A_original3,8.344000000000001,196.20180690893662,0.05700549730781875,11.18458157553656
C2 -- reference_PI / A_original3,8.348,194.40948518527574,0.05709792491764383,11.100378188386665
C2 -- reference_PI / A_original3,8.352,192.63339811371333,0.05719035252746892,11.016771946687532
C2 -- reference_PI / A_original3,8.356,190.87340221230053,0.05728278013729402,10.933759132984502
C2 -- reference_PI / A_original3,8.36,189.12935516949818,0.05737520774711911,10.851336043928633
C2 -- reference_PI / A_original3,8.364,187.4011158374888,0.05746763535694424,10.769498990433274
C2 -- reference_PI / A_original3,8.368,185.6885442252518,0.05756006296676932,10.688244297813224
C2 -- reference_PI / A_original3,8.372,183.99150149142338,0.05765249057659441,10.607568305907742
C2 -- reference_PI / A_original3,8.376000000000001,182.30984993791782,0.05774491818641954,10.527467369243487
C2 -- reference_PI / A_original3,8.38,180.64345300210957,0.057837345796244624,10.447937857110675
C2 -- reference_PI / A_original3,8.384,178.99217525092385,0.05792977340606971,10.368976153745537
C2 -- reference_PI / A_original3,8.388,177.3558823726463,0.0580222010158948,10.290578658377077
C2 -- reference_PI / A_original3,8.392,175.73444117062925,0.05811462862571989,10.212741785379539
C2 -- reference_PI / A_original3,8.396,174.1277195562178,0.058207056235545014,10.135461964375981
C2 -- reference_PI / A_original3,8.4,172.5355865410557,0.058299483845370106,10.058735640301732
C2 -- reference_PI / A_original3,8.404,170.95791223060078,0.0583919114551952,9.982559273534273
C2 -- reference_PI / A_original3,8.408000000000001,169.39456781669716,0.058484339065020326,9.906929339964297
C2 -- reference_PI / A_original3,8.412,167.84542557051893,0.05857676667484541,9.831842331084419
C2 -- reference_PI / A_original3,8.416,166.31035883511962,0.0586691942846705,9.7572947540509
C2 -- reference_PI / A_original3,8.42,164.78924201894569,0.058761621894495575,9.68328313179781
C2 -- reference_PI / A_original3,8.424,163.28195058810905,0.058854049504320674,9.609804003074613
C2 -- reference_PI / A_original3,8.428,161.78836105913777,0.058946477114145794,9.536853922507621
C2 -- reference_PI / A_original3,8.432,160.30835099233158,0.059038904723970886,9.464429460693148
C2 -- reference_PI / A_original3,8.436,158.84179898419126,0.059131332333795986,9.39252720423223
C2 -- reference_PI / A_original3,8.44,157.3885846604373,0.059223759943621064,9.321143755796019
C2 -- reference_PI / A_original3,8.443999999999999,155.94858866849802,0.05931618755344614,9.250275734155855
C2 -- reference_PI / A_original3,8.448,154.52169267095903,0.05940861516327128,9.179919774266281
C2 -- reference_PI / A_original3,8.452,153.1077793378073,0.05950104277309637,9.110072527272672
C2 -- reference_PI / A_original3,8.456,151.70673233958937,0.05959347038292145,9.04073066056911
C2 -- reference_PI / A_original3,8.46,150.31843634028726,0.059685897992746574,8.971890857835556
C2 -- reference_PI / A_original3,8.464,148.94277698991752,0.05977832560257166,8.903549819054508
C2 -- reference_PI / A_original3,8.468,147.57964091794398,0.05987075321239676,8.835704260572355
C2 -- reference_PI / A_original3,8.472,146.2289157255159,0.059963180822221844,8.768350915086549
C2 -- reference_PI / A_original3,8.475999999999999,144.89048997891987,0.060055608432046936,8.701486531701432
C2 -- reference_PI / A_original3,8.48,143.564253202202,0.06014803604187206,8.635107875930492
C2 -- reference_PI / A_original3,8.484,142.25009587013233,0.06024046365169715,8.569211729715141
C2 -- reference_PI / A_original3,8.488,140.9479094015145,0.06033289126152224,8.503794891460462
C2 -- reference_PI / A_original3,8.492,139.65758615157623,0.06042531887134737,8.43885417601166
C2 -- reference_PI / A_original3,8.496,138.37901940542912,0.06051774648117245,8.374386414691003
C2 -- reference_PI / A_original3,8.5,137.11210337100093,0.06061017409099754,8.310388455299217
C2 -- reference_PI / A_original3,8.504,135.85673317196097,0.06070260170082263,8.246857162112484
C2 -- reference_PI / A_original3,8.508,134.6128048408465,0.060795029310647716,8.183789415887764
C2 -- reference_PI / A_original3,8.512,133.3802153122974,0.06088745692047285,8.121182113870901
C2 -- reference_PI / A_original3,8.516,132.15886241583843,0.06097988453029793,8.059032169773358
C2 -- reference_PI / A_original3,8.52,130.94864486945096,0.06107231214012302,7.997336513793228
C2 -- reference_PI / A_original3,8.524000000000001,129.74946227241648,0.06116473974994815,7.93609209258807
C2 -- reference_PI / A_original3,8.528,128.56121509854435,0.06125716735977323,7.875295869267337
C2 -- reference_PI / A_original3,8.532,127.38380468962299,0.06134959496959832,7.814944823394789
C2 -- reference_PI / A_original3,8.536,126.21713324846286,0.06144202257942342,7.755035950962149
C2 -- reference_PI / A_original3,8.54,125.06110383223069,0.0615344501892485,7.6955662643768346
C2 -- reference_PI / A_original3,8.544,123.9156203457519,0.06162687779907363,7.636532792444054
C2 -- reference_PI / A_original3,8.548,122.78058753489657,0.061719305408898716,7.577932580350304
C2 -- reference_PI / A_original3,8.552,121.65591097995433,0.0618117330187238,7.519762689642566
C2 -- reference_PI / A_original3,8.556000000000001,120.54149708899676,0.061904160628548935,7.462020198203019
C2 -- reference_PI / A_original3,8.56,119.437253091346,0.06199658823837402,7.404702200226642
C2 -- reference_PI / A_original3,8.564,118.34308703092658,0.062089015848199106,7.347805806188006
C2 -- reference_PI / A_original3,8.568,117.25890776002477,0.06218144345802419,7.291328142829654
C2 -- reference_PI / A_original3,8.572,116.18462493260678,0.06227387106784928,7.235266353119582
C2 -- reference_PI / A_original3,8.576,115.12014899795223,0.06236629867767441,7.179617596224669
C2 -- reference_PI / A_original3,8.58,114.0653911942224,0.0624587262874995,7.124379047476493
C2 -- reference_PI / A_original3,8.584,113.02026354220168,0.06255115389732459,7.069547898344441
C2 -- reference_PI / A_original3,8.588000000000001,111.98467883889558,0.06264358150714971,7.015121356396339
C2 -- reference_PI / A_original3,8.592,110.95855065118423,0.0627360091169748,6.961096645259004
C2 -- reference_PI / A_original3,8.596,109.94179330966273,0.06282843672679989,6.907471004587055
C2 -- reference_PI / A_original3,8.6,108.93432190240769,0.06292086433662497,6.8542416900236285
C2 -- reference_PI / A_original3,8.604,107.93605226873538,0.06301329194645007,6.801405973157117
C2 -- reference_PI / A_original3,8.608,106.9469009931013,0.06310571955627518,6.748961141483378
C2 -- reference_PI / A_original3,8.612,105.96678539897827,0.06319814716610027,6.696904498363194
C2 -- reference_PI / A_original3,8.616,104.99562354278501,0.06329057477592537,6.645233362979544
C2 -- reference_PI / A_original3,8.620000000000001,104.03333420776674,0.0633830023857505,6.593945070288458
C2 -- reference_PI / A_original3,8.624,103.07983689814603,0.06347542999557558,6.543036970983617
C2 -- reference_PI / A_original3,8.628,102.13505183301845,0.06356785760540067,6.492506431441533
C2 -- reference_PI / A_original3,8.632,101.19889994051148,0.06366028521522575,6.442350833680053
C2 -- reference_PI / A_original3,8.636,100.2713028519003,0.06375271282505084,6.392567575310901
C2 -- reference_PI / A_original3,8.64,99.35218289557211,0.06384514043487598,6.343154069479285
C2 -- reference_PI / A_original3,8.644,98.44146309149218,0.06393756804470106,6.29410774483221
C2 -- reference_PI / A_original3,8.648,97.53906714524952,0.06402999565452615,6.245426045456861
C2 -- reference_PI / A_original3,8.652000000000001,96.64491944233028,0.06412242326435127,6.1971064308302335
C2 -- reference_PI / A_original3,8.656,95.75894504248197,0.06421485087417637,6.149146375771431
C2 -- reference_PI / A_original3,8.66,94.88106967396736,0.06430727848400146,6.101543370383765
C2 -- reference_PI / A_original3,8.664,94.01121972797988,0.06439970609382654,6.054294920004052
C2 -- reference_PI / A_original3,8.668,93.1493222530803,0.06449213370365163,6.007398545150187
C2 -- reference_PI / A_original3,8.672,92.29530494963693,0.06458456131347676,5.960851781465861
C2 -- reference_PI / A_original3,8.676,91.44909616421087,0.06467698892330184,5.914652179658631
C2 -- reference_PI / A_original3,8.68,90.61062488425615,0.06476941653312693,5.868797305455303
C2 -- reference_PI / A_original3,8.684000000000001,89.77982073252562,0.06486184414295205,5.823284739535253
C2 -- reference_PI / A_original3,8.688,88.95661396174629,0.06495427175277714,5.778112077478157
C2 -- reference_PI / A_original3,8.692,88.14093544931909,0.06504669936260224,5.733276929710389
C2 -- reference_PI / A_original3,8.696,87.3327166918435,0.06513912697242732,5.688776921437017
C2 -- reference_PI / A_original3,8.7,86.53188979996438,0.06523155458225241,5.6446096925918265
C2 -- reference_PI / A_original3,8.704,85.73838749306279,0.06532398219207754,5.600772897774277
C2 -- reference_PI / A_original3,8.708,84.95214309403273,0.06541640980190264,5.557264206189118
C2 -- reference_PI / A_original3,8.712,84.17309052422408,0.06550883741172772,5.514081301594034
C2 -- reference_PI / A_original3,8.716000000000001,83.40116429809075,0.06560126502155285,5.471221882225123
C2 -- reference_PI / A_original3,8.72,82.63629951833612,0.06569369263137793,5.428683660752057
C2 -- reference_PI / A_original3,8.724,81.87843187070135,0.06578612024120302,5.386464364207108
C2 -- reference_PI / A_original3,8.728,81.1274976189366,0.06587854785102812,5.3445617339232845
C2 -- reference_PI / A_original3,8.732,80.38343359997532,0.0659709754608532,5.302973525483095
C2 -- reference_PI / A_original3,8.736,79.64617721876537,0.06606340307067833,5.261697508641975
C2 -- reference_PI / A_original3,8.74,78.91566644352554,0.06615583068050342,5.220731467276961
C2 -- reference_PI / A_original3,8.744,78.19183980079477,0.0662482582903285,5.18007319931904
C2 -- reference_PI / A_original3,8.748000000000001,77.4746363706311,0.06634068590015363,5.139720516692656
C2 -- reference_PI / A_original3,8.752,76.76399578179787,0.06643311350997871,5.099671245251705
C2 -- reference_PI / A_original3,8.756,76.059858206952,0.0665255411198038,5.059923224713032
C2 -- reference_PI / A_original3,8.76,75.36216435802143,0.0666179687296289,5.020474308599825
C2 -- reference_PI / A_original3,8.764,74.67085548142424,0.06671039633945398,4.981322364171901
C2 -- reference_PI / A_original3,8.768,73.9858733534657,0.06680282394927911,4.94246527236523
C2 -- reference_PI / A_original3,8.772,73.3071602756706,0.0668952515591042,4.903900927724555
C2 -- reference_PI / A_original3,8.776,72.63465907023968,0.06698767916892928,4.865627238341775
C2 -- reference_PI / A_original3,8.780000000000001,71.96831307552537,0.06708010677875442,4.82764212579307
C2 -- reference_PI / A_original3,8.784,71.30806614140916,0.06717253438857951,4.789943525066908
C2 -- reference_PI / A_original3,8.788,70.65386262499807,0.0672649619984046,4.752529384510994
C2 -- reference_PI / A_original3,8.792,70.00564738601405,0.06735738960822968,4.715397665756094
C2 -- reference_PI / A_original3,8.796,69.36336578249116,0.06744981721805476,4.678546343658103
C2 -- reference_PI / A_original3,8.8,68.72696366640655,0.06754224482787989,4.6419734062332365
C2 -- reference_PI / A_original3,8.804,68.0963873792287,0.06763467243770499,4.605676854585202
C2 -- reference_PI / A_original3,8.808,67.4715837478055,0.06772710004753008,4.569654702852927
C2 -- reference_PI / A_original3,8.812000000000001,66.85250007988098,0.0678195276573552,4.533904978130829
C2 -- reference_PI / A_original3,8.816,66.239084160065,0.06791195526718029,4.498425720417325
C2 -- reference_PI / A_original3,8.82,65.63128424549136,0.06800438287700537,4.463214982539965
C2 -- reference_PI / A_original3,8.824,65.02904906173615,0.06809681048683046,4.428270830095847
C2 -- reference_PI / A_original3,8.828,64.43232779860365,0.06818923809665556,4.393591341380743
C2 -- reference_PI / A_original3,8.832,63.841070106130594,0.06828166570648067,4.3591746073308055
C2 -- reference_PI / A_original3,8.836,63.255226090405216,0.06837409331630576,4.325018731449385
C2 -- reference_PI / A_original3,8.84,62.674746309664535,0.06846652092613086,4.2911218297505895
C2 -- reference_PI / A_original3,8.844000000000001,62.09958177017156,0.06855894853595598,4.2574820306855825
C2 -- reference_PI / A_original3,8.848,61.52968392236149,0.06865137614578107,4.224097475085057
C2 -- reference_PI / A_original3,8.852,60.96500465677949,0.06874380375560615,4.190966316085265
C2 -- reference_PI / A_original3,8.856,60.40549630030762,0.06883623136543124,4.158086719071676
C2 -- reference_PI / A_original3,8.86,59.85111161221837,0.06892865897525632,4.125456861608604
C2 -- reference_PI / A_original3,8.864,59.3018037803708,0.06902108658508146,4.093074933376484
C2 -- reference_PI / A_original3,8.868,58.757526417363906,0.06911351419490655,4.060939136104077
C2 -- reference_PI / A_original3,8.872,58.21823355681152,0.06920594180473164,4.029047683506972
C2 -- reference_PI / A_original3,8.876000000000001,57.68387964958473,0.06929836941455676,3.997398801221756
C2 -- reference_PI / A_original3,8.88,57.15441956005856,0.06939079702438186,3.965990726738384
C2 -- reference_PI / A_original3,8.884,56.6298085625012,0.06948322463420695,3.934821709340407
C2 -- reference_PI / A_original3,8.888,56.11000233738671,0.06957565224403203,3.903890010037842
C2 -- reference_PI / A_original3,8.892,55.59495696774868,0.06966807985385712,3.873193901500865
C2 -- reference_PI / A_original3,8.896,55.084628935626455,0.06976050746368224,3.842731667997936
C2 -- reference_PI / A_original3,8.9,54.57897511854589,0.06985293507350733,3.8125016053343583
C2 -- reference_PI / A_original3,8.904,54.077952785880825,0.06994536268333242,3.782502020780561
C2 -- reference_PI / A_original3,8.908000000000001,53.58151959544499,0.07003779029315754,3.7527312330144875
C2 -- reference_PI / A_original3,8.912,53.08963358999257,0.07013021790298263,3.723187572055685
C2 -- reference_PI / A_original3,8.916,52.60225319379167,0.07022264551280773,3.6938693792025905
C2 -- reference_PI / A_original3,8.92,52.1193372091728,0.07031507312263281,3.6647750069661424
C2 -- reference_PI / A_original3,8.924,51.64084481320688,0.0704075007324579,3.6359028190106084
C2 -- reference_PI / A_original3,8.928,51.166735554263326,0.07049992834228302,3.6072511900841095
C2 -- reference_PI / A_original3,8.932,50.69696934878152,0.07059235595210811,3.5788185059622997
C2 -- reference_PI / A_original3,8.936,50.231506477953864,0.0706847835619332,3.550603163384014
C2 -- reference_PI / A_original3,8.940000000000001,49.770307584370144,0.07077721117175834,3.5226035699823313
C2 -- reference_PI / A_original3,8.944,49.31333366891007,0.07086963878158342,3.4948181442313526
C2 -- reference_PI / A_original3,8.948,48.86054608740078,0.07096206639140851,3.4672453153746092
C2 -- reference_PI / A_original3,8.952,48.411906547524026,0.07105449400123359,3.439883523369327
C2 -- reference_PI / A_original3,8.956,47.9673771056549,0.07114692161105868,3.4127312188241197
C2 -- reference_PI / A_original3,8.96,47.52692016363739,0.07123934922088382,3.385786862930429
C2 -- reference_PI / A_original3,8.964,47.090498465774225,0.0713317768307089,3.359048927407447
C2 -- reference_PI / A_original3,8.968,46.6580750957582,0.07142420444053399,3.332515894441221
C2 -- reference_PI / A_original3,8.972,46.22961347350291,0.07151663205035907,3.3061862566148297
C2 -- reference_PI / A_original3,8.975999999999999,45.805077352256646,0.07160905966018416,3.2800585168570966
C2 -- reference_PI / A_original3,8.98,45.384430815551816,0.07170148727000929,3.254131188377906
C2 -- reference_PI / A_original3,8.984,44.96763827418624,0.07179391487983439,3.22840279460411
C2 -- reference_PI / A_original3,8.988,44.554664463353014,0.07188634248965947,3.2028718691244547
C2 -- reference_PI / A_original3,8.992,44.14547443962915,0.0719787700994846,3.17753695562274
C2 -- reference_PI / A_original3,8.996,43.74003357820098,0.07207119770930968,3.152396607826367
C2 -- reference_PI / A_original3,9.0,43.33830756987371,0.07216362531913477,3.1274493894377886
C2b -- reference_PI / E_original5_retuned,5.0,43.51199062255985,0.1401240939337803,6.097078261241344
C2b -- reference_PI / E_original5_retuned,5.004,43.91371598507954,0.13958398733469418,6.1296515758807
C2b -- reference_PI / E_original5_retuned,5.008,44.319156188704355,0.13904388073560792,6.162307467404988
C2b -- reference_PI / E_original5_retuned,5.012,44.72834554238734,0.13850377413652176,6.195044668503116
C2b -- reference_PI / E_original5_retuned,5.016,45.14131867074634,0.13796366753743552,6.227861881292278
C2b -- reference_PI / E_original5_retuned,5.02,45.55811051693909,0.13742356093834937,6.260757776860634
C2b -- reference_PI / E_original5_retuned,5.024,45.97875634555427,0.1368834543392631,6.2937309948027815
C2b -- reference_PI / E_original5_retuned,5.028,46.40329174553724,0.13634334774017698,6.326780142750668
C2b -- reference_PI / E_original5_retuned,5.032,46.83175263312418,0.1358032411410907,6.359903795896074
C2b -- reference_PI / E_original5_retuned,5.036,47.26417525484263,0.1352631345420046,6.3931004965126625
C2b -- reference_PI / E_original5_retuned,5.04,47.70059619047115,0.13472302794291832,6.426368753462708
C2b -- reference_PI / E_original5_retuned,5.044,48.141052356104915,0.1341829213438322,6.459707041708533
C2b -- reference_PI / E_original5_retuned,5.048,48.5855810071602,0.13364281474474593,6.493113801805757
C2b -- reference_PI / E_original5_retuned,5.052,49.03421974150219,0.13310270814565978,6.526587439403315
C2b -- reference_PI / E_original5_retuned,5.056,49.48700650251337,0.13256260154657354,6.560126324725373
C2b -- reference_PI / E_original5_retuned,5.06,49.94397958224212,0.13202249494748738,6.593728792053974
C2b -- reference_PI / E_original5_retuned,5.064,50.405177624537444,0.13148238834840112,6.627393139199571
C2b -- reference_PI / E_original5_retuned,5.068,50.87063962827961,0.130942281749315,6.6611176269740575
C2b -- reference_PI / E_original5_retuned,5.072,51.34040495053541,0.13040217515022873,6.6949004786433886
C2b -- reference_PI / E_original5_retuned,5.076,51.814513309846205,0.1298620685511426,6.728739879387339
C2b -- reference_PI / E_original5_retuned,5.08,52.29300478948062,0.12932196195205634,6.7626339757439125
C2b -- reference_PI / E_original5_retuned,5.084,52.775919840713186,0.1287818553529702,6.7965808750466765
C2b -- reference_PI / E_original5_retuned,5.088,53.26329928617927,0.12824174875388394,6.830578644861128
C2b -- reference_PI / E_original5_retuned,5.092,53.75518432322935,0.1277016421547978,6.86462531241023
C2b -- reference_PI / E_original5_retuned,5.096,54.2516165272598,0.12716153555571155,6.898718863985976
C2b -- reference_PI / E_original5_retuned,5.1,54.752637855199495,0.1266214289566254,6.932857244369981
C2b -- reference_PI / E_original5_retuned,5.104,55.258290648877505,0.12608132235753913,6.967038356227715
C2b -- reference_PI / E_original5_retuned,5.108,55.76861763855874,0.125541215758453,7.001260059512971
C2b -- reference_PI / E_original5_retuned,5.112,56.28366194640898,0.12500110915936674,7.035520170851965
C2b -- reference_PI / E_original5_retuned,5.116,56.80346708999863,0.12446100256028061,7.069816462921135
C2b -- reference_PI / E_original5_retuned,5.12,57.32807698592059,0.12392089596119435,7.104146663827605
C2b -- reference_PI / E_original5_retuned,5.124,57.857535953340296,0.12338078936210822,7.138508456469682
C2b -- reference_PI / E_original5_retuned,5.128,58.391888717612076,0.12284068276302196,7.172899477893866
C2b -- reference_PI / E_original5_retuned,5.132,58.93118041396095,0.12230057616393579,7.207317318648273
C2b -- reference_PI / E_original5_retuned,5.136,59.4754565911326,0.12176046956484957,7.241759522120132
C2b -- reference_PI / E_original5_retuned,5.14,60.02476321511244,0.12122036296576341,7.2762235838699345
C2b -- reference_PI / E_original5_retuned,5.144,60.579146672872014,0.12068025636667715,7.310706950956732
C2b -- reference_PI / E_original5_retuned,5.148,61.138653776153745,0.12014014976759102,7.345207021256005
C2b -- reference_PI / E_original5_retuned,5.152,61.703331765252656,0.11960004316850475,7.379721142764788
C2b -- reference_PI / E_original5_retuned,5.156,62.27322831288263,0.11905993656941863,7.41424661290473
C2b -- reference_PI / E_original5_retuned,5.16,62.84839152800244,0.11851982997033236,7.448780677807726
C2b -- reference_PI / E_original5_retuned,5.164,63.42886995977745,0.11797972337124624,7.483320531605294
C2b -- reference_PI / E_original5_retuned,5.168,64.01471260144866,0.11743961677215997,7.517863315694091
C2b -- reference_PI / E_original5_retuned,5.172,64.60596889435935,0.11689951017307382,7.552406118007451
C2b -- reference_PI / E_original5_retuned,5.176,65.20268873191075,0.11635940357398758,7.586945972265496
C2b -- reference_PI / E_original5_retuned,5.18,65.80492246359228,0.11581929697490143,7.621479857221156
C2b -- reference_PI / E_original5_retuned,5.184,66.41272089909857,0.11527919037581519,7.656004695903064
C2b -- reference_PI / E_original5_retuned,5.188,67.02613531236854,0.11473908377672903,7.69051735483623
C2b -- reference_PI / E_original5_retuned,5.192,67.64521744574228,0.11419897717764277,7.7250146432630045
C2b -- reference_PI / E_original5_retuned,5.196,68.27001951414424,0.11365887057855664,7.759493312353657
C2b -- reference_PI / E_original5_retuned,5.2,68.90059420920676,0.11311876397947038,7.7939500543965226
C2b -- reference_PI / E_original5_retuned,5.204,69.53699470363087,0.11257865738038425,7.828381502001654
C2b -- reference_PI / E_original5_retuned,5.208,70.1792746553159,0.11203855078129799,7.862784227264268
C2b -- reference_PI / E_original5_retuned,5.212,70.82748821179025,0.11149844418221186,7.897154740948564
C2b -- reference_PI / E_original5_retuned,5.216,71.48169001442503,0.1109583375831256,7.9314894916329095
C2b -- reference_PI / E_original5_retuned,5.22,72.14193520291902,0.11041823098403944,7.965784864871518
C2b -- reference_PI / E_original5_retuned,5.224,72.8082794195968,0.10987812438495322,8.000037182320886
C2b -- reference_PI / E_original5_retuned,5.228,73.48077881392868,0.10933801778586705,8.034242700876696
C2b -- reference_PI / E_original5_retuned,5.232,74.1594900469817,0.10879791118678077,8.068397611788468
C2b -- reference_PI / E_original5_retuned,5.236,74.84447029593059,0.10825780458769464,8.10249803976637
C2b -- reference_PI / E_original5_retuned,5.24,75.53577725859489,0.10771769798860839,8.136540042076119
C2b -- reference_PI / E_original5_retuned,5.244,76.23346915803832,0.10717759138952226,8.170519607625979
C2b -- reference_PI / E_original5_retuned,5.248,76.93760474715798,0.106637484790436,8.204432656037635
C2b -- reference_PI / E_original5_retuned,5.252,77.64824331339119,0.10609737819134987,8.23827503671482
C2b -- reference_PI / E_original5_retuned,5.256,78.36544468336541,0.10555727159226361,8.272042527890513
C2b -- reference_PI / E_original5_retuned,5.26,79.08926922764702,0.10501716499317744,8.305730835669639
C2b -- reference_PI / E_original5_retuned,5.264,79.81977786541493,0.1044770583940912,8.339335593048345
C2b -- reference_PI / E_original5_retuned,5.268,80.5570320694783,0.10393695179500508,8.372852358954043
C2b -- reference_PI / E_original5_retuned,5.272,81.30109387083563,0.10339684519591878,8.406276617221653
C2b -- reference_PI / E_original5_retuned,5.276,82.05202586377186,0.10285673859683267,8.439603775610536
C2b -- reference_PI / E_original5_retuned,5.28,82.80989121065244,0.1023166319977464,8.47282916477374
C2b -- reference_PI / E_original5_retuned,5.284,83.57475364688081,0.10177652539866028,8.50594803722854
C2b -- reference_PI / E_original5_retuned,5.288,84.34667748596812,0.101236418799574,8.538955566322068
C2b -- reference_PI / E_original5_retuned,5.292,85.12572762440062,0.10069631220048787,8.57184684516034
C2b -- reference_PI / E_original5_retuned,5.296,85.91196954685026,0.10015620560140162,8.60461688555569
C2b -- reference_PI / E_original5_retuned,5.3,86.70546933116805,0.09961609900231547,8.637260616935864
C2b -- reference_PI / E_original5_retuned,5.304,87.50629365361573,0.09907599240322924,8.669772885260379
C2b -- reference_PI / E_original5_retuned,5.308,88.31450979393782,0.09853588580414308,8.702148451904332
C2b -- reference_PI / E_original5_retuned,5.312,89.1301856405905,0.09799577920505681,8.734381992541032
C2b -- reference_PI / E_original5_retuned,5.316,89.95338969603918,0.0974556726059707,8.766468096014492
C2b -- reference_PI / E_original5_retuned,5.32,90.78419108203649,0.0969155660068844,8.798401263192714
C2b -- reference_PI / E_original5_retuned,5.324,91.62265954489891,0.09637545940779828,8.830175905803927
C2b -- reference_PI / E_original5_retuned,5.328,92.46886546089979,0.09583535280871201,8.861786345266657
C2b -- reference_PI / E_original5_retuned,5.332,93.32287984162161,0.0952952462096259,8.893226811498666
C2b -- reference_PI / E_original5_retuned,5.336,94.18477433948323,0.09475513961053963,8.924491441724903
C2b -- reference_PI / E_original5_retuned,5.34,95.05462125314241,0.09421503301145348,8.95557427925602
C2b -- reference_PI / E_original5_retuned,5.344,95.93249353303071,0.09367492641236724,8.986469272261548
C2b -- reference_PI / E_original5_retuned,5.348,96.81846478688284,0.09313481981328109,9.017170272524833
C2b -- reference_PI / E_original5_retuned,5.352,97.71260928537653,0.09259471321419482,9.04767103419011
C2b -- reference_PI / E_original5_retuned,5.356,98.61500196767444,0.0920546066151087,9.077965212482441
C2b -- reference_PI / E_original5_retuned,5.36,99.52571844719724,0.09151450001602243,9.108046362430676
C2b -- reference_PI / E_original5_retuned,5.364,100.44483501718594,0.0909743934169363,9.137907937552734
C2b -- reference_PI / E_original5_retuned,5.368,101.372428656627,0.09043428681785004,9.167543288555446
C2b -- reference_PI / E_original5_retuned,5.372,102.30857703589749,0.08989418021876391,9.19694566199026
C2b -- reference_PI / E_original5_retuned,5.376,103.25335852251285,0.08935407361967765,9.226108198899585
C2b -- reference_PI / E_original5_retuned,5.38,104.20685218719312,0.0888139670205915,9.255023933473023
C2b -- reference_PI / E_original5_retuned,5.384,105.16913780957908,0.08827386042150527,9.283685791652836
C2b -- reference_PI / E_original5_retuned,5.388,106.14029588420985,0.08773375382241909,9.31208658974399
C2b -- reference_PI / E_original5_retuned,5.392,107.120407626554,0.08719364722333284,9.340219033009362
C2b -- reference_PI / E_original5_retuned,5.396,108.10955497883454,0.08665354062424671,9.368075714227672
C2b -- reference_PI / E_original5_retuned,5.4,109.1078206163543,0.08611343402516045,9.395649112275468
C2b -- reference_PI / E_original5_retuned,5.404,110.11528795326254,0.08557332742607432,9.422931590640992
C2b -- reference_PI / E_original5_retuned,5.408,111.13204114884277,0.08503322082698805,9.44991539596347
C2b -- reference_PI / E_original5_retuned,5.412,112.1581651136454,0.08449311422790193,9.476592656539125
C2b -- reference_PI / E_original5_retuned,5.416,113.19374551564162,0.08395300762881566,9.50295538080888
C2b -- reference_PI / E_original5_retuned,5.42,114.23886878645847,0.08341290102972951,9.528995455833115
C2b -- reference_PI / E_original5_retuned,5.424,115.29362212767958,0.08287279443064327,9.554704645751455
C2b -- reference_PI / E_original5_retuned,5.428,116.3580935169764,0.08233268783155712,9.580074590208348
C2b -- reference_PI / E_original5_retuned,5.432,117.43237171465769,0.08179258123247085,9.605096802792852
C2b -- reference_PI / E_original5_retuned,5.436,118.51654626981434,0.08125247463338472,9.629762669424457
C2b -- reference_PI / E_original5_retuned,5.44,119.61070752700331,0.08071236803429846,9.654063446762324
C2b -- reference_PI / E_original5_retuned,5.444,120.71494663232806,0.08017226143521233,9.67799026054471
C2b -- reference_PI / E_original5_retuned,5.448,121.8293555400374,0.07963215483612607,9.701534103949712
C2b -- reference_PI / E_original5_retuned,5.452,122.95402701927233,0.07909204823703994,9.7246858359466
C2b -- reference_PI / E_original5_retuned,5.456,124.08905466021353,0.07855194163795368,9.747436179577937
C2b -- reference_PI / E_original5_retuned,5.46,125.23453288081879,0.07801183503886752,9.769775720268067
C2b -- reference_PI / E_original5_retuned,5.464,126.3905569334613,0.07747172843978128,9.79169490410183
C2b -- reference_PI / E_original5_retuned,5.468,127.55722291147433,0.07693162184069513,9.813184036074796
C2b -- reference_PI / E_original5_retuned,5.472,128.73462775582286,0.07639151524160889,9.834233278331789
C2b -- reference_PI / E_original5_retuned,5.476,129.92286926188692,0.07585140864252274,9.85483264839244
C2b -- reference_PI / E_original5_retuned,5.48,131.1220460859269,0.07531130204343647,9.87497201733064
C2b -- reference_PI / E_original5_retuned,5.484,132.33225775218975,0.07477119544435035,9.894641107981126
C2b -- reference_PI / E_original5_retuned,5.488,133.55360465936903,0.07423108884526408,9.913829493074898
C2b -- reference_PI / E_original5_retuned,5.492,134.7861880875459,0.07369098224617796,9.932526593389348
C2b -- reference_PI / E_original5_retuned,5.496,136.03011020507898,0.07315087564709169,9.950721675871911
C2b -- reference_PI / E_original5_retuned,5.5,137.28547407525133,0.07261076904800556,9.968403851724029
C2b -- reference_PI / E_original5_retuned,5.504,138.5523836634014,0.07207066244891941,9.985562074498178
C2b -- reference_PI / E_original5_retuned,5.508,139.83094384363255,0.07153055584983314,10.00218513814184
C2b -- reference_PI / E_original5_retuned,5.5120000000000005,141.12126040589607,0.0709904492507469,10.018261675046203
C2b -- reference_PI / E_original5_retuned,5.516,142.42344006274902,0.07045034265166075,10.033780154048936
C2b -- reference_PI / E_original5_retuned,5.52,143.73759045666148,0.06991023605257463,10.048728878453502
C2b -- reference_PI / E_original5_retuned,5.524,145.0638201665328,0.06937012945348836,10.063095983969935
C2b -- reference_PI / E_original5_retuned,5.5280000000000005,146.40223871525257,0.0688300228544021,10.076869436706465
C2b -- reference_PI / E_original5_retuned,5.532,147.75295657618256,0.06828991625531597,10.090037031062844
C2b -- reference_PI / E_original5_retuned,5.536,149.11608518078248,0.06774980965622981,10.102586387680164
C2b -- reference_PI / E_original5_retuned,5.54,150.4917369251467,0.06720970305714358,10.11450495129288
C2b -- reference_PI / E_original5_retuned,5.5440000000000005,151.88002517750897,0.06666959645805731,10.125779988624107
C2b -- reference_PI / E_original5_retuned,5.548,153.28106428504117,0.06612948985897116,10.136398586209936
C2b -- reference_PI / E_original5_retuned,5.552,154.6949695812605,0.06558938325988503,10.146347648241552
C2b -- reference_PI / E_original5_retuned,5.556,156.12185739279977,0.06504927666079877,10.155613894342004
C2b -- reference_PI / E_original5_retuned,5.5600000000000005,157.56184504683958,0.0645091700617125,10.164183857363767
C2b -- reference_PI / E_original5_retuned,5.564,159.01505087823568,0.06396906346262637,10.17204388114262
C2b -- reference_PI / E_original5_retuned,5.568,160.4815942364644,0.06342895686354025,10.17918011821687
C2b -- reference_PI / E_original5_retuned,5.572,161.96159549298324,0.06288885026445398,10.185578527550287
C2b -- reference_PI / E_original5_retuned,5.5760000000000005,163.45517604837943,0.06234874366536772,10.191224872217962
C2b -- reference_PI / E_original5_retuned,5.58,164.96245833936,0.06180863706628159,10.1961047170591
C2b -- reference_PI / E_original5_retuned,5.584,166.48356584617864,0.06126853046719544,10.200203426333934
C2b -- reference_PI / E_original5_retuned,5.588,168.01862309956425,0.06072842386810917,10.203506161326416
C2b -- reference_PI / E_original5_retuned,5.5920000000000005,169.56775568818293,0.06018831726902293,10.205997877956522
C2b -- reference_PI / E_original5_retuned,5.596,171.1310902653933,0.05964821066993679,10.207663324326148
C2b -- reference_PI / E_original5_retuned,5.6,172.70875455686374,0.05910810407085065,10.208487038294104
C2b -- reference_PI / E_original5_retuned,5.604,174.30087736737315,0.05856799747176439,10.208453344978626
C2b -- reference_PI / E_original5_retuned,5.608,175.90758858806305,0.05802789087267826,10.207546354264107
C2b -- reference_PI / E_original5_retuned,5.612,177.52901920369945,0.057487784273592,10.205749958284645
C2b -- reference_PI / E_original5_retuned,5.616,179.16530129948327,0.05694767767450585,10.203047828858697
C2b -- reference_PI / E_original5_retuned,5.62,180.816568068544,0.0564075710754196,10.199423414939842
C2b -- reference_PI / E_original5_retuned,5.624,182.4829538184592,0.055867464476333444,10.194859939989167
C2b -- reference_PI / E_original5_retuned,5.628,184.16459397909674,0.055327357877247185,10.189340399399407
C2b -- reference_PI / E_original5_retuned,5.632,185.86162510887735,0.054787251278161066,10.182847557807433
C2b -- reference_PI / E_original5_retuned,5.636,187.57418490226883,0.054247144679074794,10.175363946452904
C2b -- reference_PI / E_original5_retuned,5.64,189.30241219645387,0.05370703807998866,10.166871860468659
C2b -- reference_PI / E_original5_retuned,5.644,191.04644697845362,0.0531669314809024,10.157353356173298
C2b -- reference_PI / E_original5_retuned,5.648,192.80643039206012,0.052626824881816275,10.146790248331047
C2b -- reference_PI / E_original5_retuned,5.652,194.5825047446097,0.05208671828273001,10.135164107380461
C2b -- reference_PI / E_original5_retuned,5.656,196.37481351376496,0.05154661168364386,10.122456256642021
C2b -- reference_PI / E_original5_retuned,5.66,198.18350135436708,0.05100650508455761,10.108647769506955
C2b -- reference_PI / E_original5_retuned,5.664,200.0087141053086,0.05046639848547147,10.093719466605242
C2b -- reference_PI / E_original5_retuned,5.668,201.8505987958441,0.0499262918863852,10.077651912922946
C2b -- reference_PI / E_original5_retuned,5.672,203.70930365259105,0.04938618528729907,10.060425414933531
C2b -- reference_PI / E_original5_retuned,5.676,205.58497810589935,0.04884607868821281,10.042020017675267
C2b -- reference_PI / E_original5_retuned,5.68,207.47777279653752,0.04830597208912668,10.022415501823708
C2b -- reference_PI / E_original5_retuned,5.684,209.38783958162438,0.047765865490040416,10.00159138070603
C2b -- reference_PI / E_original5_retuned,5.688,211.31533154177026,0.04722575889095428,9.97952689735371
C2b -- reference_PI / E_original5_retuned,5.692,213.26040298669832,0.04668565229186802,9.95620102146065
C2b -- reference_PI / E_original5_retuned,5.696,215.22320946194802,0.04614554569278187,9.931592446373486
C2b -- reference_PI / E_original5_retuned,5.7,217.20390775448288,0.04560543909369563,9.905679586009754
C2b -- reference_PI / E_original5_retuned,5.704,219.20265589920328,0.04506533249460948,9.878440571799066
C2b -- reference_PI / E_original5_retuned,5.708,221.2196131846999,0.04452522589552321,9.849853249569028
C2b -- reference_PI / E_original5_retuned,5.712,223.25494015918207,0.043985119296437086,9.819895176420546
C2b -- reference_PI / E_original5_retuned,5.716,225.30879863596778,0.04344501269735083,9.78854361756448
C2b -- reference_PI / E_original5_retuned,5.72,227.38135169963167,0.042904906098264695,9.755775543169197
C2b -- reference_PI / E_original5_retuned,5.724,229.472763710734,0.04236479949917843,9.721567625127594
C2b -- reference_PI / E_original5_retuned,5.728,231.58320031210062,0.0418246929000923,9.685896233874168
C2b -- reference_PI / E_original5_retuned,5.732,233.71282843374672,0.04128458630100604,9.648737435125234
C2b -- reference_PI / E_original5_retuned,5.736,235.8618162976848,0.04074447970191988,9.610066986598975
C2b -- reference_PI / E_original5_retuned,5.74,238.030333423604,0.040204373102833646,9.56986033475447
C2b -- reference_PI / E_original5_retuned,5.744,240.21855063307194,0.03966426650374749,9.528092611454126
C2b -- reference_PI / E_original5_retuned,5.748,242.42664005496627,0.039124159904661227,9.484738630660251
C2b -- reference_PI / E_original5_retuned,5.752,244.65477512927112,0.0385840533055751,9.439772885051285
C2b -- reference_PI / E_original5_retuned,5.756,246.90313061212944,0.038043946706488835,9.393169542673105
C2b -- reference_PI / E_original5_retuned,5.76,249.17188257986916,0.03750384010740271,9.344902443535934
C2b -- reference_PI / E_original5_retuned,5.764,251.46120843298252,0.03696373350831644,9.294945096195981
C2b -- reference_PI / E_original5_retuned,5.768,253.77128690006728,0.03642362690923032,9.243270674323298
C2b -- reference_PI / E_original5_retuned,5.772,256.1022980414307,0.03588352031014405,9.189852013244243
C2b -- reference_PI / E_original5_retuned,5.776,258.4544232530656,0.0353434137110579,9.13466160648596
C2b -- reference_PI / E_original5_retuned,5.78,260.8278452691243,0.03480330711197166,9.077671602255156
C2b -- reference_PI / E_original5_retuned,5.784,263.2227481657854,0.034263200512885505,9.01885379995707
C2b -- reference_PI / E_original5_retuned,5.788,265.63931736324736,0.03372309391379924,8.958179646638312
C2b -- reference_PI / E_original5_retuned,5.792,268.07773962949614,0.033182987314713114,8.895620233482536
C2b -- reference_PI / E_original5_retuned,5.796,270.53820308157367,0.03264288071562685,8.83114629221184
C2b -- reference_PI / E_original5_retuned,5.8,273.020897188529,0.03210277411654072,8.764728191538634
C2b -- reference_PI / E_original5_retuned,5.804,275.5260127728074,0.03156266751745446,8.69633593355803
C2b -- reference_PI / E_original5_retuned,5.808,278.053742011732,0.03102256091836833,8.625939150139228
C2b -- reference_PI / E_original5_retuned,5.812,280.60427843986207,0.03048245431928207,8.553507099338201
C2b -- reference_PI / E_original5_retuned,5.816,283.1778169481768,0.02994234772019591,8.479008661708297
C2b -- reference_PI / E_original5_retuned,5.82,285.77455378706486,0.029402241121109673,8.402412336724806
C2b -- reference_PI / E_original5_retuned,5.824,288.39468656482404,0.02886213452202352,8.32368623907076
C2b -- reference_PI / E_original5_retuned,5.828,291.03841424888356,0.028322027922937282,8.242798095004268
C2b -- reference_PI / E_original5_retuned,5.832,293.70593716481676,0.02778192132385113,8.159715238660903
C2b -- reference_PI / E_original5_retuned,5.836,296.3974569973274,0.027241814724764866,8.074404608412655
C2b -- reference_PI / E_original5_retuned,5.84,299.1131767867068,0.026701708125678736,7.9868327431031885
C2b -- reference_PI / E_original5_retuned,5.844,301.85330093029086,0.02616160152659247,7.896965778424874
C2b -- reference_PI / E_original5_retuned,5.848,304.618035179041,0.025621494927506344,7.804769443166748
C2b -- reference_PI / E_original5_retuned,5.852,307.4075866361114,0.02508138832842005,7.710209055522739
C2b -- reference_PI / E_original5_retuned,5.856,310.2221637539012,0.024541281729333952,7.613249519368061
C2b -- reference_PI / E_original5_retuned,5.86,313.0619763323733,0.024001175130247687,7.5138553205747485
C2b -- reference_PI / E_original5_retuned,5.864,315.9272355141092,0.023461068531161533,7.411990523256926
C2b -- reference_PI / E_original5_retuned,5.868,318.81815378214174,0.022920961932075268,7.307618766094989
C2b -- reference_PI / E_original5_retuned,5.872,321.7349449536094,0.02238085533298917,7.200703258573966
C2b -- reference_PI / E_original5_retuned,5.876,324.67782417772366,0.021840748733902904,7.091206777335968
C2b -- reference_PI / E_original5_retuned,5.88,327.6470079286566,0.02130064213481675,6.97909166243178
C2b -- reference_PI / E_original5_retuned,5.884,330.642714000146,0.020760535535730484,6.864319813630402
C2b -- reference_PI / E_original5_retuned,5.888,333.6651614994649,0.02022042893664433,6.746852686733884
C2b -- reference_PI / E_original5_retuned,5.892,336.71457084125535,0.019680322337558065,6.626651289908435
C2b -- reference_PI / E_original5_retuned,5.896,339.79116373870727,0.019140215738471966,6.50367617998531
C2b -- reference_PI / E_original5_retuned,5.9,342.8951631969869,0.0186001091393857,6.377887458831427
C2b -- reference_PI / E_original5_retuned,5.904,346.0267935045409,0.018060002540299547,6.249244769703715
C2b -- reference_PI / E_original5_retuned,5.908,349.1862802226323,0.01751989594121328,6.117707293599859
C2b -- reference_PI / E_original5_retuned,5.912,352.3738501778324,0.016979789342127183,5.983233745693879
C2b -- reference_PI / E_original5_retuned,5.916,355.589731448947,0.016439682743040918,5.845782371703809
C2b -- reference_PI / E_original5_retuned,5.92,358.8341533588714,0.015899576143954763,5.7053109443809165
C2b -- reference_PI / E_original5_retuned,5.924,362.1073464598985,0.015359469544868498,5.561776759923957
C2b -- reference_PI / E_original5_retuned,5.928,365.4095425232557,0.014819362945782342,5.415136634504413
C2b -- reference_PI / E_original5_retuned,5.932,368.7409745255752,0.014279256346696079,5.265346900781217
C2b -- reference_PI / E_original5_retuned,5.936,372.101876633271,0.01373914974760998,5.112363404431205
C2b -- reference_PI / E_original5_retuned,5.94,375.4924841910659,0.013199043148523715,4.956141500784238
C2b -- reference_PI / E_original5_retuned,5.944,378.9130337017261,0.012658936549437562,4.796636051385047
C2b -- reference_PI / E_original5_retuned,5.948,382.3637628145687,0.012118829950351295,4.633801420726214
C2b -- reference_PI / E_original5_retuned,5.952,385.84491030476795,0.011578723351265197,4.467591472912642
C2b -- reference_PI / E_original5_retuned,5.956,389.35671605687935,0.011038616752178931,4.297959568438844
C2b -- reference_PI / E_original5_retuned,5.96,392.8994210454617,0.010498510153092777,4.124858560990053
C2b -- reference_PI / E_original5_retuned,5.964,396.47326731472174,0.009958403554006512,3.948240794295499
C2b -- reference_PI / E_original5_retuned,5.968,400.07849795815963,0.009418296954920358,3.7680580990484454
C2b -- reference_PI / E_original5_retuned,5.972,403.71535709523647,0.008878190355834148,3.5842617898650677
C2b -- reference_PI / E_original5_retuned,5.976,407.38408985232996,0.008338083756747994,3.396802662355278
C2b -- reference_PI / E_original5_retuned,5.98,411.08494233351473,0.0077979771576617285,3.205630990175437
C2b -- reference_PI / E_original5_retuned,5.984,414.8181615993896,0.007257870558575574,3.010696522234655
C2b -- reference_PI / E_original5_retuned,5.988,418.58399564054264,0.006717763959489308,2.811948479933067
C2b -- reference_PI / E_original5_retuned,5.992,422.3826933481341,0.006177657360403211,2.609335554469033
C2b -- reference_PI / E_original5_retuned,5.996,426.2145044881782,0.005637550761316945,2.4028059042616534
C2b -- reference_PI / E_original5_retuned,6.0,430.07967967084267,0.005097444162230791,2.1923071524322255
C2b -- reference_PI / E_original5_retuned,6.004,433.97847031836693,0.005081092764596621,2.2050848655253636
C2b -- reference_PI / E_original5_retuned,6.008,437.9111286366516,0.00506474136696246,2.2179066082592684
C2b -- reference_PI / E_original5_retuned,6.0120000000000005,441.87790757827963,0.0050483899693282985,2.230771996285964
C2b -- reference_PI / E_original5_retuned,6.016,445.87906080998664,0.005032038571694141,2.24368063230661
C2b -- reference_PI / E_original5_retuned,6.02,449.91484267548094,0.005015687174059985,2.2566321058266254
C2b -- reference_PI / E_original5_retuned,6.024,453.98550815894663,0.004999335776425823,2.269625992917879
C2b -- reference_PI / E_original5_retuned,6.0280000000000005,458.0913128461755,0.004982984378791662,2.282661855972657
C2b -- reference_PI / E_original5_retuned,6.032,462.2325128845045,0.004966632981157504,2.2957392434554906
C2b -- reference_PI / E_original5_retuned,6.036,466.40936494053,0.004950281583523346,2.308857689647925
C2b -- reference_PI / E_original5_retuned,6.04,470.6221261568499,0.004933930185889185,2.3220167143926296
C2b -- reference_PI / E_original5_retuned,6.0440000000000005,474.87105410751434,0.0049175787882550235,2.335215822835416
C2b -- reference_PI / E_original5_retuned,6.048,479.1564067514605,0.004901227390620866,2.348454505161731
C2b -- reference_PI / E_original5_retuned,6.052,483.4784423842035,0.004884875992986708,2.361732236329203
C2b -- reference_PI / E_original5_retuned,6.056,487.8374195899489,0.004868524595352547,2.3750484758069867
C2b -- reference_PI / E_original5_retuned,6.0600000000000005,492.23359718567565,0.0048521731977183855,2.3884026672808436
C2b -- reference_PI / E_original5_retuned,6.064,496.667234172085,0.004835821800084229,2.4017942383969073
C2b -- reference_PI / E_original5_retuned,6.068,501.13858967684644,0.004819470402450071,2.415222600473132
C2b -- reference_PI / E_original5_retuned,6.072,505.64792289649296,0.00480311900481591,2.428687148209835
C2b -- reference_PI / E_original5_retuned,6.0760000000000005,510.19549303982154,0.004786767607181748,2.442187259413139
C2b -- reference_PI / E_original5_retuned,6.08,514.7815592645412,0.004770416209547591,2.455722294691751
C2b -- reference_PI / E_original5_retuned,6.084,519.4063806161387,0.004754064811913433,2.4692915971705003
C2b -- reference_PI / E_original5_retuned,6.088,524.0702159617829,0.004737713414279272,2.482894492186374
C2b -- reference_PI / E_original5_retuned,6.0920000000000005,528.7733239227483,0.00472136201664511,2.4965302869840453
C2b -- reference_PI / E_original5_retuned,6.096,533.5159628084751,0.004705010619010953,2.510198270425728
C2b -- reference_PI / E_original5_retuned,6.1,538.2983905401203,0.004688659221376796,2.523897712658223
C2b -- reference_PI / E_original5_retuned,6.104,543.1208645807641,0.0046723078237426345,2.537627864818568
C2b -- reference_PI / E_original5_retuned,6.1080000000000005,547.9836418584817,0.004655956426108473,2.551387958713322
C2b -- reference_PI / E_original5_retuned,6.112,552.8869786858605,0.0046396050284743156,2.5651772064888902
C2b -- reference_PI / E_original5_retuned,6.116,557.8311306820149,0.004623253630840158,2.5789948003212957
C2b -- reference_PI / E_original5_retuned,6.12,562.816352688366,0.004606902233205997,2.5928399120848873
C2b -- reference_PI / E_original5_retuned,6.1240000000000006,567.8428986816282,0.004590550835571835,2.6067116930164813
C2b -- reference_PI / E_original5_retuned,6.128,572.911021688979,0.004574199437937678,2.620609273398028
C2b -- reference_PI / E_original5_retuned,6.132,578.0209736910139,0.00455784804030352,2.6345317621919198
C2b -- reference_PI / E_original5_retuned,6.136,583.1730055342754,0.004541496642669359,2.648478246729311
C2b -- reference_PI / E_original5_retuned,6.140000000000001,588.3673668324566,0.004525145245035197,2.6624477923557706
C2b -- reference_PI / E_original5_retuned,6.144,593.6043058654272,0.0045087938474010405,2.676439442076804
C2b -- reference_PI / E_original5_retuned,6.148,598.8840694805273,0.004492442449766883,2.69045221622346
C2b -- reference_PI / E_original5_retuned,6.152,604.2069029843582,0.0044760910521327215,2.7044851120851088
C2b -- reference_PI / E_original5_retuned,6.156000000000001,609.5730500373123,0.00445973965449856,2.718537103565037
C2b -- reference_PI / E_original5_retuned,6.16,614.9827525410435,0.0044433882568644025,2.7326071408150194
C2b -- reference_PI / E_original5_retuned,6.164,620.4362505259866,0.004427036859230245,2.746694149881153
C2b -- reference_PI / E_original5_retuned,6.168,625.9337820326484,0.0044106854615960835,2.7607970323332545
C2b -- reference_PI / E_original5_retuned,6.172000000000001,631.475582991112,0.004394334063961922,2.7749146648980574
C2b -- reference_PI / E_original5_retuned,6.176,637.0618870982416,0.0043779826663277645,2.789045899094157
C2b -- reference_PI / E_original5_retuned,6.18,642.6929256907569,0.004361631268693607,2.803189560860982
C2b -- reference_PI / E_original5_retuned,6.184,648.3689276133631,0.004345279871059446,2.817344450178746
C2b -- reference_PI / E_original5_retuned,6.188000000000001,654.0901190869068,0.004328928473425285,2.8315093407014467
C2b -- reference_PI / E_original5_retuned,6.192,659.8567235676326,0.0043125770757911274,2.8456829793644154
C2b -- reference_PI / E_original5_retuned,6.196,665.668961611651,0.00429622567815697,2.859864086028061
C2b -- reference_PI / E_original5_retuned,6.2,671.5270507250597,0.0042798742805228085,2.874051353073518
C2b -- reference_PI / E_original5_retuned,6.204,677.4312074858076,0.004263522882888651,2.88824345469863
C2b -- reference_PI / E_original5_retuned,6.208,683.3816382875415,0.0042471714852544895,2.9024390076813438
C2b -- reference_PI / E_original5_retuned,6.212,689.3785528868781,0.004230820087620332,2.916636629528439
C2b -- reference_PI / E_original5_retuned,6.216,695.4221550741811,0.0042144686899861705,2.9308348988828437
C2b -- reference_PI / E_original5_retuned,6.22,701.5126448136607,0.004198117292352014,2.945032364995825
C2b -- reference_PI / E_original5_retuned,6.224,707.6502180720737,0.004181765894717852,2.9592275473234486
C2b -- reference_PI / E_original5_retuned,6.228,713.8350666480061,0.004165414497083695,2.97341893514231
C2b -- reference_PI / E_original5_retuned,6.232,720.067377999111,0.004149063099449533,2.98760498717349
C2b -- reference_PI / E_original5_retuned,6.236,726.3473350539608,0.004132711701815376,3.0017841311599174
C2b -- reference_PI / E_original5_retuned,6.24,732.6751160346005,0.004116360304181214,3.0159547635061945
C2b -- reference_PI / E_original5_retuned,6.244,739.0508942652496,0.004100008906547057,3.03011524887909
C2b -- reference_PI / E_original5_retuned,6.248,745.4748379809563,0.004083657508912895,3.044263919826556
C2b -- reference_PI / E_original5_retuned,6.252,751.9471101222578,0.004067306111278738,3.058399076358645
C2b -- reference_PI / E_original5_retuned,6.256,758.46786814741,0.004050954713644576,3.0725189856197033
C2b -- reference_PI / E_original5_retuned,6.26,765.0372638086673,0.004034603316010419,3.0866218814339863
C2b -- reference_PI / E_original5_retuned,6.264,771.6554429573881,0.0040182519183762574,3.1007059639890056
C2b -- reference_PI / E_original5_retuned,6.268,778.3225453140225,0.0040019005207421006,3.114769399397504
C2b -- reference_PI / E_original5_retuned,6.272,785.0387042609053,0.003985549123107939,3.1288103193728443
C2b -- reference_PI / E_original5_retuned,6.276,791.8040466022148,0.003969197725473782,3.1428268207944474
C2b -- reference_PI / E_original5_retuned,6.28,798.6186923503644,0.00395284632783962,3.1568169654012177
C2b -- reference_PI / E_original5_retuned,6.284,805.4827544768887,0.003936494930205463,3.1707787793662034
C2b -- reference_PI / E_original5_retuned,6.288,812.3963386790355,0.003920143532571301,3.1847102529572253
C2b -- reference_PI / E_original5_retuned,6.292,819.359543139549,0.0039037921349371436,3.1986093401938627
C2b -- reference_PI / E_original5_retuned,6.296,826.3724582652327,0.0038874407373029824,3.2124739584454742
C2b -- reference_PI / E_original5_retuned,6.3,833.4351664444529,0.003871089339668825,3.226301988128234
C2b -- reference_PI / E_original5_retuned,6.304,840.5477417835665,0.003854737942034664,3.240091272344669
C2b -- reference_PI / E_original5_retuned,6.308,847.7102498373337,0.0038383865444005065,3.253839616526013
C2b -- reference_PI / E_original5_retuned,6.312,854.9227473471494,0.0038220351467663453,3.2675447881308495
C2b -- reference_PI / E_original5_retuned,6.316,862.185281963435,0.0038056837491321875,3.281204516309198
C2b -- reference_PI / E_original5_retuned,6.32,869.4978919631268,0.0037893323514980263,3.294816491575212
C2b -- reference_PI / E_original5_retuned,6.324,876.860605972403,0.003772980953863868,3.308378365527407
C2b -- reference_PI / E_original5_retuned,6.328,884.2734426672374,0.0037566295562297073,3.3218877505127398
C2b -- reference_PI / E_original5_retuned,6.332,891.7364104881277,0.0037402781585955495,3.3353422193731395
C2b -- reference_PI / E_original5_retuned,6.336,899.2495073322993,0.0037239267609613883,3.348739305136094
C2b -- reference_PI / E_original5_retuned,6.34,906.812720252526,0.0037075753633272306,3.3620765007600135
C2b -- reference_PI / E_original5_retuned,6.344,914.4260251529444,0.0036912239656930698,3.375351258898002
C2b -- reference_PI / E_original5_retuned,6.348,922.0893864611706,0.0036748725680589124,3.3885609916044293
C2b -- reference_PI / E_original5_retuned,6.352,929.8027568159374,0.003658521170424751,3.4017030701304036
C2b -- reference_PI / E_original5_retuned,6.356,937.5660767471683,0.0036421697727905935,3.414774824722402
C2b -- reference_PI / E_original5_retuned,6.36,945.3792743327751,0.0036258183751564322,3.4277735443678297
C2b -- reference_PI / E_original5_retuned,6.364,953.2422648798722,0.0036094669775222745,3.4406964766624397
C2b -- reference_PI / E_original5_retuned,6.368,961.1549505726531,0.0035931155798881137,3.4535408275891895
C2b -- reference_PI / E_original5_retuned,6.372,969.1172201323345,0.0035767641822539555,3.466303761374856
C2b -- reference_PI / E_original5_retuned,6.376,977.128948471932,0.0035604127846197943,3.478982400361563
C2b -- reference_PI / E_original5_retuned,6.38,985.1899963361996,0.003544061386985637,3.491573824859646
C2b -- reference_PI / E_original5_retuned,6.384,993.3002099495945,0.0035277099893514757,3.5040750730641026
C2b -- reference_PI / E_original5_retuned,6.388,1001.4594206509054,0.0035113585917173184,3.5164831409588047
C2b -- reference_PI / E_original5_retuned,6.392,1009.6674445252506,0.003495007194083157,3.528794982247308
C2b -- reference_PI / E_original5_retuned,6.396,1017.9240820366754,0.0034786557964489994,3.5410075083219077
C2b -- reference_PI / E_original5_retuned,6.4,1026.2291176500719,0.003462304398814838,3.553117588231714
C2b -- reference_PI / E_original5_retuned,6.404,1034.5823194554343,0.0034459530011806804,3.5651220486959234
C2b -- reference_PI / E_original5_retuned,6.408,1042.983438783006,0.003429601603546519,3.5770176741226605
C2b -- reference_PI / E_original5_retuned,6.412,1051.4322098166779,0.0034132502059123614,3.588801206659665
C2b -- reference_PI / E_original5_retuned,6.416,1059.9283492059878,0.0033968988082782,3.6004693462781003
C2b -- reference_PI / E_original5_retuned,6.42,1068.4715556739295,0.003380547410644043,3.6120187508803148
C2b -- reference_PI / E_original5_retuned,6.424,1077.061509619035,0.0033641960130098817,3.6234460364267616
C2b -- reference_PI / E_original5_retuned,6.428,1085.6978727100716,0.0033478446153757243,3.634747777077292
C2b -- reference_PI / E_original5_retuned,6.432,1094.3802875028791,0.003331493217741563,3.6459205054459036
C2b -- reference_PI / E_original5_retuned,6.436,1103.1083770166276,0.0033151418201074053,3.6569607127586288
C2b -- reference_PI / E_original5_retuned,6.44,1111.881744340745,0.003298790422473244,3.6678648491540935
C2b -- reference_PI / E_original5_retuned,6.444,1120.6999722209048,0.0032824390248390864,3.678629323953978
C2b -- reference_PI / E_original5_retuned,6.448,1129.562622648641,0.003266087627204925,3.6892505059858722
C2b -- reference_PI / E_original5_retuned,6.452,1138.4692364571613,0.0032497362295707674,3.6997247239666056
C2b -- reference_PI / E_original5_retuned,6.4559999999999995,1147.4193329028953,0.00323338483193661,3.7100482668790455
C2b -- reference_PI / E_original5_retuned,6.46,1156.412409257203,0.003217033434302449,3.720217384422669
C2b -- reference_PI / E_original5_retuned,6.464,1165.4479403857715,0.0032006820366682876,3.7302282874647923
C2b -- reference_PI / E_original5_retuned,6.468,1174.525378346484,0.0031843306390341303,3.7400771485918636
C2b -- reference_PI / E_original5_retuned,6.4719999999999995,1183.6441519739979,0.0031679792413999725,3.7497601026580996
C2b -- reference_PI / E_original5_retuned,6.476,1192.803666455873,0.0031516278437658113,3.7592732473482773
C2b -- reference_PI / E_original5_retuned,6.48,1202.0033029441156,0.00313527644613165,3.7686126438931318
C2b -- reference_PI / E_original5_retuned,6.484,1211.2424181257118,0.0031189250484974923,3.777774317694955
C2b -- reference_PI / E_original5_retuned,6.4879999999999995,1220.5203438217843,0.003102573650863335,3.7867542590841263
C2b -- reference_PI / E_original5_retuned,6.492,1229.8363865942003,0.0030862222532291738,3.795548424137978
C2b -- reference_PI / E_original5_retuned,6.496,1239.1898273282525,0.0030698708555950125,3.804152735464818
C2b -- reference_PI / E_original5_retuned,6.5,1248.5799208365365,0.0030535194579608548,3.812563083093588
C2b -- reference_PI / E_original5_retuned,6.504,1258.0058954819212,0.003037168060326697,3.8207753254603762
C2b -- reference_PI / E_original5_retuned,6.508,1267.4669527608564,0.0030208166626925358,3.8287852903121284
C2b -- reference_PI / E_original5_retuned,6.5120000000000005,1276.962266947312,0.0030044652650583746,3.8365887758333983
C2b -- reference_PI / E_original5_retuned,6.516,1286.4909846851456,0.0029881138674242172,3.8441815516539197
C2b -- reference_PI / E_original5_retuned,6.52,1296.0522246412716,0.0029717624697900595,3.851559360076846
C2b -- reference_PI / E_original5_retuned,6.524,1305.6450771265427,0.0029554110721558982,3.858717917245626
C2b -- reference_PI / E_original5_retuned,6.5280000000000005,1315.2686037303133,0.002939059674521737,3.8656529143882743
C2b -- reference_PI / E_original5_retuned,6.532,1324.9218369876285,0.0029227082768875797,3.8723600191928385
C2b -- reference_PI / E_original5_retuned,6.536,1334.6037800276172,0.002906356879253422,3.878834877160886
C2b -- reference_PI / E_original5_retuned,6.54,1344.3134062379952,0.0028900054816192607,3.885073113042066
C2b -- reference_PI / E_original5_retuned,6.5440000000000005,1354.0496589514744,0.0028736540839850995,3.8910703323645355
C2b -- reference_PI / E_original5_retuned,6.548,1363.8114511232395,0.0028573026863509417,3.896822122970608
C2b -- reference_PI / E_original5_retuned,6.552,1373.5976650501968,0.0028409512887167844,3.9023240567027226
C2b -- reference_PI / E_original5_retuned,6.556,1383.4071520570346,0.002824599891082623,3.907571691023222
C2b -- reference_PI / E_original5_retuned,6.5600000000000005,1393.2387322443117,0.002808248493448462,3.9125605708391333
C2b -- reference_PI / E_original5_retuned,6.564,1403.0911942210068,0.002791897095814304,3.9172862303082527
C2b -- reference_PI / E_original5_retuned,6.568,1412.963294856688,0.002775545698180147,3.921744194725927
C2b -- reference_PI / E_original5_retuned,6.572,1422.8537590446701,0.0027591943005459856,3.925929982466485
C2b -- reference_PI / E_original5_retuned,6.5760000000000005,1432.7612795087718,0.0027428429029118244,3.9298391070674996
C2b -- reference_PI / E_original5_retuned,6.58,1442.6845165790867,0.0027264915052776667,3.933467079248497
C2b -- reference_PI / E_original5_retuned,6.584,1452.6220980399899,0.002710140107643509,3.936809409147438
C2b -- reference_PI / E_original5_retuned,6.588,1462.5726189508619,0.0026937887100093477,3.9398616084986355
C2b -- reference_PI / E_original5_retuned,6.5920000000000005,1472.5346415089964,0.0026774373123751864,3.9426191929412058
C2b -- reference_PI / E_original5_retuned,6.596,1482.5066949389366,0.002661085914741029,3.9450776844112796
C2b -- reference_PI / E_original5_retuned,6.6,1492.487275386124,0.0026447345171068714,3.947232613556471
C2b -- reference_PI / E_original5_retuned,6.604,1502.4748458434797,0.00262838311947271,3.9490795222473642
C2b -- reference_PI / E_original5_retuned,6.6080000000000005,1512.4678361018991,0.002612031721838549,3.950613966158668
C2b -- reference_PI / E_original5_retuned,6.612,1522.464642714996,0.0025956803242043916,3.951831517392184
C2b -- reference_PI / E_original5_retuned,6.616,1532.463628999799,0.002579328926570234,3.952727767195977
C2b -- reference_PI / E_original5_retuned,6.62,1542.4631250641194,0.0025629775289360726,3.953298328751849
C2b -- reference_PI / E_original5_retuned,6.6240000000000006,1552.4614278480485,0.0025466261313019114,3.953538839996117
C2b -- reference_PI / E_original5_retuned,6.628,1562.456801209709,0.0025302747336677536,3.953444966548267
C2b -- reference_PI / E_original5_retuned,6.632,1572.447476024173,0.0025139233360335963,3.9530124046642974
C2b -- reference_PI / E_original5_retuned,6.636,1582.4316503259226,0.002497571938399435,3.952236884289132
C2b -- reference_PI / E_original5_retuned,6.640000000000001,1592.4074894632456,0.002481220540765274,3.9511141721246665
C2b -- reference_PI / E_original5_retuned,6.644,1602.373126322876,0.002464869143131116,3.949640074855795
C2b -- reference_PI / E_original5_retuned,6.648,1612.326661526959,0.0024485177454969588,3.947810442286628
C2b -- reference_PI / E_original5_retuned,6.652,1622.266163712916,0.0024321663478627975,3.945621170659034
C2b -- reference_PI / E_original5_retuned,6.656000000000001,1632.1896698453947,0.0024158149502286363,3.9430682060212465
C2b -- reference_PI / E_original5_retuned,6.66,1642.095185518678,0.0023994635525944785,3.9401475475429364
C2b -- reference_PI / E_original5_retuned,6.664,1651.9806853396167,0.0023831121549603208,3.9368552509925214
C2b -- reference_PI / E_original5_retuned,6.668,1661.8441133391827,0.0023667607573261596,3.9331874322446643
C2b -- reference_PI / E_original5_retuned,6.672000000000001,1671.6833833960047,0.0023504093596919983,3.929140270775557
C2b -- reference_PI / E_original5_retuned,6.676,1681.4963797291766,0.002334057962057841,3.9247100132783195
C2b -- reference_PI / E_original5_retuned,6.68,1691.2809574044047,0.0023177065644236832,3.9198929772609605
C2b -- reference_PI / E_original5_retuned,6.684,1701.0349429024363,0.002301355166789522,3.9146855547380413
C2b -- reference_PI / E_original5_retuned,6.688000000000001,1710.7561347047235,0.002285003769155361,3.9090842159059496
C2b -- reference_PI / E_original5_retuned,6.692,1720.4423039426702,0.0022686523715212035,3.903085512904942
C2b -- reference_PI / E_original5_retuned,6.696,1730.0911950448094,0.0022523009738870457,3.896686083512827
C2b -- reference_PI / E_original5_retuned,6.7,1739.7005264947877,0.0022359495762528845,3.8898826550229404
C2b -- reference_PI / E_original5_retuned,6.704000000000001,1749.267991565062,0.0022195981786187233,3.8826720479938435
C2b -- reference_PI / E_original5_retuned,6.708,1758.7912591275876,0.0022032467809845655,3.8750511800966483
C2b -- reference_PI / E_original5_retuned,6.712,1768.2679744811342,0.002186895383350408,3.8670170699191697
C2b -- reference_PI / E_original5_retuned,6.716,1777.6957602824316,0.002170543985716247,3.858566840914303
C2b -- reference_PI / E_original5_retuned,6.72,1787.0722174160512,0.002154192588082089,3.8496977251250812
C2b -- reference_PI / E_original5_retuned,6.724,1796.3949260032193,0.002137841190447928,3.84040706712134
C2b -- reference_PI / E_original5_retuned,6.728,1805.6614464249028,0.0021214897928137706,3.8306923278677805
C2b -- reference_PI / E_original5_retuned,6.732,1814.8693203418338,0.0021051383951796094,3.8205510884851166
C2b -- reference_PI / E_original5_retuned,6.736,1824.0160718445836,0.0020887869975454517,3.8099810541828965
C2b -- reference_PI / E_original5_retuned,6.74,1833.0992085425264,0.0020724355999112904,3.7989800579527424
C2b -- reference_PI / E_original5_retuned,6.744,1842.1162227996244,0.0020560842022771327,3.7875460644567305
C2b -- reference_PI / E_original5_retuned,6.748,1851.0645929346804,0.0020397328046429714,3.775677173721956
C2b -- reference_PI / E_original5_retuned,6.752,1859.941784492608,0.002023381407008814,3.7633716248611373
C2b -- reference_PI / E_original5_retuned,6.756,1868.7452515714974,0.002007030009374653,3.7506277997803807
C2b -- reference_PI / E_original5_retuned,6.76,1877.472438156354,0.001990678611740495,3.7374442267701333
C2b -- reference_PI / E_original5_retuned,6.764,1886.1207795245994,0.001974327214106334,3.723819584106869
C2b -- reference_PI / E_original5_retuned,6.768,1894.6877036627793,0.001957975816472176,3.709752703538923
C2b -- reference_PI / E_original5_retuned,6.772,1903.1706327503357,0.001941624418838015,3.695242573763448
C2b -- reference_PI / E_original5_retuned,6.776,1911.566984658595,0.0019252730212038576,3.6802883437872014
C2b -- reference_PI / E_original5_retuned,6.78,1919.874174508849,0.0019089216235696964,3.6648893262529625
C2b -- reference_PI / E_original5_retuned,6.784,1928.0896162272943,0.0018925702259355386,3.649045000607256
C2b -- reference_PI / E_original5_retuned,6.788,1936.2107241706908,0.0018762188283013774,3.632755016248095
C2b -- reference_PI / E_original5_retuned,6.792,1944.2349147847008,0.00185986743066722,3.6160191955741228
C2b -- reference_PI / E_original5_retuned,6.796,1952.1596082587218,0.0018435160330330588,3.598837536864489
C2b -- reference_PI / E_original5_retuned,6.8,1959.9822302570715,0.001827164635398901,3.581210217135987
C2b -- reference_PI / E_original5_retuned,6.804,1967.7002136357385,0.0018108132377647398,3.5631375948041017
C2b -- reference_PI / E_original5_retuned,6.808,1975.3110002079645,0.001794461840130582,3.5446202122633648
C2b -- reference_PI / E_original5_retuned,6.812,1982.8120425503446,0.0017781104424964209,3.5256587983664254
C2b -- reference_PI / E_original5_retuned,6.816,1990.2008057931594,0.0017617590448622635,3.5062542706982636
C2b -- reference_PI / E_original5_retuned,6.82,1997.4747694710277,0.0017454076472281023,3.4864077377799223
C2b -- reference_PI / E_original5_retuned,6.824,2004.6314293571127,0.0017290562495939446,3.4661205010623575
C2b -- reference_PI / E_original5_retuned,6.828,2011.668299337816,0.0017127048519597833,3.445394056809563
C2b -- reference_PI / E_original5_retuned,6.832,2018.582913302145,0.001696353454325626,3.4242300978227793
C2b -- reference_PI / E_original5_retuned,6.836,2025.3728270410388,0.0016800020566914648,3.4026305149959515
C2b -- reference_PI / E_original5_retuned,6.84,2032.0356201381908,0.001663650659057307,3.3805973986708246
C2b -- reference_PI / E_original5_retuned,6.844,2038.568897895526,0.0016472992614231458,3.3581330398634965
C2b -- reference_PI / E_original5_retuned,6.848,2044.9702932631947,0.001630947863788988,3.3352399313095478
C2b -- reference_PI / E_original5_retuned,6.852,2051.237468729475,0.0016145964661548268,3.3119207682549825
C2b -- reference_PI / E_original5_retuned,6.856,2057.368118283832,0.0015982450685206695,3.2881784491787838
C2b -- reference_PI / E_original5_retuned,6.86,2063.35996930534,0.0015818936708865083,3.2640160762046975
C2b -- reference_PI / E_original5_retuned,6.864,2069.2107844995703,0.0015655422732523505,3.239436955403737
C2b -- reference_PI / E_original5_retuned,6.868,2074.9183637925844,0.0015491908756181893,3.2144445968400945
C2b -- reference_PI / E_original5_retuned,6.872,2080.4805462338495,0.001532839477984032,3.1890427144450277
C2b -- reference_PI / E_original5_retuned,6.876,2085.895211879095,0.0015164880803498707,3.1632352256735152
C2b -- reference_PI / E_original5_retuned,6.88,2091.160283653113,0.001500136682715713,3.13702625094623
C2b -- reference_PI / E_original5_retuned,6.884,2096.27372919398,0.0014837852850815517,3.1104201128810574
C2b -- reference_PI / E_original5_retuned,6.888,2101.2335626918534,0.001467433887447394,3.083421335335844
C2b -- reference_PI / E_original5_retuned,6.892,2106.0378466867814,0.0014510824898132327,3.0560346422111544
C2b -- reference_PI / E_original5_retuned,6.896,2110.684693822142,0.0014347310921790754,3.028264956013099
C2b -- reference_PI / E_original5_retuned,6.9,2115.172268604829,0.0014183796945449142,3.0001173962535903
C2b -- reference_PI / E_original5_retuned,6.904,2119.4987891128567,0.0014020282969107564,2.971597277604309
C2b -- reference_PI / E_original5_retuned,6.908,2123.6625286558465,0.0013856768992765952,2.9427101078177267
C2b -- reference_PI / E_original5_retuned,6.912,2127.6618174129467,0.0013693255016424379,2.9134615854544443
C2b -- reference_PI / E_original5_retuned,6.916,2131.4950440289263,0.0013529741040082767,2.883857597393119
C2b -- reference_PI / E_original5_retuned,6.92,2135.1606571439665,0.001336622706374119,2.853904216095311
C2b -- reference_PI / E_original5_retuned,6.924,2138.657166903792,0.0013202713087399577,2.8236076966941597
C2b -- reference_PI / E_original5_retuned,6.928,2141.983146409383,0.0013039199111058,2.7929744738562445
C2b -- reference_PI / E_original5_retuned,6.932,2145.1372330981676,0.0012875685134716387,2.762011158412872
C2b -- reference_PI / E_original5_retuned,6.936,2148.1181300890335,0.0012712171158374814,2.7307245338099846
C2b -- reference_PI / E_original5_retuned,6.94,2150.9246074734924,0.0012548657182033201,2.6991215523584184
C2b -- reference_PI / E_original5_retuned,6.944,2153.5555035236484,0.0012385143205691624,2.667209331254572
C2b -- reference_PI / E_original5_retuned,6.948,2156.0097258622386,0.0012221629229350012,2.6349951484360843
C2b -- reference_PI / E_original5_retuned,6.952,2158.286252550698,0.0012058115253008438,2.6024864382239996
C2b -- reference_PI / E_original5_retuned,6.956,2160.384133122812,0.0011894601276666826,2.569690786793335
C2b -- reference_PI / E_original5_retuned,6.96,2162.302489542088,0.0011731087300325248,2.536615927452886
C2b -- reference_PI / E_original5_retuned,6.964,2164.0405170982553,0.0011567573323983636,2.5032697357605533
C2b -- reference_PI / E_original5_retuned,6.968,2165.5974852195422,0.0011404059347642059,2.4696602244548056
C2b -- reference_PI / E_original5_retuned,6.972,2166.972738221733,0.0011240545371300446,2.435795538235255
C2b -- reference_PI / E_original5_retuned,6.976,2168.1656959810334,0.0011077031394958869,2.4016839483854753
C2b -- reference_PI / E_original5_retuned,6.98,2169.175854525286,0.0010913517418617256,2.3673338472405683
C2b -- reference_PI / E_original5_retuned,6.984,2170.0027865556326,0.0010750003442275688,2.3327537425220886
C2b -- reference_PI / E_original5_retuned,6.9879999999999995,2170.646141885231,0.001058648946593411,2.2979522515338515
C2b -- reference_PI / E_original5_retuned,6.992,2171.105647801476,0.0010422975489592498,2.2629380952350626
C2b -- reference_PI / E_original5_retuned,6.996,2171.3811093453814,0.0010259461513250885,2.2277200921928952
C2b -- reference_PI / E_original5_retuned,7.0,2171.472409516259,0.0010095947536909308,2.1923071524322197
C2b -- reference_PI / E_original5_retuned,7.004,2171.3795093905564,0.001025954227275622,2.227735986678908
C2b -- reference_PI / E_original5_retuned,7.008,2171.1024481631703,0.0010423137008603168,2.2629698276918484
C2b -- reference_PI / E_original5_retuned,7.0120000000000005,2170.641343106724,0.0010586731744450116,2.297999761288379
C2b -- reference_PI / E_original5_retuned,7.016,2169.996389449472,0.0010750326480297027,2.33281696476476
C2b -- reference_PI / E_original5_retuned,7.02,2169.167860175498,0.001091392121614394,2.3674127130546916
C2b -- reference_PI / E_original5_retuned,7.024,2168.156105741506,0.0011077515951990887,2.401778384775797
C2b -- reference_PI / E_original5_retuned,7.0280000000000005,2166.961553714657,0.0011241110687837835,2.435905468159551
C2b -- reference_PI / E_original5_retuned,7.032,2165.5847083337617,0.0011404705423684745,2.4697855668582798
C2b -- reference_PI / E_original5_retuned,7.036,2164.026149991047,0.0011568300159531656,2.5034104056172106
C2b -- reference_PI / E_original5_retuned,7.04,2162.2865346323874,0.0011731894895378604,2.53677183579996
C2b -- reference_PI / E_original5_retuned,7.0440000000000005,2160.366593093935,0.0011895489631225551,2.5698618407794975
C2b -- reference_PI / E_original5_retuned,7.048,2158.2671303497273,0.0012059084367072462,2.602672541156674
C2b -- reference_PI / E_original5_retuned,7.052,2155.9890246941304,0.0012222679102919375,2.635196199825247
C2b -- reference_PI / E_original5_retuned,7.056,2153.5332268500933,0.0012386273838766323,2.667425226864733
C2b -- reference_PI / E_original5_retuned,7.0600000000000005,2150.900759011142,0.0012549868574613268,2.6993521842625756
C2b -- reference_PI / E_original5_retuned,7.064,2148.092713807795,0.001271346331046018,2.7309697904462245
C2b -- reference_PI / E_original5_retuned,7.068,2145.11025321614,0.0012877058046307092,2.7622709246392736
C2b -- reference_PI / E_original5_retuned,7.072,2141.95460739775,0.001304065278215404,2.793248631020913
C2b -- reference_PI / E_original5_retuned,7.0760000000000005,2138.62707347213,0.0013204247518000987,2.823896122682409
C2b -- reference_PI / E_original5_retuned,7.08,2135.129014239474,0.0013367842253847898,2.854206785396705
C2b -- reference_PI / E_original5_retuned,7.084,2131.46185684748,0.001353143698969481,2.8841741811869572
C2b -- reference_PI / E_original5_retuned,7.088,2127.627091377049,0.0013695031725541756,2.9137920516530813
C2b -- reference_PI / E_original5_retuned,7.0920000000000005,2123.6262694213196,0.0013858626461388706,2.9430543211502482
C2b -- reference_PI / E_original5_retuned,7.096,2119.4610025651773,0.0014022221197235616,2.971955099688368
C2b -- reference_PI / E_original5_retuned,7.1,2115.1329608471756,0.0014185815933082527,3.0004886856573885
C2b -- reference_PI / E_original5_retuned,7.104,2110.643871181928,0.0014349410668929475,3.028649568344856
C2b -- reference_PI / E_original5_retuned,7.1080000000000005,2105.9955157118598,0.0014513005404776422,3.056432430196113
C2b -- reference_PI / E_original5_retuned,7.112,2101.1897301358504,0.0014676600140623333,3.0838321488788125
C2b -- reference_PI / E_original5_retuned,7.116,2096.2284020163634,0.0014840194876470244,3.110843799151464
C2b -- reference_PI / E_original5_retuned,7.12,2091.113469019912,0.0015003789612317193,3.1374626544657525
C2b -- reference_PI / E_original5_retuned,7.1240000000000006,2085.846917162311,0.0015167384348164139,3.1636841884034057
C2b -- reference_PI / E_original5_retuned,7.128,2080.4307789913887,0.001533097908401105,3.1895040758449795
C2b -- reference_PI / E_original5_retuned,7.132,2074.8671317724907,0.0015494573819857963,3.2149181939645817
C2b -- reference_PI / E_original5_retuned,7.136,2069.1580956370703,0.001565816855570491,3.239922622988663
C2b -- reference_PI / E_original5_retuned,7.140000000000001,2063.3058317157615,0.0015821763291551858,3.264513646748531
C2b -- reference_PI / E_original5_retuned,7.144,2057.312540259528,0.0015985358027398768,3.2886877530305796
C2b -- reference_PI / E_original5_retuned,7.148,2051.1804587390893,0.001614895276324568,3.3124416337070155
C2b -- reference_PI / E_original5_retuned,7.152,2044.9118599310223,0.0016312547499092627,3.335772184658265
C2b -- reference_PI / E_original5_retuned,7.156000000000001,2038.5090500205708,0.0016476142234939574,3.3586765055350476
C2b -- reference_PI / E_original5_retuned,7.16,2031.9743666641673,0.0016639736970786487,3.3811518992672203
C2b -- reference_PI / E_original5_retuned,7.164,2025.3101770691087,0.0016803331706633398,3.4031958714112656
C2b -- reference_PI / E_original5_retuned,7.168,2018.5188760763285,0.0016966926442480343,3.4248061293145162
C2b -- reference_PI / E_original5_retuned,7.172000000000001,2011.6028842442597,0.0017130521178327293,3.445980581093056
C2b -- reference_PI / E_original5_retuned,7.176,2004.564645923686,0.0017294115914174204,3.4667173344059794
C2b -- reference_PI / E_original5_retuned,7.18,1997.4066273597268,0.0017457710650021115,3.487014695088066
C2b -- reference_PI / E_original5_retuned,7.184,1990.1313147796736,0.0017621305385868062,3.5068711655711753
C2b -- reference_PI / E_original5_retuned,7.188000000000001,1982.7412125334565,0.001778490012171501,3.5262854432115636
C2b -- reference_PI / E_original5_retuned,7.192,1975.238841209519,0.001794849485756192,3.545256418390562
C2b -- reference_PI / E_original5_retuned,7.196,1967.626735785205,0.0018112089593408831,3.56378317249282
C2b -- reference_PI / E_original5_retuned,7.2,1959.907443791433,0.0018275684329255779,3.5818649757290846
C2b -- reference_PI / E_original5_retuned,7.204000000000001,1952.083523517332,0.0018439279065102726,3.5995012848525105
C2b -- reference_PI / E_original5_retuned,7.208,1944.1575421934167,0.001860287380094964,3.6166917406588555
C2b -- reference_PI / E_original5_retuned,7.212,1936.1320742554556,0.001876646853679655,3.6334361654597647
C2b -- reference_PI / E_original5_retuned,7.216,1928.0096995902736,0.0018930063272643498,3.649734560351426
C2b -- reference_PI / E_original5_retuned,7.220000000000001,1919.7930018479574,0.0019093658008490445,3.6655871024378164
C2b -- reference_PI / E_original5_retuned,7.224,1911.4845667353172,0.0019257252744337356,3.680994141852219
C2b -- reference_PI / E_original5_retuned,7.228,1903.0869803929509,0.0019420847480184269,3.695956198773593
C2b -- reference_PI / E_original5_retuned,7.232,1894.6028277783578,0.0019584442216031214,3.7104739602954586
C2b -- reference_PI / E_original5_retuned,7.236000000000001,1886.0346910749354,0.0019748036951878164,3.724548277187194
C2b -- reference_PI / E_original5_retuned,7.24,1877.3851481674278,0.0019911631687725075,3.738180160631499
C2b -- reference_PI / E_original5_retuned,7.244,1868.6567711007401,0.0020075226423571985,3.7513707787788286
C2b -- reference_PI / E_original5_retuned,7.248,1859.8521246641656,0.0020238821159418935,3.764121453404338
C2b -- reference_PI / E_original5_retuned,7.252000000000001,1850.9737649039935,0.002040241589526588,3.7764336562797367
C2b -- reference_PI / E_original5_retuned,7.256,1842.024237766372,0.002056601063111279,3.788309005667064
C2b -- reference_PI / E_original5_retuned,7.26,1833.0060777351805,0.00207296053669597,3.799749262668895
C2b -- reference_PI / E_original5_retuned,7.264,1823.921806522233,0.0020893200102806648,3.8107563275541607
C2b -- reference_PI / E_original5_retuned,7.268000000000001,1814.7739317933244,0.0021056794838653597,3.821332236030877
C2b -- reference_PI / E_original5_retuned,7.272,1805.5649459478593,0.0021220389574500512,3.8314791555075534
C2b -- reference_PI / E_original5_retuned,7.276,1796.2973249207469,0.0021383984310347423,3.8411993812824297
C2b -- reference_PI / E_original5_retuned,7.28,1786.9735270530998,0.002154757904619437,3.8504953327633418
C2b -- reference_PI / E_original5_retuned,7.284000000000001,1777.595991988624,0.0021711173782041314,3.8593695496325138
C2b -- reference_PI / E_original5_retuned,7.288,1768.1671396015752,0.0021874768517888225,3.867824687972101
C2b -- reference_PI / E_original5_retuned,7.292,1758.689368991185,0.0022038363253735135,3.875863516430996
C2b -- reference_PI / E_original5_retuned,7.296,1749.1650575222957,0.0022201957989582085,3.883488912395494
C2b -- reference_PI / E_original5_retuned,7.300000000000001,1739.5965598715463,0.0022365552725429035,3.890703858078204
C2b -- reference_PI / E_original5_retuned,7.304,1729.9862071688237,0.0022529147461275946,3.897511436727991
C2b -- reference_PI / E_original5_retuned,7.308,1720.3363061121959,0.0022692742197122856,3.903914828695469
C2b -- reference_PI / E_original5_retuned,7.312,1710.6491382180895,0.00228563369329698,3.9099173077207086
C2b -- reference_PI / E_original5_retuned,7.316000000000001,1700.9269590155739,0.002301993166881675,3.915522237018678
C2b -- reference_PI / E_original5_retuned,7.32,1691.1719973635059,0.0023183526404663662,3.920733065570462
C2b -- reference_PI / E_original5_retuned,7.324,1681.3864547430355,0.0023347121140510573,3.925553324289925
C2b -- reference_PI / E_original5_retuned,7.328,1671.5725046572995,0.0023510715876357523,3.9299866223729083
C2b -- reference_PI / E_original5_retuned,7.332000000000001,1661.7322919830513,0.002367431061220447,3.9340366434737204
C2b -- reference_PI / E_original5_retuned,7.336,1651.8679324879413,0.002383790534805138,3.937707142212887
C2b -- reference_PI / E_original5_retuned,7.34,1641.981512233477,0.002400150008389829,3.941001940363124
C2b -- reference_PI / E_original5_retuned,7.344,1632.075087159019,0.002416509481974524,3.943924923414167
C2b -- reference_PI / E_original5_retuned,7.348000000000001,1622.150682607427,0.002432868955559219,3.9464800369548048
C2b -- reference_PI / E_original5_retuned,7.352,1612.210292930746,0.00244922842914391,3.9486712832044137
C2b -- reference_PI / E_original5_retuned,7.356,1602.2558811240895,0.002465587902728601,3.9505027175753105
C2b -- reference_PI / E_original5_retuned,7.36,1592.2893784982111,0.0024819473763132956,3.9519784452951634
C2b -- reference_PI / E_original5_retuned,7.364000000000001,1582.3126843597222,0.00249830684989799,3.9531026180163704
C2b -- reference_PI / E_original5_retuned,7.368,1572.3276657836404,0.002514666323482681,3.953879430626253
C2b -- reference_PI / E_original5_retuned,7.372,1562.33615734789,0.0025310257970673723,3.9543131179386193
C2b -- reference_PI / E_original5_retuned,7.376,1552.3399609636365,0.0025473852706520673,3.9544079516033728
C2b -- reference_PI / E_original5_retuned,7.38,1542.340845685647,0.0025637447442367588,3.9541682369482554
C2b -- reference_PI / E_original5_retuned,7.384,1532.3405475970073,0.0025801042178214533,3.953598309993874
C2b -- reference_PI / E_original5_retuned,7.388,1522.3407696835447,0.0025964636914061444,3.9527025344306077
C2b -- reference_PI / E_original5_retuned,7.3919999999999995,1512.3431817775345,0.0026128231649908355,3.951485298764288
C2b -- reference_PI / E_original5_retuned,7.396,1502.3494204819872,0.00262918263857553,3.9499510134052493
C2b -- reference_PI / E_original5_retuned,7.4,1492.3610891751075,0.002645542112160225,3.9481041079620476
C2b -- reference_PI / E_original5_retuned,7.404,1482.3797579887735,0.002661901585744916,3.945949028466481
C2b -- reference_PI / E_original5_retuned,7.4079999999999995,1472.406963856962,0.0026782610593296076,3.9434902347838383
C2b -- reference_PI / E_original5_retuned,7.412,1462.4442105627031,0.002694620532914302,3.9407321980239067
C2b -- reference_PI / E_original5_retuned,7.416,1452.4929687939944,0.0027109800064989966,3.9376793979808897
C2b -- reference_PI / E_original5_retuned,7.42,1442.5546762832225,0.0027273394800836877,3.9343363208065765
C2b -- reference_PI / E_original5_retuned,7.4239999999999995,1432.6307378778201,0.002743698953668379,3.9307074565085327
C2b -- reference_PI / E_original5_retuned,7.428,1422.7225257248601,0.0027600584272530738,3.9267972967696783
C2b -- reference_PI / E_original5_retuned,7.432,1412.8313794009687,0.0027764179008377687,3.9226103326341666
C2b -- reference_PI / E_original5_retuned,7.436,1402.9586061111233,0.00279277737442246,3.918151052398417
C2b -- reference_PI / E_original5_retuned,7.4399999999999995,1393.1054808692134,0.002809136848007151,3.9134239394704284
C2b -- reference_PI / E_original5_retuned,7.444,1383.2732467206636,0.0028254963215918454,3.9084334703656443
C2b -- reference_PI / E_original5_retuned,7.448,1373.4631149743889,0.00284185579517654,3.9031841127511893
C2b -- reference_PI / E_original5_retuned,7.452,1363.676265443683,0.0028582152687612315,3.8976803235384287
C2b -- reference_PI / E_original5_retuned,7.4559999999999995,1353.9138467071207,0.0028745747423459225,3.8919265470566984
C2b -- reference_PI / E_original5_retuned,7.46,1344.1769763928671,0.0028909342159306175,3.8859272133203016
C2b -- reference_PI / E_original5_retuned,7.464,1334.4667414512865,0.002907293689515312,3.8796867362893868
C2b -- reference_PI / E_original5_retuned,7.468,1324.7841984590093,0.002923653163100003,3.8732095122495847
C2b -- reference_PI / E_original5_retuned,7.4719999999999995,1315.1303739436187,0.002940012636684694,3.866499918282106
C2b -- reference_PI / E_original5_retuned,7.476,1305.5062646840206,0.0029563721102693888,3.8595623106938053
C2b -- reference_PI / E_original5_retuned,7.48,1295.912838061533,0.002972731583854084,3.852401023627502
C2b -- reference_PI / E_original5_retuned,7.484,1286.3510323856372,0.0029890910574387752,3.845020367631044
C2b -- reference_PI / E_original5_retuned,7.4879999999999995,1276.8217572636984,0.0030054505310234663,3.837424628390498
C2b -- reference_PI / E_original5_retuned,7.492,1267.325893936338,0.003021810004608161,3.829618065395807
C2b -- reference_PI / E_original5_retuned,7.496,1257.8642956675847,0.0030381694781928554,3.821604910805809
C2b -- reference_PI / E_original5_retuned,7.5,1248.437788097958,0.0030545289517775465,3.8133893682383344
C2b -- reference_PI / E_original5_retuned,7.504,1239.0471696317438,0.0030708884253622375,3.804975611699963
C2b -- reference_PI / E_original5_retuned,7.508,1229.693211825853,0.003087247898946933,3.7963677845586705
C2b -- reference_PI / E_original5_retuned,7.5120000000000005,1220.3766597721294,0.0031036073725316275,3.7875699985343023
C2b -- reference_PI / E_original5_retuned,7.516,1211.098232492926,0.0031199668461163186,3.7785863327680023
C2b -- reference_PI / E_original5_retuned,7.52,1201.8586233391359,0.0031363263197010096,3.7694208329381538
C2b -- reference_PI / E_original5_retuned,7.524,1192.6585003997795,0.003152685793285704,3.760077510451817
C2b -- reference_PI / E_original5_retuned,7.5280000000000005,1183.4985068975914,0.0031690452668703987,3.7505603416319957
C2b -- reference_PI / E_original5_retuned,7.532,1174.3792615900622,0.00318540474045509,3.7408732669611324
C2b -- reference_PI / E_original5_retuned,7.536,1165.301359200918,0.0032017642140397817,3.7310201904614164
C2b -- reference_PI / E_original5_retuned,7.54,1156.2653708068335,0.0032181236876244763,3.7210049789733697
C2b -- reference_PI / E_original5_retuned,7.5440000000000005,1147.2718442632643,0.003234483161209171,3.7108314615989184
C2b -- reference_PI / E_original5_retuned,7.548,1138.3213046093354,0.003250842634793862,3.700503429118198
C2b -- reference_PI / E_original5_retuned,7.552,1129.4142544950541,0.003267202108378553,3.6900246335190325
C2b -- reference_PI / E_original5_retuned,7.556,1120.5511745684062,0.0032835615819632475,3.679398787436611
C2b -- reference_PI / E_original5_retuned,7.5600000000000005,1111.7325239171241,0.003299921055547943,3.668629563811575
C2b -- reference_PI / E_original5_retuned,7.564,1102.9587404544554,0.003316280529132634,3.657720595405765
C2b -- reference_PI / E_original5_retuned,7.568,1094.230241355968,0.003332640002717325,3.6466754745259324
C2b -- reference_PI / E_original5_retuned,7.572,1085.5474234429646,0.0033489994763020196,3.6354977526114953
C2b -- reference_PI / E_original5_retuned,7.5760000000000005,1076.9106636102365,0.003365358949886714,3.62419094000915
C2b -- reference_PI / E_original5_retuned,7.58,1068.320319222285,0.003381718423471405,3.6127585056828537
C2b -- reference_PI / E_original5_retuned,7.584,1059.7767285211692,0.0033980778970560963,3.601203877002204
C2b -- reference_PI / E_original5_retuned,7.588,1051.2802110259383,0.0034144373706407917,3.5895304395421017
C2b -- reference_PI / E_original5_retuned,7.5920000000000005,1042.8310679331082,0.0034307968442254862,3.5777415369252012
C2b -- reference_PI / E_original5_retuned,7.596,1034.429582507116,0.0034471563178101773,3.565840470669149
C2b -- reference_PI / E_original5_retuned,7.6,1026.0760204864275,0.0034635157913948684,3.553830500126346
C2b -- reference_PI / E_original5_retuned,7.604,1017.7706304565376,0.003479875264979563,3.5417148423483606
C2b -- reference_PI / E_original5_retuned,7.6080000000000005,1009.513644253079,0.0034962347385642575,3.5294966720922143
C2b -- reference_PI / E_original5_retuned,7.612,1001.305277323438,0.0035125942121489494,3.517179121720507
C2b -- reference_PI / E_original5_retuned,7.616,993.1457291288525,0.0035289536857336405,3.5047652812798877
C2b -- reference_PI / E_original5_retuned,7.62,985.0351835065898,0.003545313159318335,3.4922581984774634
C2b -- reference_PI / E_original5_retuned,7.6240000000000006,976.9738090377452,0.0035616726329030296,3.479660878712768
C2b -- reference_PI / E_original5_retuned,7.628,968.9617594250126,0.0035780321064877206,3.466976285181526
C2b -- reference_PI / E_original5_retuned,7.632,960.9991738431902,0.0035943915800724117,3.454207338918507
C2b -- reference_PI / E_original5_retuned,7.636,953.0861773062999,0.0036107510536571063,3.441356918934746
C2b -- reference_PI / E_original5_retuned,7.640000000000001,945.2228810170324,0.0036271105272418017,3.428427862326703
C2b -- reference_PI / E_original5_retuned,7.644,937.4093827149275,0.0036434700008264927,3.415422964415119
C2b -- reference_PI / E_original5_retuned,7.648,929.645767026642,0.003659829474411184,3.402344978925697
C2b -- reference_PI / E_original5_retuned,7.652,921.932105795398,0.0036761889479958784,3.389196618127609
C2b -- reference_PI / E_original5_retuned,7.656000000000001,914.2684584239149,0.003692548421580573,3.3759805530541307
C2b -- reference_PI / E_original5_retuned,7.66,906.6548721990708,0.0037089078951652635,3.362699413689187
C2b -- reference_PI / E_original5_retuned,7.664,899.091382621955,0.003725267368749955,3.349355789205849
C2b -- reference_PI / E_original5_retuned,7.668,891.5780137213723,0.0037416268423346504,3.3359522281752976
C2b -- reference_PI / E_original5_retuned,7.672000000000001,884.1147783781886,0.0037579863159193446,3.322491238847297
C2b -- reference_PI / E_original5_retuned,7.676,876.7016786218064,0.003774345789504036,3.3089752893573356
C2b -- reference_PI / E_original5_retuned,7.68,869.3387059475614,0.003790705263088727,3.295406808042164
C2b -- reference_PI / E_original5_retuned,7.684,862.0258416131435,0.0038070647366734217,3.281788183706627
C2b -- reference_PI / E_original5_retuned,7.688000000000001,854.7630569242353,0.003823424210258117,3.2681217658783583
C2b -- reference_PI / E_original5_retuned,7.692,847.5503135427562,0.003839783683842808,3.2544098651773314
C2b -- reference_PI / E_original5_retuned,7.696,840.3875637502858,0.0038561431574274992,3.240654753542831
C2b -- reference_PI / E_original5_retuned,7.7,833.2747507446186,0.0038725026310121938,3.2268586646145656
C2b -- reference_PI / E_original5_retuned,7.704000000000001,826.2118089079574,0.0038888621045968883,3.2130237940326016
C2b -- reference_PI / E_original5_retuned,7.708,819.1986640700524,0.0039052215781815794,3.1991522997438913
C2b -- reference_PI / E_original5_retuned,7.712,812.2352337839258,0.0039215810517662705,3.18524630238399
C2b -- reference_PI / E_original5_retuned,7.716,805.3214275796225,0.003937940525350965,3.171307885599288
C2b -- reference_PI / E_original5_retuned,7.720000000000001,798.4571472186382,0.00395429999893566,3.1573390963968313
C2b -- reference_PI / E_original5_retuned,7.724,791.6422869400626,0.0039706594725203515,3.1433419454862337
C2b -- reference_PI / E_original5_retuned,7.728,784.8767337181457,0.0039870189461050426,3.1293184076912897
C2b -- reference_PI / E_original5_retuned,7.732,778.1603674825335,0.004003378419689737,3.11527042223741
C2b -- reference_PI / E_original5_retuned,7.736000000000001,771.4930613687634,0.004019737893274432,3.1011998931823146
C2b -- reference_PI / E_original5_retuned,7.74,764.8746819436418,0.004036097366859123,3.087108689769942
C2b -- reference_PI / E_original5_retuned,7.744,758.3050894266744,0.004052456840443814,3.0729986467904844
C2b -- reference_PI / E_original5_retuned,7.748,751.7841379176933,0.004068816314028509,3.0588715649873692
C2b -- reference_PI / E_original5_retuned,7.752000000000001,745.3116756045082,0.004085175787613204,3.0447292114049636
C2b -- reference_PI / E_original5_retuned,7.756,738.8875449818619,0.004101535261197895,3.030573319803052
C2b -- reference_PI / E_original5_retuned,7.76,732.5115830525426,0.004117894734782586,3.016405591019322
C2b -- reference_PI / E_original5_retuned,7.764,726.1836215288287,0.00413425420836728,3.0022276933529524
C2b -- reference_PI / E_original5_retuned,7.768000000000001,719.903487040861,0.004150613681951976,2.9880412629967346
C2b -- reference_PI / E_original5_retuned,7.772,713.6710013130149,0.004166973155536667,2.9738479043563064
C2b -- reference_PI / E_original5_retuned,7.776,707.4859813666309,0.004183332629121358,2.959649190496972
C2b -- reference_PI / E_original5_retuned,7.78,701.3482396981387,0.0041996921027060525,2.945446663507065
C2b -- reference_PI / E_original5_retuned,7.784000000000001,695.257584459021,0.004216051576290747,2.9312418348865528
C2b -- reference_PI / E_original5_retuned,7.788,689.213819634148,0.004232411049875438,2.917036185946425
C2b -- reference_PI / E_original5_retuned,7.792,683.216745213288,0.004248770523460129,2.9028311681965877
C2b -- reference_PI / E_original5_retuned,7.796,677.2661573596332,0.004265129997044825,2.888628203737852
C2b -- reference_PI / E_original5_retuned,7.800000000000001,671.3618462738782,0.004281489470629519,2.8744286758040034
C2b -- reference_PI / E_original5_retuned,7.804,665.5036055146389,0.00429784894421421,2.8602339683318414
C2b -- reference_PI / E_original5_retuned,7.808,659.6912184592983,0.004314208417798901,2.8460454078251187
C2b -- reference_PI / E_original5_retuned,7.812,653.9244675595683,0.004330567891383596,2.8318643026035804
C2b -- reference_PI / E_original5_retuned,7.816000000000001,648.2031322181587,0.00434692736496829,2.8176919334972728
C2b -- reference_PI / E_original5_retuned,7.82,642.5269889343642,0.0043632868385529815,2.8035295542323886
C2b -- reference_PI / E_original5_retuned,7.824,636.8958114456469,0.004379646312137673,2.7893783918138584
C2b -- reference_PI / E_original5_retuned,7.828,631.3093708677573,0.004396005785722368,2.775239646915409
C2b -- reference_PI / E_original5_retuned,7.832000000000001,625.7674358218007,0.0044123652593070625,2.7611144942257755
C2b -- reference_PI / E_original5_retuned,7.836,620.2697725718491,0.0044287247328917536,2.747004082854091
C2b -- reference_PI / E_original5_retuned,7.84,614.8161451494814,0.004445084206476445,2.732909536690689
C2b -- reference_PI / E_original5_retuned,7.844,609.4063154744601,0.004461443680061139,2.718831954762875
C2b -- reference_PI / E_original5_retuned,7.848000000000001,604.0400434788908,0.004477803153645835,2.704772411618144
C2b -- reference_PI / E_original5_retuned,7.852,598.7170872243114,0.004494162627230526,2.6907319576878193
C2b -- reference_PI / E_original5_retuned,7.856,593.4372030121452,0.004510522100815217,2.676711619632248
C2b -- reference_PI / E_original5_retuned,7.86,588.20014550028,0.004526881574399911,2.662712400724564
C2b -- reference_PI / E_original5_retuned,7.864000000000001,583.0056678064232,0.004543241047984606,2.648735281185819
C2b -- reference_PI / E_original5_retuned,7.868,577.8535216133871,0.004559600521569297,2.6347812185390547
C2b -- reference_PI / E_original5_retuned,7.872,572.7434572747604,0.004575959995153988,2.620851147975491
C2b -- reference_PI / E_original5_retuned,7.876,567.6752239092478,0.004592319468738683,2.60694598267903
C2b -- reference_PI / E_original5_retuned,7.880000000000001,562.6485695022756,0.004608678942323378,2.593066614193509
C2b -- reference_PI / E_original5_retuned,7.884,557.6632409940828,0.004625038415908069,2.5792139127374325
C2b -- reference_PI / E_original5_retuned,7.888,552.7189843754393,0.00464139788949276,2.5653887275627456
C2b -- reference_PI / E_original5_retuned,7.892,547.8155447726617,0.004657757363077455,2.551591887273152
C2b -- reference_PI / E_original5_retuned,7.896000000000001,542.9526665357287,0.004674116836662149,2.5378242001652587
C2b -- reference_PI / E_original5_retuned,7.9,538.1300933203396,0.004690476310246841,2.5240864545499746
C2b -- reference_PI / E_original5_retuned,7.904,533.3475681674964,0.004706835783831532,2.5103794190702997
C2b -- reference_PI / E_original5_retuned,7.9079999999999995,528.6048335849855,0.004723195257416223,2.4967038430358954
C2b -- reference_PI / E_original5_retuned,7.912,523.9016316217942,0.004739554731000918,2.483060456732175
C2b -- reference_PI / E_original5_retuned,7.916,519.2377039398524,0.004755914204585612,2.4694499717239626
C2b -- reference_PI / E_original5_retuned,7.92,514.6127918889146,0.004772273678170303,2.455873081181199
C2b -- reference_PI / E_original5_retuned,7.9239999999999995,510.0266365727467,0.0047886331517549945,2.4423304601703513
C2b -- reference_PI / E_original5_retuned,7.928,505.47897891967267,0.00480499262533969,2.4288227659732637
C2b -- reference_PI / E_original5_retuned,7.932,500.9695597435679,0.004821352098924384,2.415350638366876
C2b -- reference_PI / E_original5_retuned,7.936,496.4981198095855,0.0048377115725090755,2.401914699931829
C2b -- reference_PI / E_original5_retuned,7.9399999999999995,492.0643998941229,0.0048540710460937666,2.388515556339567
C2b -- reference_PI / E_original5_retuned,7.944,487.6681408439234,0.004870430519678461,2.375153796641099
C2b -- reference_PI / E_original5_retuned,7.948,483.30908363316485,0.004886789993263156,2.3618299935517357
C2b -- reference_PI / E_original5_retuned,7.952,478.9869694189363,0.004903149466847847,2.3485447037335234
C2b -- reference_PI / E_original5_retuned,7.9559999999999995,474.7015395933697,0.004919508940432539,2.335298468066673
C2b -- reference_PI / E_original5_retuned,7.96,470.4525358354141,0.004935868414017232,2.3220918119243303
C2b -- reference_PI / E_original5_retuned,7.964,466.2397001631514,0.004952227887601928,2.3089252454551192
C2b -- reference_PI / E_original5_retuned,7.968,462.06277497908883,0.004968587361186619,2.2957992638359173
C2b -- reference_PI / E_original5_retuned,7.9719999999999995,457.92150311662425,0.00498494683477131,2.2827143475349367
C2b -- reference_PI / E_original5_retuned,7.976,453.8156278867726,0.005001306308356004,2.2696709625806566
C2b -- reference_PI / E_original5_retuned,7.98,449.74489312022195,0.005017665781940699,2.2566695608119147
C2b -- reference_PI / E_original5_retuned,7.984,445.70904320883676,0.00503402525552539,2.2437105801293415
C2b -- reference_PI / E_original5_retuned,7.9879999999999995,441.7078231474883,0.005050384729110081,2.230794444752531
C2b -- reference_PI / E_original5_retuned,7.992,437.7409785708748,0.0050667442026947765,2.217921565455918
C2b -- reference_PI / E_original5_retuned,7.996,433.80825579058734,0.005083103676279471,2.2050923398095197
C2b -- reference_PI / E_original5_retuned,8.0,429.9094018339201,0.005099463149864162,2.19230715243222
C2b -- reference_PI / E_original5_retuned,8.004,426.04416447562363,0.00526577751618977,2.243453782199595
C2b -- reference_PI / E_original5_retuned,8.008,422.2122922727598,0.005432091882515376,2.293495965553068
C2b -- reference_PI / E_original5_retuned,8.012,418.41353459590067,0.0055984062488410565,2.342448946681364
C2b -- reference_PI / E_original5_retuned,8.016,414.64764165966244,0.005764720615166664,2.3903278079056958
C2b -- reference_PI / E_original5_retuned,8.02,410.9143645536046,0.005931034981492271,2.4371474705650966
C2b -- reference_PI / E_original5_retuned,8.024000000000001,407.2134552696948,0.006097349347817952,2.4829226959113684
C2b -- reference_PI / E_original5_retuned,8.028,403.54466672792944,0.0062636637141435594,2.5276680860198875
C2b -- reference_PI / E_original5_retuned,8.032,399.9077528067422,0.006429978080469166,2.571398084757034
C2b -- reference_PI / E_original5_retuned,8.036,396.3024683624747,0.006596292446794773,2.6141269787055164
C2b -- reference_PI / E_original5_retuned,8.04,392.72856925780377,0.006762606813120381,2.6558688981698433
C2b -- reference_PI / E_original5_retuned,8.044,389.1858123824597,0.0069289211794460615,2.6966378181567463
C2b -- reference_PI / E_original5_retuned,8.048,385.673955675239,0.007095235545771668,2.7364475593853226
C2b -- reference_PI / E_original5_retuned,8.052,382.1927581455008,0.007261549912097275,2.7753117893156767
C2b -- reference_PI / E_original5_retuned,8.056000000000001,378.7419798922786,0.007427864278422956,2.8132440231810416
C2b -- reference_PI / E_original5_retuned,8.06,375.32138212409245,0.007594178644748564,2.850257625044298
C2b -- reference_PI / E_original5_retuned,8.064,371.9307271773526,0.0077604930110741705,2.886365808863579
C2b -- reference_PI / E_original5_retuned,8.068,368.5697785321445,0.007926807377399777,2.921581639555205
C2b -- reference_PI / E_original5_retuned,8.072,365.23830083004907,0.008093121743725385,2.9559180340889837
C2b -- reference_PI / E_original5_retuned,8.076,361.93605988892796,0.008259436110051066,2.9893877625762166
C2b -- reference_PI / E_original5_retuned,8.08,358.66282271780096,0.008425750476376673,3.022003449373114
C2b -- reference_PI / E_original5_retuned,8.084,355.4183575317472,0.00859206484270228,3.053777574199514
C2b -- reference_PI / E_original5_retuned,8.088000000000001,352.2024337632162,0.00875837920902796,3.0847224732408
C2b -- reference_PI / E_original5_retuned,8.092,349.01482207627555,0.008924693575353568,3.114850340287305
C2b -- reference_PI / E_original5_retuned,8.096,345.8552943784706,0.009091007941679174,3.1441732278664647
C2b -- reference_PI / E_original5_retuned,8.1,342.7236238297572,0.009257322308004782,3.17270304835945
C2b -- reference_PI / E_original5_retuned,8.104,339.6195848554001,0.00942363667433039,3.2004515751642097
C2b -- reference_PI / E_original5_retuned,8.108,336.5429531543642,0.00958995104065607,3.2274304438281622
C2b -- reference_PI / E_original5_retuned,8.112,333.4935057088552,0.009756265406981678,3.2536511532003507
C2b -- reference_PI / E_original5_retuned,8.116,330.47102079285264,0.009922579773307284,3.2791250665833704
C2b -- reference_PI / E_original5_retuned,8.120000000000001,327.4752779802393,0.010088894139632966,3.3038634128895126
C2b -- reference_PI / E_original5_retuned,8.124,324.506058151032,0.010255208505958572,3.3278772877855505
C2b -- reference_PI / E_original5_retuned,8.128,321.56314349948417,0.010421522872284178,3.3511776548634735
C2b -- reference_PI / E_original5_retuned,8.132,318.6463175400636,0.010587837238609786,3.3737753467965637
C2b -- reference_PI / E_original5_retuned,8.136,315.7553651129957,0.010754151604935393,3.395681066496884
C2b -- reference_PI / E_original5_retuned,8.14,312.89007238823365,0.010920465971261074,3.4169053882611196
C2b -- reference_PI / E_original5_retuned,8.144,310.05022687304967,0.011086780337586682,3.4374587589604166
C2b -- reference_PI / E_original5_retuned,8.148,307.2356174133661,0.011253094703912288,3.4573514991675722
C2b -- reference_PI / E_original5_retuned,8.152000000000001,304.44603419904695,0.01141940907023797,3.476593804330576
C2b -- reference_PI / E_original5_retuned,8.156,301.6812687670383,0.011585723436563576,3.495195745926511
C2b -- reference_PI / E_original5_retuned,8.16,298.94111400384537,0.011752037802889182,3.5131672726109953
C2b -- reference_PI / E_original5_retuned,8.164,296.2253641482302,0.01191835216921479,3.5305182113725
C2b -- reference_PI / E_original5_retuned,8.168,293.5338147937674,0.012084666535540398,3.547258268687754
C2b -- reference_PI / E_original5_retuned,8.172,290.86626288899527,0.012250980901866078,3.563397031650239
C2b -- reference_PI / E_original5_retuned,8.176,288.22250674107966,0.012417295268191686,3.5789439691423546
C2b -- reference_PI / E_original5_retuned,8.18,285.6023460142093,0.012583609634517292,3.593908432945145
C2b -- reference_PI / E_original5_retuned,8.184000000000001,283.0055817320453,0.012749924000842974,3.6082996588979324
C2b -- reference_PI / E_original5_retuned,8.188,280.43201627690115,0.01291623836716858,3.6221267680181546
C2b -- reference_PI / E_original5_retuned,8.192,277.8814533899676,0.013082552733494186,3.635398767634258
C2b -- reference_PI / E_original5_retuned,8.196,275.3536981710009,0.013248867099819796,3.648124552511484
C2b -- reference_PI / E_original5_retuned,8.2,272.848557077102,0.013415181466145402,3.660312905965254
C2b -- reference_PI / E_original5_retuned,8.204,270.3658379225079,0.013581495832471084,3.671972500987094
C2b -- reference_PI / E_original5_retuned,8.208,267.9053498765084,0.01374781019879669,3.683111901344458
C2b -- reference_PI / E_original5_retuned,8.212,265.46690346171766,0.013914124565122296,3.6937395626836347
C2b -- reference_PI / E_original5_retuned,8.216000000000001,263.0503105530588,0.014080438931447978,3.7038638336407703
C2b -- reference_PI / E_original5_retuned,8.22,260.65538437533684,0.014246753297773584,3.713492956931771
C2b -- reference_PI / E_original5_retuned,8.224,258.2819394996995,0.01441306766409919,3.722635070423942
C2b -- reference_PI / E_original5_retuned,8.228,255.92979184283362,0.0145793820304248,3.7312982082437682
C2b -- reference_PI / E_original5_retuned,8.232,253.598758663139,0.014745696396750406,3.7394903018394245
C2b -- reference_PI / E_original5_retuned,8.236,251.2886585571978,0.014912010763076088,3.747219181043886
C2b -- reference_PI / E_original5_retuned,8.24,248.9993114575717,0.015078325129401694,3.7544925751544227
C2b -- reference_PI / E_original5_retuned,8.244,246.73053862849713,0.0152446394957273,3.761318113978058
C2b -- reference_PI / E_original5_retuned,8.248000000000001,244.48216266257813,0.015410953862052983,3.767703328887924
C2b -- reference_PI / E_original5_retuned,8.252,242.25400747687937,0.015577268228378589,3.773655653866982
C2b -- reference_PI / E_original5_retuned,8.256,240.04589830831569,0.015743582594704195,3.779182426536932
C2b -- reference_PI / E_original5_retuned,8.26,237.8576617105284,0.015909896961029804,3.784290889205991
C2b -- reference_PI / E_original5_retuned,8.264,235.68912554783208,0.01607621132735541,3.7889881898665494
C2b -- reference_PI / E_original5_retuned,8.268,233.54011899268255,0.016242525693681092,3.7932813832439862
C2b -- reference_PI / E_original5_retuned,8.272,231.41047251897513,0.0164088400600067,3.7971774317744384
C2b -- reference_PI / E_original5_retuned,8.276,229.30001789866157,0.016575154426332304,3.800683206631077
C2b -- reference_PI / E_original5_retuned,8.280000000000001,227.20858819548522,0.016741468792657987,3.8038054886985955
C2b -- reference_PI / E_original5_retuned,8.284,225.13601776124213,0.016907783158983593,3.8065509695841606
C2b -- reference_PI / E_original5_retuned,8.288,223.08214222907648,0.0170740975253092,3.8089262525741496
C2b -- reference_PI / E_original5_retuned,8.292,221.0467985088565,0.01724041189163481,3.810937853619893
C2b -- reference_PI / E_original5_retuned,8.296,219.0298247815747,0.017406726257960414,3.812592202301905
C2b -- reference_PI / E_original5_retuned,8.3,217.03106049376714,0.017573040624286097,3.8138956427888635
C2b -- reference_PI / E_original5_retuned,8.304,215.05034635135436,0.017739354990611703,3.814854434780673
C2b -- reference_PI / E_original5_retuned,8.308,213.08752431411872,0.01790566935693731,3.8154747544569494
C2b -- reference_PI / E_original5_retuned,8.312000000000001,211.14243758979103,0.01807198372326299,3.8157626954127752
C2b -- reference_PI / E_original5_retuned,8.316,209.21493062790796,0.018238298089588597,3.8157242695843845
C2b -- reference_PI / E_original5_retuned,8.32,207.30484911346102,0.018404612455914203,3.815365408165019
C2b -- reference_PI / E_original5_retuned,8.324,205.41203996134712,0.018570926822239812,3.8146919625291775
C2b -- reference_PI / E_original5_retuned,8.328,203.5363513090911,0.01873724118856542,3.8137097051190225
C2b -- reference_PI / E_original5_retuned,8.332,201.67763251156092,0.0189035555548911,3.8124243303612033
C2b -- reference_PI / E_original5_retuned,8.336,199.8357341336166,0.019069869921216707,3.810841455538914
C2b -- reference_PI / E_original5_retuned,8.34,198.01050794400746,0.019236184287542313,3.8089666216807885
C2b -- reference_PI / E_original5_retuned,8.344000000000001,196.20180690893662,0.019402498653867995,3.806805294437111
C2b -- reference_PI / E_original5_retuned,8.348,194.40948518527574,0.0195688130201936,3.804362864942759
C2b -- reference_PI / E_original5_retuned,8.352,192.63339811371333,0.019735127386519207,3.801644650672201
C2b -- reference_PI / E_original5_retuned,8.356,190.87340221230053,0.019901441752844817,3.79865589629542
C2b -- reference_PI / E_original5_retuned,8.36,189.12935516949818,0.020067756119170423,3.7954017745174533
C2b -- reference_PI / E_original5_retuned,8.364,187.4011158374888,0.020234070485496105,3.7918873869163687
C2b -- reference_PI / E_original5_retuned,8.368,185.6885442252518,0.02040038485182171,3.7881177647696527
C2b -- reference_PI / E_original5_retuned,8.372,183.99150149142338,0.020566699218147317,3.784097869869408
C2b -- reference_PI / E_original5_retuned,8.376000000000001,182.30984993791782,0.020733013584473,3.7798325953460843
C2b -- reference_PI / E_original5_retuned,8.38,180.64345300210957,0.020899327950798605,3.7753267664557626
C2b -- reference_PI / E_original5_retuned,8.384,178.99217525092385,0.02106564231712421,3.7705851413999745
C2b -- reference_PI / E_original5_retuned,8.388,177.3558823726463,0.021231956683449817,3.7656124120910475
C2b -- reference_PI / E_original5_retuned,8.392,175.73444117062925,0.021398271049775427,3.760413204949939
C2b -- reference_PI / E_original5_retuned,8.396,174.1277195562178,0.021564585416101106,3.754992081680958
C2b -- reference_PI / E_original5_retuned,8.4,172.5355865410557,0.021730899782426715,3.749353540025893
C2b -- reference_PI / E_original5_retuned,8.404,170.95791223060078,0.02189721414875232,3.7435020145370688
C2b -- reference_PI / E_original5_retuned,8.408000000000001,169.39456781669716,0.022063528515078003,3.7374418773230125
C2b -- reference_PI / E_original5_retuned,8.412,167.84542557051893,0.02222984288140361,3.7311774387949597
C2b -- reference_PI / E_original5_retuned,8.416,166.31035883511962,0.022396157247729215,3.724712948397611
C2b -- reference_PI / E_original5_retuned,8.42,164.78924201894569,0.02256247161405482,3.718052595354072
C2b -- reference_PI / E_original5_retuned,8.424,163.28195058810905,0.02272878598038043,3.7112005093761833
C2b -- reference_PI / E_original5_retuned,8.428,161.78836105913777,0.02289510034670611,3.7041607613780783
C2b -- reference_PI / E_original5_retuned,8.432,160.30835099233158,0.02306141471303172,3.6969373641964087
C2b -- reference_PI / E_original5_retuned,8.436,158.84179898419126,0.023227729079357325,3.68953427328253
C2b -- reference_PI / E_original5_retuned,8.44,157.3885846604373,0.02339404344568293,3.681955387400816
C2b -- reference_PI / E_original5_retuned,8.443999999999999,155.94858866849802,0.02356035781200854,3.6742045493075537
C2b -- reference_PI / E_original5_retuned,8.448,154.52169267095903,0.02372667217833422,3.6662855464451543
C2b -- reference_PI / E_original5_retuned,8.452,153.1077793378073,0.023892986544659826,3.6582021116009753
C2b -- reference_PI / E_original5_retuned,8.456,151.70673233958937,0.024059300910985435,3.649957923580506
C2b -- reference_PI / E_original5_retuned,8.46,150.31843634028726,0.024225615277311114,3.6415566078667814
C2b -- reference_PI / E_original5_retuned,8.464,148.94277698991752,0.024391929643636723,3.6330017372659427
C2b -- reference_PI / E_original5_retuned,8.468,147.57964091794398,0.02455824400996233,3.624296832565489
C2b -- reference_PI / E_original5_retuned,8.472,146.2289157255159,0.024724558376287935,3.6154453631568066
C2b -- reference_PI / E_original5_retuned,8.475999999999999,144.89048997891987,0.024890872742613545,3.6064507476802175
C2b -- reference_PI / E_original5_retuned,8.48,143.564253202202,0.025057187108939224,3.5973163546427025
C2b -- reference_PI / E_original5_retuned,8.484,142.25009587013233,0.02522350147526483,3.588045503036846
C2b -- reference_PI / E_original5_retuned,8.488,140.9479094015145,0.02538981584159044,3.5786414629616266
C2b -- reference_PI / E_original5_retuned,8.492,139.65758615157623,0.025556130207916118,3.569107456212945
C2b -- reference_PI / E_original5_retuned,8.496,138.37901940542912,0.025722444574241728,3.559446656894071
C2b -- reference_PI / E_original5_retuned,8.5,137.11210337100093,0.025888758940567334,3.5496621920059925
C2b -- reference_PI / E_original5_retuned,8.504,135.85673317196097,0.02605507330689294,3.539757142030437
C2b -- reference_PI / E_original5_retuned,8.508,134.6128048408465,0.02622138767321855,3.529734541511147
C2b -- reference_PI / E_original5_retuned,8.512,133.3802153122974,0.026387702039544228,3.519597379631158
C2b -- reference_PI / E_original5_retuned,8.516,132.15886241583843,0.026554016405869837,3.5093486007712684
C2b -- reference_PI / E_original5_retuned,8.52,130.94864486945096,0.026720330772195443,3.4989911050824833
C2b -- reference_PI / E_original5_retuned,8.524000000000001,129.74946227241648,0.026886645138521122,3.4885277490323965
C2b -- reference_PI / E_original5_retuned,8.528,128.56121509854435,0.027052959504846732,3.4779613459548107
C2b -- reference_PI / E_original5_retuned,8.532,127.38380468962299,0.027219273871172338,3.4672946665987756
C2b -- reference_PI / E_original5_retuned,8.536,126.21713324846286,0.027385588237497944,3.456530439659815
C2b -- reference_PI / E_original5_retuned,8.54,125.06110383223069,0.02755190260382355,3.445671352312284
C2b -- reference_PI / E_original5_retuned,8.544,123.9156203457519,0.027718216970149232,3.4347200507341897
C2b -- reference_PI / E_original5_retuned,8.548,122.78058753489657,0.02788453133647484,3.4236791406276157
C2b -- reference_PI / E_original5_retuned,8.552,121.65591097995433,0.028050845702800448,3.412551187732326
C2b -- reference_PI / E_original5_retuned,8.556000000000001,120.54149708899676,0.028217160069126127,3.4013387183323225
C2b -- reference_PI / E_original5_retuned,8.56,119.437253091346,0.028383474435451736,3.390044219758798
C2b -- reference_PI / E_original5_retuned,8.564,118.34308703092658,0.028549788801777342,3.378670140883309
C2b -- reference_PI / E_original5_retuned,8.568,117.25890776002477,0.028716103168102948,3.3672188926159388
C2b -- reference_PI / E_original5_retuned,8.572,116.18462493260678,0.028882417534428557,3.3556928483845274
C2b -- reference_PI / E_original5_retuned,8.576,115.12014899795223,0.029048731900754236,3.3440943446163955
C2b -- reference_PI / E_original5_retuned,8.58,114.0653911942224,0.029215046267079846,3.3324256812117694
C2b -- reference_PI / E_original5_retuned,8.584,113.02026354220168,0.029381360633405452,3.3206891220159536
C2b -- reference_PI / E_original5_retuned,8.588000000000001,111.98467883889558,0.02954767499973113,3.3088868952809545
C2b -- reference_PI / E_original5_retuned,8.592,110.95855065118423,0.02971398936605674,3.2970211941223564
C2b -- reference_PI / E_original5_retuned,8.596,109.94179330966273,0.029880303732382346,3.2850941769755235
C2b -- reference_PI / E_original5_retuned,8.6,108.93432190240769,0.030046618098707952,3.273107968043361
C2b -- reference_PI / E_original5_retuned,8.604,107.93605226873538,0.03021293246503356,3.2610646577376348
C2b -- reference_PI / E_original5_retuned,8.608,106.9469009931013,0.03037924683135924,3.248966303118363
C2b -- reference_PI / E_original5_retuned,8.612,105.96678539897827,0.030545561197684853,3.2368149283264285
C2b -- reference_PI / E_original5_retuned,8.616,104.99562354278501,0.030711875564010456,3.2246125250117
C2b -- reference_PI / E_original5_retuned,8.620000000000001,104.03333420776674,0.030878189930336135,3.2123610527535567
C2b -- reference_PI / E_original5_retuned,8.624,103.07983689814603,0.031044504296661744,3.2000624394836863
C2b -- reference_PI / E_original5_retuned,8.628,102.13505183301845,0.03121081866298735,3.187718581895153
C2b -- reference_PI / E_original5_retuned,8.632,101.19889994051148,0.031377133029312956,3.17533134585356
C2b -- reference_PI / E_original5_retuned,8.636,100.2713028519003,0.031543447395638566,3.1629025668010606
C2b -- reference_PI / E_original5_retuned,8.64,99.35218289557211,0.031709761761964245,3.150434050149691
C2b -- reference_PI / E_original5_retuned,8.644,98.44146309149218,0.031876076128289854,3.137927571684641
C2b -- reference_PI / E_original5_retuned,8.648,97.53906714524952,0.032042390494615464,3.1253848779486026
C2b -- reference_PI / E_original5_retuned,8.652000000000001,96.64491944233028,0.03220870486094114,3.1128076866274483
C2b -- reference_PI / E_original5_retuned,8.656,95.75894504248197,0.03237501922726675,3.100197686933134
C2b -- reference_PI / E_original5_retuned,8.66,94.88106967396736,0.032541333593592355,3.087556539977451
C2b -- reference_PI / E_original5_retuned,8.664,94.01121972797988,0.032707647959917964,3.0748858791452607
C2b -- reference_PI / E_original5_retuned,8.668,93.1493222530803,0.03287396232624357,3.062187310462884
C2b -- reference_PI / E_original5_retuned,8.672,92.29530494963693,0.03304027669256925,3.0494624129610606
C2b -- reference_PI / E_original5_retuned,8.676,91.44909616421087,0.03320659105889486,3.0367127390305013
C2b -- reference_PI / E_original5_retuned,8.68,90.61062488425615,0.033372905425220464,3.0239398147824086
C2b -- reference_PI / E_original5_retuned,8.684000000000001,89.77982073252562,0.03353921979154614,3.011145140393788
C2b -- reference_PI / E_original5_retuned,8.688,88.95661396174629,0.03370553415787175,2.9983301904562505
C2b -- reference_PI / E_original5_retuned,8.692,88.14093544931909,0.03387184852419736,2.9854964143203935
C2b -- reference_PI / E_original5_retuned,8.696,87.3327166918435,0.034038162890522965,2.972645236428863
C2b -- reference_PI / E_original5_retuned,8.7,86.53188979996438,0.034204477256848574,2.9597780566550087
C2b -- reference_PI / E_original5_retuned,8.704,85.73838749306279,0.03437079162317425,2.946896250631031
C2b -- reference_PI / E_original5_retuned,8.708,84.95214309403273,0.03453710598949986,2.9340011700737674
C2b -- reference_PI / E_original5_retuned,8.712,84.17309052422408,0.03470342035582547,2.921094143111098
C2b -- reference_PI / E_original5_retuned,8.716000000000001,83.40116429809075,0.03486973472215115,2.9081764745929677
C2b -- reference_PI / E_original5_retuned,8.72,82.63629951833612,0.03503604908847676,2.8952494464144927
C2b -- reference_PI / E_original5_retuned,8.724,81.87843187070135,0.03520236345480236,2.8823143178217023
C2b -- reference_PI / E_original5_retuned,8.728,81.1274976189366,0.03536867782112797,2.8693723257184955
C2b -- reference_PI / E_original5_retuned,8.732,80.38343359997532,0.03553499218745358,2.8564246849758166
C2b -- reference_PI / E_original5_retuned,8.736,79.64617721876537,0.03570130655377926,2.8434725887237726
C2b -- reference_PI / E_original5_retuned,8.74,78.91566644352554,0.03586762092010487,2.8305172086538146
C2b -- reference_PI / E_original5_retuned,8.744,78.19183980079477,0.03603393528643047,2.8175596953087774
C2b -- reference_PI / E_original5_retuned,8.748000000000001,77.4746363706311,0.03620024965275615,2.8046011783733475
C2b -- reference_PI / E_original5_retuned,8.752,76.76399578179787,0.03636656401908176,2.7916427669592747
C2b -- reference_PI / E_original5_retuned,8.756,76.059858206952,0.03653287838540737,2.778685549885906
C2b -- reference_PI / E_original5_retuned,8.76,75.36216435802143,0.03669919275173297,2.765730595962809
C2b -- reference_PI / E_original5_retuned,8.764,74.67085548142424,0.03686550711805858,2.752778954261969
C2b -- reference_PI / E_original5_retuned,8.768,73.9858733534657,0.03703182148438426,2.7398316543918044
C2b -- reference_PI / E_original5_retuned,8.772,73.3071602756706,0.03719813585070987,2.726889706764157
C2b -- reference_PI / E_original5_retuned,8.776,72.63465907023968,0.03736445021703547,2.7139541028613148
C2b -- reference_PI / E_original5_retuned,8.780000000000001,71.96831307552537,0.03753076458336116,2.7010258154991753
C2b -- reference_PI / E_original5_retuned,8.784,71.30806614140916,0.03769707894968676,2.6881057990821864
C2b -- reference_PI / E_original5_retuned,8.788,70.65386262499807,0.03786339331601237,2.6751949898658083
C2b -- reference_PI / E_original5_retuned,8.792,70.00564738601405,0.03802970768233798,2.6622943062029423
C2b -- reference_PI / E_original5_retuned,8.796,69.36336578249116,0.03819602204866358,2.6494046487975496
C2b -- reference_PI / E_original5_retuned,8.8,68.72696366640655,0.03836233641498927,2.6365269009514325
C2b -- reference_PI / E_original5_retuned,8.804,68.0963873792287,0.03852865078131487,2.62366192880344
C2b -- reference_PI / E_original5_retuned,8.808,67.4715837478055,0.03869496514764048,2.6108105815774394
C2b -- reference_PI / E_original5_retuned,8.812000000000001,66.85250007988098,0.03886127951396616,2.5979736918117
C2b -- reference_PI / E_original5_retuned,8.816,66.239084160065,0.03902759388029177,2.5851520756014845
C2b -- reference_PI / E_original5_retuned,8.82,65.63128424549136,0.03919390824661738,2.572346532825453
C2b -- reference_PI / E_original5_retuned,8.824,65.02904906173615,0.03936022261294298,2.5595578473779255
C2b -- reference_PI / E_original5_retuned,8.828,64.43232779860365,0.03952653697926859,2.546786787391863
C2b -- reference_PI / E_original5_retuned,8.832,63.841070106130594,0.03969285134559427,2.534034105466304
C2b -- reference_PI / E_original5_retuned,8.836,63.255226090405216,0.03985916571191988,2.5213005388824192
C2b -- reference_PI / E_original5_retuned,8.84,62.674746309664535,0.04002548007824548,2.5085868098265673
C2b -- reference_PI / E_original5_retuned,8.844000000000001,62.09958177017156,0.04019179444457117,2.495893625600574
C2b -- reference_PI / E_original5_retuned,8.848,61.52968392236149,0.04035810881089677,2.483221678838751
C2b -- reference_PI / E_original5_retuned,8.852,60.96500465677949,0.04052442317722237,2.470571647712665
C2b -- reference_PI / E_original5_retuned,8.856,60.40549630030762,0.04069073754354799,2.4579441961435764
C2b -- reference_PI / E_original5_retuned,8.86,59.85111161221837,0.04085705190987359,2.445339974004044
C2b -- reference_PI / E_original5_retuned,8.864,59.3018037803708,0.04102336627619928,2.4327596173214503
C2b -- reference_PI / E_original5_retuned,8.868,58.757526417363906,0.04118968064252488,2.4202037484759384
C2b -- reference_PI / E_original5_retuned,8.872,58.21823355681152,0.04135599500885049,2.4076729763995894
C2b -- reference_PI / E_original5_retuned,8.876000000000001,57.68387964958473,0.04152230937517616,2.3951678967704857
C2b -- reference_PI / E_original5_retuned,8.88,57.15441956005856,0.04168862374150178,2.382689092203211
C2b -- reference_PI / E_original5_retuned,8.884,56.6298085625012,0.04185493810782739,2.370237132441601
C2b -- reference_PI / E_original5_retuned,8.888,56.11000233738671,0.04202125247415299,2.357812574544641
C2b -- reference_PI / E_original5_retuned,8.892,55.59495696774868,0.0421875668404786,2.3454159630704288
C2b -- reference_PI / E_original5_retuned,8.896,55.084628935626455,0.04235388120680428,2.3330478302604165
C2b -- reference_PI / E_original5_retuned,8.9,54.57897511854589,0.04252019557312988,2.320708696221561
C2b -- reference_PI / E_original5_retuned,8.904,54.077952785880825,0.04268650993945548,2.3083990690999063
C2b -- reference_PI / E_original5_retuned,8.908000000000001,53.58151959544499,0.042852824305781176,2.2961194452603753
C2b -- reference_PI / E_original5_retuned,8.912,53.08963358999257,0.04301913867210677,2.2838703094592283
C2b -- reference_PI / E_original5_retuned,8.916,52.60225319379167,0.04318545303843238,2.27165213501622
C2b -- reference_PI / E_original5_retuned,8.92,52.1193372091728,0.043351767404758,2.259465383982208
C2b -- reference_PI / E_original5_retuned,8.924,51.64084481320688,0.0435180817710836,2.2473105073089754
C2b -- reference_PI / E_original5_retuned,8.928,51.166735554263326,0.04368439613740928,2.235187945010503
C2b -- reference_PI / E_original5_retuned,8.932,50.69696934878152,0.04385071050373489,2.2230981263301395
C2b -- reference_PI / E_original5_retuned,8.936,50.231506477953864,0.0440170248700605,2.2110414699007004
C2b -- reference_PI / E_original5_retuned,8.940000000000001,49.770307584370144,0.044183339236386183,2.19901838389951
C2b -- reference_PI / E_original5_retuned,8.944,49.31333366891007,0.044349653602711786,2.187029266211106
C2b -- reference_PI / E_original5_retuned,8.948,48.86054608740078,0.044515967969037396,2.1750745045764086
C2b -- reference_PI / E_original5_retuned,8.952,48.411906547524026,0.044682282335363,2.163154476749677
C2b -- reference_PI / E_original5_retuned,8.956,47.9673771056549,0.04484859670168861,2.151269550649328
C2b -- reference_PI / E_original5_retuned,8.96,47.52692016363739,0.045014911068014286,2.1394200845027522
C2b -- reference_PI / E_original5_retuned,8.964,47.090498465774225,0.045181225434339896,2.1276064269975823
C2b -- reference_PI / E_original5_retuned,8.968,46.6580750957582,0.0453475398006655,2.1158289174273346
C2b -- reference_PI / E_original5_retuned,8.972,46.22961347350291,0.04551385416699111,2.1040878858293786
C2b -- reference_PI / E_original5_retuned,8.975999999999999,45.805077352256646,0.04568016853331672,2.0923836531326923
C2b -- reference_PI / E_original5_retuned,8.98,45.384430815551816,0.045846482899642396,2.0807165312951996
C2b -- reference_PI / E_original5_retuned,8.984,44.96763827418624,0.046012797265968,2.0690868234395148
C2b -- reference_PI / E_original5_retuned,8.988,44.554664463353014,0.04617911163229361,2.0574948239925637
C2b -- reference_PI / E_original5_retuned,8.992,44.14547443962915,0.0463454259986193,2.0459408188157724
C2b -- reference_PI / E_original5_retuned,8.996,43.74003357820098,0.0465117403649449,2.0344250853432557
C2b -- reference_PI / E_original5_retuned,9.0,43.33830756987371,0.046678054731270506,2.0229478927072
C4 -- IMC_PID / A_original3,5.0,43.51199062255985,0.00595301758403685,0.2590276452925453
C4 -- IMC_PID / A_original3,5.004,43.91371598507954,0.005932737215518491,0.2605285370963906
C4 -- IMC_PID / A_original3,5.008,44.319156188704355,0.005912456847000127,0.2620350984611731
C4 -- IMC_PID / A_original3,5.012,44.72834554238734,0.005892176478481769,0.26354730552625955
C4 -- IMC_PID / A_original3,5.016,45.14131867074634,0.005871896109963405,0.26506513350137384
C4 -- IMC_PID / A_original3,5.02,45.55811051693909,0.005851615741445047,0.2665885566514139
C4 -- IMC_PID / A_original3,5.024,45.97875634555427,0.005831335372926683,0.26811754828100776
C4 -- IMC_PID / A_original3,5.028,46.40329174553724,0.005811055004408323,0.2696520807189236
C4 -- IMC_PID / A_original3,5.032,46.83175263312418,0.00579077463588996,0.27119212530216835
C4 -- IMC_PID / A_original3,5.036,47.26417525484263,0.005770494267371601,0.27273765236011605
C4 -- IMC_PID / A_original3,5.04,47.70059619047115,0.005750213898853237,0.274288631198033
C4 -- IMC_PID / A_original3,5.044,48.141052356104915,0.005729933530334879,0.2758450300808525
C4 -- IMC_PID / A_original3,5.048,48.5855810071602,0.0057096531618165145,0.27740681621622465
C4 -- IMC_PID / A_original3,5.052,49.03421974150219,0.005689372793298156,0.2789739557379059
C4 -- IMC_PID / A_original3,5.056,49.48700650251337,0.005669092424779793,0.28054641368842687
C4 -- IMC_PID / A_original3,5.06,49.94397958224212,0.0056488120562614335,0.28212415400184415
C4 -- IMC_PID / A_original3,5.064,50.405177624537444,0.005628531687743069,0.28370713948602694
C4 -- IMC_PID / A_original3,5.068,50.87063962827961,0.005608251319224712,0.285295331805104
C4 -- IMC_PID / A_original3,5.072,51.34040495053541,0.005587970950706348,0.28688869146109225
C4 -- IMC_PID / A_original3,5.076,51.814513309846205,0.005567690582187988,0.2884871777758849
C4 -- IMC_PID / A_original3,5.08,52.29300478948062,0.005547410213669625,0.2900907488726394
C4 -- IMC_PID / A_original3,5.084,52.775919840713186,0.005527129845151266,0.29169936165691673
C4 -- IMC_PID / A_original3,5.088,53.26329928617927,0.005506849476632902,0.29331297179783794
C4 -- IMC_PID / A_original3,5.092,53.75518432322935,0.0054865691081145435,0.29493153370883335
C4 -- IMC_PID / A_original3,5.096,54.2516165272598,0.00546628873959618,0.2965550005278503
C4 -- IMC_PID / A_original3,5.1,54.752637855199495,0.0054460083710778226,0.2981833240980089
C4 -- IMC_PID / A_original3,5.104,55.258290648877505,0.005425728002559458,0.2998164549471841
C4 -- IMC_PID / A_original3,5.108,55.76861763855874,0.005405447634041099,0.30145434226809004
C4 -- IMC_PID / A_original3,5.112,56.28366194640898,0.0053851672655227355,0.30309693389754927
C4 -- IMC_PID / A_original3,5.116,56.80346708999863,0.005364886897004376,0.30474417629555295
C4 -- IMC_PID / A_original3,5.12,57.32807698592059,0.005344606528486013,0.30639601452449994
C4 -- IMC_PID / A_original3,5.124,57.857535953340296,0.0053243261599676545,0.30805239222763886
C4 -- IMC_PID / A_original3,5.128,58.391888717612076,0.005304045791449291,0.3097132516074257
C4 -- IMC_PID / A_original3,5.132,58.93118041396095,0.005283765422930932,0.31137853340379146
C4 -- IMC_PID / A_original3,5.136,59.4754565911326,0.005263485054412568,0.31304817687178993
C4 -- IMC_PID / A_original3,5.14,60.02476321511244,0.005243204685894209,0.3147221197591679
C4 -- IMC_PID / A_original3,5.144,60.579146672872014,0.0052229243173758455,0.31640029828362126
C4 -- IMC_PID / A_original3,5.148,61.138653776153745,0.005202643948857486,0.31808264710979917
C4 -- IMC_PID / A_original3,5.152,61.703331765252656,0.005182363580339123,0.3197690993258275
C4 -- IMC_PID / A_original3,5.156,62.27322831288263,0.0051620832118207645,0.3214595864198129
C4 -- IMC_PID / A_original3,5.16,62.84839152800244,0.005141802843302401,0.32315403825566547
C4 -- IMC_PID / A_original3,5.164,63.42886995977745,0.005121522474784042,0.3248523830491546
C4 -- IMC_PID / A_original3,5.168,64.01471260144866,0.005101242106265678,0.32655454734300604
C4 -- IMC_PID / A_original3,5.172,64.60596889435935,0.005080961737747319,0.32826045598233333
C4 -- IMC_PID / A_original3,5.176,65.20268873191075,0.005060681369228956,0.3299700320892155
C4 -- IMC_PID / A_original3,5.18,65.80492246359228,0.005040401000710597,0.33168319703717375
C4 -- IMC_PID / A_original3,5.184,66.41272089909857,0.005020120632192234,0.3333998704255891
C4 -- IMC_PID / A_original3,5.188,67.02613531236854,0.004999840263673875,0.3351199700532335
C4 -- IMC_PID / A_original3,5.192,67.64521744574228,0.004979559895155511,0.33684341189189215
C4 -- IMC_PID / A_original3,5.196,68.27001951414424,0.004959279526637152,0.33857011005961435
C4 -- IMC_PID / A_original3,5.2,68.90059420920676,0.004938999158118788,0.34029997679315643
C4 -- IMC_PID / A_original3,5.204,69.53699470363087,0.004918718789600429,0.3420329224210947
C4 -- IMC_PID / A_original3,5.208,70.1792746553159,0.004898438421082066,0.34376885533527024
C4 -- IMC_PID / A_original3,5.212,70.82748821179025,0.004878158052563707,0.3455076819632057
C4 -- IMC_PID / A_original3,5.216,71.48169001442503,0.004857877684045344,0.34724930673892224
C4 -- IMC_PID / A_original3,5.22,72.14193520291902,0.004837597315526985,0.3489936320745627
C4 -- IMC_PID / A_original3,5.224,72.8082794195968,0.004817316947008621,0.35074055833056267
C4 -- IMC_PID / A_original3,5.228,73.48077881392868,0.004797036578490262,0.35248998378636814
C4 -- IMC_PID / A_original3,5.232,74.1594900469817,0.004776756209971898,0.35424180461026905
C4 -- IMC_PID / A_original3,5.236,74.84447029593059,0.00475647584145354,0.35599591482898096
C4 -- IMC_PID / A_original3,5.24,75.53577725859489,0.004736195472935177,0.357752206296797
C4 -- IMC_PID / A_original3,5.244,76.23346915803832,0.004715915104416817,0.3595105686644865
C4 -- IMC_PID / A_original3,5.248,76.93760474715798,0.004695634735898454,0.3612708893475808
C4 -- IMC_PID / A_original3,5.252,77.64824331339119,0.004675354367380095,0.36303305349465576
C4 -- IMC_PID / A_original3,5.256,78.36544468336541,0.004655073998861731,0.36479694395477164
C4 -- IMC_PID / A_original3,5.26,79.08926922764702,0.004634793630343372,0.36656244124481047
C4 -- IMC_PID / A_original3,5.264,79.81977786541493,0.0046145132618250085,0.3683294235158835
C4 -- IMC_PID / A_original3,5.268,80.5570320694783,0.00459423289330665,0.3700977665207559
C4 -- IMC_PID / A_original3,5.272,81.30109387083563,0.004573952524788287,0.3718673435785581
C4 -- IMC_PID / A_original3,5.276,82.05202586377186,0.0045536721562699275,0.37363802554139786
C4 -- IMC_PID / A_original3,5.28,82.80989121065244,0.004533391787751564,0.3754096807589722
C4 -- IMC_PID / A_original3,5.284,83.57475364688081,0.004513111419233205,0.3771821750433397
C4 -- IMC_PID / A_original3,5.288,84.34667748596812,0.004492831050714841,0.37895537163358795
C4 -- IMC_PID / A_original3,5.292,85.12572762440062,0.004472550682196483,0.380729131158985
C4 -- IMC_PID / A_original3,5.296,85.91196954685026,0.004452270313678119,0.38250331160306006
C4 -- IMC_PID / A_original3,5.3,86.70546933116805,0.00443198994515976,0.3842777682660947
C4 -- IMC_PID / A_original3,5.304,87.50629365361573,0.004411709576641397,0.3860523537280508
C4 -- IMC_PID / A_original3,5.308,88.31450979393782,0.0043914292081230375,0.3878269178101666
C4 -- IMC_PID / A_original3,5.312,89.1301856405905,0.004371148839604674,0.3896013075366163
C4 -- IMC_PID / A_original3,5.316,89.95338969603918,0.004350868471086315,0.3913753670958375
C4 -- IMC_PID / A_original3,5.32,90.78419108203649,0.004330588102567951,0.3931489378011227
C4 -- IMC_PID / A_original3,5.324,91.62265954489891,0.004310307734049593,0.3949218580505705
C4 -- IMC_PID / A_original3,5.328,92.46886546089979,0.0042900273655312295,0.3966939632868856
C4 -- IMC_PID / A_original3,5.332,93.32287984162161,0.00426974699701287,0.3984650859563568
C4 -- IMC_PID / A_original3,5.336,94.18477433948323,0.004249466628494507,0.4002350554679197
C4 -- IMC_PID / A_original3,5.34,95.05462125314241,0.004229186259976148,0.4020036981510266
C4 -- IMC_PID / A_original3,5.344,95.93249353303071,0.004208905891457784,0.40377083721340873
C4 -- IMC_PID / A_original3,5.348,96.81846478688284,0.004188625522939426,0.4055362926981495
C4 -- IMC_PID / A_original3,5.352,97.71260928537653,0.004168345154421062,0.40729988144053775
C4 -- IMC_PID / A_original3,5.356,98.61500196767444,0.004148064785902703,0.40906141702383614
C4 -- IMC_PID / A_original3,5.36,99.52571844719724,0.0041277844173843396,0.41082070973532187
C4 -- IMC_PID / A_original3,5.364,100.44483501718594,0.00410750404886598,0.41257756652076666
C4 -- IMC_PID / A_original3,5.368,101.372428656627,0.004087223680347617,0.4143317909397152
C4 -- IMC_PID / A_original3,5.372,102.30857703589749,0.004066943311829258,0.4160831831189117
C4 -- IMC_PID / A_original3,5.376,103.25335852251285,0.004046662943310894,0.41783153970544684
C4 -- IMC_PID / A_original3,5.38,104.20685218719312,0.004026382574792536,0.41957665382049586
C4 -- IMC_PID / A_original3,5.384,105.16913780957908,0.004006102206274172,0.4213183150109072
C4 -- IMC_PID / A_original3,5.388,106.14029588420985,0.003985821837755813,0.42305630920114706
C4 -- IMC_PID / A_original3,5.392,107.120407626554,0.00396554146923745,0.42479041864471945
C4 -- IMC_PID / A_original3,5.396,108.10955497883454,0.0039452611007190904,0.42652042187404776
C4 -- IMC_PID / A_original3,5.4,109.1078206163543,0.003924980732200727,0.4282460936516039
C4 -- IMC_PID / A_original3,5.404,110.11528795326254,0.0039047003636823686,0.429967204918093
C4 -- IMC_PID / A_original3,5.408,111.13204114884277,0.003884419995164005,0.4316835227419539
C4 -- IMC_PID / A_original3,5.412,112.1581651136454,0.003864139626645646,0.43339481026750243
C4 -- IMC_PID / A_original3,5.416,113.19374551564162,0.0038438592581272824,0.43510082666240263
C4 -- IMC_PID / A_original3,5.42,114.23886878645847,0.003823578889608923,0.43680132706470637
C4 -- IMC_PID / A_original3,5.424,115.29362212767958,0.0038032985210905593,0.43849606252937756
C4 -- IMC_PID / A_original3,5.428,116.3580935169764,0.0037830181525722005,0.4401847799734154
C4 -- IMC_PID / A_original3,5.432,117.43237171465769,0.003762737784053837,0.4418672221217976
C4 -- IMC_PID / A_original3,5.436,118.51654626981434,0.0037424574155354787,0.44354312745112034
C4 -- IMC_PID / A_original3,5.44,119.61070752700331,0.003722177047017115,0.445212230134489
C4 -- IMC_PID / A_original3,5.444,120.71494663232806,0.003701896678498756,0.4468742599833698
C4 -- IMC_PID / A_original3,5.448,121.8293555400374,0.0036816163099803925,0.44852894239060176
C4 -- IMC_PID / A_original3,5.452,122.95402701927233,0.0036613359414620333,0.45017599827315574
C4 -- IMC_PID / A_original3,5.456,124.08905466021353,0.0036410555729436698,0.45181514401188216
C4 -- IMC_PID / A_original3,5.46,125.23453288081879,0.0036207752044253114,0.453446091392655
C4 -- IMC_PID / A_original3,5.464,126.3905569334613,0.003600494835906948,0.45506854754633047
C4 -- IMC_PID / A_original3,5.468,127.55722291147433,0.0035802144673885887,0.45668221488757155
C4 -- IMC_PID / A_original3,5.472,128.73462775582286,0.003559934098870225,0.4582867910533191
C4 -- IMC_PID / A_original3,5.476,129.92286926188692,0.003539653730351866,0.4598819688408558
C4 -- IMC_PID / A_original3,5.48,131.1220460859269,0.0035193733618335025,0.46146743614391605
C4 -- IMC_PID / A_original3,5.484,132.33225775218975,0.0034990929933151433,0.4630428758902607
C4 -- IMC_PID / A_original3,5.488,133.55360465936903,0.00347881262479678,0.464607965976131
C4 -- IMC_PID / A_original3,5.492,134.7861880875459,0.0034585322562784215,0.4661623792015878
C4 -- IMC_PID / A_original3,5.496,136.03011020507898,0.003438251887760058,0.46770578320482153
C4 -- IMC_PID / A_original3,5.5,137.28547407525133,0.003417971519241699,0.46923784039480365
C4 -- IMC_PID / A_original3,5.504,138.5523836634014,0.0033976911507233396,0.47075820788476397
C4 -- IMC_PID / A_original3,5.508,139.83094384363255,0.003377410782204976,0.4722665374233831
C4 -- IMC_PID / A_original3,5.5120000000000005,141.12126040589607,0.0033571304136866126,0.473762475326422
C4 -- IMC_PID / A_original3,5.516,142.42344006274902,0.0033368500451682543,0.47524566240640226
C4 -- IMC_PID / A_original3,5.52,143.73759045666148,0.003316569676649895,0.4767157339032848
C4 -- IMC_PID / A_original3,5.524,145.0638201665328,0.0032962893081315316,0.4781723194116573
C4 -- IMC_PID / A_original3,5.5280000000000005,146.40223871525257,0.003276008939613168,0.47961504281054845
C4 -- IMC_PID / A_original3,5.532,147.75295657618256,0.003255728571094809,0.4810435221888082
C4 -- IMC_PID / A_original3,5.536,149.11608518078248,0.0032354482025764497,0.4824573697733994
C4 -- IMC_PID / A_original3,5.54,150.4917369251467,0.003215167834058086,0.4838561918532633
C4 -- IMC_PID / A_original3,5.5440000000000005,151.88002517750897,0.0031948874655397235,0.485239588705481
C4 -- IMC_PID / A_original3,5.548,153.28106428504117,0.0031746070970213643,0.4866071545182797
C4 -- IMC_PID / A_original3,5.552,154.6949695812605,0.003154326728503005,0.4879584773151293
C4 -- IMC_PID / A_original3,5.556,156.12185739279977,0.0031340463599846425,0.48929313887594555
C4 -- IMC_PID / A_original3,5.5600000000000005,157.56184504683958,0.003113765991466278,0.49061071465952855
C4 -- IMC_PID / A_original3,5.564,159.01505087823568,0.003093485622947919,0.4919107737241539
C4 -- IMC_PID / A_original3,5.568,160.4815942364644,0.0030732052544295597,0.4931928786467349
C4 -- IMC_PID / A_original3,5.572,161.96159549298324,0.003052924885911197,0.4944565854424113
C4 -- IMC_PID / A_original3,5.5760000000000005,163.45517604837943,0.0030326445173928327,0.49570144348259815
C4 -- IMC_PID / A_original3,5.58,164.96245833936,0.0030123641488744735,0.496926995411687
C4 -- IMC_PID / A_original3,5.584,166.48356584617864,0.002992083780356116,0.49813277706420056
C4 -- IMC_PID / A_original3,5.588,168.01862309956425,0.0029718034118377517,0.49931831737956633
C4 -- IMC_PID / A_original3,5.5920000000000005,169.56775568818293,0.0029515230433193895,0.5004831383176244
C4 -- IMC_PID / A_original3,5.596,171.1310902653933,0.0029312426748010294,0.5016267547711479
C4 -- IMC_PID / A_original3,5.6,172.70875455686374,0.0029109623062826707,0.5027486744800558
C4 -- IMC_PID / A_original3,5.604,174.30087736737315,0.0028906819377643063,0.5038483979423369
C4 -- IMC_PID / A_original3,5.608,175.90758858806305,0.0028704015692459475,0.5049254183254467
C4 -- IMC_PID / A_original3,5.612,177.52901920369945,0.0028501212007275845,0.5059792213768383
C4 -- IMC_PID / A_original3,5.616,179.16530129948327,0.0028298408322092253,0.5070092853323463
C4 -- IMC_PID / A_original3,5.62,180.816568068544,0.0028095604636908626,0.508015080825649
C4 -- IMC_PID / A_original3,5.624,182.4829538184592,0.0027892800951725034,0.5089960707941115
C4 -- IMC_PID / A_original3,5.628,184.16459397909674,0.0027689997266541386,0.5099517103874893
C4 -- IMC_PID / A_original3,5.632,185.86162510887735,0.00274871935813578,0.5108814468713463
C4 -- IMC_PID / A_original3,5.636,187.57418490226883,0.0027284389896174172,0.5117847195330569
C4 -- IMC_PID / A_original3,5.64,189.30241219645387,0.002708158621099058,0.5126609595846741
C4 -- IMC_PID / A_original3,5.644,191.04644697845362,0.0026878782525806954,0.5135095900661963
C4 -- IMC_PID / A_original3,5.648,192.80643039206012,0.002667597884062336,0.5143300257474717
C4 -- IMC_PID / A_original3,5.652,194.5825047446097,0.002647317515543972,0.5151216730288233
C4 -- IMC_PID / A_original3,5.656,196.37481351376496,0.0026270371470256126,0.5158839298408878
C4 -- IMC_PID / A_original3,5.66,198.18350135436708,0.00260675677850725,0.5166161855437972
C4 -- IMC_PID / A_original3,5.664,200.0087141053086,0.0025864764099888904,0.517317820825593
C4 -- IMC_PID / A_original3,5.668,201.8505987958441,0.002566196041470528,0.5179882075983508
C4 -- IMC_PID / A_original3,5.672,203.70930365259105,0.002545915672952169,0.518626708895304
C4 -- IMC_PID / A_original3,5.676,205.58497810589935,0.0025256353044338046,0.5192326787655102
C4 -- IMC_PID / A_original3,5.68,207.47777279653752,0.0025053549359154454,0.5198054621685486
C4 -- IMC_PID / A_original3,5.684,209.38783958162438,0.0024850745673970828,0.520344394866515
C4 -- IMC_PID / A_original3,5.688,211.31533154177026,0.0024647941988787236,0.5208488033182895
C4 -- IMC_PID / A_original3,5.692,213.26040298669832,0.002444513830360359,0.5213180045692077
C4 -- IMC_PID / A_original3,5.696,215.22320946194802,0.0024242334618420017,0.5217513061426845
C4 -- IMC_PID / A_original3,5.7,217.20390775448288,0.0024039530933236374,0.5221480059283711
C4 -- IMC_PID / A_original3,5.704,219.20265589920328,0.002383672724805278,0.5225073920718076
C4 -- IMC_PID / A_original3,5.708,221.2196131846999,0.0023633923562869155,0.522828742861468
C4 -- IMC_PID / A_original3,5.712,223.25494015918207,0.0023431119877685563,0.5231113266155312
C4 -- IMC_PID / A_original3,5.716,225.30879863596778,0.002322831619250192,0.5233544015669005
C4 -- IMC_PID / A_original3,5.72,227.38135169963167,0.0023025512507318328,0.5235572157490817
C4 -- IMC_PID / A_original3,5.724,229.472763710734,0.00228227088221347,0.5237190068780601
C4 -- IMC_PID / A_original3,5.728,231.58320031210062,0.002261990513695111,0.5238390022371262
C4 -- IMC_PID / A_original3,5.732,233.71282843374672,0.0022417101451767483,0.5239164185578828
C4 -- IMC_PID / A_original3,5.736,235.8618162976848,0.002221429776658389,0.523950461900408
C4 -- IMC_PID / A_original3,5.74,238.030333423604,0.0022011494081400247,0.5239403275347386
C4 -- IMC_PID / A_original3,5.744,240.21855063307194,0.0021808690396216655,0.523885199818456
C4 -- IMC_PID / A_original3,5.748,242.42664005496627,0.002160588671103303,0.5237842520763983
C4 -- IMC_PID / A_original3,5.752,244.65477512927112,0.0021403083025849437,0.5236366464762313
C4 -- IMC_PID / A_original3,5.756,246.90313061212944,0.002120027934066581,0.523441533906204
C4 -- IMC_PID / A_original3,5.76,249.17188257986916,0.002099747565548222,0.5231980538501476
C4 -- IMC_PID / A_original3,5.764,251.46120843298252,0.0020794671970298575,0.5229053342618749
C4 -- IMC_PID / A_original3,5.768,253.77128690006728,0.0020591868285114983,0.5225624914390311
C4 -- IMC_PID / A_original3,5.772,256.1022980414307,0.0020389064599931356,0.5221686298957604
C4 -- IMC_PID / A_original3,5.776,258.4544232530656,0.0020186260914747765,0.5217228422357034
C4 -- IMC_PID / A_original3,5.78,260.8278452691243,0.001998345722956414,0.5212242090214918
C4 -- IMC_PID / A_original3,5.784,263.2227481657854,0.0019780653544380546,0.5206717986467131
C4 -- IMC_PID / A_original3,5.788,265.63931736324736,0.0019577849859196902,0.5200646672037214
C4 -- IMC_PID / A_original3,5.792,268.07773962949614,0.001937504617401331,0.5194018583546606
C4 -- IMC_PID / A_original3,5.796,270.53820308157367,0.0019172242488829684,0.518682403197218
C4 -- IMC_PID / A_original3,5.8,273.020897188529,0.001896943880364609,0.5179053201334352
C4 -- IMC_PID / A_original3,5.804,275.5260127728074,0.0018766635118462448,0.5170696147352101
C4 -- IMC_PID / A_original3,5.808,278.053742011732,0.0018563831433278874,0.5161742796098205
C4 -- IMC_PID / A_original3,5.812,280.60427843986207,0.0018361027748095228,0.5152182942668547
C4 -- IMC_PID / A_original3,5.816,283.1778169481768,0.0018158224062911636,0.5142006249791171
C4 -- IMC_PID / A_original3,5.82,285.77455378706486,0.001795542037772801,0.5131202246504394
C4 -- IMC_PID / A_original3,5.824,288.39468656482404,0.001775261669254442,0.5119760326751811
C4 -- IMC_PID / A_original3,5.828,291.03841424888356,0.0017549813007360778,0.5107669748026711
C4 -- IMC_PID / A_original3,5.832,293.70593716481676,0.0017347009322177184,0.5094919629976863
C4 -- IMC_PID / A_original3,5.836,296.3974569973274,0.001714420563699356,0.5081498953044137
C4 -- IMC_PID / A_original3,5.84,299.1131767867068,0.0016941401951809966,0.5067396557026393
C4 -- IMC_PID / A_original3,5.844,301.85330093029086,0.001673859826662634,0.5052601139727205
C4 -- IMC_PID / A_original3,5.848,304.618035179041,0.0016535794581442745,0.5037101255523322
C4 -- IMC_PID / A_original3,5.852,307.4075866361114,0.0016332990896259102,0.5020885313968588
C4 -- IMC_PID / A_original3,5.856,310.2221637539012,0.0016130187211075512,0.500394157837535
C4 -- IMC_PID / A_original3,5.86,313.0619763323733,0.0015927383525891885,0.4986258164419398
C4 -- IMC_PID / A_original3,5.864,315.9272355141092,0.0015724579840708294,0.49678230386958633
C4 -- IMC_PID / A_original3,5.868,318.81815378214174,0.0015521776155524667,0.4948624017324044
C4 -- IMC_PID / A_original3,5.872,321.7349449536094,0.0015318972470341075,0.4928648764491043
C4 -- IMC_PID / A_original3,5.876,324.67782417772366,0.0015116168785157431,0.49078847910681395
C4 -- IMC_PID / A_original3,5.88,327.6470079286566,0.001491336509997384,0.48863194531540793
C4 -- IMC_PID / A_original3,5.884,330.642714000146,0.0014710561414790213,0.4863939950652063
C4 -- IMC_PID / A_original3,5.888,333.6651614994649,0.0014507757729606621,0.4840733325844303
C4 -- IMC_PID / A_original3,5.892,336.71457084125535,0.0014304954044422995,0.48166864619717686
C4 -- IMC_PID / A_original3,5.896,339.79116373870727,0.0014102150359239403,0.47917860817841856
C4 -- IMC_PID / A_original3,5.9,342.8951631969869,0.001389934667405576,0.47660187461318465
C4 -- IMC_PID / A_original3,5.904,346.0267935045409,0.0013696542988872167,0.47393708525365363
C4 -- IMC_PID / A_original3,5.908,349.1862802226323,0.001349373930368854,0.47118286337489346
C4 -- IMC_PID / A_original3,5.912,352.3738501778324,0.0013290935618504949,0.46833781563582794
C4 -- IMC_PID / A_original3,5.916,355.589731448947,0.0013088131933321305,0.4654005319338111
C4 -- IMC_PID / A_original3,5.92,358.8341533588714,0.001288532824813773,0.4623695852671652
C4 -- IMC_PID / A_original3,5.924,362.1073464598985,0.0012682524562954087,0.45924353159037884
C4 -- IMC_PID / A_original3,5.928,365.4095425232557,0.0012479720877770495,0.45602090967640396
C4 -- IMC_PID / A_original3,5.932,368.7409745255752,0.0012276917192586868,0.4527002409764271
C4 -- IMC_PID / A_original3,5.936,372.101876633271,0.0012074113507403277,0.4492800294787885
C4 -- IMC_PID / A_original3,5.94,375.4924841910659,0.0011871309822219633,0.44575876157470506
C4 -- IMC_PID / A_original3,5.944,378.9130337017261,0.001166850613703604,0.4421349059151535
C4 -- IMC_PID / A_original3,5.948,382.3637628145687,0.0011465702451852414,0.43840691328025155
C4 -- IMC_PID / A_original3,5.952,385.84491030476795,0.0011262898766668823,0.4345732164397013
C4 -- IMC_PID / A_original3,5.956,389.35671605687935,0.0011060095081485196,0.4306322300203919
C4 -- IMC_PID / A_original3,5.96,392.8994210454617,0.0010857291396301604,0.42658235037287723
C4 -- IMC_PID / A_original3,5.964,396.47326731472174,0.001065448771111796,0.4224219554391489
C4 -- IMC_PID / A_original3,5.968,400.07849795815963,0.0010451684025934369,0.4181494046229113
C4 -- IMC_PID / A_original3,5.972,403.71535709523647,0.0010248880340750742,0.41376303865925346
C4 -- IMC_PID / A_original3,5.976,407.38408985232996,0.001004607665556715,0.40926117949149626
C4 -- IMC_PID / A_original3,5.98,411.08494233351473,0.0009843272970383524,0.4046421301403155
C4 -- IMC_PID / A_original3,5.984,414.8181615993896,0.0009640469285199932,0.39990417458420174
C4 -- IMC_PID / A_original3,5.988,418.58399564054264,0.0009437665600016288,0.3950455776374117
C4 -- IMC_PID / A_original3,5.992,422.3826933481341,0.0009234861914832696,0.39006458482851414
C4 -- IMC_PID / A_original3,5.996,426.2145044881782,0.000903205822964907,0.384959422285825
C4 -- IMC_PID / A_original3,6.0,430.07967967084267,0.0008829254544465478,0.37972829662160446
C4 -- IMC_PID / A_original3,6.004,433.97847031836693,0.0009116300861690759,0.39562783029185655
C4 -- IMC_PID / A_original3,6.008,437.9111286366516,0.0009403347178916109,0.4117830376081427
C4 -- IMC_PID / A_original3,6.0120000000000005,441.87790757827963,0.0009690393496141461,0.4281970801685159
C4 -- IMC_PID / A_original3,6.016,445.87906080998664,0.0009977439813366748,0.4448731493272134
C4 -- IMC_PID / A_original3,6.02,449.91484267548094,0.0010264486130592036,0.4618144662589972
C4 -- IMC_PID / A_original3,6.024,453.98550815894663,0.0010551532447817386,0.479024282017799
C4 -- IMC_PID / A_original3,6.0280000000000005,458.0913128461755,0.0010838578765042738,0.49650587758651077
C4 -- IMC_PID / A_original3,6.032,462.2325128845045,0.0011125625082268025,0.5142625639187621
C4 -- IMC_PID / A_original3,6.036,466.40936494053,0.0011412671399493313,0.5322976819712626
C4 -- IMC_PID / A_original3,6.04,470.6221261568499,0.0011699717716718663,0.5506146027277102
C4 -- IMC_PID / A_original3,6.0440000000000005,474.87105410751434,0.0011986764033944013,0.5692167272137034
C4 -- IMC_PID / A_original3,6.048,479.1564067514605,0.00122738103511693,0.5881074865015163
C4 -- IMC_PID / A_original3,6.052,483.4784423842035,0.0012560856668394588,0.6072903417046651
C4 -- IMC_PID / A_original3,6.056,487.8374195899489,0.001284790298561994,0.6267687839646832
C4 -- IMC_PID / A_original3,6.0600000000000005,492.23359718567565,0.001313494930284529,0.6465463344191019
C4 -- IMC_PID / A_original3,6.064,496.667234172085,0.0013421995620070577,0.6666265441690292
C4 -- IMC_PID / A_original3,6.068,501.13858967684644,0.0013709041937295865,0.6870129942277192
C4 -- IMC_PID / A_original3,6.072,505.64792289649296,0.0013996088254521217,0.7077092954574655
C4 -- IMC_PID / A_original3,6.0760000000000005,510.19549303982154,0.0014283134571746567,0.728719088498636
C4 -- IMC_PID / A_original3,6.08,514.7815592645412,0.0014570180888971854,0.7500460436791351
C4 -- IMC_PID / A_original3,6.084,519.4063806161387,0.0014857227206197142,0.7716938609162484
C4 -- IMC_PID / A_original3,6.088,524.0702159617829,0.0015144273523422492,0.7936662696004336
C4 -- IMC_PID / A_original3,6.0920000000000005,528.7733239227483,0.0015431319840647844,0.8159670284654416
C4 -- IMC_PID / A_original3,6.096,533.5159628084751,0.0015718366157873131,0.8385999254493836
C4 -- IMC_PID / A_original3,6.1,538.2983905401203,0.0016005412475098419,0.8615687775276242
C4 -- IMC_PID / A_original3,6.104,543.1208645807641,0.0016292458792323769,0.8848774305433357
C4 -- IMC_PID / A_original3,6.1080000000000005,547.9836418584817,0.0016579505109549121,0.9085297590142034
C4 -- IMC_PID / A_original3,6.112,552.8869786858605,0.0016866551426774406,0.9325296659198992
C4 -- IMC_PID / A_original3,6.116,557.8311306820149,0.0017153597743999696,0.9568810824799809
C4 -- IMC_PID / A_original3,6.12,562.816352688366,0.0017440644061225046,0.9815879679074692
C4 -- IMC_PID / A_original3,6.1240000000000006,567.8428986816282,0.0017727690378450396,1.0066543091429683
C4 -- IMC_PID / A_original3,6.128,572.911021688979,0.0018014736695675685,1.0320841205777498
C4 -- IMC_PID / A_original3,6.132,578.0209736910139,0.001830178301290097,1.0578814437398676
C4 -- IMC_PID / A_original3,6.136,583.1730055342754,0.0018588829330126323,1.0840503469813458
C4 -- IMC_PID / A_original3,6.140000000000001,588.3673668324566,0.0018875875647351673,1.1105949251289196
C4 -- IMC_PID / A_original3,6.144,593.6043058654272,0.001916292196457696,1.1375192991136056
C4 -- IMC_PID / A_original3,6.148,598.8840694805273,0.001944996828180225,1.164827615587291
C4 -- IMC_PID / A_original3,6.152,604.2069029843582,0.00197370145990276,1.192524046503553
C4 -- IMC_PID / A_original3,6.156000000000001,609.5730500373123,0.002002406091625295,1.2206127886853249
C4 -- IMC_PID / A_original3,6.16,614.9827525410435,0.0020311107233478235,1.2490980633600743
C4 -- IMC_PID / A_original3,6.164,620.4362505259866,0.0020598153550703525,1.2779841156757032
C4 -- IMC_PID / A_original3,6.168,625.9337820326484,0.0020885199867928875,1.307275214184049
C4 -- IMC_PID / A_original3,6.172000000000001,631.475582991112,0.002117224618515423,1.3369756503001613
C4 -- IMC_PID / A_original3,6.176,637.0618870982416,0.0021459292502379514,1.3670897377359041
C4 -- IMC_PID / A_original3,6.18,642.6929256907569,0.00217463388196048,1.397621811903429
C4 -- IMC_PID / A_original3,6.184,648.3689276133631,0.0022033385136830154,1.4285762292858781
C4 -- IMC_PID / A_original3,6.188000000000001,654.0901190869068,0.0022320431454055504,1.4599573667854306
C4 -- IMC_PID / A_original3,6.192,659.8567235676326,0.002260747777128079,1.4917696210285425
C4 -- IMC_PID / A_original3,6.196,665.668961611651,0.002289452408850608,1.524017407658877
C4 -- IMC_PID / A_original3,6.2,671.5270507250597,0.002318157040573143,1.556705160573615
C4 -- IMC_PID / A_original3,6.204,677.4312074858076,0.002346861672295672,1.5898373364654186
C4 -- IMC_PID / A_original3,6.208,683.3816382875415,0.0023755663040182064,1.6234183927006418
C4 -- IMC_PID / A_original3,6.212,689.3785528868781,0.0024042709357407353,1.6574528184289283
C4 -- IMC_PID / A_original3,6.216,695.4221550741811,0.0024329755674632704,1.6919451123681362
C4 -- IMC_PID / A_original3,6.22,701.5126448136607,0.0024616801991857993,1.7268997872162493
C4 -- IMC_PID / A_original3,6.224,707.6502180720737,0.0024903848309083343,1.7623213686756671
C4 -- IMC_PID / A_original3,6.228,713.8350666480061,0.002519089462630863,1.7982143944493918
C4 -- IMC_PID / A_original3,6.232,720.067377999111,0.0025477940943533983,1.8345834132026713
C4 -- IMC_PID / A_original3,6.236,726.3473350539608,0.002576498726075927,1.8714329834551744
C4 -- IMC_PID / A_original3,6.24,732.6751160346005,0.0026052033577984622,1.908767672468719
C4 -- IMC_PID / A_original3,6.244,739.0508942652496,0.0026339079895209908,1.9465920550678737
C4 -- IMC_PID / A_original3,6.248,745.4748379809563,0.0026626126212435258,1.9849107124275667
C4 -- IMC_PID / A_original3,6.252,751.9471101222578,0.0026913172529660543,2.023728230789998
C4 -- IMC_PID / A_original3,6.256,758.46786814741,0.0027200218846885893,2.0630492001940546
C4 -- IMC_PID / A_original3,6.26,765.0372638086673,0.0027487265164111182,2.1028782130734918
C4 -- IMC_PID / A_original3,6.264,771.6554429573881,0.0027774311481336533,2.1432198628967214
C4 -- IMC_PID / A_original3,6.268,778.3225453140225,0.002806135779856182,2.184078742674413
C4 -- IMC_PID / A_original3,6.272,785.0387042609053,0.0028348404115787172,2.2254594434922077
C4 -- IMC_PID / A_original3,6.276,791.8040466022148,0.0028635450433012466,2.2673665529136415
C4 -- IMC_PID / A_original3,6.28,798.6186923503644,0.0028922496750237816,2.309804653418259
C4 -- IMC_PID / A_original3,6.284,805.4827544768887,0.0029209543067463097,2.3527783206991484
C4 -- IMC_PID / A_original3,6.288,812.3963386790355,0.002949658938468845,2.39629212196398
C4 -- IMC_PID / A_original3,6.292,819.359543139549,0.002978363570191374,2.4403506141754803
C4 -- IMC_PID / A_original3,6.296,826.3724582652327,0.003007068201913909,2.48495834218681
C4 -- IMC_PID / A_original3,6.3,833.4351664444529,0.003035772833636437,2.5301198368893325
C4 -- IMC_PID / A_original3,6.304,840.5477417835665,0.003064477465358973,2.5758396132541126
C4 -- IMC_PID / A_original3,6.308,847.7102498373337,0.0030931820970815016,2.6221221683093274
C4 -- IMC_PID / A_original3,6.312,854.9227473471494,0.003121886728804037,2.6689719790957525
C4 -- IMC_PID / A_original3,6.316,862.185281963435,0.0031505913605265655,2.7163935005271593
C4 -- IMC_PID / A_original3,6.32,869.4978919631268,0.0031792959922491,2.76439116318741
C4 -- IMC_PID / A_original3,6.324,876.860605972403,0.0032080006239716295,2.81296937109561
C4 -- IMC_PID / A_original3,6.328,884.2734426672374,0.003236705255694164,2.8621324993518193
C4 -- IMC_PID / A_original3,6.332,891.7364104881277,0.0032654098874166926,2.9118848917774027
C4 -- IMC_PID / A_original3,6.336,899.2495073322993,0.003294114519139228,2.962230858432125
C4 -- IMC_PID / A_original3,6.34,906.812720252526,0.0033228191508617565,3.013174673100138
C4 -- IMC_PID / A_original3,6.344,914.4260251529444,0.003351523782584292,3.064720570714115
C4 -- IMC_PID / A_original3,6.348,922.0893864611706,0.00338022841430682,3.1168727446467916
C4 -- IMC_PID / A_original3,6.352,929.8027568159374,0.003408933046029356,3.169635343999046
C4 -- IMC_PID / A_original3,6.356,937.5660767471683,0.0034376376777518845,3.2230124708080807
C4 -- IMC_PID / A_original3,6.36,945.3792743327751,0.00346634230947442,3.277008177119923
C4 -- IMC_PID / A_original3,6.364,953.2422648798722,0.0034950469411969484,3.3316264620880487
C4 -- IMC_PID / A_original3,6.368,961.1549505726531,0.003523751572919484,3.386871268899735
C4 -- IMC_PID / A_original3,6.372,969.1172201323345,0.0035524562046420124,3.4427464816845306
C4 -- IMC_PID / A_original3,6.376,977.128948471932,0.003581160836364547,3.499255922345754
C4 -- IMC_PID / A_original3,6.38,985.1899963361996,0.0036098654680870755,3.556403347278879
C4 -- IMC_PID / A_original3,6.384,993.3002099495945,0.003638570099809611,3.6141924440572035
C4 -- IMC_PID / A_original3,6.388,1001.4594206509054,0.0036672747315321394,3.672626828007881
C4 -- IMC_PID / A_original3,6.392,1009.6674445252506,0.003695979363254675,3.7317100387154105
C4 -- IMC_PID / A_original3,6.396,1017.9240820366754,0.0037246839949772034,3.7914455364638666
C4 -- IMC_PID / A_original3,6.4,1026.2291176500719,0.003753388626699739,3.851836698575888
C4 -- IMC_PID / A_original3,6.404,1034.5823194554343,0.0037820932584222674,3.9128868156952707
C4 -- IMC_PID / A_original3,6.408,1042.983438783006,0.003810797890144803,3.9745990879702506
C4 -- IMC_PID / A_original3,6.412,1051.4322098166779,0.003839502521867331,4.036976621163675
C4 -- IMC_PID / A_original3,6.416,1059.9283492059878,0.003868207153589866,4.1000224226913
C4 -- IMC_PID / A_original3,6.42,1068.4715556739295,0.0038969117853123953,4.163739397576805
C4 -- IMC_PID / A_original3,6.424,1077.061509619035,0.00392561641703493,4.2281303443169085
C4 -- IMC_PID / A_original3,6.428,1085.6978727100716,0.003954321048757459,4.293197950648633
C4 -- IMC_PID / A_original3,6.432,1094.3802875028791,0.003983025680479994,4.358944789335046
C4 -- IMC_PID / A_original3,6.436,1103.1083770166276,0.004011730312202523,4.425373313722134
C4 -- IMC_PID / A_original3,6.44,1111.881744340745,0.004040434943925058,4.492485853346693
C4 -- IMC_PID / A_original3,6.444,1120.6999722209048,0.004069139575647587,4.5602846093912355
C4 -- IMC_PID / A_original3,6.448,1129.562622648641,0.004097844207370122,4.628771650082537
C4 -- IMC_PID / A_original3,6.452,1138.4692364571613,0.00412654883909265,4.697948906044995
C4 -- IMC_PID / A_original3,6.4559999999999995,1147.4193329028953,0.004155253470815179,4.767818165525193
C4 -- IMC_PID / A_original3,6.46,1156.412409257203,0.004183958102537714,4.838381069586834
C4 -- IMC_PID / A_original3,6.464,1165.4479403857715,0.00421266273426025,4.909639107183501
C4 -- IMC_PID / A_original3,6.468,1174.525378346484,0.004241367365982778,4.981593610237353
C4 -- IMC_PID / A_original3,6.4719999999999995,1183.6441519739979,0.004270071997705307,5.054245748591812
C4 -- IMC_PID / A_original3,6.476,1192.803666455873,0.004298776629427842,5.12759652485635
C4 -- IMC_PID / A_original3,6.48,1202.0033029441156,0.004327481261150378,5.2016467693315205
C4 -- IMC_PID / A_original3,6.484,1211.2424181257118,0.004356185892872905,5.276397134688491
C4 -- IMC_PID / A_original3,6.4879999999999995,1220.5203438217843,0.004384890524595435,5.351848090700104
C4 -- IMC_PID / A_original3,6.492,1229.8363865942003,0.004413595156317969,5.427999918935756
C4 -- IMC_PID / A_original3,6.496,1239.1898273282525,0.004442299788040505,5.504852707282246
C4 -- IMC_PID / A_original3,6.5,1248.5799208365365,0.004471004419763033,5.5824063444875325
C4 -- IMC_PID / A_original3,6.504,1258.0058954819212,0.0044997090514855625,5.660660514722202
C4 -- IMC_PID / A_original3,6.508,1267.4669527608564,0.004528413683208097,5.739614691896333
C4 -- IMC_PID / A_original3,6.5120000000000005,1276.962266947312,0.0045571183149306325,5.819268134180935
C4 -- IMC_PID / A_original3,6.516,1286.4909846851456,0.004585822946653161,5.899619878231561
C4 -- IMC_PID / A_original3,6.52,1296.0522246412716,0.00461452757837569,5.980668733622312
C4 -- IMC_PID / A_original3,6.524,1305.6450771265427,0.004643232210098225,6.062413277070144
C4 -- IMC_PID / A_original3,6.5280000000000005,1315.2686037303133,0.00467193684182076,6.1448518466578
C4 -- IMC_PID / A_original3,6.532,1324.9218369876285,0.004700641473543289,6.227982536147207
C4 -- IMC_PID / A_original3,6.536,1334.6037800276172,0.0047293461052658175,6.311803189146649
C4 -- IMC_PID / A_original3,6.54,1344.3134062379952,0.004758050736988353,6.396311393294016
C4 -- IMC_PID / A_original3,6.5440000000000005,1354.0496589514744,0.0047867553687108875,6.481504474487116
C4 -- IMC_PID / A_original3,6.548,1363.8114511232395,0.004815460000433416,6.567379491017013
C4 -- IMC_PID / A_original3,6.552,1373.5976650501968,0.004844164632155945,6.653933227848152
C4 -- IMC_PID / A_original3,6.556,1383.4071520570346,0.00487286926387848,6.741162190688387
C4 -- IMC_PID / A_original3,6.5600000000000005,1393.2387322443117,0.004901573895601015,6.82906260030897
C4 -- IMC_PID / A_original3,6.564,1403.0911942210068,0.004930278527323544,6.9176303867445785
C4 -- IMC_PID / A_original3,6.568,1412.963294856688,0.0049589831590460725,7.006861183544566
C4 -- IMC_PID / A_original3,6.572,1422.8537590446701,0.004987687790768608,7.09675032203632
C4 -- IMC_PID / A_original3,6.5760000000000005,1432.7612795087718,0.0050163924224911425,7.187292825766517
C4 -- IMC_PID / A_original3,6.58,1442.6845165790867,0.005045097054213672,7.2784834047528255
C4 -- IMC_PID / A_original3,6.584,1452.6220980399899,0.0050738016859362,7.3703164500634815
C4 -- IMC_PID / A_original3,6.588,1462.5726189508619,0.005102506317658736,7.462786028231456
C4 -- IMC_PID / A_original3,6.5920000000000005,1472.5346415089964,0.00513121094938127,7.5558858758541865
C4 -- IMC_PID / A_original3,6.596,1482.5066949389366,0.005159915581103799,7.649609394306116
C4 -- IMC_PID / A_original3,6.6,1492.487275386124,0.005188620212826327,7.743949644454537
C4 -- IMC_PID / A_original3,6.604,1502.4748458434797,0.005217324844548863,7.83889934152891
C4 -- IMC_PID / A_original3,6.6080000000000005,1512.4678361018991,0.005246029476271398,7.934450850102981
C4 -- IMC_PID / A_original3,6.612,1522.464642714996,0.005274734107993927,8.030596179143577
C4 -- IMC_PID / A_original3,6.616,1532.463628999799,0.005303438739716455,8.127326977244
C4 -- IMC_PID / A_original3,6.62,1542.4631250641194,0.005332143371438991,8.224634527999715
C4 -- IMC_PID / A_original3,6.6240000000000006,1552.4614278480485,0.005360848003161526,8.322509745464503
C4 -- IMC_PID / A_original3,6.628,1562.456801209709,0.005389552634884053,8.420943169852297
C4 -- IMC_PID / A_original3,6.632,1572.447476024173,0.005418257266606583,8.519924963325156
C4 -- IMC_PID / A_original3,6.636,1582.4316503259226,0.005446961898329119,8.619444906035367
C4 -- IMC_PID / A_original3,6.640000000000001,1592.4074894632456,0.005475666530051653,8.719492392257475
C4 -- IMC_PID / A_original3,6.644,1602.373126322876,0.005504371161774182,8.820056426933577
C4 -- IMC_PID / A_original3,6.648,1612.326661526959,0.005533075793496711,8.921125622104181
C4 -- IMC_PID / A_original3,6.652,1622.266163712916,0.005561780425219247,9.022688193834018
C4 -- IMC_PID / A_original3,6.656000000000001,1632.1896698453947,0.00559048505694178,9.124731959365418
C4 -- IMC_PID / A_original3,6.66,1642.095185518678,0.005619189688664311,9.227244334271862
C4 -- IMC_PID / A_original3,6.664,1651.9806853396167,0.005647894320386838,9.330212330118378
C4 -- IMC_PID / A_original3,6.668,1661.8441133391827,0.005676598952109374,9.433622552350336
C4 -- IMC_PID / A_original3,6.672000000000001,1671.6833833960047,0.005705303583831908,9.537461198321475
C4 -- IMC_PID / A_original3,6.676,1681.4963797291766,0.005734008215554438,9.641714055792143
C4 -- IMC_PID / A_original3,6.68,1691.2809574044047,0.005762712847276966,9.74636650158925
C4 -- IMC_PID / A_original3,6.684,1701.0349429024363,0.005791417478999502,9.851403500714088
C4 -- IMC_PID / A_original3,6.688000000000001,1710.7561347047235,0.005820122110722036,9.956809605648328
C4 -- IMC_PID / A_original3,6.692,1720.4423039426702,0.005848826742444566,10.06256895613283
C4 -- IMC_PID / A_original3,6.696,1730.0911950448094,0.005877531374167093,10.168665279046108
C4 -- IMC_PID / A_original3,6.7,1739.7005264947877,0.005906236005889629,10.275081889048659
C4 -- IMC_PID / A_original3,6.704000000000001,1749.267991565062,0.005934940637612164,10.381801689213699
C4 -- IMC_PID / A_original3,6.708,1758.7912591275876,0.005963645269334693,10.488807172243446
C4 -- IMC_PID / A_original3,6.712,1768.2679744811342,0.005992349901057221,10.596080421924677
C4 -- IMC_PID / A_original3,6.716,1777.6957602824316,0.006021054532779757,10.703603115351891
C4 -- IMC_PID / A_original3,6.72,1787.0722174160512,0.006049759164502285,10.811356524940177
C4 -- IMC_PID / A_original3,6.724,1796.3949260032193,0.0060784637962248205,10.919321521432535
C4 -- IMC_PID / A_original3,6.728,1805.6614464249028,0.006107168427947349,11.02747857716791
C4 -- IMC_PID / A_original3,6.732,1814.8693203418338,0.0061358730596698845,11.135807769506851
C4 -- IMC_PID / A_original3,6.736,1824.0160718445836,0.006164577691392413,11.24428878523434
C4 -- IMC_PID / A_original3,6.74,1833.0992085425264,0.006193282323114948,11.35290092478243
C4 -- IMC_PID / A_original3,6.744,1842.1162227996244,0.006221986954837477,11.46162310755375
C4 -- IMC_PID / A_original3,6.748,1851.0645929346804,0.006250691586560012,11.57043387723594
C4 -- IMC_PID / A_original3,6.752,1859.941784492608,0.006279396218282541,11.679311407768562
C4 -- IMC_PID / A_original3,6.756,1868.7452515714974,0.0063081008500050755,11.788233509881112
C4 -- IMC_PID / A_original3,6.76,1877.472438156354,0.006336805481727604,11.897177637901674
C4 -- IMC_PID / A_original3,6.764,1886.1207795245994,0.0063655101134501395,12.006120897252298
C4 -- IMC_PID / A_original3,6.768,1894.6877036627793,0.006394214745172669,12.115040052257887
C4 -- IMC_PID / A_original3,6.772,1903.1706327503357,0.0064229193768952034,12.223911534630036
C4 -- IMC_PID / A_original3,6.776,1911.566984658595,0.006451624008617732,12.332711452304395
C4 -- IMC_PID / A_original3,6.78,1919.874174508849,0.006480328640340267,12.441415598919322
C4 -- IMC_PID / A_original3,6.784,1928.0896162272943,0.006509033272062797,12.549999463542248
C4 -- IMC_PID / A_original3,6.788,1936.2107241706908,0.0065377379037853305,12.658438241126369
C4 -- IMC_PID / A_original3,6.792,1944.2349147847008,0.00656644253550786,12.766706843461758
C4 -- IMC_PID / A_original3,6.796,1952.1596082587218,0.006595147167230395,12.874779910389108
C4 -- IMC_PID / A_original3,6.8,1959.9822302570715,0.006623851798952923,12.982631821804064
C4 -- IMC_PID / A_original3,6.804,1967.7002136357385,0.006652556430675458,13.090236709863905
C4 -- IMC_PID / A_original3,6.808,1975.3110002079645,0.006681261062397988,13.197568471815897
C4 -- IMC_PID / A_original3,6.812,1982.8120425503446,0.006709965694120523,13.304600783401856
C4 -- IMC_PID / A_original3,6.816,1990.2008057931594,0.006738670325843051,13.411307112467291
C4 -- IMC_PID / A_original3,6.82,1997.4747694710277,0.006767374957565586,13.517660733287325
C4 -- IMC_PID / A_original3,6.824,2004.6314293571127,0.006796079589288115,13.623634741099332
C4 -- IMC_PID / A_original3,6.828,2011.668299337816,0.006824784221010649,13.729202067228055
C4 -- IMC_PID / A_original3,6.832,2018.582913302145,0.006853488852733179,13.834335494633915
C4 -- IMC_PID / A_original3,6.836,2025.3728270410388,0.006882193484455714,13.939007673855487
C4 -- IMC_PID / A_original3,6.84,2032.0356201381908,0.006910898116178243,14.04319113922011
C4 -- IMC_PID / A_original3,6.844,2038.568897895526,0.006939602747900777,14.146858325620853
C4 -- IMC_PID / A_original3,6.848,2044.9702932631947,0.006968307379623307,14.249981585656357
C4 -- IMC_PID / A_original3,6.852,2051.237468729475,0.006997012011345842,14.352533206822779
C4 -- IMC_PID / A_original3,6.856,2057.368118283832,0.007025716643068371,14.454485429544974
C4 -- IMC_PID / A_original3,6.86,2063.35996930534,0.007054421274790905,14.555810465019501
C4 -- IMC_PID / A_original3,6.864,2069.2107844995703,0.007083125906513434,14.656480513725892
C4 -- IMC_PID / A_original3,6.868,2074.9183637925844,0.007111830538235969,14.756467783966713
C4 -- IMC_PID / A_original3,6.872,2080.4805462338495,0.007140535169958499,14.85574451079727
C4 -- IMC_PID / A_original3,6.876,2085.895211879095,0.007169239801681033,14.954282975139499
C4 -- IMC_PID / A_original3,6.88,2091.160283653113,0.007197944433403562,15.052055523075536
C4 -- IMC_PID / A_original3,6.884,2096.27372919398,0.007226649065126097,15.149034585328074
C4 -- IMC_PID / A_original3,6.888,2101.2335626918534,0.0072553536968486265,15.24519269701875
C4 -- IMC_PID / A_original3,6.892,2106.0378466867814,0.007284058328571161,15.340502517444925
C4 -- IMC_PID / A_original3,6.896,2110.684693822142,0.00731276296029369,15.434936849841387
C4 -- IMC_PID / A_original3,6.9,2115.172268604829,0.007341467592016225,15.528468661493788
C4 -- IMC_PID / A_original3,6.904,2119.4987891128567,0.007370172223738753,15.621071103767497
C4 -- IMC_PID / A_original3,6.908,2123.6625286558465,0.007398876855461288,15.712717532082138
C4 -- IMC_PID / A_original3,6.912,2127.6618174129467,0.0074275814871838175,15.803381526004278
C4 -- IMC_PID / A_original3,6.916,2131.4950440289263,0.007456286118906353,15.893036909310569
C4 -- IMC_PID / A_original3,6.92,2135.1606571439665,0.007484990750628881,15.981657769829273
C4 -- IMC_PID / A_original3,6.924,2138.657166903792,0.007513695382351415,16.069218479397783
C4 -- IMC_PID / A_original3,6.928,2141.983146409383,0.007542400014073945,16.155693713624284
C4 -- IMC_PID / A_original3,6.932,2145.1372330981676,0.007571104645796478,16.24105847138054
C4 -- IMC_PID / A_original3,6.936,2148.1181300890335,0.0075998092775190085,16.32528809425742
C4 -- IMC_PID / A_original3,6.94,2150.9246074734924,0.007628513909241544,16.408358285841445
C4 -- IMC_PID / A_original3,6.944,2153.5555035236484,0.0076572185409640725,16.4902451305765
C4 -- IMC_PID / A_original3,6.948,2156.0097258622386,0.007685923172686608,16.57092511254228
C4 -- IMC_PID / A_original3,6.952,2158.286252550698,0.0077146278044091365,16.650375133801614
C4 -- IMC_PID / A_original3,6.956,2160.384133122812,0.007743332436131672,16.72857253251407
C4 -- IMC_PID / A_original3,6.96,2162.302489542088,0.0077720370678541996,16.805495100634527
C4 -- IMC_PID / A_original3,6.964,2164.0405170982553,0.007800741699576735,16.88112110130196
C4 -- IMC_PID / A_original3,6.968,2165.5974852195422,0.007829446331299264,16.955429285723056
C4 -- IMC_PID / A_original3,6.972,2166.972738221733,0.007858150963021799,17.028398909699096
C4 -- IMC_PID / A_original3,6.976,2168.1656959810334,0.007886855594744328,17.100009749680744
C4 -- IMC_PID / A_original3,6.98,2169.175854525286,0.007915560226466863,17.170242118292624
C4 -- IMC_PID / A_original3,6.984,2170.0027865556326,0.007944264858189392,17.23907687940697
C4 -- IMC_PID / A_original3,6.9879999999999995,2170.646141885231,0.007972969489911922,17.30649546264597
C4 -- IMC_PID / A_original3,6.992,2171.105647801476,0.008001674121634456,17.372479877347484
C4 -- IMC_PID / A_original3,6.996,2171.3811093453814,0.00803037875335699,17.437012725927882
C4 -- IMC_PID / A_original3,7.0,2171.472409516259,0.00805908338507952,17.500077216691075
C4 -- IMC_PID / A_original3,7.004,2171.3795093905564,0.008087788016802048,17.561657175978453
C4 -- IMC_PID / A_original3,7.008,2171.1024481631703,0.008116492648524582,17.621737059710096
C4 -- IMC_PID / A_original3,7.0120000000000005,2170.641343106724,0.008145197280247119,17.680301964264842
C4 -- IMC_PID / A_original3,7.016,2169.996389449472,0.008173901911969648,17.737337636688274
C4 -- IMC_PID / A_original3,7.02,2169.167860175498,0.008202606543692176,17.792830484242295
C4 -- IMC_PID / A_original3,7.024,2168.156105741506,0.00823131117541471,17.846767583233696
C4 -- IMC_PID / A_original3,7.0280000000000005,2166.961553714657,0.008260015807137247,17.899136687141755
C4 -- IMC_PID / A_original3,7.032,2165.5847083337617,0.008288720438859776,17.949926234048238
C4 -- IMC_PID / A_original3,7.036,2164.026149991047,0.008317425070582304,17.999125353331237
C4 -- IMC_PID / A_original3,7.04,2162.2865346323874,0.008346129702304838,18.04672387158917
C4 -- IMC_PID / A_original3,7.0440000000000005,2160.366593093935,0.008374834334027375,18.092712317928832
C4 -- IMC_PID / A_original3,7.048,2158.2671303497273,0.008403538965749902,18.137081928391158
C4 -- IMC_PID / A_original3,7.052,2155.9890246941304,0.008432243597472432,18.179824649697913
C4 -- IMC_PID / A_original3,7.056,2153.5332268500933,0.008460948229194966,18.220933142229818
C4 -- IMC_PID / A_original3,7.0600000000000005,2150.900759011142,0.008489652860917503,18.260400782288567
C4 -- IMC_PID / A_original3,7.064,2148.092713807795,0.00851835749264003,18.298221663550088
C4 -- IMC_PID / A_original3,7.068,2145.11025321614,0.00854706212436256,18.33439059784545
C4 -- IMC_PID / A_original3,7.072,2141.95460739775,0.008575766756085094,18.368903115164922
C4 -- IMC_PID / A_original3,7.0760000000000005,2138.62707347213,0.008604471387807629,18.401755462881706
C4 -- IMC_PID / A_original3,7.08,2135.129014239474,0.008633176019530158,18.432944604335294
C4 -- IMC_PID / A_original3,7.084,2131.46185684748,0.008661880651252686,18.462468216710306
C4 -- IMC_PID / A_original3,7.088,2127.627091377049,0.008690585282975222,18.49032468798076
C4 -- IMC_PID / A_original3,7.0920000000000005,2123.6262694213196,0.008719289914697757,18.516513113552534
C4 -- IMC_PID / A_original3,7.096,2119.4610025651773,0.008747994546420286,18.541033291790644
C4 -- IMC_PID / A_original3,7.1,2115.1329608471756,0.008776699178142815,18.563885719130187
C4 -- IMC_PID / A_original3,7.104,2110.643871181928,0.00880540380986535,18.585071584574298
C4 -- IMC_PID / A_original3,7.1080000000000005,2105.9955157118598,0.008834108441587885,18.60459276329637
C4 -- IMC_PID / A_original3,7.112,2101.1897301358504,0.008862813073310414,18.622451809753596
C4 -- IMC_PID / A_original3,7.116,2096.2284020163634,0.008891517705032943,18.63865195032141
C4 -- IMC_PID / A_original3,7.12,2091.113469019912,0.008920222336755478,18.653197075041653
C4 -- IMC_PID / A_original3,7.1240000000000006,2085.846917162311,0.008948926968478012,18.666091729110526
C4 -- IMC_PID / A_original3,7.128,2080.4307789913887,0.008977631600200542,18.677341103502922
C4 -- IMC_PID / A_original3,7.132,2074.8671317724907,0.009006336231923071,18.686951025308883
C4 -- IMC_PID / A_original3,7.136,2069.1580956370703,0.009035040863645606,18.694927947424052
C4 -- IMC_PID / A_original3,7.140000000000001,2063.3058317157615,0.00906374549536814,18.701278937780547
C4 -- IMC_PID / A_original3,7.144,2057.312540259528,0.00909245012709067,18.706011668147973
C4 -- IMC_PID / A_original3,7.148,2051.1804587390893,0.009121154758813197,18.709134402412683
C4 -- IMC_PID / A_original3,7.152,2044.9118599310223,0.009149859390535732,18.710655984407754
C4 -- IMC_PID / A_original3,7.156000000000001,2038.5090500205708,0.009178564022258268,18.710585825566692
C4 -- IMC_PID / A_original3,7.16,2031.9743666641673,0.009207268653980798,18.70893389187947
C4 -- IMC_PID / A_original3,7.164,2025.3101770691087,0.009235973285703325,18.70571069067336
C4 -- IMC_PID / A_original3,7.168,2018.5188760763285,0.00926467791742586,18.700927257091628
C4 -- IMC_PID / A_original3,7.172000000000001,2011.6028842442597,0.009293382549148396,18.694595140252183
C4 -- IMC_PID / A_original3,7.176,2004.564645923686,0.009322087180870926,18.68672638899226
C4 -- IMC_PID / A_original3,7.18,1997.4066273597268,0.009350791812593453,18.677333537535237
C4 -- IMC_PID / A_original3,7.184,1990.1313147796736,0.009379496444315988,18.666429590697852
C4 -- IMC_PID / A_original3,7.188000000000001,1982.7412125334565,0.009408201076038524,18.654028009263193
C4 -- IMC_PID / A_original3,7.192,1975.238841209519,0.009436905707761052,18.640142694801437
C4 -- IMC_PID / A_original3,7.196,1967.626735785205,0.009465610339483581,18.624787974492765
C4 -- IMC_PID / A_original3,7.2,1959.907443791433,0.009494314971206116,18.607978585767313
C4 -- IMC_PID / A_original3,7.204000000000001,1952.083523517332,0.00952301960292865,18.589729661009585
C4 -- IMC_PID / A_original3,7.208,1944.1575421934167,0.00955172423465118,18.57005671174873
C4 -- IMC_PID / A_original3,7.212,1936.1320742554556,0.009580428866373709,18.548975613308972
C4 -- IMC_PID / A_original3,7.216,1928.0096995902736,0.009609133498096244,18.526502588987373
C4 -- IMC_PID / A_original3,7.220000000000001,1919.7930018479574,0.009637838129818778,18.502654194569494
C4 -- IMC_PID / A_original3,7.224,1911.4845667353172,0.009666542761541308,18.477447302373204
C4 -- IMC_PID / A_original3,7.228,1903.0869803929509,0.009695247393263835,18.4508990858091
C4 -- IMC_PID / A_original3,7.232,1894.6028277783578,0.009723952024986372,18.423027003720268
C4 -- IMC_PID / A_original3,7.236000000000001,1886.0346910749354,0.009752656656708906,18.393848784695894
C4 -- IMC_PID / A_original3,7.24,1877.3851481674278,0.009781361288431436,18.363382411760995
C4 -- IMC_PID / A_original3,7.244,1868.6567711007401,0.009810065920153963,18.331646106640317
C4 -- IMC_PID / A_original3,7.248,1859.8521246641656,0.0098387705518765,18.298658314990732
C4 -- IMC_PID / A_original3,7.252000000000001,1850.9737649039935,0.009867475183599034,18.264437690683028
C4 -- IMC_PID / A_original3,7.256,1842.024237766372,0.009896179815321562,18.229003081116655
C4 -- IMC_PID / A_original3,7.26,1833.0060777351805,0.00992488444704409,18.192373512251184
C4 -- IMC_PID / A_original3,7.264,1823.921806522233,0.009953589078766627,18.154568173923998
C4 -- IMC_PID / A_original3,7.268000000000001,1814.7739317933244,0.009982293710489162,18.11560640530019
C4 -- IMC_PID / A_original3,7.272,1805.5649459478593,0.01001099834221169,18.075507680639557
C4 -- IMC_PID / A_original3,7.276,1796.2973249207469,0.010039702973934219,18.034291595076905
C4 -- IMC_PID / A_original3,7.28,1786.9735270530998,0.010068407605656755,17.99197785088871
C4 -- IMC_PID / A_original3,7.284000000000001,1777.595991988624,0.01009711223737929,17.948586243824714
C4 -- IMC_PID / A_original3,7.288,1768.1671396015752,0.010125816869101818,17.90413664956914
C4 -- IMC_PID / A_original3,7.292,1758.689368991185,0.010154521500824347,17.85864901069219
C4 -- IMC_PID / A_original3,7.296,1749.1650575222957,0.010183226132546882,17.812143323898912
C4 -- IMC_PID / A_original3,7.300000000000001,1739.5965598715463,0.010211930764269416,17.764639627169487
C4 -- IMC_PID / A_original3,7.304,1729.9862071688237,0.010240635395991945,17.71615798771091
C4 -- IMC_PID / A_original3,7.308,1720.3363061121959,0.010269340027714475,17.666718489488435
C4 -- IMC_PID / A_original3,7.312,1710.6491382180895,0.01029804465943701,17.61634122199732
C4 -- IMC_PID / A_original3,7.316000000000001,1700.9269590155739,0.010326749291159544,17.565046268328235
C4 -- IMC_PID / A_original3,7.32,1691.1719973635059,0.010355453922882073,17.51285369436623
C4 -- IMC_PID / A_original3,7.324,1681.3864547430355,0.010384158554604603,17.459783537616197
C4 -- IMC_PID / A_original3,7.328,1671.5725046572995,0.010412863186327137,17.405855797022642
C4 -- IMC_PID / A_original3,7.332000000000001,1661.7322919830513,0.010441567818049672,17.35109042218415
C4 -- IMC_PID / A_original3,7.336,1651.8679324879413,0.010470272449772201,17.295507304190657
C4 -- IMC_PID / A_original3,7.34,1641.981512233477,0.01049897708149473,17.239126265177333
C4 -- IMC_PID / A_original3,7.344,1632.075087159019,0.010527681713217265,17.18196704968148
C4 -- IMC_PID / A_original3,7.348000000000001,1622.150682607427,0.010556386344939798,17.124049315311815
C4 -- IMC_PID / A_original3,7.352,1612.210292930746,0.010585090976662331,17.06539262418337
C4 -- IMC_PID / A_original3,7.356,1602.2558811240895,0.010613795608384857,17.00601643458367
C4 -- IMC_PID / A_original3,7.36,1592.2893784982111,0.010642500240107391,16.945940092987662
C4 -- IMC_PID / A_original3,7.364000000000001,1582.3126843597222,0.010671204871829928,16.885182826097758
C4 -- IMC_PID / A_original3,7.368,1572.3276657836404,0.010699909503552457,16.823763733816826
C4 -- IMC_PID / A_original3,7.372,1562.33615734789,0.010728614135274985,16.761701781773777
C4 -- IMC_PID / A_original3,7.376,1552.3399609636365,0.01075731876699752,16.699015794834324
C4 -- IMC_PID / A_original3,7.38,1542.340845685647,0.010786023398720049,16.635724450367057
C4 -- IMC_PID / A_original3,7.384,1532.3405475970073,0.010814728030442585,16.571846272281096
C4 -- IMC_PID / A_original3,7.388,1522.3407696835447,0.010843432662165113,16.507399624932127
C4 -- IMC_PID / A_original3,7.3919999999999995,1512.3431817775345,0.010872137293887642,16.44240270776023
C4 -- IMC_PID / A_original3,7.396,1502.3494204819872,0.010900841925610175,16.376873549706197
C4 -- IMC_PID / A_original3,7.4,1492.3610891751075,0.010929546557332711,16.31083000449109
C4 -- IMC_PID / A_original3,7.404,1482.3797579887735,0.01095825118905524,16.244289745611898
C4 -- IMC_PID / A_original3,7.4079999999999995,1472.406963856962,0.010986955820777768,16.17727026210197
C4 -- IMC_PID / A_original3,7.412,1462.4442105627031,0.011015660452500305,16.109788854283597
C4 -- IMC_PID / A_original3,7.416,1452.4929687939944,0.01104436508422284,16.041862629627566
C4 -- IMC_PID / A_original3,7.42,1442.5546762832225,0.011073069715945369,15.973508499547126
C4 -- IMC_PID / A_original3,7.4239999999999995,1432.6307378778201,0.011101774347667896,15.904743175452513
C4 -- IMC_PID / A_original3,7.428,1422.7225257248601,0.011130478979390433,15.83558316608582
C4 -- IMC_PID / A_original3,7.432,1412.8313794009687,0.011159183611112967,15.766044774277416
C4 -- IMC_PID / A_original3,7.436,1402.9586061111233,0.011187888242835495,15.69614409449551
C4 -- IMC_PID / A_original3,7.4399999999999995,1393.1054808692134,0.011216592874558024,15.625897010225348
C4 -- IMC_PID / A_original3,7.444,1383.2732467206636,0.01124529750628056,15.555319191852492
C4 -- IMC_PID / A_original3,7.448,1373.4631149743889,0.011274002138003095,15.48442609468965
C4 -- IMC_PID / A_original3,7.452,1363.676265443683,0.011302706769725624,15.413232957144473
C4 -- IMC_PID / A_original3,7.4559999999999995,1353.9138467071207,0.011331411401448152,15.341754799155593
C4 -- IMC_PID / A_original3,7.46,1344.1769763928671,0.011360116033170688,15.270006420939508
C4 -- IMC_PID / A_original3,7.464,1334.4667414512865,0.011388820664893223,15.198002401653133
C4 -- IMC_PID / A_original3,7.468,1324.7841984590093,0.01141752529661575,15.12575709846256
C4 -- IMC_PID / A_original3,7.4719999999999995,1315.1303739436187,0.01144622992833828,15.053284645900161
C4 -- IMC_PID / A_original3,7.476,1305.5062646840206,0.011474934560060815,14.98059895499857
C4 -- IMC_PID / A_original3,7.48,1295.912838061533,0.01150363919178335,14.90771371305984
C4 -- IMC_PID / A_original3,7.484,1286.3510323856372,0.011532343823505879,14.834642383192913
C4 -- IMC_PID / A_original3,7.4879999999999995,1276.8217572636984,0.011561048455228408,14.761398204415501
C4 -- IMC_PID / A_original3,7.492,1267.325893936338,0.011589753086950944,14.687994191421538
C4 -- IMC_PID / A_original3,7.496,1257.8642956675847,0.011618457718673479,14.614443135042828
C4 -- IMC_PID / A_original3,7.5,1248.437788097958,0.011647162350396006,14.540757602346204
C4 -- IMC_PID / A_original3,7.504,1239.0471696317438,0.011675866982118536,14.466949937190702
C4 -- IMC_PID / A_original3,7.508,1229.693211825853,0.01170457161384107,14.393032260869933
C4 -- IMC_PID / A_original3,7.5120000000000005,1220.3766597721294,0.011733276245563605,14.319016472744584
C4 -- IMC_PID / A_original3,7.516,1211.098232492926,0.011761980877286134,14.244914251096832
C4 -- IMC_PID / A_original3,7.52,1201.8586233391359,0.011790685509008662,14.17073705408185
C4 -- IMC_PID / A_original3,7.524,1192.6585003997795,0.011819390140731197,14.096496120884408
C4 -- IMC_PID / A_original3,7.5280000000000005,1183.4985068975914,0.011848094772453733,14.022202472780151
C4 -- IMC_PID / A_original3,7.532,1174.3792615900622,0.011876799404176262,13.94786691432981
C4 -- IMC_PID / A_original3,7.536,1165.301359200918,0.011905504035898792,13.873500035004875
C4 -- IMC_PID / A_original3,7.54,1156.2653708068335,0.011934208667621326,13.7991122103533
C4 -- IMC_PID / A_original3,7.5440000000000005,1147.2718442632643,0.01196291329934386,13.724713603699763
C4 -- IMC_PID / A_original3,7.548,1138.3213046093354,0.01199161793106639,13.650314167668192
C4 -- IMC_PID / A_original3,7.552,1129.4142544950541,0.012020322562788918,13.575923646042325
C4 -- IMC_PID / A_original3,7.556,1120.5511745684062,0.012049027194511452,13.501551575216476
C4 -- IMC_PID / A_original3,7.5600000000000005,1111.7325239171241,0.012077731826233989,13.427207286373289
C4 -- IMC_PID / A_original3,7.564,1102.9587404544554,0.012106436457956516,13.352899907059617
C4 -- IMC_PID / A_original3,7.568,1094.230241355968,0.012135141089679048,13.278638363448229
C4 -- IMC_PID / A_original3,7.572,1085.5474234429646,0.01216384572140158,13.204431382025215
C4 -- IMC_PID / A_original3,7.5760000000000005,1076.9106636102365,0.012192550353124115,13.130287491884115
C4 -- IMC_PID / A_original3,7.58,1068.320319222285,0.012221254984846646,13.05621502670831
C4 -- IMC_PID / A_original3,7.584,1059.7767285211692,0.012249959616569174,12.982222126964114
C4 -- IMC_PID / A_original3,7.588,1051.2802110259383,0.012278664248291708,12.908316742060752
C4 -- IMC_PID / A_original3,7.5920000000000005,1042.8310679331082,0.012307368880014245,12.834506632591957
C4 -- IMC_PID / A_original3,7.596,1034.429582507116,0.012336073511736772,12.760799372522962
C4 -- IMC_PID / A_original3,7.6,1026.0760204864275,0.0123647781434593,12.687202351638275
C4 -- IMC_PID / A_original3,7.604,1017.7706304565376,0.012393482775181836,12.613722777649055
C4 -- IMC_PID / A_original3,7.6080000000000005,1009.513644253079,0.01242218740690437,12.540367678738736
C4 -- IMC_PID / A_original3,7.612,1001.305277323438,0.012450892038626898,12.467143905661493
C4 -- IMC_PID / A_original3,7.616,993.1457291288525,0.01247959667034943,12.394058134408183
C4 -- IMC_PID / A_original3,7.62,985.0351835065898,0.012508301302071964,12.321116868442173
C4 -- IMC_PID / A_original3,7.6240000000000006,976.9738090377452,0.0125370059337945,12.248326441068027
C4 -- IMC_PID / A_original3,7.628,968.9617594250126,0.01256571056551703,12.17569301798885
C4 -- IMC_PID / A_original3,7.632,960.9991738431902,0.012594415197239556,12.103222599585333
C4 -- IMC_PID / A_original3,7.636,953.0861773062999,0.012623119828962092,12.030921023464835
C4 -- IMC_PID / A_original3,7.640000000000001,945.2228810170324,0.012651824460684627,11.958793966850084
C4 -- IMC_PID / A_original3,7.644,937.4093827149275,0.012680529092407154,11.88684694901207
C4 -- IMC_PID / A_original3,7.648,929.645767026642,0.012709233724129684,11.815085333789407
C4 -- IMC_PID / A_original3,7.652,921.932105795398,0.012737938355852218,11.743514331902805
C4 -- IMC_PID / A_original3,7.656000000000001,914.2684584239149,0.012766642987574753,11.672139003498453
C4 -- IMC_PID / A_original3,7.66,906.6548721990708,0.012795347619297284,11.600964260516664
C4 -- IMC_PID / A_original3,7.664,899.091382621955,0.012824052251019812,11.529994869185597
C4 -- IMC_PID / A_original3,7.668,891.5780137213723,0.012852756882742348,11.459235452359119
C4 -- IMC_PID / A_original3,7.672000000000001,884.1147783781886,0.012881461514464882,11.388690492048285
C4 -- IMC_PID / A_original3,7.676,876.7016786218064,0.01291016614618741,11.31836433164892
C4 -- IMC_PID / A_original3,7.68,869.3387059475614,0.01293887077790994,11.248261178490944
C4 -- IMC_PID / A_original3,7.684,862.0258416131435,0.012967575409632474,11.178385106170337
C4 -- IMC_PID / A_original3,7.688000000000001,854.7630569242353,0.012996280041355009,11.108740056792035
C4 -- IMC_PID / A_original3,7.692,847.5503135427562,0.013024984673077538,11.03932984355646
C4 -- IMC_PID / A_original3,7.696,840.3875637502858,0.013053689304800067,10.970158152814092
C4 -- IMC_PID / A_original3,7.7,833.2747507446186,0.013082393936522604,10.901228546598782
C4 -- IMC_PID / A_original3,7.704000000000001,826.2118089079574,0.013111098568245138,10.832544464840346
C4 -- IMC_PID / A_original3,7.708,819.1986640700524,0.013139803199967666,10.764109227556911
C4 -- IMC_PID / A_original3,7.712,812.2352337839258,0.013168507831690197,10.695926037258344
C4 -- IMC_PID / A_original3,7.716,805.3214275796225,0.01319721246341273,10.627997981107127
C4 -- IMC_PID / A_original3,7.720000000000001,798.4571472186382,0.013225917095135264,10.56032803313192
C4 -- IMC_PID / A_original3,7.724,791.6422869400626,0.013254621726857794,10.492919056375145
C4 -- IMC_PID / A_original3,7.728,784.8767337181457,0.013283326358580321,10.425773805234673
C4 -- IMC_PID / A_original3,7.732,778.1603674825335,0.013312030990302854,10.358894927352944
C4 -- IMC_PID / A_original3,7.736000000000001,771.4930613687634,0.01334073562202539,10.292284965947683
C4 -- IMC_PID / A_original3,7.74,764.8746819436418,0.013369440253747922,10.225946361849964
C4 -- IMC_PID / A_original3,7.744,758.3050894266744,0.013398144885470451,10.159881455528211
C4 -- IMC_PID / A_original3,7.748,751.7841379176933,0.013426849517192987,10.094092489233526
C4 -- IMC_PID / A_original3,7.752000000000001,745.3116756045082,0.01345555414891552,10.028581608915418
C4 -- IMC_PID / A_original3,7.756,738.8875449818619,0.01348425878063805,9.963350866325763
C4 -- IMC_PID / A_original3,7.76,732.5115830525426,0.013512963412360577,9.898402220919335
C4 -- IMC_PID / A_original3,7.764,726.1836215288287,0.013541668044083112,9.833737541793484
C4 -- IMC_PID / A_original3,7.768000000000001,719.903487040861,0.013570372675805647,9.769358609756505
C4 -- IMC_PID / A_original3,7.772,713.6710013130149,0.013599077307528174,9.705267118996732
C4 -- IMC_PID / A_original3,7.776,707.4859813666309,0.013627781939250707,9.641464679141235
C4 -- IMC_PID / A_original3,7.78,701.3482396981387,0.013656486570973243,9.577952817013355
C4 -- IMC_PID / A_original3,7.784000000000001,695.257584459021,0.013685191202695776,9.51473297844611
C4 -- IMC_PID / A_original3,7.788,689.213819634148,0.013713895834418306,9.451806530104271
C4 -- IMC_PID / A_original3,7.792,683.216745213288,0.013742600466140833,9.389174761243355
C4 -- IMC_PID / A_original3,7.796,677.2661573596332,0.013771305097863368,9.32683888545705
C4 -- IMC_PID / A_original3,7.800000000000001,671.3618462738782,0.013800009729585904,9.264800010652275
C4 -- IMC_PID / A_original3,7.804,665.5036055146389,0.013828714361308432,9.203059267082828
C4 -- IMC_PID / A_original3,7.808,659.6912184592983,0.01385741899303096,9.141617620213616
C4 -- IMC_PID / A_original3,7.812,653.9244675595683,0.013886123624753494,9.080475997783271
C4 -- IMC_PID / A_original3,7.816000000000001,648.2031322181587,0.01391482825647603,9.019635260125503
C4 -- IMC_PID / A_original3,7.82,642.5269889343642,0.013943532888198561,8.9590962017615
C4 -- IMC_PID / A_original3,7.824,636.8958114456469,0.01397223751992109,8.898859552961456
C4 -- IMC_PID / A_original3,7.828,631.3093708677573,0.014000942151643624,8.83892598131
C4 -- IMC_PID / A_original3,7.832000000000001,625.7674358218007,0.01402964678336616,8.779296093112617
C4 -- IMC_PID / A_original3,7.836,620.2697725718491,0.014058351415088688,8.719970434972193
C4 -- IMC_PID / A_original3,7.84,614.8161451494814,0.014087056046811213,8.660949495205163
C4 -- IMC_PID / A_original3,7.844,609.4063154744601,0.014115760678533752,8.602233705224519
C4 -- IMC_PID / A_original3,7.848000000000001,604.0400434788908,0.014144465310256284,8.543823440992869
C4 -- IMC_PID / A_original3,7.852,598.7170872243114,0.014173169941978812,8.485719024396717
C4 -- IMC_PID / A_original3,7.856,593.4372030121452,0.014201874573701347,8.42792072454663
C4 -- IMC_PID / A_original3,7.86,588.20014550028,0.01423057920542388,8.370428759183584
C4 -- IMC_PID / A_original3,7.864000000000001,583.0056678064232,0.014259283837146412,8.31324329591688
C4 -- IMC_PID / A_original3,7.868,577.8535216133871,0.014287988468868943,8.256364453507386
C4 -- IMC_PID / A_original3,7.872,572.7434572747604,0.014316693100591471,8.199792303174469
C4 -- IMC_PID / A_original3,7.876,567.6752239092478,0.014345397732314007,8.14352686975857
C4 -- IMC_PID / A_original3,7.880000000000001,562.6485695022756,0.01437410236403654,8.087568133004437
C4 -- IMC_PID / A_original3,7.884,557.6632409940828,0.014402806995759071,8.031916028667252
C4 -- IMC_PID / A_original3,7.888,552.7189843754393,0.014431511627481599,7.9765704497439724
C4 -- IMC_PID / A_original3,7.892,547.8155447726617,0.014460216259204134,7.9215312475664135
C4 -- IMC_PID / A_original3,7.896000000000001,542.9526665357287,0.014488920890926668,7.86679823295386
C4 -- IMC_PID / A_original3,7.9,538.1300933203396,0.014517625522649198,7.812371177292957
C4 -- IMC_PID / A_original3,7.904,533.3475681674964,0.014546330154371727,7.758249813595683
C4 -- IMC_PID / A_original3,7.9079999999999995,528.6048335849855,0.014575034786094256,7.704433837598729
C4 -- IMC_PID / A_original3,7.912,523.9016316217942,0.01460373941781679,7.650922908773728
C4 -- IMC_PID / A_original3,7.916,519.2377039398524,0.014632444049539325,7.597716651311155
C4 -- IMC_PID / A_original3,7.92,514.6127918889146,0.014661148681261855,7.544814655162641
C4 -- IMC_PID / A_original3,7.9239999999999995,510.0266365727467,0.014689853312984382,7.492216476968445
C4 -- IMC_PID / A_original3,7.928,505.47897891967267,0.014718557944706917,7.439921641060488
C4 -- IMC_PID / A_original3,7.932,500.9695597435679,0.014747262576429453,7.387929640336658
C4 -- IMC_PID / A_original3,7.936,496.4981198095855,0.014775967208151981,7.336239937215549
C4 -- IMC_PID / A_original3,7.9399999999999995,492.0643998941229,0.014804671839874512,7.284851964517272
C4 -- IMC_PID / A_original3,7.944,487.6681408439234,0.014833376471597047,7.233765126341728
C4 -- IMC_PID / A_original3,7.948,483.30908363316485,0.014862081103319581,7.182978798927162
C4 -- IMC_PID / A_original3,7.952,478.9869694189363,0.014890785735042109,7.132492331494548
C4 -- IMC_PID / A_original3,7.9559999999999995,474.7015395933697,0.014919490366764638,7.082305047051622
C4 -- IMC_PID / A_original3,7.96,470.4525358354141,0.014948194998487173,7.032416243200545
C4 -- IMC_PID / A_original3,7.964,466.2397001631514,0.01497689963020971,6.982825192962587
C4 -- IMC_PID / A_original3,7.968,462.06277497908883,0.015005604261932237,6.933531145506452
C4 -- IMC_PID / A_original3,7.9719999999999995,457.92150311662425,0.015034308893654764,6.884533326902022
C4 -- IMC_PID / A_original3,7.976,453.8156278867726,0.0150630135253773,6.835830940886048
C4 -- IMC_PID / A_original3,7.98,449.74489312022195,0.015091718157099835,6.787423169565378
C4 -- IMC_PID / A_original3,7.984,445.70904320883676,0.015120422788822366,6.739309174119108
C4 -- IMC_PID / A_original3,7.9879999999999995,441.7078231474883,0.015149127420544894,6.69148809551281
C4 -- IMC_PID / A_original3,7.992,437.7409785708748,0.015177832052267429,6.643959055143934
C4 -- IMC_PID / A_original3,7.996,433.80825579058734,0.015206536683989965,6.596721155497269
C4 -- IMC_PID / A_original3,8.0,429.9094018339201,0.015235241315712493,6.549773480833384
C4 -- IMC_PID / A_original3,8.004,426.04416447562363,0.01526394594743502,6.503115097776035
C4 -- IMC_PID / A_original3,8.008,422.2122922727598,0.01529265057915755,6.456745055952457
C4 -- IMC_PID / A_original3,8.012,418.41353459590067,0.015321355210880091,6.41066238858366
C4 -- IMC_PID / A_original3,8.016,414.64764165966244,0.015350059842602617,6.364866113069865
C4 -- IMC_PID / A_original3,8.02,410.9143645536046,0.01537876447432515,6.319355231586869
C4 -- IMC_PID / A_original3,8.024000000000001,407.2134552696948,0.01540746910604769,6.274128731634756
C4 -- IMC_PID / A_original3,8.028,403.54466672792944,0.01543617373777022,6.229185586562901
C4 -- IMC_PID / A_original3,8.032,399.9077528067422,0.015464878369492749,6.184524756173441
C4 -- IMC_PID / A_original3,8.036,396.3024683624747,0.015493583001215276,6.140145187160493
C4 -- IMC_PID / A_original3,8.04,392.72856925780377,0.015522287632937806,6.096045813691766
C4 -- IMC_PID / A_original3,8.044,389.1858123824597,0.015550992264660345,6.052225557875183
C4 -- IMC_PID / A_original3,8.048,385.673955675239,0.015579696896382873,6.008683330249227
C4 -- IMC_PID / A_original3,8.052,382.1927581455008,0.015608401528105406,5.9654180302690545
C4 -- IMC_PID / A_original3,8.056000000000001,378.7419798922786,0.015637106159827944,5.922428546758981
C4 -- IMC_PID / A_original3,8.06,375.32138212409245,0.015665810791550473,5.879713758379246
C4 -- IMC_PID / A_original3,8.064,371.9307271773526,0.015694515423273003,5.837272534074104
C4 -- IMC_PID / A_original3,8.068,368.5697785321445,0.015723220054995532,5.795103733481876
C4 -- IMC_PID / A_original3,8.072,365.23830083004907,0.01575192468671806,5.753206207379808
C4 -- IMC_PID / A_original3,8.076,361.93605988892796,0.0157806293184406,5.71157879808409
C4 -- IMC_PID / A_original3,8.08,358.66282271780096,0.01580933395016313,5.670220339853871
C4 -- IMC_PID / A_original3,8.084,355.4183575317472,0.01583803858188566,5.629129659298243
C4 -- IMC_PID / A_original3,8.088000000000001,352.2024337632162,0.0158667432136082,5.5883055757288025
C4 -- IMC_PID / A_original3,8.092,349.01482207627555,0.01589544784533073,5.547746901560822
C4 -- IMC_PID / A_original3,8.096,345.8552943784706,0.01592415247705326,5.507452442678907
C4 -- IMC_PID / A_original3,8.1,342.7236238297572,0.015952857108775788,5.467420998757941
C4 -- IMC_PID / A_original3,8.104,339.6195848554001,0.015981561740498317,5.427651363648984
C4 -- IMC_PID / A_original3,8.108,336.5429531543642,0.016010266372220857,5.388142325695217
C4 -- IMC_PID / A_original3,8.112,333.4935057088552,0.016038971003943386,5.348892668067757
C4 -- IMC_PID / A_original3,8.116,330.47102079285264,0.016067675635665916,5.309901169086962
C4 -- IMC_PID / A_original3,8.120000000000001,327.4752779802393,0.016096380267388456,5.271166602538673
C4 -- IMC_PID / A_original3,8.124,324.506058151032,0.016125084899110985,5.232687737961237
C4 -- IMC_PID / A_original3,8.128,321.56314349948417,0.016153789530833514,5.194463340963883
C4 -- IMC_PID / A_original3,8.132,318.6463175400636,0.01618249416255604,5.156492173512057
C4 -- IMC_PID / A_original3,8.136,315.7553651129957,0.016211198794278573,5.118772994206787
C4 -- IMC_PID / A_original3,8.14,312.89007238823365,0.016239903426001113,5.081304558539411
C4 -- IMC_PID / A_original3,8.144,310.05022687304967,0.01626860805772364,5.044085619205938
C4 -- IMC_PID / A_original3,8.148,307.2356174133661,0.01629731268944617,5.007114926320681
C4 -- IMC_PID / A_original3,8.152000000000001,304.44603419904695,0.01632601732116871,4.970391227694762
C4 -- IMC_PID / A_original3,8.156,301.6812687670383,0.01635472195289124,4.933913269080364
C4 -- IMC_PID / A_original3,8.16,298.94111400384537,0.01638342658461377,4.897679794404656
C4 -- IMC_PID / A_original3,8.164,296.2253641482302,0.016412131216336296,4.861689546007756
C4 -- IMC_PID / A_original3,8.168,293.5338147937674,0.016440835848058825,4.825941264878831
C4 -- IMC_PID / A_original3,8.172,290.86626288899527,0.01646954047978137,4.790433690853037
C4 -- IMC_PID / A_original3,8.176,288.22250674107966,0.016498245111503895,4.755165562866416
C4 -- IMC_PID / A_original3,8.18,285.6023460142093,0.016526949743226424,4.720135619124401
C4 -- IMC_PID / A_original3,8.184000000000001,283.0055817320453,0.016555654374948964,4.685342597337113
C4 -- IMC_PID / A_original3,8.188,280.43201627690115,0.016584359006671493,4.650785234900872
C4 -- IMC_PID / A_original3,8.192,277.8814533899676,0.016613063638394023,4.616462269096954
C4 -- IMC_PID / A_original3,8.196,275.3536981710009,0.016641768270116552,4.582372437281412
C4 -- IMC_PID / A_original3,8.2,272.848557077102,0.01667047290183908,4.548514477059722
C4 -- IMC_PID / A_original3,8.204,270.3658379225079,0.01669917753356162,4.514887126478107
C4 -- IMC_PID / A_original3,8.208,267.9053498765084,0.01672788216528415,4.481489124183455
C4 -- IMC_PID / A_original3,8.212,265.46690346171766,0.01675658679700668,4.448319209588865
C4 -- IMC_PID / A_original3,8.216000000000001,263.0503105530588,0.01678529142872922,4.415376123050818
C4 -- IMC_PID / A_original3,8.22,260.65538437533684,0.01681399606045175,4.38265860602245
C4 -- IMC_PID / A_original3,8.224,258.2819394996995,0.01684270069217428,4.350165401187704
C4 -- IMC_PID / A_original3,8.228,255.92979184283362,0.016871405323896808,4.317895252640985
C4 -- IMC_PID / A_original3,8.232,253.598758663139,0.016900109955619337,4.285846906015621
C4 -- IMC_PID / A_original3,8.236,251.2886585571978,0.016928814587341877,4.254019108616663
C4 -- IMC_PID / A_original3,8.24,248.9993114575717,0.01695751921906441,4.222410609575577
C4 -- IMC_PID / A_original3,8.244,246.73053862849713,0.016986223850786936,4.191020159968885
C4 -- IMC_PID / A_original3,8.248000000000001,244.48216266257813,0.017014928482509475,4.159846512953015
C4 -- IMC_PID / A_original3,8.252,242.25400747687937,0.017043633114232005,4.128888423888349
C4 -- IMC_PID / A_original3,8.256,240.04589830831569,0.017072337745954534,4.098144650450622
C4 -- IMC_PID / A_original3,8.26,237.8576617105284,0.01710104237767706,4.06761395276692
C4 -- IMC_PID / A_original3,8.264,235.68912554783208,0.017129747009399593,4.0372950935009815
C4 -- IMC_PID / A_original3,8.268,233.54011899268255,0.017158451641122133,4.007186837997852
C4 -- IMC_PID / A_original3,8.272,231.41047251897513,0.017187156272844662,3.9772879543564508
C4 -- IMC_PID / A_original3,8.276,229.30001789866157,0.01721586090456719,3.947597213558125
C4 -- IMC_PID / A_original3,8.280000000000001,227.20858819548522,0.01724456553628973,3.91811338954491
C4 -- IMC_PID / A_original3,8.284,225.13601776124213,0.01727327016801226,3.8888352593403424
C4 -- IMC_PID / A_original3,8.288,223.08214222907648,0.01730197479973479,3.8597616031183337
C4 -- IMC_PID / A_original3,8.292,221.0467985088565,0.017330679431457316,3.8308912043069294
C4 -- IMC_PID / A_original3,8.296,219.0298247815747,0.017359384063179845,3.8022228496743415
C4 -- IMC_PID / A_original3,8.3,217.03106049376714,0.01738808869490239,3.7737553294143487
C4 -- IMC_PID / A_original3,8.304,215.05034635135436,0.017416793326624914,3.7454874372206453
C4 -- IMC_PID / A_original3,8.308,213.08752431411872,0.017445497958347447,3.71741797037127
C4 -- IMC_PID / A_original3,8.312000000000001,211.14243758979103,0.017474202590069987,3.689545729805217
C4 -- IMC_PID / A_original3,8.316,209.21493062790796,0.017502907221792516,3.661869520194031
C4 -- IMC_PID / A_original3,8.32,207.30484911346102,0.017531611853515046,3.6343881500087014
C4 -- IMC_PID / A_original3,8.324,205.41203996134712,0.017560316485237572,3.6071004315995228
C4 -- IMC_PID / A_original3,8.328,203.5363513090911,0.0175890211169601,3.580005181244613
C4 -- IMC_PID / A_original3,8.332,201.67763251156092,0.017617725748682644,3.553101219232283
C4 -- IMC_PID / A_original3,8.336,199.8357341336166,0.01764643038040517,3.5263873699060224
C4 -- IMC_PID / A_original3,8.34,198.01050794400746,0.0176751350121277,3.499862461730316
C4 -- IMC_PID / A_original3,8.344000000000001,196.20180690893662,0.017703839643850243,3.4735253273494826
C4 -- IMC_PID / A_original3,8.348,194.40948518527574,0.01773254427557277,3.4473748036392102
C4 -- IMC_PID / A_original3,8.352,192.63339811371333,0.0177612489072953,3.4214097317557717
C4 -- IMC_PID / A_original3,8.356,190.87340221230053,0.017789953539017828,3.395628957191089
C4 -- IMC_PID / A_original3,8.36,189.12935516949818,0.017818658170740357,3.370031329817834
C4 -- IMC_PID / A_original3,8.364,187.4011158374888,0.0178473628024629,3.3446157039380386
C4 -- IMC_PID / A_original3,8.368,185.6885442252518,0.017876067434185426,3.319380938326324
C4 -- IMC_PID / A_original3,8.372,183.99150149142338,0.017904772065907956,3.294325896268099
C4 -- IMC_PID / A_original3,8.376000000000001,182.30984993791782,0.0179334766976305,3.2694494456101624
C4 -- IMC_PID / A_original3,8.38,180.64345300210957,0.017962181329353025,3.244750458784353
C4 -- IMC_PID / A_original3,8.384,178.99217525092385,0.017990885961075554,3.220227812864221
C4 -- IMC_PID / A_original3,8.388,177.3558823726463,0.018019590592798083,3.195880389579541
C4 -- IMC_PID / A_original3,8.392,175.73444117062925,0.018048295224520613,3.1717070753636665
C4 -- IMC_PID / A_original3,8.396,174.1277195562178,0.018076999856243153,3.1477067613856975
C4 -- IMC_PID / A_original3,8.4,172.5355865410557,0.018105704487965682,3.1238783435701833
C4 -- IMC_PID / A_original3,8.404,170.95791223060078,0.01813440911968821,3.100220722637464
C4 -- IMC_PID / A_original3,8.408000000000001,169.39456781669716,0.018163113751410755,3.076732804125734
C4 -- IMC_PID / A_original3,8.412,167.84542557051893,0.01819181838313328,3.053413498418595
C4 -- IMC_PID / A_original3,8.416,166.31035883511962,0.01822052301485581,3.030261720764225
C4 -- IMC_PID / A_original3,8.42,164.78924201894569,0.01824922764657834,3.0072763913108327
C4 -- IMC_PID / A_original3,8.424,163.28195058810905,0.01827793227830087,2.984456435118326
C4 -- IMC_PID / A_original3,8.428,161.78836105913777,0.01830663691002341,2.9618007821774053
C4 -- IMC_PID / A_original3,8.432,160.30835099233158,0.018335341541745938,2.939308367438486
C4 -- IMC_PID / A_original3,8.436,158.84179898419126,0.018364046173468467,2.916978130822485
C4 -- IMC_PID / A_original3,8.44,157.3885846604373,0.018392750805190997,2.8948090172411294
C4 -- IMC_PID / A_original3,8.443999999999999,155.94858866849802,0.018421455436913522,2.8727999766062933
C4 -- IMC_PID / A_original3,8.448,154.52169267095903,0.018450160068636066,2.8509499638557823
C4 -- IMC_PID / A_original3,8.452,153.1077793378073,0.018478864700358595,2.8292579389557004
C4 -- IMC_PID / A_original3,8.456,151.70673233958937,0.01850756933208112,2.8077228669184233
C4 -- IMC_PID / A_original3,8.46,150.31843634028726,0.018536273963803664,2.7863437178141455
C4 -- IMC_PID / A_original3,8.464,148.94277698991752,0.018564978595526194,2.76511946677605
C4 -- IMC_PID / A_original3,8.468,147.57964091794398,0.01859368322724872,2.744049094019364
C4 -- IMC_PID / A_original3,8.472,146.2289157255159,0.018622387858971252,2.7231315848373776
C4 -- IMC_PID / A_original3,8.475999999999999,144.89048997891987,0.01865109249069378,2.7023659296187748
C4 -- IMC_PID / A_original3,8.48,143.564253202202,0.01867979712241632,2.681751123848341
C4 -- IMC_PID / A_original3,8.484,142.25009587013233,0.01870850175413885,2.6612861681127904
C4 -- IMC_PID / A_original3,8.488,140.9479094015145,0.018737206385861377,2.640970068111868
C4 -- IMC_PID / A_original3,8.492,139.65758615157623,0.01876591101758392,2.62080183465104
C4 -- IMC_PID / A_original3,8.496,138.37901940542912,0.01879461564930645,2.600780483652959
C4 -- IMC_PID / A_original3,8.5,137.11210337100093,0.018823320281028975,2.580905036157903
C4 -- IMC_PID / A_original3,8.504,135.85673317196097,0.018852024912751505,2.561174518322842
C4 -- IMC_PID / A_original3,8.508,134.6128048408465,0.018880729544474034,2.541587961423088
C4 -- IMC_PID / A_original3,8.512,133.3802153122974,0.018909434176196574,2.522144401854814
C4 -- IMC_PID / A_original3,8.516,132.15886241583843,0.018938138807919107,2.502842881127832
C4 -- IMC_PID / A_original3,8.52,130.94864486945096,0.018966843439641633,2.483682445872108
C4 -- IMC_PID / A_original3,8.524000000000001,129.74946227241648,0.018995548071364176,2.4646621478293396
C4 -- IMC_PID / A_original3,8.528,128.56121509854435,0.019024252703086705,2.4457810438505936
C4 -- IMC_PID / A_original3,8.532,127.38380468962299,0.01905295733480923,2.427038195897059
C4 -- IMC_PID / A_original3,8.536,126.21713324846286,0.01908166196653176,2.408432671031865
C4 -- IMC_PID / A_original3,8.54,125.06110383223069,0.01911036659825429,2.389963541416273
C4 -- IMC_PID / A_original3,8.544,123.9156203457519,0.01913907122997683,2.3716298843041117
C4 -- IMC_PID / A_original3,8.548,122.78058753489657,0.01916777586169936,2.353430782036656
C4 -- IMC_PID / A_original3,8.552,121.65591097995433,0.01919648049342189,2.335365322036163
C4 -- IMC_PID / A_original3,8.556000000000001,120.54149708899676,0.01922518512514443,2.317432596798021
C4 -- IMC_PID / A_original3,8.56,119.437253091346,0.01925388975686696,2.2996317038837932
C4 -- IMC_PID / A_original3,8.564,118.34308703092658,0.019282594388589487,2.2819617459109023
C4 -- IMC_PID / A_original3,8.568,117.25890776002477,0.019311299020312016,2.2644218305490234
C4 -- IMC_PID / A_original3,8.572,116.18462493260678,0.019340003652034546,2.247011070506879
C4 -- IMC_PID / A_original3,8.576,115.12014899795223,0.019368708283757082,2.229728583523987
C4 -- IMC_PID / A_original3,8.58,114.0653911942224,0.019397412915479615,2.212573492360044
C4 -- IMC_PID / A_original3,8.584,113.02026354220168,0.019426117547202144,2.195544924786575
C4 -- IMC_PID / A_original3,8.588000000000001,111.98467883889558,0.019454822178924684,2.1786420135747036
C4 -- IMC_PID / A_original3,8.592,110.95855065118423,0.019483526810647214,2.1618638964829047
C4 -- IMC_PID / A_original3,8.596,109.94179330966273,0.019512231442369743,2.1452097162473165
C4 -- IMC_PID / A_original3,8.6,108.93432190240769,0.019540936074092272,2.1286786205695383
C4 -- IMC_PID / A_original3,8.604,107.93605226873538,0.0195696407058148,2.112269762103198
C4 -- IMC_PID / A_original3,8.608,106.9469009931013,0.01959834533753734,2.0959822984422143
C4 -- IMC_PID / A_original3,8.612,105.96678539897827,0.01962704996925987,2.0798153921075837
C4 -- IMC_PID / A_original3,8.616,104.99562354278501,0.0196557546009824,2.0637682105341124
C4 -- IMC_PID / A_original3,8.620000000000001,104.03333420776674,0.01968445923270494,2.0478399260551527
C4 -- IMC_PID / A_original3,8.624,103.07983689814603,0.01971316386442747,2.0320297158916096
C4 -- IMC_PID / A_original3,8.628,102.13505183301845,0.01974186849615,2.016336762134914
C4 -- IMC_PID / A_original3,8.632,101.19889994051148,0.019770573127872528,2.000760251734137
C4 -- IMC_PID / A_original3,8.636,100.2713028519003,0.019799277759595058,1.98529937648125
C4 -- IMC_PID / A_original3,8.64,99.35218289557211,0.019827982391317597,1.9699533329923693
C4 -- IMC_PID / A_original3,8.644,98.44146309149218,0.019856687023040127,1.9547213226979163
C4 -- IMC_PID / A_original3,8.648,97.53906714524952,0.019885391654762656,1.9396025518234792
C4 -- IMC_PID / A_original3,8.652000000000001,96.64491944233028,0.019914096286485196,1.9245962313741702
C4 -- IMC_PID / A_original3,8.656,95.75894504248197,0.019942800918207725,1.9097015771198125
C4 -- IMC_PID / A_original3,8.66,94.88106967396736,0.019971505549930255,1.8949178095769583
C4 -- IMC_PID / A_original3,8.664,94.01121972797988,0.02000021018165278,1.8802441539931398
C4 -- IMC_PID / A_original3,8.668,93.1493222530803,0.020028914813375313,1.8656798403305908
C4 -- IMC_PID / A_original3,8.672,92.29530494963693,0.020057619445097853,1.8512241032490737
C4 -- IMC_PID / A_original3,8.676,91.44909616421087,0.020086324076820383,1.8368761820866513
C4 -- IMC_PID / A_original3,8.68,90.61062488425615,0.020115028708542912,1.8226353208458252
C4 -- IMC_PID / A_original3,8.684000000000001,89.77982073252562,0.02014373334026545,1.8085007681728318
C4 -- IMC_PID / A_original3,8.688,88.95661396174629,0.02017243797198798,1.794471777341407
C4 -- IMC_PID / A_original3,8.692,88.14093544931909,0.02020114260371051,1.7805476062361378
C4 -- IMC_PID / A_original3,8.696,87.3327166918435,0.020229847235433036,1.7667275173313468
C4 -- IMC_PID / A_original3,8.7,86.53188979996438,0.020258551867155566,1.753010777675568
C4 -- IMC_PID / A_original3,8.704,85.73838749306279,0.02028725649887811,1.7393966588719676
C4 -- IMC_PID / A_original3,8.708,84.95214309403273,0.020315961130600635,1.7258844370595923
C4 -- IMC_PID / A_original3,8.712,84.17309052422408,0.020344665762323168,1.7124733928971103
C4 -- IMC_PID / A_original3,8.716000000000001,83.40116429809075,0.020373370394045708,1.699162811539664
C4 -- IMC_PID / A_original3,8.72,82.63629951833612,0.020402075025768233,1.6859519826249487
C4 -- IMC_PID / A_original3,8.724,81.87843187070135,0.020430779657490766,1.6728402002511686
C4 -- IMC_PID / A_original3,8.728,81.1274976189366,0.020459484289213292,1.6598267629578223
C4 -- IMC_PID / A_original3,8.732,80.38343359997532,0.02048818892093582,1.6469109737097947
C4 -- IMC_PID / A_original3,8.736,79.64617721876537,0.020516893552658365,1.6340921398735728
C4 -- IMC_PID / A_original3,8.74,78.91566644352554,0.02054559818438089,1.6213695732013063
C4 -- IMC_PID / A_original3,8.744,78.19183980079477,0.02057430281610342,1.6087425898097993
C4 -- IMC_PID / A_original3,8.748000000000001,77.4746363706311,0.020603007447825963,1.5962105101617208
C4 -- IMC_PID / A_original3,8.752,76.76399578179787,0.02063171207954849,1.5837726590457284
C4 -- IMC_PID / A_original3,8.756,76.059858206952,0.02066041671127102,1.5714283655558152
C4 -- IMC_PID / A_original3,8.76,75.36216435802143,0.020689121342993548,1.5591769630737289
C4 -- IMC_PID / A_original3,8.764,74.67085548142424,0.020717825974716077,1.5470177892473216
C4 -- IMC_PID / A_original3,8.768,73.9858733534657,0.02074653060643862,1.5349501859717678
C4 -- IMC_PID / A_original3,8.772,73.3071602756706,0.020775235238161147,1.5229734993686388
C4 -- IMC_PID / A_original3,8.776,72.63465907023968,0.020803939869883676,1.5110870797667673
C4 -- IMC_PID / A_original3,8.780000000000001,71.96831307552537,0.02083264450160622,1.4992902816827187
C4 -- IMC_PID / A_original3,8.784,71.30806614140916,0.020861349133328745,1.4875824637984347
C4 -- IMC_PID / A_original3,8.788,70.65386262499807,0.020890053765051275,1.4759629889447565
C4 -- IMC_PID / A_original3,8.792,70.00564738601405,0.020918758396773804,1.4644312240777675
C4 -- IMC_PID / A_original3,8.796,69.36336578249116,0.020947463028496333,1.452986540260801
C4 -- IMC_PID / A_original3,8.8,68.72696366640655,0.020976167660218873,1.4416283126443146
C4 -- IMC_PID / A_original3,8.804,68.0963873792287,0.021004872291941402,1.4303559204432692
C4 -- IMC_PID / A_original3,8.808,67.4715837478055,0.021033576923663932,1.4191687469209
C4 -- IMC_PID / A_original3,8.812000000000001,66.85250007988098,0.021062281555386475,1.4080661793639502
C4 -- IMC_PID / A_original3,8.816,66.239084160065,0.021090986187109,1.3970476090666817
C4 -- IMC_PID / A_original3,8.82,65.63128424549136,0.02111969081883153,1.3861124313076263
C4 -- IMC_PID / A_original3,8.824,65.02904906173615,0.02114839545055406,1.3752600453310775
C4 -- IMC_PID / A_original3,8.828,64.43232779860365,0.021177100082276586,1.3644898543250814
C4 -- IMC_PID / A_original3,8.832,63.841070106130594,0.02120580471399913,1.3538012654033331
C4 -- IMC_PID / A_original3,8.836,63.255226090405216,0.02123450934572166,1.3431936895824461
C4 -- IMC_PID / A_original3,8.84,62.674746309664535,0.021263213977444188,1.3326665417644274
C4 -- IMC_PID / A_original3,8.844000000000001,62.09958177017156,0.021291918609166727,1.3222192407137867
C4 -- IMC_PID / A_original3,8.848,61.52968392236149,0.021320623240889257,1.3118512090396706
C4 -- IMC_PID / A_original3,8.852,60.96500465677949,0.021349327872611786,1.3015618731728897
C4 -- IMC_PID / A_original3,8.856,60.40549630030762,0.021378032504334316,1.2913506633484224
C4 -- IMC_PID / A_original3,8.86,59.85111161221837,0.02140673713605684,1.2812170135835579
C4 -- IMC_PID / A_original3,8.864,59.3018037803708,0.021435441767779385,1.2711603616584175
C4 -- IMC_PID / A_original3,8.868,58.757526417363906,0.021464146399501914,1.2611801490949002
C4 -- IMC_PID / A_original3,8.872,58.21823355681152,0.02149285103122444,1.2512758211375818
C4 -- IMC_PID / A_original3,8.876000000000001,57.68387964958473,0.021521555662946983,1.2414468267332726
C4 -- IMC_PID / A_original3,8.88,57.15441956005856,0.021550260294669513,1.2316926185100125
C4 -- IMC_PID / A_original3,8.884,56.6298085625012,0.021578964926392042,1.2220126527585091
C4 -- IMC_PID / A_original3,8.888,56.11000233738671,0.02160766955811457,1.2124063894112882
C4 -- IMC_PID / A_original3,8.892,55.59495696774868,0.021636374189837097,1.2028732920221017
C4 -- IMC_PID / A_original3,8.896,55.084628935626455,0.02166507882155964,1.193412827746712
C4 -- IMC_PID / A_original3,8.9,54.57897511854589,0.02169378345328217,1.18402446732381
C4 -- IMC_PID / A_original3,8.904,54.077952785880825,0.0217224880850047,1.174707685052743
C4 -- IMC_PID / A_original3,8.908000000000001,53.58151959544499,0.021751192716727236,1.1654619587756208
C4 -- IMC_PID / A_original3,8.912,53.08963358999257,0.02177989734844977,1.156286769856849
C4 -- IMC_PID / A_original3,8.916,52.60225319379167,0.021808601980172298,1.1471816031636495
C4 -- IMC_PID / A_original3,8.92,52.1193372091728,0.021837306611894824,1.1381459470454451
C4 -- IMC_PID / A_original3,8.924,51.64084481320688,0.021866011243617353,1.1291792933154805
C4 -- IMC_PID / A_original3,8.928,51.166735554263326,0.021894715875339896,1.1202811372292476
C4 -- IMC_PID / A_original3,8.932,50.69696934878152,0.021923420507062422,1.1114509774669918
C4 -- IMC_PID / A_original3,8.936,50.231506477953864,0.02195212513878495,1.1026883161137302
C4 -- IMC_PID / A_original3,8.940000000000001,49.770307584370144,0.02198082977050749,1.0939926586378381
C4 -- IMC_PID / A_original3,8.944,49.31333366891007,0.022009534402230024,1.0853635138745243
C4 -- IMC_PID / A_original3,8.948,48.86054608740078,0.022038239033952554,1.0768003940035935
C4 -- IMC_PID / A_original3,8.952,48.411906547524026,0.02206694366567508,1.0683028145321392
C4 -- IMC_PID / A_original3,8.956,47.9673771056549,0.02209564829739761,1.0598702942751927
C4 -- IMC_PID / A_original3,8.96,47.52692016363739,0.022124352929120152,1.0515023553344305
C4 -- IMC_PID / A_original3,8.964,47.090498465774225,0.022153057560842678,1.0431985230810703
C4 -- IMC_PID / A_original3,8.968,46.6580750957582,0.022181762192565208,1.0349583261369575
C4 -- IMC_PID / A_original3,8.972,46.22961347350291,0.022210466824287737,1.0267812963528817
C4 -- IMC_PID / A_original3,8.975999999999999,45.805077352256646,0.02223917145601027,1.0186669687926484
C4 -- IMC_PID / A_original3,8.98,45.384430815551816,0.022267876087732803,1.01061488171299
C4 -- IMC_PID / A_original3,8.984,44.96763827418624,0.02229658071945534,1.002624576543663
C4 -- IMC_PID / A_original3,8.988,44.554664463353014,0.022325285351177865,0.99469559787034
C4 -- IMC_PID / A_original3,8.992,44.14547443962915,0.022353989982900408,0.986827493413856
C4 -- IMC_PID / A_original3,8.996,43.74003357820098,0.022382694614622934,0.9790198140142253
C4 -- IMC_PID / A_original3,9.0,43.33830756987371,0.022411399246345463,0.9712721136093556
C4b -- IMC_PID / E_original5_retuned,5.0,43.51199062255985,0.08242652127819507,3.5865420209070535
C4b -- IMC_PID / E_original5_retuned,5.004,43.91371598507954,0.08210880960972906,3.605702945074612
C4b -- IMC_PID / E_original5_retuned,5.008,44.319156188704355,0.08179109794126298,3.624912444504449
C4b -- IMC_PID / E_original5_retuned,5.012,44.72834554238734,0.08147338627279696,3.6441697737180596
C4b -- IMC_PID / E_original5_retuned,5.016,45.14131867074634,0.08115567460433089,3.6634741692534964
C4b -- IMC_PID / E_original5_retuned,5.02,45.55811051693909,0.08083796293586487,3.682824849396358
C4b -- IMC_PID / E_original5_retuned,5.024,45.97875634555427,0.0805202512673988,3.7022210139065366
C4b -- IMC_PID / E_original5_retuned,5.028,46.40329174553724,0.08020253959893278,3.721661843742281
C4b -- IMC_PID / E_original5_retuned,5.032,46.83175263312418,0.07988482793046671,3.7411465007793065
C4b -- IMC_PID / E_original5_retuned,5.036,47.26417525484263,0.07956711626200069,3.7606741275296396
C4b -- IMC_PID / E_original5_retuned,5.04,47.70059619047115,0.07924940459353462,3.7802438468514645
C4b -- IMC_PID / E_original5_retuned,5.044,48.141052356104915,0.0789316929250686,3.7998547616617233
C4b -- IMC_PID / E_original5_retuned,5.048,48.5855810071602,0.07861398125660253,3.819505954638036
C4b -- IMC_PID / E_original5_retuned,5.052,49.03421974150219,0.07829626958813651,3.839196487924581
C4b -- IMC_PID / E_original5_retuned,5.056,49.48700650251337,0.07797855791967044,3.8589254028273463
C4b -- IMC_PID / E_original5_retuned,5.06,49.94397958224212,0.07766084625120442,3.8786917195097983
C4b -- IMC_PID / E_original5_retuned,5.064,50.405177624537444,0.07734313458273835,3.8984944366814314
C4b -- IMC_PID / E_original5_retuned,5.068,50.87063962827961,0.07702542291427233,3.9183325312877786
C4b -- IMC_PID / E_original5_retuned,5.072,51.34040495053541,0.07670771124580626,3.9382049581884324
C4b -- IMC_PID / E_original5_retuned,5.076,51.814513309846205,0.07638999957734025,3.958110649839242
C4b -- IMC_PID / E_original5_retuned,5.08,52.29300478948062,0.07607228790887417,3.9780485159655057
C4b -- IMC_PID / E_original5_retuned,5.084,52.775919840713186,0.07575457624040816,3.9980174432309763
C4b -- IMC_PID / E_original5_retuned,5.088,53.26329928617927,0.07543686457194207,4.0180162949063245
C4b -- IMC_PID / E_original5_retuned,5.092,53.75518432322935,0.07511915290347607,4.038043910531205
C4b -- IMC_PID / E_original5_retuned,5.096,54.2516165272598,0.07480144123500998,4.05809910556812
C4b -- IMC_PID / E_original5_retuned,5.1,54.752637855199495,0.07448372956654398,4.078180671061598
C4b -- IMC_PID / E_original5_retuned,5.104,55.258290648877505,0.07416601789807789,4.098287373281839
C4b -- IMC_PID / E_original5_retuned,5.108,55.76861763855874,0.07384830622961189,4.11841795337442
C4b -- IMC_PID / E_original5_retuned,5.112,56.28366194640898,0.0735305945611458,4.138571126997989
C4b -- IMC_PID / E_original5_retuned,5.116,56.80346708999863,0.0732128828926798,4.15874558395826
C4b -- IMC_PID / E_original5_retuned,5.12,57.32807698592059,0.07289517122421371,4.178939987843587
C4b -- IMC_PID / E_original5_retuned,5.124,57.857535953340296,0.07257745955574771,4.199152975648774
C4b -- IMC_PID / E_original5_retuned,5.128,58.391888717612076,0.07225974788728162,4.2193831573968525
C4b -- IMC_PID / E_original5_retuned,5.132,58.93118041396095,0.07194203621881562,4.239629115758737
C4b -- IMC_PID / E_original5_retuned,5.136,59.4754565911326,0.07162432455034953,4.259889405663507
C4b -- IMC_PID / E_original5_retuned,5.14,60.02476321511244,0.07130661288188354,4.280162553906746
C4b -- IMC_PID / E_original5_retuned,5.144,60.579146672872014,0.07098890121341744,4.300447058753638
C4b -- IMC_PID / E_original5_retuned,5.148,61.138653776153745,0.07067118954495145,4.320741389537723
C4b -- IMC_PID / E_original5_retuned,5.152,61.703331765252656,0.07035347787648535,4.341043986252139
C4b -- IMC_PID / E_original5_retuned,5.156,62.27322831288263,0.07003576620801935,4.361353259139659
C4b -- IMC_PID / E_original5_retuned,5.16,62.84839152800244,0.06971805453955326,4.381667588272471
C4b -- IMC_PID / E_original5_retuned,5.164,63.42886995977745,0.06940034287108726,4.401985323134162
C4b -- IMC_PID / E_original5_retuned,5.168,64.01471260144866,0.06908263120262118,4.422304782187664
C4b -- IMC_PID / E_original5_retuned,5.172,64.60596889435935,0.06876491953415516,4.442624252446752
C4b -- IMC_PID / E_original5_retuned,5.176,65.20268873191075,0.06844720786568909,4.462941989034919
C4b -- IMC_PID / E_original5_retuned,5.18,65.80492246359228,0.06812949619722307,4.483256214741869
C4b -- IMC_PID / E_original5_retuned,5.184,66.41272089909857,0.067811784528757,4.503565119578149
C4b -- IMC_PID / E_original5_retuned,5.188,67.02613531236854,0.06749407286029098,4.5238668603167245
C4b -- IMC_PID / E_original5_retuned,5.192,67.64521744574228,0.06717636119182491,4.544159560034719
C4b -- IMC_PID / E_original5_retuned,5.196,68.27001951414424,0.06685864952335889,4.564441307649042
C4b -- IMC_PID / E_original5_retuned,5.2,68.90059420920676,0.06654093785489282,4.584710157440015
C4b -- IMC_PID / E_original5_retuned,5.204,69.53699470363087,0.0662232261864268,4.6049641285829095
C4b -- IMC_PID / E_original5_retuned,5.208,70.1792746553159,0.06590551451796073,4.625201204655875
C4b -- IMC_PID / E_original5_retuned,5.212,70.82748821179025,0.06558780284949471,4.6454193331598095
C4b -- IMC_PID / E_original5_retuned,5.216,71.48169001442503,0.06527009118102864,4.665616425015546
C4b -- IMC_PID / E_original5_retuned,5.22,72.14193520291902,0.06495237951256262,4.685790354070697
C4b -- IMC_PID / E_original5_retuned,5.224,72.8082794195968,0.06463466784409655,4.70593895658581
C4b -- IMC_PID / E_original5_retuned,5.228,73.48077881392868,0.06431695617563053,4.726060030726652
C4b -- IMC_PID / E_original5_retuned,5.232,74.1594900469817,0.06399924450716446,4.746151336043411
C4b -- IMC_PID / E_original5_retuned,5.236,74.84447029593059,0.06368153283869844,4.766210592945294
C4b -- IMC_PID / E_original5_retuned,5.24,75.53577725859489,0.06336382117023237,4.786235482168112
C4b -- IMC_PID / E_original5_retuned,5.244,76.23346915803832,0.06304610950176635,4.806223644237212
C4b -- IMC_PID / E_original5_retuned,5.248,76.93760474715798,0.06272839783330027,4.826172678920937
C4b -- IMC_PID / E_original5_retuned,5.252,77.64824331339119,0.062410686164834264,4.846080144682748
C4b -- IMC_PID / E_original5_retuned,5.256,78.36544468336541,0.062092974496368185,4.86594355812076
C4b -- IMC_PID / E_original5_retuned,5.26,79.08926922764702,0.061775262827902175,4.8857603934046105
C4b -- IMC_PID / E_original5_retuned,5.264,79.81977786541493,0.06145755115943609,4.905528081698563
C4b -- IMC_PID / E_original5_retuned,5.268,80.5570320694783,0.061139839490970085,4.925244010596833
C4b -- IMC_PID / E_original5_retuned,5.272,81.30109387083563,0.060822127822504,4.944905523521361
C4b -- IMC_PID / E_original5_retuned,5.276,82.05202586377186,0.060504416154037996,4.964509919143541
C4b -- IMC_PID / E_original5_retuned,5.28,82.80989121065244,0.06018670448557191,4.984054450777897
C4b -- IMC_PID / E_original5_retuned,5.284,83.57475364688081,0.059868992817105914,5.003536325776503
C4b -- IMC_PID / E_original5_retuned,5.288,84.34667748596812,0.05955128114863981,5.022952704920535
C4b -- IMC_PID / E_original5_retuned,5.292,85.12572762440062,0.05923356948017382,5.042300701790286
C4b -- IMC_PID / E_original5_retuned,5.296,85.91196954685026,0.05891585781170773,5.061577382145995
C4b -- IMC_PID / E_original5_retuned,5.3,86.70546933116805,0.05859814614324173,5.080779763286149
C4b -- IMC_PID / E_original5_retuned,5.304,87.50629365361573,0.05828043447477564,5.099904813410027
C4b -- IMC_PID / E_original5_retuned,5.308,88.31450979393782,0.057962722806309645,5.118949450961136
C4b -- IMC_PID / E_original5_retuned,5.312,89.1301856405905,0.05764501113784355,5.137910543969903
C4b -- IMC_PID / E_original5_retuned,5.316,89.95338969603918,0.05732729946937755,5.156784909390459
C4b -- IMC_PID / E_original5_retuned,5.32,90.78419108203649,0.05700958780091146,5.175569312426083
C4b -- IMC_PID / E_original5_retuned,5.324,91.62265954489891,0.05669187613244546,5.19426046584463
C4b -- IMC_PID / E_original5_retuned,5.328,92.46886546089979,0.056374164463979366,5.212855029290346
C4b -- IMC_PID / E_original5_retuned,5.332,93.32287984162161,0.05605645279551337,5.231349608583228
C4b -- IMC_PID / E_original5_retuned,5.336,94.18477433948323,0.055738741127047284,5.249740755017822
C4b -- IMC_PID / E_original5_retuned,5.34,95.05462125314241,0.05542102945858127,5.268024964644691
C4b -- IMC_PID / E_original5_retuned,5.344,95.93249353303071,0.055103317790115194,5.286198677548762
C4b -- IMC_PID / E_original5_retuned,5.348,96.81846478688284,0.05478560612164918,5.304258277116924
C4b -- IMC_PID / E_original5_retuned,5.352,97.71260928537653,0.054467894453183105,5.322200089301008
C4b -- IMC_PID / E_original5_retuned,5.356,98.61500196767444,0.05415018278471709,5.340020381864806
C4b -- IMC_PID / E_original5_retuned,5.36,99.52571844719724,0.05383247111625101,5.357715363632876
C4b -- IMC_PID / E_original5_retuned,5.364,100.44483501718594,0.053514759447785,5.375281183717156
C4b -- IMC_PID / E_original5_retuned,5.368,101.372428656627,0.053197047779318926,5.392713930752185
C4b -- IMC_PID / E_original5_retuned,5.372,102.30857703589749,0.05287933611085291,5.410009632104311
C4b -- IMC_PID / E_original5_retuned,5.376,103.25335852251285,0.05256162444238684,5.427164253075443
C4b -- IMC_PID / E_original5_retuned,5.38,104.20685218719312,0.05224391277392082,5.4441736961125775
C4b -- IMC_PID / E_original5_retuned,5.384,105.16913780957908,0.05192620110545475,5.461033799987488
C4b -- IMC_PID / E_original5_retuned,5.388,106.14029588420985,0.05160848943698873,5.477740338979102
C4b -- IMC_PID / E_original5_retuned,5.392,107.120407626554,0.051290777768522665,5.494289022047141
C4b -- IMC_PID / E_original5_retuned,5.396,108.10955497883454,0.05097306610005664,5.51067549198384
C4b -- IMC_PID / E_original5_retuned,5.4,109.1078206163543,0.05065535443159057,5.526895324579832
C4b -- IMC_PID / E_original5_retuned,5.404,110.11528795326254,0.05033764276312455,5.542944027749922
C4b -- IMC_PID / E_original5_retuned,5.408,111.13204114884277,0.05001993109465848,5.558817040673866
C4b -- IMC_PID / E_original5_retuned,5.412,112.1581651136454,0.04970221942619246,5.5745097329175275
C4b -- IMC_PID / E_original5_retuned,5.416,113.19374551564162,0.049384507757726376,5.590017403543309
C4b -- IMC_PID / E_original5_retuned,5.42,114.23886878645847,0.04906679608926037,5.6053352802129295
C4b -- IMC_PID / E_original5_retuned,5.424,115.29362212767958,0.048749084420794286,5.620458518281408
C4b -- IMC_PID / E_original5_retuned,5.428,116.3580935169764,0.04843137275232828,5.635382199870957
C4b -- IMC_PID / E_original5_retuned,5.432,117.43237171465769,0.0481136610838622,5.650101332953166
C4b -- IMC_PID / E_original5_retuned,5.436,118.51654626981434,0.047795949415396194,5.664610850399509
C4b -- IMC_PID / E_original5_retuned,5.44,119.61070752700331,0.04747823774693011,5.678905609045586
C4b -- IMC_PID / E_original5_retuned,5.444,120.71494663232806,0.047160526078464104,5.69298038871431
C4b -- IMC_PID / E_original5_retuned,5.448,121.8293555400374,0.04684281440999802,5.706829891251636
C4b -- IMC_PID / E_original5_retuned,5.452,122.95402701927233,0.046525102741532015,5.7204487395567485
C4b -- IMC_PID / E_original5_retuned,5.456,124.08905466021353,0.04620739107306593,5.733831476571541
C4b -- IMC_PID / E_original5_retuned,5.46,125.23453288081879,0.045889679404599926,5.746972564285603
C4b -- IMC_PID / E_original5_retuned,5.464,126.3905569334613,0.04557196773613384,5.759866382723685
C4b -- IMC_PID / E_original5_retuned,5.468,127.55722291147433,0.045254256067667836,5.772507228916446
C4b -- IMC_PID / E_original5_retuned,5.472,128.73462775582286,0.04493654439920175,5.784889315864244
C4b -- IMC_PID / E_original5_retuned,5.476,129.92286926188692,0.04461883273073575,5.797006771493381
C4b -- IMC_PID / E_original5_retuned,5.48,131.1220460859269,0.04430112106226966,5.80885363758515
C4b -- IMC_PID / E_original5_retuned,5.484,132.33225775218975,0.04398340939380366,5.820423868720909
C4b -- IMC_PID / E_original5_retuned,5.488,133.55360465936903,0.04366569772533757,5.831711331185243
C4b -- IMC_PID / E_original5_retuned,5.492,134.7861880875459,0.04334798605687157,5.842709801877808
C4b -- IMC_PID / E_original5_retuned,5.496,136.03011020507898,0.04303027438840548,5.853412967209585
C4b -- IMC_PID / E_original5_retuned,5.5,137.28547407525133,0.04271256271993948,5.863814421975798
C4b -- IMC_PID / E_original5_retuned,5.504,138.5523836634014,0.04239485105147346,5.873907668236507
C4b -- IMC_PID / E_original5_retuned,5.508,139.83094384363255,0.042077139383007375,5.883686114166004
C4b -- IMC_PID / E_original5_retuned,5.5120000000000005,141.12126040589607,0.0417594277145413,5.8931430729049765
C4b -- IMC_PID / E_original5_retuned,5.516,142.42344006274902,0.041441716046075286,5.902271761385668
C4b -- IMC_PID / E_original5_retuned,5.52,143.73759045666148,0.04112400437760928,5.911065299166757
C4b -- IMC_PID / E_original5_retuned,5.524,145.0638201665328,0.040806292709143197,5.919516707222047
C4b -- IMC_PID / E_original5_retuned,5.5280000000000005,146.40223871525257,0.040488581040677124,5.9276189067590614
C4b -- IMC_PID / E_original5_retuned,5.532,147.75295657618256,0.04017086937221111,5.93536471797981
C4b -- IMC_PID / E_original5_retuned,5.536,149.11608518078248,0.039853157703745104,5.942746858874813
C4b -- IMC_PID / E_original5_retuned,5.54,150.4917369251467,0.03953544603527902,5.949757943959544
C4b -- IMC_PID / E_original5_retuned,5.5440000000000005,151.88002517750897,0.039217734366812945,5.956390483036409
C4b -- IMC_PID / E_original5_retuned,5.548,153.28106428504117,0.03890002269834693,5.962636879914876
C4b -- IMC_PID / E_original5_retuned,5.552,154.6949695812605,0.038582311029880925,5.968489431142161
C4b -- IMC_PID / E_original5_retuned,5.556,156.12185739279977,0.03826459936141484,5.973940324695424
C4b -- IMC_PID / E_original5_retuned,5.5600000000000005,157.56184504683958,0.037946887692948766,5.978981638686218
C4b -- IMC_PID / E_original5_retuned,5.564,159.01505087823568,0.03762917602448275,5.983605340039211
C4b -- IMC_PID / E_original5_retuned,5.568,160.4815942364644,0.037311464356016746,5.987803283150583
C4b -- IMC_PID / E_original5_retuned,5.572,161.96159549298324,0.03699375268755066,5.991567208548542
C4b -- IMC_PID / E_original5_retuned,5.5760000000000005,163.45517604837943,0.03667604101908459,5.994888741532057
C4b -- IMC_PID / E_original5_retuned,5.58,164.96245833936,0.036358329350618585,5.997759390790149
C4b -- IMC_PID / E_original5_retuned,5.584,166.48356584617864,0.036040617682152554,6.000170547023595
C4b -- IMC_PID / E_original5_retuned,5.588,168.01862309956425,0.03572290601368647,6.002113481534744
C4b -- IMC_PID / E_original5_retuned,5.5920000000000005,169.56775568818293,0.03540519434522041,6.00357934482297
C4b -- IMC_PID / E_original5_retuned,5.596,171.1310902653933,0.03508748267675438,6.004559165141077
C4b -- IMC_PID / E_original5_retuned,5.6,172.70875455686374,0.034769771008288375,6.005043847068833
C4b -- IMC_PID / E_original5_retuned,5.604,174.30087736737315,0.03445205933982229,6.005024170043828
C4b -- IMC_PID / E_original5_retuned,5.608,175.90758858806305,0.034134347671356285,6.004490786894849
C4b -- IMC_PID / E_original5_retuned,5.612,177.52901920369945,0.0338166360028902,6.003434222361609
C4b -- IMC_PID / E_original5_retuned,5.616,179.16530129948327,0.033498924334424196,6.001844871585703
C4b -- IMC_PID / E_original5_retuned,5.62,180.816568068544,0.03318121266595811,5.999712998611049
C4b -- IMC_PID / E_original5_retuned,5.624,182.4829538184592,0.03286350099749211,5.99702873483824
C4b -- IMC_PID / E_original5_retuned,5.628,184.16459397909674,0.03254578932902602,5.993782077509296
C4b -- IMC_PID / E_original5_retuned,5.632,185.86162510887735,0.03222807766056002,5.989962888126791
C4b -- IMC_PID / E_original5_retuned,5.636,187.57418490226883,0.03191036599209393,5.985560890900098
C4b -- IMC_PID / E_original5_retuned,5.64,189.30241219645387,0.03159265432362793,5.980565671151495
C4b -- IMC_PID / E_original5_retuned,5.644,191.04644697845362,0.03127494265516184,5.9749666737235545
C4b -- IMC_PID / E_original5_retuned,5.648,192.80643039206012,0.030957230986695835,5.9687532013672975
C4b -- IMC_PID / E_original5_retuned,5.652,194.5825047446097,0.030639519318229752,5.961914413112002
C4b -- IMC_PID / E_original5_retuned,5.656,196.37481351376496,0.030321807649763752,5.954439322622608
C4b -- IMC_PID / E_original5_retuned,5.66,198.18350135436708,0.030004095981297663,5.946316796546065
C4b -- IMC_PID / E_original5_retuned,5.664,200.0087141053086,0.029686384312831663,5.937535552845466
C4b -- IMC_PID / E_original5_retuned,5.668,201.8505987958441,0.02936867264436557,5.9280841591043165
C4b -- IMC_PID / E_original5_retuned,5.672,203.70930365259105,0.02905096097589957,5.917951030839098
C4b -- IMC_PID / E_original5_retuned,5.676,205.58497810589935,0.028733249307433487,5.907124429780061
C4b -- IMC_PID / E_original5_retuned,5.68,207.47777279653752,0.02841553763896748,5.895592462149155
C4b -- IMC_PID / E_original5_retuned,5.684,209.38783958162438,0.028097825970501394,5.883343076903746
C4b -- IMC_PID / E_original5_retuned,5.688,211.31533154177026,0.02778011430203539,5.8703640640028825
C4b -- IMC_PID / E_original5_retuned,5.692,213.26040298669832,0.027462402633569305,5.856643052617955
C4b -- IMC_PID / E_original5_retuned,5.696,215.22320946194802,0.027144690965103302,5.842167509362276
C4b -- IMC_PID / E_original5_retuned,5.7,217.20390775448288,0.026826979296637216,5.826924736478212
C4b -- IMC_PID / E_original5_retuned,5.704,219.20265589920328,0.026509267628171216,5.810901870037903
C4b -- IMC_PID / E_original5_retuned,5.708,221.2196131846999,0.026191555959705126,5.79408587811139
C4b -- IMC_PID / E_original5_retuned,5.712,223.25494015918207,0.025873844291239123,5.776463558928585
C4b -- IMC_PID / E_original5_retuned,5.716,225.30879863596778,0.025556132622773037,5.758021539018457
C4b -- IMC_PID / E_original5_retuned,5.72,227.38135169963167,0.025238420954307034,5.738746271354641
C4b -- IMC_PID / E_original5_retuned,5.724,229.472763710734,0.024920709285840947,5.718624033453675
C4b -- IMC_PID / E_original5_retuned,5.728,231.58320031210062,0.024602997617374944,5.697640925502676
C4b -- IMC_PID / E_original5_retuned,5.732,233.71282843374672,0.024285285948908858,5.675782868441816
C4b -- IMC_PID / E_original5_retuned,5.736,235.8618162976848,0.023967574280442855,5.653035602034928
C4b -- IMC_PID / E_original5_retuned,5.74,238.030333423604,0.02364986261197677,5.629384682951256
C4b -- IMC_PID / E_original5_retuned,5.744,240.21855063307194,0.023332150943510765,5.604815482802218
C4b -- IMC_PID / E_original5_retuned,5.748,242.42664005496627,0.02301443927504468,5.579313186198135
C4b -- IMC_PID / E_original5_retuned,5.752,244.65477512927112,0.022696727606578676,5.5528627887578255
C4b -- IMC_PID / E_original5_retuned,5.756,246.90313061212944,0.02237901593811259,5.52544909513874
C4b -- IMC_PID / E_original5_retuned,5.76,249.17188257986916,0.022061304269646587,5.497056717035146
C4b -- IMC_PID / E_original5_retuned,5.764,251.46120843298252,0.0217435926011805,5.467670071167306
C4b -- IMC_PID / E_original5_retuned,5.768,253.77128690006728,0.021425880932714497,5.437273377262572
C4b -- IMC_PID / E_original5_retuned,5.772,256.1022980414307,0.02110816926424841,5.405850656021514
C4b -- IMC_PID / E_original5_retuned,5.776,258.4544232530656,0.020790457595782408,5.373385727085259
C4b -- IMC_PID / E_original5_retuned,5.78,260.8278452691243,0.02047274592731632,5.339862206964156
C4b -- IMC_PID / E_original5_retuned,5.784,263.2227481657854,0.02015503425885032,5.305263506990134
C4b -- IMC_PID / E_original5_retuned,5.788,265.63931736324736,0.019837322590384232,5.269572831224194
C4b -- IMC_PID / E_original5_retuned,5.792,268.07773962949614,0.01951961092191823,5.232773174395064
C4b -- IMC_PID / E_original5_retuned,5.796,270.53820308157367,0.019201899253452143,5.194847319782354
C4b -- IMC_PID / E_original5_retuned,5.8,273.020897188529,0.01888418758498614,5.1557778371293965
C4b -- IMC_PID / E_original5_retuned,5.804,275.5260127728074,0.018566475916520053,5.115547080521125
C4b -- IMC_PID / E_original5_retuned,5.808,278.053742011732,0.01824876424805405,5.07413718626134
C4b -- IMC_PID / E_original5_retuned,5.812,280.60427843986207,0.017931052579587964,5.031530070762508
C4b -- IMC_PID / E_original5_retuned,5.816,283.1778169481768,0.01761334091112196,4.987707428375528
C4b -- IMC_PID / E_original5_retuned,5.82,285.77455378706486,0.017295629242655874,4.942650729286493
C4b -- IMC_PID / E_original5_retuned,5.824,288.39468656482404,0.01697791757418987,4.896341217331906
C4b -- IMC_PID / E_original5_retuned,5.828,291.03841424888356,0.016660205905723785,4.848759907861735
C4b -- IMC_PID / E_original5_retuned,5.832,293.70593716481676,0.016342494237257782,4.799887585564414
C4b -- IMC_PID / E_original5_retuned,5.836,296.3974569973274,0.016024782568791696,4.749704802324959
C4b -- IMC_PID / E_original5_retuned,5.84,299.1131767867068,0.015707070900325665,4.6981918750104485
C4b -- IMC_PID / E_original5_retuned,5.844,301.85330093029086,0.015389359231859604,4.645328883338867
C4b -- IMC_PID / E_original5_retuned,5.848,304.618035179041,0.015071647563393574,4.591095667671931
C4b -- IMC_PID / E_original5_retuned,5.852,307.4075866361114,0.014753935894927515,4.535471826843564
C4b -- IMC_PID / E_original5_retuned,5.856,310.2221637539012,0.014436224226461486,4.478436715969371
C4b -- IMC_PID / E_original5_retuned,5.86,313.0619763323733,0.014118512557995427,4.41996944427948
C4b -- IMC_PID / E_original5_retuned,5.864,315.9272355141092,0.013800800889529397,4.360048872909681
C4b -- IMC_PID / E_original5_retuned,5.868,318.81815378214174,0.013483089221063338,4.298653612739309
C4b -- IMC_PID / E_original5_retuned,5.872,321.7349449536094,0.013165377552597307,4.235762022178379
C4b -- IMC_PID / E_original5_retuned,5.876,324.67782417772366,0.012847665884131249,4.171352205022104
C4b -- IMC_PID / E_original5_retuned,5.88,327.6470079286566,0.012529954215665218,4.105402008245766
C4b -- IMC_PID / E_original5_retuned,5.884,330.642714000146,0.01221224254719916,4.037889019833986
C4b -- IMC_PID / E_original5_retuned,5.888,333.6651614994649,0.011894530878733128,3.9687905666128613
C4b -- IMC_PID / E_original5_retuned,5.892,336.71457084125535,0.01157681921026707,3.898083712091877
C4b -- IMC_PID / E_original5_retuned,5.896,339.79116373870727,0.011259107541801039,3.8257452542878307
C4b -- IMC_PID / E_original5_retuned,5.9,342.8951631969869,0.01094139587333498,3.7517517235900373
C4b -- IMC_PID / E_original5_retuned,5.904,346.0267935045409,0.01062368420486895,3.6760793806156404
C4b -- IMC_PID / E_original5_retuned,5.908,349.1862802226323,0.010305972536402891,3.5987042140631327
C4b -- IMC_PID / E_original5_retuned,5.912,352.3738501778324,0.00998826086793686,3.5196019386154895
C4b -- IMC_PID / E_original5_retuned,5.916,355.589731448947,0.009670549199470774,3.438747992803642
C4b -- IMC_PID / E_original5_retuned,5.92,358.8341533588714,0.00935283753100477,3.356117536941174
C4b -- IMC_PID / E_original5_retuned,5.924,362.1073464598985,0.009035125862538684,3.2716854510150846
C4b -- IMC_PID / E_original5_retuned,5.928,365.4095425232557,0.008717414194072681,3.185426332641834
C4b -- IMC_PID / E_original5_retuned,5.932,368.7409745255752,0.008399702525606595,3.097314495017111
C4b -- IMC_PID / E_original5_retuned,5.936,372.101876633271,0.008081990857140592,3.007323964874953
C4b -- IMC_PID / E_original5_retuned,5.94,375.4924841910659,0.0077642791886745055,2.9154284805083837
C4b -- IMC_PID / E_original5_retuned,5.944,378.9130337017261,0.007446567520208503,2.8216014897469432
C4b -- IMC_PID / E_original5_retuned,5.948,382.3637628145687,0.007128855851742416,2.7258161480348875
C4b -- IMC_PID / E_original5_retuned,5.952,385.84491030476795,0.006811144183276414,2.6280453164691298
C4b -- IMC_PID / E_original5_retuned,5.956,389.35671605687935,0.006493432514810327,2.5282615599035125
C4b -- IMC_PID / E_original5_retuned,5.96,392.8994210454617,0.006175720846344324,2.4264371450670734
C4b -- IMC_PID / E_original5_retuned,5.964,396.47326731472174,0.005858009177878237,2.3225440387130116
C4b -- IMC_PID / E_original5_retuned,5.968,400.07849795815963,0.005540297509412234,2.2165539058069794
C4b -- IMC_PID / E_original5_retuned,5.972,403.71535709523647,0.005222585840946148,2.1084381077381
C4b -- IMC_PID / E_original5_retuned,5.976,407.38408985232996,0.004904874172480145,1.9981677005960239
C4b -- IMC_PID / E_original5_retuned,5.98,411.08494233351473,0.0045871625040140585,1.8857134334370802
C4b -- IMC_PID / E_original5_retuned,5.984,414.8181615993896,0.004269450835548055,1.7710457466410223
C4b -- IMC_PID / E_original5_retuned,5.988,418.58399564054264,0.003951739167081969,1.6541347702864004
C4b -- IMC_PID / E_original5_retuned,5.992,422.3826933481341,0.0036340274986159655,1.5349503225665944
C4b -- IMC_PID / E_original5_retuned,5.996,426.2145044881782,0.003316315830149879,1.4134619082736322
C4b -- IMC_PID / E_original5_retuned,6.0,430.07967967084267,0.0029986041616838766,1.2896387173166572
C4b -- IMC_PID / E_original5_retuned,6.004,433.97847031836693,0.002988985347345827,1.2971552888451547
C4b -- IMC_PID / E_original5_retuned,6.008,437.9111286366516,0.0029793665330077636,1.3046977610916974
C4b -- IMC_PID / E_original5_retuned,6.0120000000000005,441.87790757827963,0.0029697477186697,1.3122659079611365
C4b -- IMC_PID / E_original5_retuned,6.016,445.87906080998664,0.0029601289043316385,1.3198594957398857
C4b -- IMC_PID / E_original5_retuned,6.02,449.91484267548094,0.002950510089993577,1.3274782829518794
C4b -- IMC_PID / E_original5_retuned,6.024,453.98550815894663,0.002940891275655514,1.3351220202186813
C4b -- IMC_PID / E_original5_retuned,6.0280000000000005,458.0913128461755,0.00293127246131745,1.342790450114751
C4b -- IMC_PID / E_original5_retuned,6.032,462.2325128845045,0.0029216536469793887,1.35048330702146
C4b -- IMC_PID / E_original5_retuned,6.036,466.40936494053,0.002912034832641327,1.3582003169769439
C4b -- IMC_PID / E_original5_retuned,6.04,470.6221261568499,0.0029024160183032635,1.3659411975255804
C4b -- IMC_PID / E_original5_retuned,6.0440000000000005,474.87105410751434,0.0028927972039652,1.3737056575662248
C4b -- IMC_PID / E_original5_retuned,6.048,479.1564067514605,0.0028831783896271384,1.381493397197202
C4b -- IMC_PID / E_original5_retuned,6.052,483.4784423842035,0.0028735595752890776,1.3893041075589765
C4b -- IMC_PID / E_original5_retuned,6.056,487.8374195899489,0.0028639407609510133,1.397137470680817
C4b -- IMC_PID / E_original5_retuned,6.0600000000000005,492.23359718567565,0.00285432194661295,1.4049931593073124
C4b -- IMC_PID / E_original5_retuned,6.064,496.667234172085,0.0028447031322748886,1.4128708367476357
C4b -- IMC_PID / E_original5_retuned,6.068,501.13858967684644,0.002835084317936827,1.4207701567058055
C4b -- IMC_PID / E_original5_retuned,6.072,505.64792289649296,0.0028254655035987635,1.4286907631104082
C4b -- IMC_PID / E_original5_retuned,6.0760000000000005,510.19549303982154,0.0028158466892606996,1.4366322899519117
C4b -- IMC_PID / E_original5_retuned,6.08,514.7815592645412,0.0028062278749226384,1.4445943611042957
C4b -- IMC_PID / E_original5_retuned,6.084,519.4063806161387,0.002796609060584577,1.4525765901565348
C4b -- IMC_PID / E_original5_retuned,6.088,524.0702159617829,0.0027869902462465132,1.4605785802337927
C4b -- IMC_PID / E_original5_retuned,6.0920000000000005,528.7733239227483,0.00277737143190845,1.468599923818314
C4b -- IMC_PID / E_original5_retuned,6.096,533.5159628084751,0.002767752617570388,1.4766402025787428
C4b -- IMC_PID / E_original5_retuned,6.1,538.2983905401203,0.002758133803232327,1.4846989871742624
C4b -- IMC_PID / E_original5_retuned,6.104,543.1208645807641,0.0027485149888942634,1.4927758370814415
C4b -- IMC_PID / E_original5_retuned,6.1080000000000005,547.9836418584817,0.0027388961745561996,1.5008703004055701
C4b -- IMC_PID / E_original5_retuned,6.112,552.8869786858605,0.0027292773602181383,1.5089819136867275
C4b -- IMC_PID / E_original5_retuned,6.116,557.8311306820149,0.0027196585458800766,1.5171102017172875
C4b -- IMC_PID / E_original5_retuned,6.12,562.816352688366,0.002710039731542013,1.5252546773470343
C4b -- IMC_PID / E_original5_retuned,6.1240000000000006,567.8428986816282,0.0027004209172039498,1.533414841285592
C4b -- IMC_PID / E_original5_retuned,6.128,572.911021688979,0.002690802102865888,1.541590181915749
C4b -- IMC_PID / E_original5_retuned,6.132,578.0209736910139,0.002681183288527827,1.549780175078929
C4b -- IMC_PID / E_original5_retuned,6.136,583.1730055342754,0.002671564474189763,1.55798428389184
C4b -- IMC_PID / E_original5_retuned,6.140000000000001,588.3673668324566,0.0026619456598516995,1.5662019585380307
C4b -- IMC_PID / E_original5_retuned,6.144,593.6043058654272,0.0026523268455136383,1.5744326360593615
C4b -- IMC_PID / E_original5_retuned,6.148,598.8840694805273,0.0026427080311755766,1.5826757401593015
C4b -- IMC_PID / E_original5_retuned,6.152,604.2069029843582,0.002633089216837513,1.590930680986903
C4b -- IMC_PID / E_original5_retuned,6.156000000000001,609.5730500373123,0.0026234704024994497,1.599196854934205
C4b -- IMC_PID / E_original5_retuned,6.16,614.9827525410435,0.002613851588161388,1.6074736444212685
C4b -- IMC_PID / E_original5_retuned,6.164,620.4362505259866,0.0026042327738233268,1.6157604176878344
C4b -- IMC_PID / E_original5_retuned,6.168,625.9337820326484,0.002594613959485263,1.6240565285753155
C4b -- IMC_PID / E_original5_retuned,6.172000000000001,631.475582991112,0.0025849951451471995,1.632361316311022
C4b -- IMC_PID / E_original5_retuned,6.176,637.0618870982416,0.0025753763308091378,1.6406741052934148
C4b -- IMC_PID / E_original5_retuned,6.18,642.6929256907569,0.0025657575164710765,1.6489942048738464
C4b -- IMC_PID / E_original5_retuned,6.184,648.3689276133631,0.002556138702133013,1.6573209091329955
C4b -- IMC_PID / E_original5_retuned,6.188000000000001,654.0901190869068,0.0025465198877949492,1.665653496664975
C4b -- IMC_PID / E_original5_retuned,6.192,659.8567235676326,0.002536901073456888,1.6739912303464721
C4b -- IMC_PID / E_original5_retuned,6.196,665.668961611651,0.0025272822591188263,1.6823333571271766
C4b -- IMC_PID / E_original5_retuned,6.2,671.5270507250597,0.002517663444780763,1.6906791077919199
C4b -- IMC_PID / E_original5_retuned,6.204,677.4312074858076,0.0025080446304427016,1.6990277024290954
C4b -- IMC_PID / E_original5_retuned,6.208,683.3816382875415,0.0024984258161046377,1.7073783273494751
C4b -- IMC_PID / E_original5_retuned,6.212,689.3785528868781,0.0024888070017665765,1.7157301692925724
C4b -- IMC_PID / E_original5_retuned,6.216,695.4221550741811,0.002479188187428513,1.7240823921359894
C4b -- IMC_PID / E_original5_retuned,6.22,701.5126448136607,0.0024695693730904513,1.7324341424674965
C4b -- IMC_PID / E_original5_retuned,6.224,707.6502180720737,0.002459950558752388,1.7407845493476468
C4b -- IMC_PID / E_original5_retuned,6.228,713.8350666480061,0.0024503317444143262,1.7491327240837256
C4b -- IMC_PID / E_original5_retuned,6.232,720.067377999111,0.002440712930076263,1.7574777600085423
C4b -- IMC_PID / E_original5_retuned,6.236,726.3473350539608,0.002431094115738201,1.7658187322318077
C4b -- IMC_PID / E_original5_retuned,6.24,732.6751160346005,0.0024214753014001377,1.7741546974282651
C4b -- IMC_PID / E_original5_retuned,6.244,739.0508942652496,0.002411856487062076,1.7824846936026706
C4b -- IMC_PID / E_original5_retuned,6.248,745.4748379809563,0.0024022376727240126,1.7908077398656828
C4b -- IMC_PID / E_original5_retuned,6.252,751.9471101222578,0.0023926188583859513,1.7991228361873315
C4b -- IMC_PID / E_original5_retuned,6.256,758.46786814741,0.0023830000440478874,1.8074289632041851
C4b -- IMC_PID / E_original5_retuned,6.26,765.0372638086673,0.002373381229709826,1.8157250819520554
C4b -- IMC_PID / E_original5_retuned,6.264,771.6554429573881,0.0023637624153717623,1.824010133679723
C4b -- IMC_PID / E_original5_retuned,6.268,778.3225453140225,0.002354143601033701,1.8322830395912688
C4b -- IMC_PID / E_original5_retuned,6.272,785.0387042609053,0.0023445247866956376,1.8405427006551187
C4b -- IMC_PID / E_original5_retuned,6.276,791.8040466022148,0.0023349059723575764,1.848787997348408
C4b -- IMC_PID / E_original5_retuned,6.28,798.6186923503644,0.0023252871580195125,1.8570177894766382
C4b -- IMC_PID / E_original5_retuned,6.284,805.4827544768887,0.0023156683436814512,1.86523091592347
C4b -- IMC_PID / E_original5_retuned,6.288,812.3963386790355,0.0023060495293433874,1.8734261944510808
C4b -- IMC_PID / E_original5_retuned,6.292,819.359543139549,0.002296430715005326,1.881602421498392
C4b -- IMC_PID / E_original5_retuned,6.296,826.3724582652327,0.0022868119006672627,1.889758371944595
C4b -- IMC_PID / E_original5_retuned,6.3,833.4351664444529,0.002277193086329201,1.8978927989309349
C4b -- IMC_PID / E_original5_retuned,6.304,840.5477417835665,0.0022675742719911376,1.9060044336486655
C4b -- IMC_PID / E_original5_retuned,6.308,847.7102498373337,0.002257955457653076,1.91409198512866
C4b -- IMC_PID / E_original5_retuned,6.312,854.9227473471494,0.0022483366433150125,1.9221541400641384
C4b -- IMC_PID / E_original5_retuned,6.316,862.185281963435,0.0022387178289769508,1.9301895626130614
C4b -- IMC_PID / E_original5_retuned,6.32,869.4978919631268,0.0022290990146388873,1.9381968942055956
C4b -- IMC_PID / E_original5_retuned,6.324,876.860605972403,0.0022194802003008256,1.9461747533795324
C4b -- IMC_PID / E_original5_retuned,6.328,884.2734426672374,0.002209861385962762,1.9541217355826845
C4b -- IMC_PID / E_original5_retuned,6.332,891.7364104881277,0.002200242571624701,1.9620364130237782
C4b -- IMC_PID / E_original5_retuned,6.336,899.2495073322993,0.002190623757286637,1.9699173344904388
C4b -- IMC_PID / E_original5_retuned,6.34,906.812720252526,0.002181004942948576,1.9777630251994034
C4b -- IMC_PID / E_original5_retuned,6.344,914.4260251529444,0.0021713861286105124,1.985571986657551
C4b -- IMC_PID / E_original5_retuned,6.348,922.0893864611706,0.0021617673142724507,1.9933426964892969
C4b -- IMC_PID / E_original5_retuned,6.352,929.8027568159374,0.0021521484999343873,2.0010736083162777
C4b -- IMC_PID / E_original5_retuned,6.356,937.5660767471683,0.002142529685596326,2.0087631516388913
C4b -- IMC_PID / E_original5_retuned,6.36,945.3792743327751,0.002132910871258262,2.016409731686623
C4b -- IMC_PID / E_original5_retuned,6.364,953.2422648798722,0.002123292056920201,2.024011729340055
C4b -- IMC_PID / E_original5_retuned,6.368,961.1549505726531,0.002113673242582137,2.031567501000773
C4b -- IMC_PID / E_original5_retuned,6.372,969.1172201323345,0.0021040544282440754,2.039075378507027
C4b -- IMC_PID / E_original5_retuned,6.376,977.128948471932,0.0020944356139060124,2.0465336690581473
C4b -- IMC_PID / E_original5_retuned,6.38,985.1899963361996,0.0020848167995679507,2.0539406551279966
C4b -- IMC_PID / E_original5_retuned,6.384,993.3002099495945,0.0020751979852298872,2.0612945944158225
C4b -- IMC_PID / E_original5_retuned,6.388,1001.4594206509054,0.0020655791708918255,2.068593719789905
C4b -- IMC_PID / E_original5_retuned,6.392,1009.6674445252506,0.0020559603565537625,2.0758362392468603
C4b -- IMC_PID / E_original5_retuned,6.396,1017.9240820366754,0.0020463415422157004,2.0830203358934316
C4b -- IMC_PID / E_original5_retuned,6.4,1026.2291176500719,0.002036722727877637,2.090144167927715
C4b -- IMC_PID / E_original5_retuned,6.404,1034.5823194554343,0.0020271039135395753,2.097205868646962
C4b -- IMC_PID / E_original5_retuned,6.408,1042.983438783006,0.002017485099201512,2.104203546458667
C4b -- IMC_PID / E_original5_retuned,6.412,1051.4322098166779,0.0020078662848634506,2.111135284910381
C4b -- IMC_PID / E_original5_retuned,6.416,1059.9283492059878,0.0019982474705253868,2.117999142739014
C4b -- IMC_PID / E_original5_retuned,6.42,1068.4715556739295,0.0019886286561873255,2.1247931539342275
C4b -- IMC_PID / E_original5_retuned,6.424,1077.061509619035,0.0019790098418492616,2.1315153278130934
C4b -- IMC_PID / E_original5_retuned,6.428,1085.6978727100716,0.0019693910275112004,2.138163649103212
C4b -- IMC_PID / E_original5_retuned,6.432,1094.3802875028791,0.001959772213173137,2.1447360780925715
C4b -- IMC_PID / E_original5_retuned,6.436,1103.1083770166276,0.0019501533988350753,2.15123055072242
C4b -- IMC_PID / E_original5_retuned,6.44,1111.881744340745,0.001940534584497012,2.1576449787640803
C4b -- IMC_PID / E_original5_retuned,6.444,1120.6999722209048,0.0019309157701589506,2.1639772499780427
C4b -- IMC_PID / E_original5_retuned,6.448,1129.562622648641,0.0019212969558208867,2.170225228303891
C4b -- IMC_PID / E_original5_retuned,6.452,1138.4692364571613,0.0019116781414828252,2.1763867540857973
C4b -- IMC_PID / E_original5_retuned,6.4559999999999995,1147.4193329028953,0.001902059327144764,2.182459644294175
C4b -- IMC_PID / E_original5_retuned,6.46,1156.412409257203,0.0018924405128067003,2.1884416927907333
C4b -- IMC_PID / E_original5_retuned,6.464,1165.4479403857715,0.0018828216984686367,2.1943306705939127
C4b -- IMC_PID / E_original5_retuned,6.468,1174.525378346484,0.0018732028841305752,2.200124326203189
C4b -- IMC_PID / E_original5_retuned,6.4719999999999995,1183.6441519739979,0.0018635840697925142,2.205820385921812
C4b -- IMC_PID / E_original5_retuned,6.476,1192.803666455873,0.0018539652554544505,2.211416554187868
C4b -- IMC_PID / E_original5_retuned,6.48,1202.0033029441156,0.0018443464411163867,2.2169105139951215
C4b -- IMC_PID / E_original5_retuned,6.484,1211.2424181257118,0.0018347276267783252,2.222299927261027
C4b -- IMC_PID / E_original5_retuned,6.4879999999999995,1220.5203438217843,0.0018251088124402637,2.227582435271759
C4b -- IMC_PID / E_original5_retuned,6.492,1229.8363865942003,0.0018154899981022003,2.2327556591639217
C4b -- IMC_PID / E_original5_retuned,6.496,1239.1898273282525,0.0018058711837641366,2.2378172003857473
C4b -- IMC_PID / E_original5_retuned,6.5,1248.5799208365365,0.0017962523694260754,2.2427646412204503
C4b -- IMC_PID / E_original5_retuned,6.504,1258.0058954819212,0.001786633555088014,2.2475955453665453
C4b -- IMC_PID / E_original5_retuned,6.508,1267.4669527608564,0.00177701474074995,2.2523074584694625
C4b -- IMC_PID / E_original5_retuned,6.5120000000000005,1276.962266947312,0.0017673959264118866,2.2568979087843672
C4b -- IMC_PID / E_original5_retuned,6.516,1286.4909846851456,0.001757777112073825,2.2613644077688666
C4b -- IMC_PID / E_original5_retuned,6.52,1296.0522246412716,0.0017481582977357634,2.2657044508055346
C4b -- IMC_PID / E_original5_retuned,6.524,1305.6450771265427,0.0017385394833977,2.2699155178883297
C4b -- IMC_PID / E_original5_retuned,6.5280000000000005,1315.2686037303133,0.0017289206690596366,2.273995074354547
C4b -- IMC_PID / E_original5_retuned,6.532,1324.9218369876285,0.001719301854721575,2.277940571693946
C4b -- IMC_PID / E_original5_retuned,6.536,1334.6037800276172,0.0017096830403835136,2.2817494483449465
C4b -- IMC_PID / E_original5_retuned,6.54,1344.3134062379952,0.0017000642260454502,2.28541913053852
C4b -- IMC_PID / E_original5_retuned,6.5440000000000005,1354.0496589514744,0.0016904454117073866,2.2889470331984714
C4b -- IMC_PID / E_original5_retuned,6.548,1363.8114511232395,0.001680826597369325,2.292330560844796
C4b -- IMC_PID / E_original5_retuned,6.552,1373.5976650501968,0.0016712077830312638,2.29556710858546
C4b -- IMC_PID / E_original5_retuned,6.556,1383.4071520570346,0.0016615889686932,2.298654063069245
C4b -- IMC_PID / E_original5_retuned,6.5600000000000005,1393.2387322443117,0.0016519701543551363,2.30158880355919
C4b -- IMC_PID / E_original5_retuned,6.564,1403.0911942210068,0.001642351340017075,2.3043687029950286
C4b -- IMC_PID / E_original5_retuned,6.568,1412.963294856688,0.0016327325256790134,2.3069911291031007
C4b -- IMC_PID / E_original5_retuned,6.572,1422.8537590446701,0.00162311371134095,2.3094534455384164
C4b -- IMC_PID / E_original5_retuned,6.5760000000000005,1432.7612795087718,0.0016134948970028863,2.3117530131107293
C4b -- IMC_PID / E_original5_retuned,6.58,1442.6845165790867,0.0016038760826648248,2.313887190972062
C4b -- IMC_PID / E_original5_retuned,6.584,1452.6220980399899,0.0015942572683267631,2.315853337932326
C4b -- IMC_PID / E_original5_retuned,6.588,1462.5726189508619,0.0015846384539886997,2.3176488137404974
C4b -- IMC_PID / E_original5_retuned,6.5920000000000005,1472.5346415089964,0.001575019639650636,2.319270980442578
C4b -- IMC_PID / E_original5_retuned,6.596,1482.5066949389366,0.0015654008253125746,2.3207172037888286
C4b -- IMC_PID / E_original5_retuned,6.6,1492.487275386124,0.0015557820109745133,2.3219848546540964
C4b -- IMC_PID / E_original5_retuned,6.604,1502.4748458434797,0.0015461631966364497,2.3230713105152114
C4b -- IMC_PID / E_original5_retuned,6.6080000000000005,1512.4678361018991,0.001536544382298386,2.323973956969369
C4b -- IMC_PID / E_original5_retuned,6.612,1522.464642714996,0.0015269255679603248,2.324690189277108
C4b -- IMC_PID / E_original5_retuned,6.616,1532.463628999799,0.0015173067536222633,2.3252174139618775
C4b -- IMC_PID / E_original5_retuned,6.62,1542.4631250641194,0.0015076879392841996,2.325553050449789
C4b -- IMC_PID / E_original5_retuned,6.6240000000000006,1552.4614278480485,0.0014980691249461362,2.325694532728955
C4b -- IMC_PID / E_original5_retuned,6.628,1562.456801209709,0.0014884503106080745,2.32563931107229
C4b -- IMC_PID / E_original5_retuned,6.632,1572.447476024173,0.0014788314962700133,2.3253848537748336
C4b -- IMC_PID / E_original5_retuned,6.636,1582.4316503259226,0.0014692126819319494,2.3249286489493497
C4b -- IMC_PID / E_original5_retuned,6.640000000000001,1592.4074894632456,0.0014595938675938862,2.324268206331129
C4b -- IMC_PID / E_original5_retuned,6.644,1602.373126322876,0.0014499750532558245,2.323401059175714
C4b -- IMC_PID / E_original5_retuned,6.648,1612.326661526959,0.0014403562389177632,2.322324766103804
C4b -- IMC_PID / E_original5_retuned,6.652,1622.266163712916,0.0014307374245796996,2.321036913053407
C4b -- IMC_PID / E_original5_retuned,6.656000000000001,1632.1896698453947,0.001421118610241636,2.319535115261442
C4b -- IMC_PID / E_original5_retuned,6.66,1642.095185518678,0.0014114997959035745,2.317817019213856
C4b -- IMC_PID / E_original5_retuned,6.664,1651.9806853396167,0.0014018809815655132,2.315880304691171
C4b -- IMC_PID / E_original5_retuned,6.668,1661.8441133391827,0.0013922621672274493,2.3137226868317895
C4b -- IMC_PID / E_original5_retuned,6.672000000000001,1671.6833833960047,0.001382643352889386,2.3113419181881247
C4b -- IMC_PID / E_original5_retuned,6.676,1681.4963797291766,0.0013730245385513244,2.308735790853375
C4b -- IMC_PID / E_original5_retuned,6.68,1691.2809574044047,0.001363405724213263,2.305902138578053
C4b -- IMC_PID / E_original5_retuned,6.684,1701.0349429024363,0.0013537869098751993,2.3028388389416254
C4b -- IMC_PID / E_original5_retuned,6.688000000000001,1710.7561347047235,0.001344168095537136,2.2995438155145203
C4b -- IMC_PID / E_original5_retuned,6.692,1720.4423039426702,0.0013345492811990744,2.29601504007117
C4b -- IMC_PID / E_original5_retuned,6.696,1730.0911950448094,0.001324930466861013,2.292250534762847
C4b -- IMC_PID / E_original5_retuned,6.7,1739.7005264947877,0.0013153116525229493,2.288248374398904
C4b -- IMC_PID / E_original5_retuned,6.704000000000001,1749.267991565062,0.0013056928381848857,2.2840066886525605
C4b -- IMC_PID / E_original5_retuned,6.708,1758.7912591275876,0.0012960740238468242,2.279523664324115
C4b -- IMC_PID / E_original5_retuned,6.712,1768.2679744811342,0.001286455209508763,2.274797547578763
C4b -- IMC_PID / E_original5_retuned,6.716,1777.6957602824316,0.0012768363951706993,2.2698266462692556
C4b -- IMC_PID / E_original5_retuned,6.72,1787.0722174160512,0.0012672175808326378,2.2646093321271863
C4b -- IMC_PID / E_original5_retuned,6.724,1796.3949260032193,0.0012575987664945742,2.2591440430787606
C4b -- IMC_PID / E_original5_retuned,6.728,1805.6614464249028,0.0012479799521565127,2.25342928552021
C4b -- IMC_PID / E_original5_retuned,6.732,1814.8693203418338,0.0012383611378184493,2.247463636530309
C4b -- IMC_PID / E_original5_retuned,6.736,1824.0160718445836,0.0012287423234803878,2.2412457461838837
C4b -- IMC_PID / E_original5_retuned,6.74,1833.0992085425264,0.0012191235091423241,2.2347743397243818
C4b -- IMC_PID / E_original5_retuned,6.744,1842.1162227996244,0.0012095046948042627,2.228048219851241
C4b -- IMC_PID / E_original5_retuned,6.748,1851.0645929346804,0.001199885880466199,2.221066268893235
C4b -- IMC_PID / E_original5_retuned,6.752,1859.941784492608,0.0011902670661281377,2.2138274509971496
C4b -- IMC_PID / E_original5_retuned,6.756,1868.7452515714974,0.0011806482517900739,2.2063308143088904
C4b -- IMC_PID / E_original5_retuned,6.76,1877.472438156354,0.0011710294374520126,2.198575493085894
C4b -- IMC_PID / E_original5_retuned,6.764,1886.1207795245994,0.001161410623113949,2.190560709815832
C4b -- IMC_PID / E_original5_retuned,6.768,1894.6877036627793,0.0011517918087758877,2.1822857772671855
C4b -- IMC_PID / E_original5_retuned,6.772,1903.1706327503357,0.001142172994437824,2.1737501005345794
C4b -- IMC_PID / E_original5_retuned,6.776,1911.566984658595,0.0011325541800997626,2.1649531790157903
C4b -- IMC_PID / E_original5_retuned,6.78,1919.874174508849,0.001122935365761699,2.155894608368534
C4b -- IMC_PID / E_original5_retuned,6.784,1928.0896162272943,0.0011133165514236375,2.146574082373896
C4b -- IMC_PID / E_original5_retuned,6.788,1936.2107241706908,0.0011036977370855738,2.1369913947880117
C4b -- IMC_PID / E_original5_retuned,6.792,1944.2349147847008,0.0010940789227475126,2.1271464411357472
C4b -- IMC_PID / E_original5_retuned,6.796,1952.1596082587218,0.001084460108409449,2.1170392204048007
C4b -- IMC_PID / E_original5_retuned,6.8,1959.9822302570715,0.0010748412940713875,2.106669836726435
C4b -- IMC_PID / E_original5_retuned,6.804,1967.7002136357385,0.0010652224797333238,2.0960385009408524
C4b -- IMC_PID / E_original5_retuned,6.808,1975.3110002079645,0.0010556036653952623,2.085145532115109
C4b -- IMC_PID / E_original5_retuned,6.812,1982.8120425503446,0.001045984851057199,2.0739913590014427
C4b -- IMC_PID / E_original5_retuned,6.816,1990.2008057931594,0.0010363660367191372,2.0625765213750897
C4b -- IMC_PID / E_original5_retuned,6.82,1997.4747694710277,0.0010267472223810738,2.0509016713306534
C4b -- IMC_PID / E_original5_retuned,6.824,2004.6314293571127,0.0010171284080430125,2.038967574454989
C4b -- IMC_PID / E_original5_retuned,6.828,2011.668299337816,0.0010075095937049487,2.026775110934968
C4b -- IMC_PID / E_original5_retuned,6.832,2018.582913302145,0.0009978907793668874,2.0143252765717596
C4b -- IMC_PID / E_original5_retuned,6.836,2025.3728270410388,0.0009882719650288235,2.001619183695831
C4b -- IMC_PID / E_original5_retuned,6.84,2032.0356201381908,0.0009786531506907623,1.9886580619640974
C4b -- IMC_PID / E_original5_retuned,6.844,2038.568897895526,0.0009690343363526989,1.975443259081444
C4b -- IMC_PID / E_original5_retuned,6.848,2044.9702932631947,0.0009594155220146372,1.9619762414155335
C4b -- IMC_PID / E_original5_retuned,6.852,2051.237468729475,0.0009497967076765737,1.9482585944620843
C4b -- IMC_PID / E_original5_retuned,6.856,2057.368118283832,0.000940177893338512,1.9342920232699117
C4b -- IMC_PID / E_original5_retuned,6.86,2063.35996930534,0.0009305590790004486,1.9200783526831713
C4b -- IMC_PID / E_original5_retuned,6.864,2069.2107844995703,0.0009209402646623874,1.9056195275193004
C4b -- IMC_PID / E_original5_retuned,6.868,2074.9183637925844,0.0009113214503243235,1.8909176125960303
C4b -- IMC_PID / E_original5_retuned,6.872,2080.4805462338495,0.0009017026359862622,1.8759747926572008
C4b -- IMC_PID / E_original5_retuned,6.876,2085.895211879095,0.0008920838216481984,1.8607933721707814
C4b -- IMC_PID / E_original5_retuned,6.88,2091.160283653113,0.0008824650073101371,1.8453757750006126
C4b -- IMC_PID / E_original5_retuned,6.884,2096.27372919398,0.0008728461929720737,1.8297245439543375
C4b -- IMC_PID / E_original5_retuned,6.888,2101.2335626918534,0.000863227378634012,1.8138423402202946
C4b -- IMC_PID / E_original5_retuned,6.892,2106.0378466867814,0.0008536085642959486,1.7977319426632346
C4b -- IMC_PID / E_original5_retuned,6.896,2110.684693822142,0.0008439897499578869,1.7813962469788887
C4b -- IMC_PID / E_original5_retuned,6.9,2115.172268604829,0.0008343709356198234,1.7648382647529155
C4b -- IMC_PID / E_original5_retuned,6.904,2119.4987891128567,0.0008247521212817622,1.748061122374955
C4b -- IMC_PID / E_original5_retuned,6.908,2123.6625286558465,0.0008151333069436983,1.7310680598156567
C4b -- IMC_PID / E_original5_retuned,6.912,2127.6618174129467,0.0008055144926056371,1.7138624292897773
C4b -- IMC_PID / E_original5_retuned,6.916,2131.4950440289263,0.0007958956782675732,1.696447693791373
C4b -- IMC_PID / E_original5_retuned,6.92,2135.1606571439665,0.000786276863929512,1.6788274254848339
C4b -- IMC_PID / E_original5_retuned,6.924,2138.657166903792,0.0007766580495914485,1.661005303992272
C4b -- IMC_PID / E_original5_retuned,6.928,2141.983146409383,0.0007670392352533868,1.6429851145474965
C4b -- IMC_PID / E_original5_retuned,6.932,2145.1372330981676,0.0007574204209153234,1.6247707460143463
C4b -- IMC_PID / E_original5_retuned,6.936,2148.1181300890335,0.0007478016065772617,1.6063661887983225
C4b -- IMC_PID / E_original5_retuned,6.94,2150.9246074734924,0.0007381827922391983,1.587775532640784
C4b -- IMC_PID / E_original5_retuned,6.944,2153.5555035236484,0.000728563977901137,1.5690029642780754
C4b -- IMC_PID / E_original5_retuned,6.948,2156.0097258622386,0.0007189451635630732,1.5500527650036036
C4b -- IMC_PID / E_original5_retuned,6.952,2158.286252550698,0.0007093263492250119,1.5309293081043187
C4b -- IMC_PID / E_original5_retuned,6.956,2160.384133122812,0.000699707534886948,1.511637056196239
C4b -- IMC_PID / E_original5_retuned,6.96,2162.302489542088,0.0006900887205488868,1.4921805584477723
C4b -- IMC_PID / E_original5_retuned,6.964,2164.0405170982553,0.0006804699062108233,1.4725644477062714
C4b -- IMC_PID / E_original5_retuned,6.968,2165.5974852195422,0.0006708510918727617,1.4527934375164366
C4b -- IMC_PID / E_original5_retuned,6.972,2166.972738221733,0.0006612322775346982,1.432872319049958
C4b -- IMC_PID / E_original5_retuned,6.976,2168.1656959810334,0.0006516134631966365,1.4128059579423469
C4b -- IMC_PID / E_original5_retuned,6.98,2169.175854525286,0.0006419946488585731,1.3925992910384561
C4b -- IMC_PID / E_original5_retuned,6.984,2170.0027865556326,0.0006323758345205118,1.3722573230599544
C4b -- IMC_PID / E_original5_retuned,6.9879999999999995,2170.646141885231,0.0006227570201824502,1.3517851231909783
C4b -- IMC_PID / E_original5_retuned,6.992,2171.105647801476,0.0006131382058443867,1.331187821591612
C4b -- IMC_PID / E_original5_retuned,6.996,2171.3811093453814,0.0006035193915063229,1.310470605840449
C4b -- IMC_PID / E_original5_retuned,7.0,2171.472409516259,0.0005939005771682616,1.2896387173166621
C4b -- IMC_PID / E_original5_retuned,7.004,2171.3795093905564,0.000603524142235926,1.3104799558736013
C4b -- IMC_PID / E_original5_retuned,7.008,2171.1024481631703,0.0006131477073035922,1.331206488412464
C4b -- IMC_PID / E_original5_retuned,7.0120000000000005,2170.641343106724,0.0006227712723712584,1.3518130711082317
C4b -- IMC_PID / E_original5_retuned,7.016,2169.996389449472,0.0006323948374389226,1.3722945139489477
C4b -- IMC_PID / E_original5_retuned,7.02,2169.167860175498,0.0006420184025065866,1.392645684358504
C4b -- IMC_PID / E_original5_retuned,7.024,2168.156105741506,0.0006516419675742528,1.4128615107535247
C4b -- IMC_PID / E_original5_retuned,7.0280000000000005,2166.961553714657,0.0006612655326419191,1.4329369860316834
C4b -- IMC_PID / E_original5_retuned,7.032,2165.5847083337617,0.0006708890977095832,1.4528671709877083
C4b -- IMC_PID / E_original5_retuned,7.036,2164.026149991047,0.0006805126627772473,1.4726471976500024
C4b -- IMC_PID / E_original5_retuned,7.04,2162.2865346323874,0.0006901362278449136,1.492272272531046
C4b -- IMC_PID / E_original5_retuned,7.0440000000000005,2160.366593093935,0.0006997597929125798,1.5117376797986675
C4b -- IMC_PID / E_original5_retuned,7.048,2158.2671303497273,0.0007093833579802439,1.5310387843458744
C4b -- IMC_PID / E_original5_retuned,7.052,2155.9890246941304,0.000719006923047908,1.5501710347703868
C4b -- IMC_PID / E_original5_retuned,7.056,2153.5332268500933,0.0007286304881155743,1.5691299662528913
C4b -- IMC_PID / E_original5_retuned,7.0600000000000005,2150.900759011142,0.0007382540531832405,1.587911203334884
C4b -- IMC_PID / E_original5_retuned,7.064,2148.092713807795,0.0007478776182509046,1.6065104625846958
C4b -- IMC_PID / E_original5_retuned,7.068,2145.11025321614,0.0007575011833185687,1.6249235551600205
C4b -- IMC_PID / E_original5_retuned,7.072,2141.95460739775,0.0007671247483862349,1.6431463892547356
C4b -- IMC_PID / E_original5_retuned,7.0760000000000005,2138.62707347213,0.0007767483134539011,1.6611749724263294
C4b -- IMC_PID / E_original5_retuned,7.08,2135.129014239474,0.0007863718785215653,1.6790054138133932
C4b -- IMC_PID / E_original5_retuned,7.084,2131.46185684748,0.0007959954435892294,1.6966339262348324
C4b -- IMC_PID / E_original5_retuned,7.088,2127.627091377049,0.0008056190086568957,1.7140568281467325
C4b -- IMC_PID / E_original5_retuned,7.0920000000000005,2123.6262694213196,0.0008152425737245619,1.7312705455121264
C4b -- IMC_PID / E_original5_retuned,7.096,2119.4610025651773,0.000824866138792226,1.748271613506638
C4b -- IMC_PID / E_original5_retuned,7.1,2115.1329608471756,0.0008344897038598901,1.7650566781216521
C4b -- IMC_PID / E_original5_retuned,7.104,2110.643871181928,0.0008441132689275563,1.781622497645289
C4b -- IMC_PID / E_original5_retuned,7.1080000000000005,2105.9955157118598,0.0008537368339952226,1.7979659439919793
C4b -- IMC_PID / E_original5_retuned,7.112,2101.1897301358504,0.0008633603990628868,1.814084003916927
C4b -- IMC_PID / E_original5_retuned,7.116,2096.2284020163634,0.0008729839641305508,1.8299737801152949
C4b -- IMC_PID / E_original5_retuned,7.12,2091.113469019912,0.000882607529198217,1.8456324921647769
C4b -- IMC_PID / E_original5_retuned,7.1240000000000006,2085.846917162311,0.0008922310942658834,1.8610574773708481
C4b -- IMC_PID / E_original5_retuned,7.128,2080.4307789913887,0.0009018546593335474,1.8762461914543056
C4b -- IMC_PID / E_original5_retuned,7.132,2074.8671317724907,0.0009114782244012114,1.8911962091364243
C4b -- IMC_PID / E_original5_retuned,7.136,2069.1580956370703,0.0009211017894688778,1.9059052245853207
C4b -- IMC_PID / E_original5_retuned,7.140000000000001,2063.3058317157615,0.000930725354536544,1.920371051740971
C4b -- IMC_PID / E_original5_retuned,7.144,2057.312540259528,0.000940348919604208,1.9345916245212358
C4b -- IMC_PID / E_original5_retuned,7.148,2051.1804587390893,0.0009499724846718722,1.9485649968987633
C4b -- IMC_PID / E_original5_retuned,7.152,2044.9118599310223,0.0009595960497395385,1.9622893428553414
C4b -- IMC_PID / E_original5_retuned,7.156000000000001,2038.5090500205708,0.0009692196148072046,1.9757629562419383
C4b -- IMC_PID / E_original5_retuned,7.16,2031.9743666641673,0.0009788431798748688,1.9889842504897761
C4b -- IMC_PID / E_original5_retuned,7.164,2025.3101770691087,0.000988466744942533,2.001951758226487
C4b -- IMC_PID / E_original5_retuned,7.168,2018.5188760763285,0.000998090310010199,2.0146641307844613
C4b -- IMC_PID / E_original5_retuned,7.172000000000001,2011.6028842442597,0.0010077138750778653,2.0271201375995935
C4b -- IMC_PID / E_original5_retuned,7.176,2004.564645923686,0.0010173374401455295,2.0393186654902324
C4b -- IMC_PID / E_original5_retuned,7.18,1997.4066273597268,0.0010269610052131937,2.05125871785284
C4b -- IMC_PID / E_original5_retuned,7.184,1990.1313147796736,0.0010365845702808598,2.0629394137333703
C4b -- IMC_PID / E_original5_retuned,7.188000000000001,1982.7412125334565,0.001046208135348526,2.0743599868433034
C4b -- IMC_PID / E_original5_retuned,7.192,1975.238841209519,0.0010558317004161902,2.0855197844423516
C4b -- IMC_PID / E_original5_retuned,7.196,1967.626735785205,0.0010654552654838544,2.0964182661491555
C4b -- IMC_PID / E_original5_retuned,7.2,1959.907443791433,0.0010750788305515207,2.107055002660514
C4b -- IMC_PID / E_original5_retuned,7.204000000000001,1952.083523517332,0.0010847023956191868,2.117429674407993
C4b -- IMC_PID / E_original5_retuned,7.208,1944.1575421934167,0.001094325960686851,2.1275420700873977
C4b -- IMC_PID / E_original5_retuned,7.212,1936.1320742554556,0.001103949525754515,2.1373920851724155
C4b -- IMC_PID / E_original5_retuned,7.216,1928.0096995902736,0.0011135730908221812,2.146979720307886
C4b -- IMC_PID / E_original5_retuned,7.220000000000001,1919.7930018479574,0.0011231966558898476,2.1563050796763576
C4b -- IMC_PID / E_original5_retuned,7.224,1911.4845667353172,0.0011328202209575115,2.165368369245975
C4b -- IMC_PID / E_original5_retuned,7.228,1903.0869803929509,0.0011424437860251757,2.174169895015342
C4b -- IMC_PID / E_original5_retuned,7.232,1894.6028277783578,0.001152067351092842,2.1827100611716204
C4b -- IMC_PID / E_original5_retuned,7.236000000000001,1886.0346910749354,0.0011616909161605083,2.1909893681853427
C4b -- IMC_PID / E_original5_retuned,7.24,1877.3851481674278,0.0011713144812281722,2.199008410891206
C4b -- IMC_PID / E_original5_retuned,7.244,1868.6567711007401,0.0011809380462958364,2.206767876461194
C4b -- IMC_PID / E_original5_retuned,7.248,1859.8521246641656,0.0011905616113635025,2.2142685424380026
C4b -- IMC_PID / E_original5_retuned,7.252000000000001,1850.9737649039935,0.0012001851764311688,2.2215112746007644
C4b -- IMC_PID / E_original5_retuned,7.256,1842.024237766372,0.001209808741498833,2.2284970249024814
C4b -- IMC_PID / E_original5_retuned,7.26,1833.0060777351805,0.0012194323065664971,2.235226829323019
C4b -- IMC_PID / E_original5_retuned,7.264,1823.921806522233,0.0012290558716341634,2.2417018057077414
C4b -- IMC_PID / E_original5_retuned,7.268000000000001,1814.7739317933244,0.0012386794367018296,2.2479231515749194
C4b -- IMC_PID / E_original5_retuned,7.272,1805.5649459478593,0.0012483030017694937,2.2538921419164866
C4b -- IMC_PID / E_original5_retuned,7.276,1796.2973249207469,0.0012579265668371579,2.259610126956326
C4b -- IMC_PID / E_original5_retuned,7.28,1786.9735270530998,0.001267550131904824,2.265078529926585
C4b -- IMC_PID / E_original5_retuned,7.284000000000001,1777.595991988624,0.0012771736969724903,2.270298844811592
C4b -- IMC_PID / E_original5_retuned,7.288,1768.1671396015752,0.0012867972620401544,2.2752726340686786
C4b -- IMC_PID / E_original5_retuned,7.292,1758.689368991185,0.0012964208271078184,2.280001526373279
C4b -- IMC_PID / E_original5_retuned,7.296,1749.1650575222957,0.0013060443921754847,2.2844872143663033
C4b -- IMC_PID / E_original5_retuned,7.300000000000001,1739.5965598715463,0.001315667957243151,2.28873145235341
C4b -- IMC_PID / E_original5_retuned,7.304,1729.9862071688237,0.001325291522310815,2.2927360540754833
C4b -- IMC_PID / E_original5_retuned,7.308,1720.3363061121959,0.0013349150873784791,2.296502890394132
C4b -- IMC_PID / E_original5_retuned,7.312,1710.6491382180895,0.0013445386524461454,2.3000338871079102
C4b -- IMC_PID / E_original5_retuned,7.316000000000001,1700.9269590155739,0.0013541622175138113,2.3033310226495534
C4b -- IMC_PID / E_original5_retuned,7.32,1691.1719973635059,0.001363785782581476,2.3063963259042666
C4b -- IMC_PID / E_original5_retuned,7.324,1681.3864547430355,0.0013734093476491399,2.3092318739547326
C4b -- IMC_PID / E_original5_retuned,7.328,1671.5725046572995,0.0013830329127168057,2.3118397899335115
C4b -- IMC_PID / E_original5_retuned,7.332000000000001,1661.7322919830513,0.0013926564777844725,2.3142222407738346
C4b -- IMC_PID / E_original5_retuned,7.336,1651.8679324879413,0.0014022800428521364,2.3163814351552605
C4b -- IMC_PID / E_original5_retuned,7.34,1641.981512233477,0.0014119036079198006,2.318319621260056
C4b -- IMC_PID / E_original5_retuned,7.344,1632.075087159019,0.001421527172987467,2.320039084752434
C4b -- IMC_PID / E_original5_retuned,7.348000000000001,1622.150682607427,0.001431150738055133,2.321542146650257
C4b -- IMC_PID / E_original5_retuned,7.352,1612.210292930746,0.0014407743031227972,2.322831161284696
C4b -- IMC_PID / E_original5_retuned,7.356,1602.2558811240895,0.0014503978681904613,2.3239085142780085
C4b -- IMC_PID / E_original5_retuned,7.36,1592.2893784982111,0.0014600214332581274,2.3247766205566514
C4b -- IMC_PID / E_original5_retuned,7.364000000000001,1582.3126843597222,0.0014696449983257938,2.325437922356726
C4b -- IMC_PID / E_original5_retuned,7.368,1572.3276657836404,0.001479268563393458,2.325894887347555
C4b -- IMC_PID / E_original5_retuned,7.372,1562.33615734789,0.0014888921284611219,2.32615000668547
C4b -- IMC_PID / E_original5_retuned,7.376,1552.3399609636365,0.001498515693528788,2.3262057931958755
C4b -- IMC_PID / E_original5_retuned,7.38,1542.340845685647,0.0015081392585964525,2.3260647795153773
C4b -- IMC_PID / E_original5_retuned,7.384,1532.3405475970073,0.0015177628236641184,2.3257295163358553
C4b -- IMC_PID / E_original5_retuned,7.388,1522.3407696835447,0.0015273863887317828,2.325202570626112
C4b -- IMC_PID / E_original5_retuned,7.3919999999999995,1512.3431817775345,0.0015370099537994467,2.3244865239527965
C4b -- IMC_PID / E_original5_retuned,7.396,1502.3494204819872,0.0015466335188671129,2.3235839707680235
C4b -- IMC_PID / E_original5_retuned,7.4,1492.3610891751075,0.0015562570839347796,2.3224975168173843
C4b -- IMC_PID / E_original5_retuned,7.404,1482.3797579887735,0.0015658806490024435,2.3212297775075457
C4b -- IMC_PID / E_original5_retuned,7.4079999999999995,1472.406963856962,0.0015755042140701075,2.319783376382816
C4b -- IMC_PID / E_original5_retuned,7.412,1462.4442105627031,0.001585127779137774,2.3181609436021526
C4b -- IMC_PID / E_original5_retuned,7.416,1452.4929687939944,0.00159475134420544,2.3163651144331725
C4b -- IMC_PID / E_original5_retuned,7.42,1442.5546762832225,0.0016043749092731039,2.314398527883387
C4b -- IMC_PID / E_original5_retuned,7.4239999999999995,1432.6307378778201,0.0016139984743407682,2.3122638252284906
C4b -- IMC_PID / E_original5_retuned,7.428,1422.7225257248601,0.0016236220394084343,2.309963648729716
C4b -- IMC_PID / E_original5_retuned,7.432,1412.8313794009687,0.0016332456044761007,2.307500640272538
C4b -- IMC_PID / E_original5_retuned,7.436,1402.9586061111233,0.0016428691695437648,2.304877440126059
C4b -- IMC_PID / E_original5_retuned,7.4399999999999995,1393.1054808692134,0.001652492734611429,2.302096685683736
C4b -- IMC_PID / E_original5_retuned,7.444,1383.2732467206636,0.0016621162996790948,2.299161010284437
C4b -- IMC_PID / E_original5_retuned,7.448,1373.4631149743889,0.0016717398647467616,2.2960730420619506
C4b -- IMC_PID / E_original5_retuned,7.452,1363.676265443683,0.0016813634298144255,2.292835402822918
C4b -- IMC_PID / E_original5_retuned,7.4559999999999995,1353.9138467071207,0.0016909869948820895,2.289450706972524
C4b -- IMC_PID / E_original5_retuned,7.46,1344.1769763928671,0.0017006105599497558,2.2859215604950434
C4b -- IMC_PID / E_original5_retuned,7.464,1334.4667414512865,0.0017102341250174221,2.2822505599307914
C4b -- IMC_PID / E_original5_retuned,7.468,1324.7841984590093,0.001719857690085086,2.278440291422934
C4b -- IMC_PID / E_original5_retuned,7.4719999999999995,1315.1303739436187,0.00172948125515275,2.274493329817515
C4b -- IMC_PID / E_original5_retuned,7.476,1305.5062646840206,0.0017391048202204165,2.270412237739931
C4b -- IMC_PID / E_original5_retuned,7.48,1295.912838061533,0.0017487283852880826,2.266199564777441
C4b -- IMC_PID / E_original5_retuned,7.484,1286.3510323856372,0.0017583519503557468,2.2618578466374135
C4b -- IMC_PID / E_original5_retuned,7.4879999999999995,1276.8217572636984,0.0017679755154234107,2.2573896044021122
C4b -- IMC_PID / E_original5_retuned,7.492,1267.325893936338,0.0017775990804910773,2.252797343743767
C4b -- IMC_PID / E_original5_retuned,7.496,1257.8642956675847,0.0017872226455587434,2.248083554256906
C4b -- IMC_PID / E_original5_retuned,7.5,1248.437788097958,0.0017968462106264073,2.2432507087466296
C4b -- IMC_PID / E_original5_retuned,7.504,1239.0471696317438,0.001806469775694072,2.238301262599031
C4b -- IMC_PID / E_original5_retuned,7.508,1229.693211825853,0.0018160933407617376,2.2332376531768445
C4b -- IMC_PID / E_original5_retuned,7.5120000000000005,1220.3766597721294,0.001825716905829404,2.2280622992255954
C4b -- IMC_PID / E_original5_retuned,7.516,1211.098232492926,0.0018353404708970683,2.222777600326174
C4b -- IMC_PID / E_original5_retuned,7.52,1201.8586233391359,0.0018449640359647326,2.2173859363747894
C4b -- IMC_PID / E_original5_retuned,7.524,1192.6585003997795,0.0018545876010323985,2.211889667107325
C4b -- IMC_PID / E_original5_retuned,7.5280000000000005,1183.4985068975914,0.0018642111661000649,2.2062911316212444
C4b -- IMC_PID / E_original5_retuned,7.532,1174.3792615900622,0.001873834731167729,2.2005926479305704
C4b -- IMC_PID / E_original5_retuned,7.536,1165.301359200918,0.0018834582962353932,2.1947965126013487
C4b -- IMC_PID / E_original5_retuned,7.54,1156.2653708068335,0.0018930818613030593,2.1889050003272725
C4b -- IMC_PID / E_original5_retuned,7.5440000000000005,1147.2718442632643,0.0019027054263707256,2.182920363602063
C4b -- IMC_PID / E_original5_retuned,7.548,1138.3213046093354,0.0019123289914383895,2.176844832376402
C4b -- IMC_PID / E_original5_retuned,7.552,1129.4142544950541,0.0019219525565060537,2.170680613781148
C4b -- IMC_PID / E_original5_retuned,7.556,1120.5511745684062,0.00193157612157372,2.1644298917977185
C4b -- IMC_PID / E_original5_retuned,7.5600000000000005,1111.7325239171241,0.0019411996866413861,2.1580948270569587
C4b -- IMC_PID / E_original5_retuned,7.564,1102.9587404544554,0.00195082325170905,2.151677556554279
C4b -- IMC_PID / E_original5_retuned,7.568,1094.230241355968,0.001960446816776714,2.145180193487123
C4b -- IMC_PID / E_original5_retuned,7.572,1085.5474234429646,0.0019700703818443807,2.138604827012465
C4b -- IMC_PID / E_original5_retuned,7.5760000000000005,1076.9106636102365,0.001979693946912047,2.1319535221142205
C4b -- IMC_PID / E_original5_retuned,7.58,1068.320319222285,0.0019893175119797112,2.125228319432647
C4b -- IMC_PID / E_original5_retuned,7.584,1059.7767285211692,0.001998941077047375,2.1184312351398495
C4b -- IMC_PID / E_original5_retuned,7.588,1051.2802110259383,0.0020085646421150413,2.1115642608219387
C4b -- IMC_PID / E_original5_retuned,7.5920000000000005,1042.8310679331082,0.0020181882071827074,2.1046293633863478
C4b -- IMC_PID / E_original5_retuned,7.596,1034.429582507116,0.0020278117722503717,2.0976284849719673
C4b -- IMC_PID / E_original5_retuned,7.6,1026.0760204864275,0.002037435337318036,2.0905635429137126
C4b -- IMC_PID / E_original5_retuned,7.604,1017.7706304565376,0.002047058902385702,2.0834364296627634
C4b -- IMC_PID / E_original5_retuned,7.6080000000000005,1009.513644253079,0.0020566824674533683,2.076249012790264
C4b -- IMC_PID / E_original5_retuned,7.612,1001.305277323438,0.0020663060325210323,2.069003134928565
C4b -- IMC_PID / E_original5_retuned,7.616,993.1457291288525,0.002075929597588696,2.0617006138173912
C4b -- IMC_PID / E_original5_retuned,7.62,985.0351835065898,0.0020855531626563627,2.054343242289959
C4b -- IMC_PID / E_original5_retuned,7.6240000000000006,976.9738090377452,0.0020951767277240293,2.046932788291784
C4b -- IMC_PID / E_original5_retuned,7.628,968.9617594250126,0.0021048002927916932,2.0394709949417207
C4b -- IMC_PID / E_original5_retuned,7.632,960.9991738431902,0.002114423857859357,2.031959580557173
C4b -- IMC_PID / E_original5_retuned,7.636,953.0861773062999,0.0021240474229270237,2.0244002387348146
C4b -- IMC_PID / E_original5_retuned,7.640000000000001,945.2228810170324,0.0021336709879946902,2.016794638414799
C4b -- IMC_PID / E_original5_retuned,7.644,937.4093827149275,0.0021432945530623537,2.0091444239624474
C4b -- IMC_PID / E_original5_retuned,7.648,929.645767026642,0.002152918118130018,2.0014512152745354
C4b -- IMC_PID / E_original5_retuned,7.652,921.932105795398,0.0021625416831976842,1.9937166078607655
C4b -- IMC_PID / E_original5_retuned,7.656000000000001,914.2684584239149,0.0021721652482653503,1.9859421729735622
C4b -- IMC_PID / E_original5_retuned,7.66,906.6548721990708,0.0021817888133330143,1.9781294577178066
C4b -- IMC_PID / E_original5_retuned,7.664,899.091382621955,0.0021914123784006786,1.9702799851911328
C4b -- IMC_PID / E_original5_retuned,7.668,891.5780137213723,0.0022010359434683447,1.9623952546068535
C4b -- IMC_PID / E_original5_retuned,7.672000000000001,884.1147783781886,0.0022106595085360113,1.954476741458951
C4b -- IMC_PID / E_original5_retuned,7.676,876.7016786218064,0.002220283073603675,1.946525897643926
C4b -- IMC_PID / E_original5_retuned,7.68,869.3387059475614,0.002229906638671339,1.9385441516464184
C4b -- IMC_PID / E_original5_retuned,7.684,862.0258416131435,0.0022395302037390057,1.9305329086961711
C4b -- IMC_PID / E_original5_retuned,7.688000000000001,854.7630569242353,0.002249153768806672,1.9224935509178556
C4b -- IMC_PID / E_original5_retuned,7.692,847.5503135427562,0.002258777333874336,1.9144274375484645
C4b -- IMC_PID / E_original5_retuned,7.696,840.3875637502858,0.002268400898942,1.9063359050708257
C4b -- IMC_PID / E_original5_retuned,7.7,833.2747507446186,0.002278024464009666,1.898220267437798
C4b -- IMC_PID / E_original5_retuned,7.704000000000001,826.2118089079574,0.0022876480290773323,1.8900818162487063
C4b -- IMC_PID / E_original5_retuned,7.708,819.1986640700524,0.0022972715941449967,1.8819218209296609
C4b -- IMC_PID / E_original5_retuned,7.712,812.2352337839258,0.0023068951592126606,1.873741528958102
C4b -- IMC_PID / E_original5_retuned,7.716,805.3214275796225,0.0023165187242803267,1.8655421660523588
C4b -- IMC_PID / E_original5_retuned,7.720000000000001,798.4571472186382,0.0023261422893479933,1.8573249363774307
C4b -- IMC_PID / E_original5_retuned,7.724,791.6422869400626,0.002335765854415657,1.8490910227461201
C4b -- IMC_PID / E_original5_retuned,7.728,784.8767337181457,0.002345389419483321,1.840841586861167
C4b -- IMC_PID / E_original5_retuned,7.732,778.1603674825335,0.0023550129845509877,1.8325777694843346
C4b -- IMC_PID / E_original5_retuned,7.736000000000001,771.4930613687634,0.002364636549618654,1.824300690689765
C4b -- IMC_PID / E_original5_retuned,7.74,764.8746819436418,0.002374260114686318,1.816011450072172
C4b -- IMC_PID / E_original5_retuned,7.744,758.3050894266744,0.002383883679753982,1.807711126958633
C4b -- IMC_PID / E_original5_retuned,7.748,751.7841379176933,0.0023935072448216486,1.7994007806479966
C4b -- IMC_PID / E_original5_retuned,7.752000000000001,745.3116756045082,0.0024031308098893143,1.7910814506154238
C4b -- IMC_PID / E_original5_retuned,7.756,738.8875449818619,0.0024127543749569787,1.7827541567562086
C4b -- IMC_PID / E_original5_retuned,7.76,732.5115830525426,0.002422377940024643,1.7744198995990084
C4b -- IMC_PID / E_original5_retuned,7.764,726.1836215288287,0.0024320015050923087,1.7660796605314948
C4b -- IMC_PID / E_original5_retuned,7.768000000000001,719.903487040861,0.0024416250701599753,1.7577344020545531
C4b -- IMC_PID / E_original5_retuned,7.772,713.6710013130149,0.002451248635227639,1.7493850679700707
C4b -- IMC_PID / E_original5_retuned,7.776,707.4859813666309,0.0024608722002953036,1.741032583643783
C4b -- IMC_PID / E_original5_retuned,7.78,701.3482396981387,0.0024704957653629697,1.7326778562190248
C4b -- IMC_PID / E_original5_retuned,7.784000000000001,695.257584459021,0.0024801193304306362,1.7243217748453288
C4b -- IMC_PID / E_original5_retuned,7.788,689.213819634148,0.0024897428954983,1.7159652109133667
C4b -- IMC_PID / E_original5_retuned,7.792,683.216745213288,0.002499366460565964,1.7076090182831338
C4b -- IMC_PID / E_original5_retuned,7.796,677.2661573596332,0.0025089900256336306,1.6992540335145367
C4b -- IMC_PID / E_original5_retuned,7.800000000000001,671.3618462738782,0.0025186135907012967,1.6909010703037044
C4b -- IMC_PID / E_original5_retuned,7.804,665.5036055146389,0.0025282371557689607,1.6825509427603191
C4b -- IMC_PID / E_original5_retuned,7.808,659.6912184592983,0.002537860720836625,1.6742044312087063
C4b -- IMC_PID / E_original5_retuned,7.812,653.9244675595683,0.0025474842859042907,1.6658623052763302
C4b -- IMC_PID / E_original5_retuned,7.816000000000001,648.2031322181587,0.0025571078509719573,1.6575253184196672
C4b -- IMC_PID / E_original5_retuned,7.82,642.5269889343642,0.002566731416039621,1.6491942081511748
C4b -- IMC_PID / E_original5_retuned,7.824,636.8958114456469,0.002576354981107286,1.6408696962643592
C4b -- IMC_PID / E_original5_retuned,7.828,631.3093708677573,0.0025859785461749517,1.6325524890632264
C4b -- IMC_PID / E_original5_retuned,7.832000000000001,625.7674358218007,0.0025956021112426182,1.6242432775659457
C4b -- IMC_PID / E_original5_retuned,7.836,620.2697725718491,0.002605225676310282,1.6159427377433204
C4b -- IMC_PID / E_original5_retuned,7.84,614.8161451494814,0.002614849241377946,1.6076515307310346
C4b -- IMC_PID / E_original5_retuned,7.844,609.4063154744601,0.0026244728064456126,1.5993703030389368
C4b -- IMC_PID / E_original5_retuned,7.848000000000001,604.0400434788908,0.002634096371513279,1.5910996867764695
C4b -- IMC_PID / E_original5_retuned,7.852,598.7170872243114,0.002643719936580943,1.5828402998665836
C4b -- IMC_PID / E_original5_retuned,7.856,593.4372030121452,0.002653343501648607,1.5745927462488007
C4b -- IMC_PID / E_original5_retuned,7.86,588.20014550028,0.0026629670667162736,1.566357616104966
C4b -- IMC_PID / E_original5_retuned,7.864000000000001,583.0056678064232,0.0026725906317839393,1.5581354860563859
C4b -- IMC_PID / E_original5_retuned,7.868,577.8535216133871,0.002682214196851603,1.5499269193721217
C4b -- IMC_PID / E_original5_retuned,7.872,572.7434572747604,0.002691837761919268,1.541732466184395
C4b -- IMC_PID / E_original5_retuned,7.876,567.6752239092478,0.0027014613269869337,1.5335526636794814
C4b -- IMC_PID / E_original5_retuned,7.880000000000001,562.6485695022756,0.0027110848920546,1.525388036313752
C4b -- IMC_PID / E_original5_retuned,7.884,557.6632409940828,0.002720708457122264,1.5172390959988125
C4b -- IMC_PID / E_original5_retuned,7.888,552.7189843754393,0.002730332022189928,1.5091063423125564
C4b -- IMC_PID / E_original5_retuned,7.892,547.8155447726617,0.0027399555872575946,1.5009902626864176
C4b -- IMC_PID / E_original5_retuned,7.896000000000001,542.9526665357287,0.002749579152325261,1.4928913326060491
C4b -- IMC_PID / E_original5_retuned,7.9,538.1300933203396,0.002759202717392925,1.4848100158003894
C4b -- IMC_PID / E_original5_retuned,7.904,533.3475681674964,0.002768826282460589,1.4767467644286048
C4b -- IMC_PID / E_original5_retuned,7.9079999999999995,528.6048335849855,0.002778449847528253,1.4687020192769005
C4b -- IMC_PID / E_original5_retuned,7.912,523.9016316217942,0.0027880734125959195,1.460676209940346
C4b -- IMC_PID / E_original5_retuned,7.916,519.2377039398524,0.002797696977663586,1.4526697550015049
C4b -- IMC_PID / E_original5_retuned,7.92,514.6127918889146,0.00280732054273125,1.4446830622220315
C4b -- IMC_PID / E_original5_retuned,7.9239999999999995,510.0266365727467,0.002816944107798914,1.436716528714097
C4b -- IMC_PID / E_original5_retuned,7.928,505.47897891967267,0.0028265676728665805,1.4287705411279545
C4b -- IMC_PID / E_original5_retuned,7.932,500.9695597435679,0.002836191237934246,1.4208454758164841
C4b -- IMC_PID / E_original5_retuned,7.936,496.4981198095855,0.00284581480300191,1.4129416990167343
C4b -- IMC_PID / E_original5_retuned,7.9399999999999995,492.0643998941229,0.002855438368069575,1.405059567018809
C4b -- IMC_PID / E_original5_retuned,7.944,487.6681408439234,0.00286506193313724,1.3971994263357352
C4b -- IMC_PID / E_original5_retuned,7.948,483.30908363316485,0.002874685498204907,1.3893616138709617
C4b -- IMC_PID / E_original5_retuned,7.952,478.9869694189363,0.002884309063272571,1.3815464570845
C4b -- IMC_PID / E_original5_retuned,7.9559999999999995,474.7015395933697,0.002893932628340235,1.3737542741525965
C4b -- IMC_PID / E_original5_retuned,7.96,470.4525358354141,0.0029035561934079015,1.3659853741293693
C4b -- IMC_PID / E_original5_retuned,7.964,466.2397001631514,0.002913179758475568,1.3582400571130107
C4b -- IMC_PID / E_original5_retuned,7.968,462.06277497908883,0.002922803323543232,1.3505186143944894
C4b -- IMC_PID / E_original5_retuned,7.9719999999999995,457.92150311662425,0.002932426888610896,1.3428213286123072
C4b -- IMC_PID / E_original5_retuned,7.976,453.8156278867726,0.0029420504536785625,1.335148473910701
C4b -- IMC_PID / E_original5_retuned,7.98,449.74489312022195,0.002951674018746228,1.3275003160867584
C4b -- IMC_PID / E_original5_retuned,7.984,445.70904320883676,0.0029612975838138934,1.3198771127383304
C4b -- IMC_PID / E_original5_retuned,7.9879999999999995,441.7078231474883,0.0029709211488815565,1.3122791134153073
C4b -- IMC_PID / E_original5_retuned,7.992,437.7409785708748,0.002980544713949223,1.304706559758381
C4b -- IMC_PID / E_original5_retuned,7.996,433.80825579058734,0.002990168279016889,1.2971596856406589
C4b -- IMC_PID / E_original5_retuned,8.0,429.9094018339201,0.002999791844084553,1.2896387173166624
C4b -- IMC_PID / E_original5_retuned,8.004,426.04416447562363,0.0030976250378349545,1.3197250711031652
C4b -- IMC_PID / E_original5_retuned,8.008,422.2122922727598,0.0031954582315853563,1.3491617448195126
C4b -- IMC_PID / E_original5_retuned,8.012,418.41353459590067,0.003293291425335801,1.3779577057291243
C4b -- IMC_PID / E_original5_retuned,8.016,414.64764165966244,0.003391124619086203,1.4061218258781152
C4b -- IMC_PID / E_original5_retuned,8.02,410.9143645536046,0.003488957812836605,1.4336628826160878
C4b -- IMC_PID / E_original5_retuned,8.024000000000001,407.2134552696948,0.00358679100658705,1.4605895591225793
C4b -- IMC_PID / E_original5_retuned,8.028,403.54466672792944,0.003684624200337451,1.4869104449428403
C4b -- IMC_PID / E_original5_retuned,8.032,399.9077528067422,0.003782457394087853,1.5126340365569195
C4b -- IMC_PID / E_original5_retuned,8.036,396.3024683624747,0.003880290587838255,1.5377687379239784
C4b -- IMC_PID / E_original5_retuned,8.04,392.72856925780377,0.003978123781588657,1.562322861073757
C4b -- IMC_PID / E_original5_retuned,8.044,389.1858123824597,0.0040759569753391015,1.5863046266833014
C4b -- IMC_PID / E_original5_retuned,8.048,385.673955675239,0.004173790169089503,1.6097221646711732
C4b -- IMC_PID / E_original5_retuned,8.052,382.1927581455008,0.004271623362839904,1.6325835148025425
C4b -- IMC_PID / E_original5_retuned,8.056000000000001,378.7419798922786,0.00436945655659035,1.6548966272963272
C4b -- IMC_PID / E_original5_retuned,8.06,375.32138212409245,0.0044672897503407515,1.6766693634466827
C4b -- IMC_PID / E_original5_retuned,8.064,371.9307271773526,0.004565122944091153,1.6979094962498393
C4b -- IMC_PID / E_original5_retuned,8.068,368.5697785321445,0.004662956137841555,1.7186247110293658
C4b -- IMC_PID / E_original5_retuned,8.072,365.23830083004907,0.004760789331591957,1.7388226060804712
C4b -- IMC_PID / E_original5_retuned,8.076,361.93605988892796,0.0048586225253424015,1.7585106933100219
C4b -- IMC_PID / E_original5_retuned,8.08,358.66282271780096,0.004956455719092803,1.7776963988856127
C4b -- IMC_PID / E_original5_retuned,8.084,355.4183575317472,0.005054288912843204,1.7963870638936517
C4b -- IMC_PID / E_original5_retuned,8.088000000000001,352.2024337632162,0.00515212210659365,1.814589944987552
C4b -- IMC_PID / E_original5_retuned,8.092,349.01482207627555,0.005249955300344052,1.8323122150579791
C4b -- IMC_PID / E_original5_retuned,8.096,345.8552943784706,0.005347788494094454,1.8495609638988353
C4b -- IMC_PID / E_original5_retuned,8.1,342.7236238297572,0.005445621687844855,1.8663431988641075
C4b -- IMC_PID / E_original5_retuned,8.104,339.6195848554001,0.005543454881595257,1.8826658455520222
C4b -- IMC_PID / E_original5_retuned,8.108,336.5429531543642,0.005641288075345701,1.8985357484713419
C4b -- IMC_PID / E_original5_retuned,8.112,333.4935057088552,0.005739121269096103,1.9139596717191134
C4b -- IMC_PID / E_original5_retuned,8.116,330.47102079285264,0.005836954462846505,1.9289442996582815
C4b -- IMC_PID / E_original5_retuned,8.120000000000001,327.4752779802393,0.00593478765659695,1.9434962375977791
C4b -- IMC_PID / E_original5_retuned,8.124,324.506058151032,0.006032620850347352,1.957622012465946
C4b -- IMC_PID / E_original5_retuned,8.128,321.56314349948417,0.006130454044097754,1.971328073499199
C4b -- IMC_PID / E_original5_retuned,8.132,318.6463175400636,0.006228287237848155,1.9846207929220887
C4b -- IMC_PID / E_original5_retuned,8.136,315.7553651129957,0.0063261204315985566,1.9975064666281843
C4b -- IMC_PID / E_original5_retuned,8.14,312.89007238823365,0.0064239536253490005,2.009991314854105
C4b -- IMC_PID / E_original5_retuned,8.144,310.05022687304967,0.006521786819099404,2.022081482879435
C4b -- IMC_PID / E_original5_retuned,8.148,307.2356174133661,0.006619620012849806,2.0337830416897846
C4b -- IMC_PID / E_original5_retuned,8.152000000000001,304.44603419904695,0.00671745320660025,2.0451019886671173
C4b -- IMC_PID / E_original5_retuned,8.156,301.6812687670383,0.006815286400350652,2.056044248268526
C4b -- IMC_PID / E_original5_retuned,8.16,298.94111400384537,0.006913119594101053,2.06661567270238
C4b -- IMC_PID / E_original5_retuned,8.164,296.2253641482302,0.007010952787851455,2.076822042607347
C4b -- IMC_PID / E_original5_retuned,8.168,293.5338147937674,0.0071087859816018565,2.0866690677320494
C4b -- IMC_PID / E_original5_retuned,8.172,290.86626288899527,0.007206619175352302,2.096162387598897
C4b -- IMC_PID / E_original5_retuned,8.176,288.22250674107966,0.0073044523691027045,2.1053075721935994
C4b -- IMC_PID / E_original5_retuned,8.18,285.6023460142093,0.007402285562853104,2.114110122617958
C4b -- IMC_PID / E_original5_retuned,8.184000000000001,283.0055817320453,0.00750011875660355,2.122575471772012
C4b -- IMC_PID / E_original5_retuned,8.188,280.43201627690115,0.007597951950353953,2.1307089850127725
C4b -- IMC_PID / E_original5_retuned,8.192,277.8814533899676,0.007695785144104354,2.138515960820639
C4b -- IMC_PID / E_original5_retuned,8.196,275.3536981710009,0.007793618337854756,2.146001631461636
C4b -- IMC_PID / E_original5_retuned,8.2,272.848557077102,0.007891451531605156,2.1531711636423534
C4b -- IMC_PID / E_original5_retuned,8.204,270.3658379225079,0.007989284725355601,2.1600296591722605
C4b -- IMC_PID / E_original5_retuned,8.208,267.9053498765084,0.008087117919106004,2.1665821556106746
C4b -- IMC_PID / E_original5_retuned,8.212,265.46690346171766,0.008184951112856404,2.1728336269155295
C4b -- IMC_PID / E_original5_retuned,8.216000000000001,263.0503105530588,0.00828278430660685,2.178788984096934
C4b -- IMC_PID / E_original5_retuned,8.22,260.65538437533684,0.008380617500357252,2.1844530758582943
C4b -- IMC_PID / E_original5_retuned,8.224,258.2819394996995,0.008478450694107654,2.189830689226698
C4b -- IMC_PID / E_original5_retuned,8.228,255.92979184283362,0.008576283887858055,2.19492655020456
C4b -- IMC_PID / E_original5_retuned,8.232,253.598758663139,0.008674117081608458,2.1997453243946348
C4b -- IMC_PID / E_original5_retuned,8.236,251.2886585571978,0.008771950275358903,2.2042916176253806
C4b -- IMC_PID / E_original5_retuned,8.24,248.9993114575717,0.008869783469109304,2.2085699765859683
C4b -- IMC_PID / E_original5_retuned,8.244,246.73053862849713,0.008967616662859706,2.212584889441261
C4b -- IMC_PID / E_original5_retuned,8.248000000000001,244.48216266257813,0.00906544985661015,2.2163407864532085
C4b -- IMC_PID / E_original5_retuned,8.252,242.25400747687937,0.009163283050360552,2.219842040594807
C4b -- IMC_PID / E_original5_retuned,8.256,240.04589830831569,0.009261116244110953,2.2230929681553486
C4b -- IMC_PID / E_original5_retuned,8.26,237.8576617105284,0.009358949437861357,2.2260978293567666
C4b -- IMC_PID / E_original5_retuned,8.264,235.68912554783208,0.009456782631611756,2.228860828940501
C4b -- IMC_PID / E_original5_retuned,8.268,233.54011899268255,0.009554615825362201,2.2313861167844564
C4b -- IMC_PID / E_original5_retuned,8.272,231.41047251897513,0.009652449019112604,2.2336777884781656
C4b -- IMC_PID / E_original5_retuned,8.276,229.30001789866157,0.009750282212863006,2.2357398859264888
C4b -- IMC_PID / E_original5_retuned,8.280000000000001,227.20858819548522,0.00984811540661345,2.237576397922849
C4b -- IMC_PID / E_original5_retuned,8.284,225.13601776124213,0.009945948600363852,2.2391912607439175
C4b -- IMC_PID / E_original5_retuned,8.288,223.08214222907648,0.010043781794114255,2.2405883587124054
C4b -- IMC_PID / E_original5_retuned,8.292,221.0467985088565,0.010141614987864653,2.2417715247769174
C4b -- IMC_PID / E_original5_retuned,8.296,219.0298247815747,0.010239448181615058,2.2427445410791598
C4b -- IMC_PID / E_original5_retuned,8.3,217.03106049376714,0.010337281375365503,2.2435111395180427
C4b -- IMC_PID / E_original5_retuned,8.304,215.05034635135436,0.010435114569115904,2.2440750023044393
C4b -- IMC_PID / E_original5_retuned,8.308,213.08752431411872,0.010532947762866304,2.244439762519116
C4b -- IMC_PID / E_original5_retuned,8.312000000000001,211.14243758979103,0.01063078095661675,2.2446090046631912
C4b -- IMC_PID / E_original5_retuned,8.316,209.21493062790796,0.010728614150367154,2.244586265202656
C4b -- IMC_PID / E_original5_retuned,8.32,207.30484911346102,0.010826447344117555,2.2443750331071204
C4b -- IMC_PID / E_original5_retuned,8.324,205.41203996134712,0.010924280537867957,2.243978750393499
C4b -- IMC_PID / E_original5_retuned,8.328,203.5363513090911,0.011022113731618356,2.2434008126474305
C4b -- IMC_PID / E_original5_retuned,8.332,201.67763251156092,0.011119946925368801,2.2426445695625907
C4b -- IMC_PID / E_original5_retuned,8.336,199.8357341336166,0.011217780119119206,2.2417133254536754
C4b -- IMC_PID / E_original5_retuned,8.34,198.01050794400746,0.011315613312869607,2.240610339779284
C4b -- IMC_PID / E_original5_retuned,8.344000000000001,196.20180690893662,0.011413446506620052,2.2393388276573445
C4b -- IMC_PID / E_original5_retuned,8.348,194.40948518527574,0.011511279700370452,2.2379019603727346
C4b -- IMC_PID / E_original5_retuned,8.352,192.63339811371333,0.011609112894120855,2.2363028658802255
C4b -- IMC_PID / E_original5_retuned,8.356,190.87340221230053,0.011706946087871253,2.234544629307968
C4b -- IMC_PID / E_original5_retuned,8.36,189.12935516949818,0.011804779281621658,2.232630293451356
C4b -- IMC_PID / E_original5_retuned,8.364,187.4011158374888,0.011902612475372104,2.2305628592659468
C4b -- IMC_PID / E_original5_retuned,8.368,185.6885442252518,0.012000445669122506,2.2283452863535858
C4b -- IMC_PID / E_original5_retuned,8.372,183.99150149142338,0.012098278862872906,2.225980493441936
C4b -- IMC_PID / E_original5_retuned,8.376000000000001,182.30984993791782,0.01219611205662335,2.223471358869033
C4b -- IMC_PID / E_original5_retuned,8.38,180.64345300210957,0.012293945250373754,2.2208207210463993
C4b -- IMC_PID / E_original5_retuned,8.384,178.99217525092385,0.012391778444124155,2.218031378941291
C4b -- IMC_PID / E_original5_retuned,8.388,177.3558823726463,0.012489611637874556,2.215106092526914
C4b -- IMC_PID / E_original5_retuned,8.392,175.73444117062925,0.012587444831624956,2.2120475832517372
C4b -- IMC_PID / E_original5_retuned,8.396,174.1277195562178,0.012685278025375401,2.2088585344952203
C4b -- IMC_PID / E_original5_retuned,8.4,172.5355865410557,0.012783111219125804,2.20554159201142
C4b -- IMC_PID / E_original5_retuned,8.404,170.95791223060078,0.012880944412876207,2.2020993643837383
C4b -- IMC_PID / E_original5_retuned,8.408000000000001,169.39456781669716,0.012978777606626654,2.198534423463549
C4b -- IMC_PID / E_original5_retuned,8.412,167.84542557051893,0.013076610800377052,2.1948493048093303
C4b -- IMC_PID / E_original5_retuned,8.416,166.31035883511962,0.013174443994127455,2.1910465081165236
C4b -- IMC_PID / E_original5_retuned,8.42,164.78924201894569,0.013272277187877855,2.1871284976557357
C4b -- IMC_PID / E_original5_retuned,8.424,163.28195058810905,0.013370110381628256,2.183097702690589
C4b -- IMC_PID / E_original5_retuned,8.428,161.78836105913777,0.013467943575378703,2.1789565178974644
C4b -- IMC_PID / E_original5_retuned,8.432,160.30835099233158,0.013565776769129104,2.1747073037891664
C4b -- IMC_PID / E_original5_retuned,8.436,158.84179898419126,0.013663609962879507,2.1703523871220995
C4b -- IMC_PID / E_original5_retuned,8.44,157.3885846604373,0.013761443156629909,2.165894061307042
C4b -- IMC_PID / E_original5_retuned,8.443999999999999,155.94858866849802,0.013859276350380307,2.161334586808501
C4b -- IMC_PID / E_original5_retuned,8.448,154.52169267095903,0.013957109544130755,2.1566761915530814
C4b -- IMC_PID / E_original5_retuned,8.452,153.1077793378073,0.014054942737881156,2.1519210713170254
C4b -- IMC_PID / E_original5_retuned,8.456,151.70673233958937,0.014152775931631556,2.147071390122211
C4b -- IMC_PID / E_original5_retuned,8.46,150.31843634028726,0.014250609125382006,2.1421292806240517
C4b -- IMC_PID / E_original5_retuned,8.464,148.94277698991752,0.014348442319132404,2.1370968444912326
C4b -- IMC_PID / E_original5_retuned,8.468,147.57964091794398,0.014446275512882807,2.1319761527929315
C4b -- IMC_PID / E_original5_retuned,8.472,146.2289157255159,0.014544108706633207,2.126769246365009
C4b -- IMC_PID / E_original5_retuned,8.475999999999999,144.89048997891987,0.01464194190038361,2.1214781361894586
C4b -- IMC_PID / E_original5_retuned,8.48,143.564253202202,0.014739775094134055,2.1161048037577723
C4b -- IMC_PID / E_original5_retuned,8.484,142.25009587013233,0.014837608287884456,2.110651201435034
C4b -- IMC_PID / E_original5_retuned,8.488,140.9479094015145,0.014935441481634858,2.1051192528250913
C4b -- IMC_PID / E_original5_retuned,8.492,139.65758615157623,0.0150332746753853,2.099510853117932
C4b -- IMC_PID / E_original5_retuned,8.496,138.37901940542912,0.015131107869135704,2.093827869448771
C4b -- IMC_PID / E_original5_retuned,8.5,137.11210337100093,0.015228941062886104,2.0880721412453203
C4b -- IMC_PID / E_original5_retuned,8.504,135.85673317196097,0.015326774256636509,2.0822454805707467
C4b -- IMC_PID / E_original5_retuned,8.508,134.6128048408465,0.01542460745038691,2.0763496724656
C4b -- IMC_PID / E_original5_retuned,8.512,133.3802153122974,0.015522440644137355,2.0703864752873966
C4b -- IMC_PID / E_original5_retuned,8.516,132.15886241583843,0.015620273837887756,2.0643576210391283
C4b -- IMC_PID / E_original5_retuned,8.52,130.94864486945096,0.01571810703163816,2.0582648157060053
C4b -- IMC_PID / E_original5_retuned,8.524000000000001,129.74946227241648,0.015815940225388604,2.052109739576853
C4b -- IMC_PID / E_original5_retuned,8.528,128.56121509854435,0.015913773419139004,2.045894047567427
C4b -- IMC_PID / E_original5_retuned,8.532,127.38380468962299,0.016011606612889407,2.03961936954338
C4b -- IMC_PID / E_original5_retuned,8.536,126.21713324846286,0.016109439806639807,2.033287310632748
C4b -- IMC_PID / E_original5_retuned,8.54,125.06110383223069,0.01620727300039021,2.026899451539109
C4b -- IMC_PID / E_original5_retuned,8.544,123.9156203457519,0.016305106194140655,2.020457348850301
C4b -- IMC_PID / E_original5_retuned,8.548,122.78058753489657,0.016402939387891058,2.013962535344561
C4b -- IMC_PID / E_original5_retuned,8.552,121.65591097995433,0.016500772581641458,2.007416520292644
C4b -- IMC_PID / E_original5_retuned,8.556000000000001,120.54149708899676,0.016598605775391902,2.000820789755808
C4b -- IMC_PID / E_original5_retuned,8.56,119.437253091346,0.016696438969142306,1.9941768068816617
C4b -- IMC_PID / E_original5_retuned,8.564,118.34308703092658,0.016794272162892705,1.987486012194279
C4b -- IMC_PID / E_original5_retuned,8.568,117.25890776002477,0.01689210535664311,1.9807498238872345
C4b -- IMC_PID / E_original5_retuned,8.572,116.18462493260678,0.016989938550393508,1.9739696381055067
C4b -- IMC_PID / E_original5_retuned,8.576,115.12014899795223,0.017087771744143956,1.9671468292288503
C4b -- IMC_PID / E_original5_retuned,8.58,114.0653911942224,0.017185604937894356,1.96028275015028
C4b -- IMC_PID / E_original5_retuned,8.584,113.02026354220168,0.01728343813164476,1.9533787325538283
C4b -- IMC_PID / E_original5_retuned,8.588000000000001,111.98467883889558,0.017381271325395204,1.9464360871860868
C4b -- IMC_PID / E_original5_retuned,8.592,110.95855065118423,0.017479104519145604,1.9394561041249605
C4b -- IMC_PID / E_original5_retuned,8.596,109.94179330966273,0.017576937712896007,1.9324400530480288
C4b -- IMC_PID / E_original5_retuned,8.6,108.93432190240769,0.017674770906646407,1.9253891834959298
C4b -- IMC_PID / E_original5_retuned,8.604,107.93605226873538,0.01777260410039681,1.918304725131971
C4b -- IMC_PID / E_original5_retuned,8.608,106.9469009931013,0.017870437294147255,1.9111878880005915
C4b -- IMC_PID / E_original5_retuned,8.612,105.96678539897827,0.017968270487897658,1.9040398627818458
C4b -- IMC_PID / E_original5_retuned,8.616,104.99562354278501,0.018066103681648057,1.8968618210432417
C4b -- IMC_PID / E_original5_retuned,8.620000000000001,104.03333420776674,0.018163936875398502,1.8896549154871107
C4b -- IMC_PID / E_original5_retuned,8.624,103.07983689814603,0.018261770069148905,1.8824202801993142
C4b -- IMC_PID / E_original5_retuned,8.628,102.13505183301845,0.018359603262899305,1.8751590308898751
C4b -- IMC_PID / E_original5_retuned,8.632,101.19889994051148,0.01845743645664971,1.8678722651348425
C4b -- IMC_PID / E_original5_retuned,8.636,100.2713028519003,0.01855526965040011,1.8605610626139437
C4b -- IMC_PID / E_original5_retuned,8.64,99.35218289557211,0.018653102844150556,1.8532264853419624
C4b -- IMC_PID / E_original5_retuned,8.644,98.44146309149218,0.018750936037900956,1.8458695779059575
C4b -- IMC_PID / E_original5_retuned,8.648,97.53906714524952,0.01884876923165136,1.838491367691355
C4b -- IMC_PID / E_original5_retuned,8.652000000000001,96.64491944233028,0.018946602425401804,1.8310928651088167
C4b -- IMC_PID / E_original5_retuned,8.656,95.75894504248197,0.019044435619152207,1.8236750638194823
C4b -- IMC_PID / E_original5_retuned,8.66,94.88106967396736,0.019142268812902607,1.8162389409548247
C4b -- IMC_PID / E_original5_retuned,8.664,94.01121972797988,0.01924010200665301,1.8087854573362028
C4b -- IMC_PID / E_original5_retuned,8.668,93.1493222530803,0.01933793520040341,1.8013155576915623
C4b -- IMC_PID / E_original5_retuned,8.672,92.29530494963693,0.019435768394153854,1.7938301708689453
C4b -- IMC_PID / E_original5_retuned,8.676,91.44909616421087,0.019533601587904258,1.7863302100456386
C4b -- IMC_PID / E_original5_retuned,8.68,90.61062488425615,0.01963143478165466,1.7788165729402496
C4b -- IMC_PID / E_original5_retuned,8.684000000000001,89.77982073252562,0.019729267975405106,1.7712901420158291
C4b -- IMC_PID / E_original5_retuned,8.688,88.95661396174629,0.019827101169155505,1.7637517846850548
C4b -- IMC_PID / E_original5_retuned,8.692,88.14093544931909,0.01992493436290591,1.7562023535128095
C4b -- IMC_PID / E_original5_retuned,8.696,87.3327166918435,0.020022767556656308,1.748642686412101
C4b -- IMC_PID / E_original5_retuned,8.7,86.53188979996438,0.02012060075040671,1.7410736068432742
C4b -- IMC_PID / E_original5_retuned,8.704,85.73838749306279,0.020218433944157156,1.73349592400704
C4b -- IMC_PID / E_original5_retuned,8.708,84.95214309403273,0.02031626713790756,1.725910433036118
C4b -- IMC_PID / E_original5_retuned,8.712,84.17309052422408,0.02041410033165796,1.718317915187238
C4b -- IMC_PID / E_original5_retuned,8.716000000000001,83.40116429809075,0.020511933525408404,1.710719138024102
C4b -- IMC_PID / E_original5_retuned,8.72,82.63629951833612,0.020609766719158807,1.7031148556074427
C4b -- IMC_PID / E_original5_retuned,8.724,81.87843187070135,0.020707599912909207,1.6955058086748775
C4b -- IMC_PID / E_original5_retuned,8.728,81.1274976189366,0.02080543310665961,1.6878927248214723
C4b -- IMC_PID / E_original5_retuned,8.732,80.38343359997532,0.02090326630041001,1.6802763186816096
C4b -- IMC_PID / E_original5_retuned,8.736,79.64617721876537,0.021001099494160458,1.6726572921008276
C4b -- IMC_PID / E_original5_retuned,8.74,78.91566644352554,0.021098932687910858,1.665036334313571
C4b -- IMC_PID / E_original5_retuned,8.744,78.19183980079477,0.02119676588166126,1.6574141221138095
C4b -- IMC_PID / E_original5_retuned,8.748000000000001,77.4746363706311,0.021294599075411706,1.6497913200258991
C4b -- IMC_PID / E_original5_retuned,8.752,76.76399578179787,0.021392432269162105,1.6421685804723565
C4b -- IMC_PID / E_original5_retuned,8.756,76.059858206952,0.02149026546291251,1.634546543938883
C4b -- IMC_PID / E_original5_retuned,8.76,75.36216435802143,0.021588098656662908,1.6269258391406118
C4b -- IMC_PID / E_original5_retuned,8.764,74.67085548142424,0.02168593185041331,1.6193070831822274
C4b -- IMC_PID / E_original5_retuned,8.768,73.9858733534657,0.021783765044163756,1.6116908817191529
C4b -- IMC_PID / E_original5_retuned,8.772,73.3071602756706,0.02188159823791416,1.6040778291146045
C4b -- IMC_PID / E_original5_retuned,8.776,72.63465907023968,0.02197943143166456,1.5964685085966652
C4b -- IMC_PID / E_original5_retuned,8.780000000000001,71.96831307552537,0.022077264625415004,1.5888634924130884
C4b -- IMC_PID / E_original5_retuned,8.784,71.30806614140916,0.022175097819165407,1.5812633419812647
C4b -- IMC_PID / E_original5_retuned,8.788,70.65386262499807,0.022272931012915807,1.5736686080426125
C4b -- IMC_PID / E_original5_retuned,8.792,70.00564738601405,0.02237076420666621,1.566079830807539
C4b -- IMC_PID / E_original5_retuned,8.796,69.36336578249116,0.022468597400416613,1.5584975401046275
C4b -- IMC_PID / E_original5_retuned,8.8,68.72696366640655,0.022566430594167058,1.5509222555258044
C4b -- IMC_PID / E_original5_retuned,8.804,68.0963873792287,0.022664263787917457,1.5433544865670525
C4b -- IMC_PID / E_original5_retuned,8.808,67.4715837478055,0.02276209698166786,1.5357947327742738
C4b -- IMC_PID / E_original5_retuned,8.812000000000001,66.85250007988098,0.022859930175418305,1.528243483878226
C4b -- IMC_PID / E_original5_retuned,8.816,66.239084160065,0.022957763369168705,1.5207012199372234
C4b -- IMC_PID / E_original5_retuned,8.82,65.63128424549136,0.02305559656291911,1.5131684114703177
C4b -- IMC_PID / E_original5_retuned,8.824,65.02904906173615,0.02315342975666951,1.5056455195939233
C4b -- IMC_PID / E_original5_retuned,8.828,64.43232779860365,0.02325126295041991,1.498132996152984
C4b -- IMC_PID / E_original5_retuned,8.832,63.841070106130594,0.023349096144170356,1.4906312838547633
C4b -- IMC_PID / E_original5_retuned,8.836,63.255226090405216,0.02344692933792076,1.4831408163959328
C4b -- IMC_PID / E_original5_retuned,8.84,62.674746309664535,0.02354476253167116,1.4756620185937848
C4b -- IMC_PID / E_original5_retuned,8.844000000000001,62.09958177017156,0.023642595725421604,1.4681953065099276
C4b -- IMC_PID / E_original5_retuned,8.848,61.52968392236149,0.023740428919172007,1.4607410875779436
C4b -- IMC_PID / E_original5_retuned,8.852,60.96500465677949,0.023838262112922406,1.4532997607238447
C4b -- IMC_PID / E_original5_retuned,8.856,60.40549630030762,0.02393609530667281,1.4458717164910349
C4b -- IMC_PID / E_original5_retuned,8.86,59.85111161221837,0.024033928500423213,1.4384573371589058
C4b -- IMC_PID / E_original5_retuned,8.864,59.3018037803708,0.024131761694173658,1.4310569968625546
C4b -- IMC_PID / E_original5_retuned,8.868,58.757526417363906,0.024229594887924057,1.4236710617092232
C4b -- IMC_PID / E_original5_retuned,8.872,58.21823355681152,0.024327428081674457,1.4162998898954589
C4b -- IMC_PID / E_original5_retuned,8.876000000000001,57.68387964958473,0.024425261275424905,1.4089438318212728
C4b -- IMC_PID / E_original5_retuned,8.88,57.15441956005856,0.024523094469175305,1.4016032302021968
C4b -- IMC_PID / E_original5_retuned,8.884,56.6298085625012,0.024620927662925708,1.394278420182673
C4b -- IMC_PID / E_original5_retuned,8.888,56.11000233738671,0.02471876085667611,1.3869697294453998
C4b -- IMC_PID / E_original5_retuned,8.892,55.59495696774868,0.02481659405042651,1.3796774783195498
C4b -- IMC_PID / E_original5_retuned,8.896,55.084628935626455,0.024914427244176956,1.37240197988915
C4b -- IMC_PID / E_original5_retuned,8.9,54.57897511854589,0.025012260437927356,1.365143540100227
C4b -- IMC_PID / E_original5_retuned,8.904,54.077952785880825,0.02511009363167776,1.3579024578629166
C4b -- IMC_PID / E_original5_retuned,8.908000000000001,53.58151959544499,0.025207926825428204,1.3506790251572247
C4b -- IMC_PID / E_original5_retuned,8.912,53.08963358999257,0.02530576001917861,1.3434735271344758
C4b -- IMC_PID / E_original5_retuned,8.916,52.60225319379167,0.02540359321292901,1.3362862422185793
C4b -- IMC_PID / E_original5_retuned,8.92,52.1193372091728,0.02550142640667941,1.329117442204628
C4b -- IMC_PID / E_original5_retuned,8.924,51.64084481320688,0.025599259600429813,1.3219673923587925
C4b -- IMC_PID / E_original5_retuned,8.928,51.166735554263326,0.025697092794180258,1.314836351513187
C4b -- IMC_PID / E_original5_retuned,8.932,50.69696934878152,0.025794925987930654,1.3077245721642083
C4b -- IMC_PID / E_original5_retuned,8.936,50.231506477953864,0.02589275918168106,1.3006323005667115
C4b -- IMC_PID / E_original5_retuned,8.940000000000001,49.770307584370144,0.0259905923754315,1.2935597768252114
C4b -- IMC_PID / E_original5_retuned,8.944,49.31333366891007,0.02608842556918191,1.2865072349895925
C4b -- IMC_PID / E_original5_retuned,8.948,48.86054608740078,0.026186258762932308,1.2794749031428565
C4b -- IMC_PID / E_original5_retuned,8.952,48.411906547524026,0.026284091956682715,1.2724630034934514
C4b -- IMC_PID / E_original5_retuned,8.956,47.9673771056549,0.026381925150433107,1.2654717524639862
C4b -- IMC_PID / E_original5_retuned,8.96,47.52692016363739,0.026479758344183552,1.2585013607764228
C4b -- IMC_PID / E_original5_retuned,8.964,47.090498465774225,0.02657759153793396,1.251552033541053
C4b -- IMC_PID / E_original5_retuned,8.968,46.6580750957582,0.026675424731684362,1.2446239703421744
C4b -- IMC_PID / E_original5_retuned,8.972,46.22961347350291,0.026773257925434765,1.2377173653192475
C4b -- IMC_PID / E_original5_retuned,8.975999999999999,45.805077352256646,0.026871091119185165,1.230832407253813
C4b -- IMC_PID / E_original5_retuned,8.98,45.384430815551816,0.02696892431293561,1.2239692796502795
C4b -- IMC_PID / E_original5_retuned,8.984,44.96763827418624,0.02706675750668601,1.2171281608157716
C4b -- IMC_PID / E_original5_retuned,8.988,44.554664463353014,0.027164590700436413,1.210309223942264
C4b -- IMC_PID / E_original5_retuned,8.992,44.14547443962915,0.027262423894186857,1.2035126371831608
C4b -- IMC_PID / E_original5_retuned,8.996,43.74003357820098,0.027360257087937254,1.1967385637345869
C4b -- IMC_PID / E_original5_retuned,9.0,43.33830756987371,0.02745809028168766,1.1899871619091402
